$date
        2026-Mar-23 15:32:55
$end
$version
        Vivado v2019.1 (64-bit)
$end
$timescale
        1ps
$end
$scope module dut $end
$var reg 16 " u_dac_/conf [15:0] $end
$var reg 3 2 u_dac_/z_sync [2:0] $end
$var reg 16 5 u_dac_/cnt_delay [15:0] $end
$var reg 13 E u_dac_/dac_cnt [12:0] $end
$var reg 13 R u_dac_/dac_ram_addr [12:0] $end
$var reg 16 _ u_dac_/dac_ram_odata [15:0] $end
$var reg 14 o u_dac_/tt_odat [13:0] $end
$var reg 1 } _TRIGGER $end
$var reg 1 ~ _WINDOW $end
$var reg 1 !" _GAP $end
$upscope $end
$enddefinitions $end
#0
$dumpvars
b0 "
b0 2
b0 5
b110011011011 E
b110011011011 R
b0 _
b0 o
0}
1~
0!"
$end
#1
b110011011100 E
b110011011100 R
#2
b110011011101 E
b110011011101 R
#3
b110011011110 E
b110011011110 R
#4
b110011011111 E
b110011011111 R
#5
b110011100000 E
b110011100000 R
#6
b110011100001 E
b110011100001 R
#7
b110011100010 E
b110011100010 R
#8
b110011100011 E
b110011100011 R
#9
b110011100100 E
b110011100100 R
#10
b110011100101 E
b110011100101 R
#11
b110011100110 E
b110011100110 R
#12
b110011100111 E
b110011100111 R
#13
b110011101000 E
b110011101000 R
#14
b110011101001 E
b110011101001 R
#15
b110011101010 E
b110011101010 R
#16
b110011101011 E
b110011101011 R
#17
b110011101100 E
b110011101100 R
#18
b110011101101 E
b110011101101 R
#19
b110011101110 E
b110011101110 R
#20
b110011101111 E
b110011101111 R
#21
b110011110000 E
b110011110000 R
#22
b110011110001 E
b110011110001 R
#23
b110011110010 E
b110011110010 R
#24
b110011110011 E
b110011110011 R
#25
b110011110100 E
b110011110100 R
#26
b110011110101 E
b110011110101 R
#27
b110011110110 E
b110011110110 R
#28
b110011110111 E
b110011110111 R
#29
b110011111000 E
b110011111000 R
#30
b110011111001 E
b110011111001 R
#31
b110011111010 E
b110011111010 R
#32
b110011111011 E
b110011111011 R
#33
b110011111100 E
b110011111100 R
#34
b110011111101 E
b110011111101 R
#35
b110011111110 E
b110011111110 R
#36
b110011111111 E
b110011111111 R
#37
b110100000000 E
b110100000000 R
#38
b110100000001 E
b110100000001 R
#39
b110100000010 E
b110100000010 R
#40
b110100000011 E
b110100000011 R
#41
b110100000100 E
b110100000100 R
#42
b110100000101 E
b110100000101 R
#43
b110100000110 E
b110100000110 R
#44
b110100000111 E
b110100000111 R
#45
b110100001000 E
b110100001000 R
#46
b110100001001 E
b110100001001 R
#47
b110100001010 E
b110100001010 R
#48
b110100001011 E
b110100001011 R
#49
b110100001100 E
b110100001100 R
#50
b110100001101 E
b110100001101 R
#51
b110100001110 E
b110100001110 R
#52
b110100001111 E
b110100001111 R
#53
b110100010000 E
b110100010000 R
#54
b110100010001 E
b110100010001 R
#55
b110100010010 E
b110100010010 R
#56
b110100010011 E
b110100010011 R
#57
b110100010100 E
b110100010100 R
#58
b110100010101 E
b110100010101 R
#59
b110100010110 E
b110100010110 R
#60
b110100010111 E
b110100010111 R
#61
b110100011000 E
b110100011000 R
#62
b110100011001 E
b110100011001 R
#63
b110100011010 E
b110100011010 R
#64
b110100011011 E
b110100011011 R
#65
b110100011100 E
b110100011100 R
#66
b110100011101 E
b110100011101 R
#67
b110100011110 E
b110100011110 R
#68
b110100011111 E
b110100011111 R
#69
b110100100000 E
b110100100000 R
#70
b110100100001 E
b110100100001 R
#71
b110100100010 E
b110100100010 R
#72
b110100100011 E
b110100100011 R
#73
b110100100100 E
b110100100100 R
#74
b110100100101 E
b110100100101 R
#75
b110100100110 E
b110100100110 R
#76
b110100100111 E
b110100100111 R
#77
b110100101000 E
b110100101000 R
#78
b110100101001 E
b110100101001 R
#79
b110100101010 E
b110100101010 R
#80
b110100101011 E
b110100101011 R
#81
b110100101100 E
b110100101100 R
#82
b110100101101 E
b110100101101 R
#83
b110100101110 E
b110100101110 R
#84
b110100101111 E
b110100101111 R
#85
b110100110000 E
b110100110000 R
#86
b110100110001 E
b110100110001 R
#87
b110100110010 E
b110100110010 R
#88
b110100110011 E
b110100110011 R
#89
b110100110100 E
b110100110100 R
#90
b110100110101 E
b110100110101 R
#91
b110100110110 E
b110100110110 R
#92
b110100110111 E
b110100110111 R
#93
b110100111000 E
b110100111000 R
#94
b110100111001 E
b110100111001 R
#95
b110100111010 E
b110100111010 R
#96
b110100111011 E
b110100111011 R
#97
b110100111100 E
b110100111100 R
#98
b110100111101 E
b110100111101 R
#99
b110100111110 E
b110100111110 R
#100
b110100111111 E
b110100111111 R
#101
b110101000000 E
b110101000000 R
#102
b110101000001 E
b110101000001 R
#103
b110101000010 E
b110101000010 R
#104
b110101000011 E
b110101000011 R
#105
b110101000100 E
b110101000100 R
#106
b110101000101 E
b110101000101 R
#107
b110101000110 E
b110101000110 R
#108
b110101000111 E
b110101000111 R
#109
b110101001000 E
b110101001000 R
#110
b110101001001 E
b110101001001 R
#111
b110101001010 E
b110101001010 R
#112
b110101001011 E
b110101001011 R
#113
b110101001100 E
b110101001100 R
#114
b110101001101 E
b110101001101 R
#115
b110101001110 E
b110101001110 R
#116
b110101001111 E
b110101001111 R
#117
b110101010000 E
b110101010000 R
#118
b110101010001 E
b110101010001 R
#119
b110101010010 E
b110101010010 R
#120
b110101010011 E
b110101010011 R
#121
b110101010100 E
b110101010100 R
#122
b110101010101 E
b110101010101 R
#123
b110101010110 E
b110101010110 R
#124
b110101010111 E
b110101010111 R
#125
b110101011000 E
b110101011000 R
#126
b110101011001 E
b110101011001 R
#127
b110101011010 E
b110101011010 R
#128
b110101011011 E
b110101011011 R
#129
b110101011100 E
b110101011100 R
#130
b110101011101 E
b110101011101 R
#131
b110101011110 E
b110101011110 R
#132
b110101011111 E
b110101011111 R
#133
b110101100000 E
b110101100000 R
#134
b110101100001 E
b110101100001 R
#135
b110101100010 E
b110101100010 R
#136
b110101100011 E
b110101100011 R
#137
b110101100100 E
b110101100100 R
#138
b110101100101 E
b110101100101 R
#139
b110101100110 E
b110101100110 R
#140
b110101100111 E
b110101100111 R
#141
b110101101000 E
b110101101000 R
#142
b110101101001 E
b110101101001 R
#143
b110101101010 E
b110101101010 R
#144
b110101101011 E
b110101101011 R
#145
b110101101100 E
b110101101100 R
#146
b110101101101 E
b110101101101 R
#147
b110101101110 E
b110101101110 R
#148
b110101101111 E
b110101101111 R
#149
b110101110000 E
b110101110000 R
#150
b110101110001 E
b110101110001 R
#151
b110101110010 E
b110101110010 R
#152
b110101110011 E
b110101110011 R
#153
b110101110100 E
b110101110100 R
#154
b110101110101 E
b110101110101 R
#155
b110101110110 E
b110101110110 R
#156
b110101110111 E
b110101110111 R
#157
b110101111000 E
b110101111000 R
#158
b110101111001 E
b110101111001 R
#159
b110101111010 E
b110101111010 R
#160
b110101111011 E
b110101111011 R
#161
b110101111100 E
b110101111100 R
#162
b110101111101 E
b110101111101 R
#163
b110101111110 E
b110101111110 R
#164
b110101111111 E
b110101111111 R
#165
b110110000000 E
b110110000000 R
#166
b110110000001 E
b110110000001 R
#167
b110110000010 E
b110110000010 R
#168
b110110000011 E
b110110000011 R
#169
b110110000100 E
b110110000100 R
#170
b110110000101 E
b110110000101 R
#171
b110110000110 E
b110110000110 R
#172
b110110000111 E
b110110000111 R
#173
b110110001000 E
b110110001000 R
#174
b110110001001 E
b110110001001 R
#175
b110110001010 E
b110110001010 R
#176
b110110001011 E
b110110001011 R
#177
b110110001100 E
b110110001100 R
#178
b110110001101 E
b110110001101 R
#179
b110110001110 E
b110110001110 R
#180
b110110001111 E
b110110001111 R
#181
b110110010000 E
b110110010000 R
#182
b110110010001 E
b110110010001 R
#183
b110110010010 E
b110110010010 R
#184
b110110010011 E
b110110010011 R
#185
b110110010100 E
b110110010100 R
#186
b110110010101 E
b110110010101 R
#187
b110110010110 E
b110110010110 R
#188
b110110010111 E
b110110010111 R
#189
b110110011000 E
b110110011000 R
#190
b110110011001 E
b110110011001 R
#191
b110110011010 E
b110110011010 R
#192
b110110011011 E
b110110011011 R
#193
b110110011100 E
b110110011100 R
#194
b110110011101 E
b110110011101 R
#195
b110110011110 E
b110110011110 R
#196
b110110011111 E
b110110011111 R
#197
b110110100000 E
b110110100000 R
#198
b110110100001 E
b110110100001 R
#199
b110110100010 E
b110110100010 R
#200
b110110100011 E
b110110100011 R
#201
b110110100100 E
b110110100100 R
#202
b110110100101 E
b110110100101 R
#203
b110110100110 E
b110110100110 R
#204
b110110100111 E
b110110100111 R
#205
b110110101000 E
b110110101000 R
#206
b110110101001 E
b110110101001 R
#207
b110110101010 E
b110110101010 R
#208
b110110101011 E
b110110101011 R
#209
b110110101100 E
b110110101100 R
#210
b110110101101 E
b110110101101 R
#211
b110110101110 E
b110110101110 R
#212
b110110101111 E
b110110101111 R
#213
b110110110000 E
b110110110000 R
#214
b110110110001 E
b110110110001 R
#215
b110110110010 E
b110110110010 R
#216
b110110110011 E
b110110110011 R
#217
b110110110100 E
b110110110100 R
#218
b110110110101 E
b110110110101 R
#219
b110110110110 E
b110110110110 R
#220
b110110110111 E
b110110110111 R
#221
b110110111000 E
b110110111000 R
#222
b110110111001 E
b110110111001 R
#223
b110110111010 E
b110110111010 R
#224
b110110111011 E
b110110111011 R
#225
b110110111100 E
b110110111100 R
#226
b110110111101 E
b110110111101 R
#227
b110110111110 E
b110110111110 R
#228
b110110111111 E
b110110111111 R
#229
b110111000000 E
b110111000000 R
#230
b110111000001 E
b110111000001 R
#231
b110111000010 E
b110111000010 R
#232
b110111000011 E
b110111000011 R
#233
b110111000100 E
b110111000100 R
#234
b110111000101 E
b110111000101 R
#235
b110111000110 E
b110111000110 R
#236
b110111000111 E
b110111000111 R
#237
b110111001000 E
b110111001000 R
#238
b110111001001 E
b110111001001 R
#239
b110111001010 E
b110111001010 R
#240
b110111001011 E
b110111001011 R
#241
b110111001100 E
b110111001100 R
#242
b110111001101 E
b110111001101 R
#243
b110111001110 E
b110111001110 R
#244
b110111001111 E
b110111001111 R
#245
b110111010000 E
b110111010000 R
#246
b110111010001 E
b110111010001 R
#247
b110111010010 E
b110111010010 R
#248
b110111010011 E
b110111010011 R
#249
b110111010100 E
b110111010100 R
#250
b110111010101 E
b110111010101 R
#251
b110111010110 E
b110111010110 R
#252
b110111010111 E
b110111010111 R
#253
b110111011000 E
b110111011000 R
#254
b110111011001 E
b110111011001 R
#255
b110111011010 E
b110111011010 R
#256
b110111011011 E
b110111011011 R
#257
b110111011100 E
b110111011100 R
#258
b110111011101 E
b110111011101 R
#259
b110111011110 E
b110111011110 R
#260
b110111011111 E
b110111011111 R
#261
b110111100000 E
b110111100000 R
#262
b110111100001 E
b110111100001 R
#263
b110111100010 E
b110111100010 R
#264
b110111100011 E
b110111100011 R
#265
b110111100100 E
b110111100100 R
#266
b110111100101 E
b110111100101 R
#267
b110111100110 E
b110111100110 R
#268
b110111100111 E
b110111100111 R
#269
b110111101000 E
b110111101000 R
#270
b110111101001 E
b110111101001 R
#271
b110111101010 E
b110111101010 R
#272
b110111101011 E
b110111101011 R
#273
b110111101100 E
b110111101100 R
#274
b110111101101 E
b110111101101 R
#275
b110111101110 E
b110111101110 R
#276
b110111101111 E
b110111101111 R
#277
b110111110000 E
b110111110000 R
#278
b110111110001 E
b110111110001 R
#279
b110111110010 E
b110111110010 R
#280
b110111110011 E
b110111110011 R
#281
b110111110100 E
b110111110100 R
#282
b110111110101 E
b110111110101 R
#283
b110111110110 E
b110111110110 R
#284
b110111110111 E
b110111110111 R
#285
b110111111000 E
b110111111000 R
#286
b110111111001 E
b110111111001 R
#287
b110111111010 E
b110111111010 R
#288
b110111111011 E
b110111111011 R
#289
b110111111100 E
b110111111100 R
#290
b110111111101 E
b110111111101 R
#291
b110111111110 E
b110111111110 R
#292
b110111111111 E
b110111111111 R
#293
b111000000000 E
b111000000000 R
#294
b111000000001 E
b111000000001 R
#295
b111000000010 E
b111000000010 R
#296
b111000000011 E
b111000000011 R
#297
b111000000100 E
b111000000100 R
#298
b111000000101 E
b111000000101 R
#299
b111000000110 E
b111000000110 R
#300
b111000000111 E
b111000000111 R
#301
b111000001000 E
b111000001000 R
#302
b111000001001 E
b111000001001 R
#303
b111000001010 E
b111000001010 R
#304
b111000001011 E
b111000001011 R
#305
b111000001100 E
b111000001100 R
#306
b111000001101 E
b111000001101 R
#307
b111000001110 E
b111000001110 R
#308
b111000001111 E
b111000001111 R
#309
b111000010000 E
b111000010000 R
#310
b111000010001 E
b111000010001 R
#311
b111000010010 E
b111000010010 R
#312
b111000010011 E
b111000010011 R
#313
b111000010100 E
b111000010100 R
#314
b111000010101 E
b111000010101 R
#315
b111000010110 E
b111000010110 R
#316
b111000010111 E
b111000010111 R
#317
b111000011000 E
b111000011000 R
#318
b111000011001 E
b111000011001 R
#319
b111000011010 E
b111000011010 R
#320
b111000011011 E
b111000011011 R
#321
b111000011100 E
b111000011100 R
#322
b111000011101 E
b111000011101 R
#323
b111000011110 E
b111000011110 R
#324
b111000011111 E
b111000011111 R
#325
b111000100000 E
b111000100000 R
#326
b111000100001 E
b111000100001 R
#327
b111000100010 E
b111000100010 R
#328
b111000100011 E
b111000100011 R
#329
b111000100100 E
b111000100100 R
#330
b111000100101 E
b111000100101 R
#331
b111000100110 E
b111000100110 R
#332
b111000100111 E
b111000100111 R
#333
b111000101000 E
b111000101000 R
#334
b111000101001 E
b111000101001 R
#335
b111000101010 E
b111000101010 R
#336
b111000101011 E
b111000101011 R
#337
b111000101100 E
b111000101100 R
#338
b111000101101 E
b111000101101 R
#339
b111000101110 E
b111000101110 R
#340
b111000101111 E
b111000101111 R
#341
b111000110000 E
b111000110000 R
#342
b111000110001 E
b111000110001 R
#343
b111000110010 E
b111000110010 R
#344
b111000110011 E
b111000110011 R
#345
b111000110100 E
b111000110100 R
#346
b111000110101 E
b111000110101 R
#347
b111000110110 E
b111000110110 R
#348
b111000110111 E
b111000110111 R
#349
b111000111000 E
b111000111000 R
#350
b111000111001 E
b111000111001 R
#351
b111000111010 E
b111000111010 R
#352
b111000111011 E
b111000111011 R
#353
b111000111100 E
b111000111100 R
#354
b111000111101 E
b111000111101 R
#355
b111000111110 E
b111000111110 R
#356
b111000111111 E
b111000111111 R
#357
b111001000000 E
b111001000000 R
#358
b111001000001 E
b111001000001 R
#359
b111001000010 E
b111001000010 R
#360
b111001000011 E
b111001000011 R
#361
b111001000100 E
b111001000100 R
#362
b111001000101 E
b111001000101 R
#363
b111001000110 E
b111001000110 R
#364
b111001000111 E
b111001000111 R
#365
b111001001000 E
b111001001000 R
#366
b111001001001 E
b111001001001 R
#367
b111001001010 E
b111001001010 R
#368
b111001001011 E
b111001001011 R
#369
b111001001100 E
b111001001100 R
#370
b111001001101 E
b111001001101 R
#371
b111001001110 E
b111001001110 R
#372
b111001001111 E
b111001001111 R
#373
b111001010000 E
b111001010000 R
#374
b111001010001 E
b111001010001 R
#375
b111001010010 E
b111001010010 R
#376
b111001010011 E
b111001010011 R
#377
b111001010100 E
b111001010100 R
#378
b111001010101 E
b111001010101 R
#379
b111001010110 E
b111001010110 R
#380
b111001010111 E
b111001010111 R
#381
b111001011000 E
b111001011000 R
#382
b111001011001 E
b111001011001 R
#383
b111001011010 E
b111001011010 R
#384
b111001011011 E
b111001011011 R
#385
b111001011100 E
b111001011100 R
#386
b111001011101 E
b111001011101 R
#387
b111001011110 E
b111001011110 R
#388
b111001011111 E
b111001011111 R
#389
b111001100000 E
b111001100000 R
#390
b111001100001 E
b111001100001 R
#391
b111001100010 E
b111001100010 R
#392
b111001100011 E
b111001100011 R
#393
b111001100100 E
b111001100100 R
#394
b111001100101 E
b111001100101 R
#395
b111001100110 E
b111001100110 R
#396
b111001100111 E
b111001100111 R
#397
b111001101000 E
b111001101000 R
#398
b111001101001 E
b111001101001 R
#399
b111001101010 E
b111001101010 R
#400
b111001101011 E
b111001101011 R
#401
b111001101100 E
b111001101100 R
#402
b111001101101 E
b111001101101 R
#403
b111001101110 E
b111001101110 R
#404
b111001101111 E
b111001101111 R
#405
b111001110000 E
b111001110000 R
#406
b111001110001 E
b111001110001 R
#407
b111001110010 E
b111001110010 R
#408
b111001110011 E
b111001110011 R
#409
b111001110100 E
b111001110100 R
#410
b111001110101 E
b111001110101 R
#411
b111001110110 E
b111001110110 R
#412
b111001110111 E
b111001110111 R
#413
b111001111000 E
b111001111000 R
#414
b111001111001 E
b111001111001 R
#415
b111001111010 E
b111001111010 R
#416
b111001111011 E
b111001111011 R
#417
b111001111100 E
b111001111100 R
#418
b111001111101 E
b111001111101 R
#419
b111001111110 E
b111001111110 R
#420
b111001111111 E
b111001111111 R
#421
b111010000000 E
b111010000000 R
#422
b111010000001 E
b111010000001 R
#423
b111010000010 E
b111010000010 R
#424
b111010000011 E
b111010000011 R
#425
b111010000100 E
b111010000100 R
#426
b111010000101 E
b111010000101 R
#427
b111010000110 E
b111010000110 R
#428
b111010000111 E
b111010000111 R
#429
b111010001000 E
b111010001000 R
#430
b111010001001 E
b111010001001 R
#431
b111010001010 E
b111010001010 R
#432
b111010001011 E
b111010001011 R
#433
b111010001100 E
b111010001100 R
#434
b111010001101 E
b111010001101 R
#435
b111010001110 E
b111010001110 R
#436
b111010001111 E
b111010001111 R
#437
b111010010000 E
b111010010000 R
#438
b111010010001 E
b111010010001 R
#439
b111010010010 E
b111010010010 R
#440
b111010010011 E
b111010010011 R
#441
b111010010100 E
b111010010100 R
#442
b111010010101 E
b111010010101 R
#443
b111010010110 E
b111010010110 R
#444
b111010010111 E
b111010010111 R
#445
b111010011000 E
b111010011000 R
#446
b111010011001 E
b111010011001 R
#447
b111010011010 E
b111010011010 R
#448
b111010011011 E
b111010011011 R
#449
b111010011100 E
b111010011100 R
#450
b111010011101 E
b111010011101 R
#451
b111010011110 E
b111010011110 R
#452
b111010011111 E
b111010011111 R
#453
b111010100000 E
b111010100000 R
#454
b111010100001 E
b111010100001 R
#455
b111010100010 E
b111010100010 R
#456
b111010100011 E
b111010100011 R
#457
b111010100100 E
b111010100100 R
#458
b111010100101 E
b111010100101 R
#459
b111010100110 E
b111010100110 R
#460
b111010100111 E
b111010100111 R
#461
b111010101000 E
b111010101000 R
#462
b111010101001 E
b111010101001 R
#463
b111010101010 E
b111010101010 R
#464
b111010101011 E
b111010101011 R
#465
b111010101100 E
b111010101100 R
#466
b111010101101 E
b111010101101 R
#467
b111010101110 E
b111010101110 R
#468
b111010101111 E
b111010101111 R
#469
b111010110000 E
b111010110000 R
#470
b111010110001 E
b111010110001 R
#471
b111010110010 E
b111010110010 R
#472
b111010110011 E
b111010110011 R
#473
b111010110100 E
b111010110100 R
#474
b111010110101 E
b111010110101 R
#475
b111010110110 E
b111010110110 R
#476
b111010110111 E
b111010110111 R
#477
b111010111000 E
b111010111000 R
#478
b111010111001 E
b111010111001 R
#479
b111010111010 E
b111010111010 R
#480
b111010111011 E
b111010111011 R
#481
b111010111100 E
b111010111100 R
#482
b111010111101 E
b111010111101 R
#483
b111010111110 E
b111010111110 R
#484
b111010111111 E
b111010111111 R
#485
b111011000000 E
b111011000000 R
#486
b111011000001 E
b111011000001 R
#487
b111011000010 E
b111011000010 R
#488
b111011000011 E
b111011000011 R
#489
b111011000100 E
b111011000100 R
#490
b111011000101 E
b111011000101 R
#491
b111011000110 E
b111011000110 R
#492
b111011000111 E
b111011000111 R
#493
b111011001000 E
b111011001000 R
#494
b111011001001 E
b111011001001 R
#495
b111011001010 E
b111011001010 R
#496
b111011001011 E
b111011001011 R
#497
b111011001100 E
b111011001100 R
#498
b111011001101 E
b111011001101 R
#499
b111011001110 E
b111011001110 R
#500
b111011001111 E
b111011001111 R
#501
b111011010000 E
b111011010000 R
#502
b111011010001 E
b111011010001 R
#503
b111011010010 E
b111011010010 R
#504
b111011010011 E
b111011010011 R
#505
b111011010100 E
b111011010100 R
#506
b111011010101 E
b111011010101 R
#507
b111011010110 E
b111011010110 R
#508
b111011010111 E
b111011010111 R
#509
b111011011000 E
b111011011000 R
#510
b111011011001 E
b111011011001 R
#511
b111011011010 E
b111011011010 R
#512
b111011011011 E
b111011011011 R
#513
b111011011100 E
b111011011100 R
#514
b111011011101 E
b111011011101 R
#515
b111011011110 E
b111011011110 R
#516
b111011011111 E
b111011011111 R
#517
b111011100000 E
b111011100000 R
#518
b111011100001 E
b111011100001 R
#519
b111011100010 E
b111011100010 R
#520
b111011100011 E
b111011100011 R
#521
b111011100100 E
b111011100100 R
#522
b111011100101 E
b111011100101 R
#523
b111011100110 E
b111011100110 R
#524
b111011100111 E
b111011100111 R
#525
b111011101000 E
b111011101000 R
#526
b111011101001 E
b111011101001 R
#527
b111011101010 E
b111011101010 R
#528
b111011101011 E
b111011101011 R
#529
b111011101100 E
b111011101100 R
#530
b111011101101 E
b111011101101 R
#531
b111011101110 E
b111011101110 R
#532
b111011101111 E
b111011101111 R
#533
b111011110000 E
b111011110000 R
#534
b111011110001 E
b111011110001 R
#535
b111011110010 E
b111011110010 R
#536
b111011110011 E
b111011110011 R
#537
b111011110100 E
b111011110100 R
#538
b111011110101 E
b111011110101 R
#539
b111011110110 E
b111011110110 R
#540
b111011110111 E
b111011110111 R
#541
b111011111000 E
b111011111000 R
#542
b111011111001 E
b111011111001 R
#543
b111011111010 E
b111011111010 R
#544
b111011111011 E
b111011111011 R
#545
b111011111100 E
b111011111100 R
#546
b111011111101 E
b111011111101 R
#547
b111011111110 E
b111011111110 R
#548
b111011111111 E
b111011111111 R
#549
b111100000000 E
b111100000000 R
#550
b111100000001 E
b111100000001 R
#551
b111100000010 E
b111100000010 R
#552
b111100000011 E
b111100000011 R
#553
b111100000100 E
b111100000100 R
#554
b111100000101 E
b111100000101 R
#555
b111100000110 E
b111100000110 R
#556
b111100000111 E
b111100000111 R
#557
b111100001000 E
b111100001000 R
#558
b111100001001 E
b111100001001 R
#559
b111100001010 E
b111100001010 R
#560
b111100001011 E
b111100001011 R
#561
b111100001100 E
b111100001100 R
#562
b111100001101 E
b111100001101 R
#563
b111100001110 E
b111100001110 R
#564
b111100001111 E
b111100001111 R
#565
b111100010000 E
b111100010000 R
#566
b111100010001 E
b111100010001 R
#567
b111100010010 E
b111100010010 R
#568
b111100010011 E
b111100010011 R
#569
b111100010100 E
b111100010100 R
#570
b111100010101 E
b111100010101 R
#571
b111100010110 E
b111100010110 R
#572
b111100010111 E
b111100010111 R
#573
b111100011000 E
b111100011000 R
#574
b111100011001 E
b111100011001 R
#575
b111100011010 E
b111100011010 R
#576
b111100011011 E
b111100011011 R
#577
b111100011100 E
b111100011100 R
#578
b111100011101 E
b111100011101 R
#579
b111100011110 E
b111100011110 R
#580
b111100011111 E
b111100011111 R
#581
b111100100000 E
b111100100000 R
#582
b111100100001 E
b111100100001 R
#583
b111100100010 E
b111100100010 R
#584
b111100100011 E
b111100100011 R
#585
b111100100100 E
b111100100100 R
#586
b111100100101 E
b111100100101 R
#587
b111100100110 E
b111100100110 R
#588
b111100100111 E
b111100100111 R
#589
b111100101000 E
b111100101000 R
#590
b111100101001 E
b111100101001 R
#591
b111100101010 E
b111100101010 R
#592
b111100101011 E
b111100101011 R
#593
b111100101100 E
b111100101100 R
#594
b111100101101 E
b111100101101 R
#595
b111100101110 E
b111100101110 R
#596
b111100101111 E
b111100101111 R
#597
b111100110000 E
b111100110000 R
#598
b111100110001 E
b111100110001 R
#599
b111100110010 E
b111100110010 R
#600
b111100110011 E
b111100110011 R
#601
b111100110100 E
b111100110100 R
#602
b111100110101 E
b111100110101 R
#603
b111100110110 E
b111100110110 R
#604
b111100110111 E
b111100110111 R
#605
b111100111000 E
b111100111000 R
#606
b111100111001 E
b111100111001 R
#607
b111100111010 E
b111100111010 R
#608
b111100111011 E
b111100111011 R
#609
b111100111100 E
b111100111100 R
#610
b111100111101 E
b111100111101 R
#611
b111100111110 E
b111100111110 R
#612
b111100111111 E
b111100111111 R
#613
b111101000000 E
b111101000000 R
#614
b111101000001 E
b111101000001 R
#615
b111101000010 E
b111101000010 R
#616
b111101000011 E
b111101000011 R
#617
b111101000100 E
b111101000100 R
#618
b111101000101 E
b111101000101 R
#619
b111101000110 E
b111101000110 R
#620
b111101000111 E
b111101000111 R
#621
b111101001000 E
b111101001000 R
#622
b111101001001 E
b111101001001 R
#623
b111101001010 E
b111101001010 R
#624
b111101001011 E
b111101001011 R
#625
b111101001100 E
b111101001100 R
#626
b111101001101 E
b111101001101 R
#627
b111101001110 E
b111101001110 R
#628
b111101001111 E
b111101001111 R
#629
b111101010000 E
b111101010000 R
#630
b111101010001 E
b111101010001 R
#631
b111101010010 E
b111101010010 R
#632
b111101010011 E
b111101010011 R
#633
b111101010100 E
b111101010100 R
#634
b111101010101 E
b111101010101 R
#635
b111101010110 E
b111101010110 R
#636
b111101010111 E
b111101010111 R
#637
b111101011000 E
b111101011000 R
#638
b111101011001 E
b111101011001 R
#639
b111101011010 E
b111101011010 R
#640
b111101011011 E
b111101011011 R
#641
b111101011100 E
b111101011100 R
#642
b111101011101 E
b111101011101 R
#643
b111101011110 E
b111101011110 R
#644
b111101011111 E
b111101011111 R
#645
b111101100000 E
b111101100000 R
#646
b111101100001 E
b111101100001 R
#647
b111101100010 E
b111101100010 R
#648
b111101100011 E
b111101100011 R
#649
b111101100100 E
b111101100100 R
#650
b111101100101 E
b111101100101 R
#651
b111101100110 E
b111101100110 R
#652
b111101100111 E
b111101100111 R
#653
b111101101000 E
b111101101000 R
#654
b111101101001 E
b111101101001 R
#655
b111101101010 E
b111101101010 R
#656
b111101101011 E
b111101101011 R
#657
b111101101100 E
b111101101100 R
#658
b111101101101 E
b111101101101 R
#659
b111101101110 E
b111101101110 R
#660
b111101101111 E
b111101101111 R
#661
b111101110000 E
b111101110000 R
#662
b111101110001 E
b111101110001 R
#663
b111101110010 E
b111101110010 R
#664
b111101110011 E
b111101110011 R
#665
b111101110100 E
b111101110100 R
#666
b111101110101 E
b111101110101 R
#667
b111101110110 E
b111101110110 R
#668
b111101110111 E
b111101110111 R
#669
b111101111000 E
b111101111000 R
#670
b111101111001 E
b111101111001 R
#671
b111101111010 E
b111101111010 R
#672
b111101111011 E
b111101111011 R
#673
b111101111100 E
b111101111100 R
#674
b111101111101 E
b111101111101 R
#675
b111101111110 E
b111101111110 R
#676
b111101111111 E
b111101111111 R
#677
b111110000000 E
b111110000000 R
#678
b111110000001 E
b111110000001 R
#679
b111110000010 E
b111110000010 R
#680
b111110000011 E
b111110000011 R
#681
b111110000100 E
b111110000100 R
#682
b111110000101 E
b111110000101 R
#683
b111110000110 E
b111110000110 R
#684
b111110000111 E
b111110000111 R
#685
b111110001000 E
b111110001000 R
#686
b111110001001 E
b111110001001 R
#687
b111110001010 E
b111110001010 R
#688
b111110001011 E
b111110001011 R
#689
b111110001100 E
b111110001100 R
#690
b111110001101 E
b111110001101 R
#691
b111110001110 E
b111110001110 R
#692
b111110001111 E
b111110001111 R
#693
b111110010000 E
b111110010000 R
#694
b111110010001 E
b111110010001 R
#695
b111110010010 E
b111110010010 R
#696
b111110010011 E
b111110010011 R
#697
b111110010100 E
b111110010100 R
#698
b111110010101 E
b111110010101 R
#699
b111110010110 E
b111110010110 R
#700
b111110010111 E
b111110010111 R
#701
b111110011000 E
b111110011000 R
#702
b111110011001 E
b111110011001 R
#703
b111110011010 E
b111110011010 R
#704
b111110011011 E
b111110011011 R
#705
b111110011100 E
b111110011100 R
#706
b111110011101 E
b111110011101 R
#707
b111110011110 E
b111110011110 R
#708
b111110011111 E
b111110011111 R
#709
b111110100000 E
b111110100000 R
#710
b111110100001 E
b111110100001 R
#711
b111110100010 E
b111110100010 R
#712
b111110100011 E
b111110100011 R
#713
b111110100100 E
b111110100100 R
#714
b111110100101 E
b111110100101 R
#715
b111110100110 E
b111110100110 R
#716
b111110100111 E
b111110100111 R
#717
b111110101000 E
b111110101000 R
#718
b111110101001 E
b111110101001 R
#719
b111110101010 E
b111110101010 R
#720
b111110101011 E
b111110101011 R
#721
b111110101100 E
b111110101100 R
#722
b111110101101 E
b111110101101 R
#723
b111110101110 E
b111110101110 R
#724
b111110101111 E
b111110101111 R
#725
b111110110000 E
b111110110000 R
#726
b111110110001 E
b111110110001 R
#727
b111110110010 E
b111110110010 R
#728
b111110110011 E
b111110110011 R
#729
b111110110100 E
b111110110100 R
#730
b111110110101 E
b111110110101 R
#731
b111110110110 E
b111110110110 R
#732
b111110110111 E
b111110110111 R
#733
b111110111000 E
b111110111000 R
#734
b111110111001 E
b111110111001 R
#735
b111110111010 E
b111110111010 R
#736
b111110111011 E
b111110111011 R
#737
b111110111100 E
b111110111100 R
#738
b111110111101 E
b111110111101 R
#739
b111110111110 E
b111110111110 R
#740
b111110111111 E
b111110111111 R
#741
b111111000000 E
b111111000000 R
#742
b111111000001 E
b111111000001 R
#743
b111111000010 E
b111111000010 R
#744
b111111000011 E
b111111000011 R
#745
b111111000100 E
b111111000100 R
#746
b111111000101 E
b111111000101 R
#747
b111111000110 E
b111111000110 R
#748
b111111000111 E
b111111000111 R
#749
b111111001000 E
b111111001000 R
#750
b111111001001 E
b111111001001 R
#751
b111111001010 E
b111111001010 R
#752
b111111001011 E
b111111001011 R
#753
b111111001100 E
b111111001100 R
#754
b111111001101 E
b111111001101 R
#755
b111111001110 E
b111111001110 R
#756
b111111001111 E
b111111001111 R
#757
b111111010000 E
b111111010000 R
#758
b111111010001 E
b111111010001 R
#759
b111111010010 E
b111111010010 R
#760
b111111010011 E
b111111010011 R
#761
b111111010100 E
b111111010100 R
#762
b111111010101 E
b111111010101 R
#763
b111111010110 E
b111111010110 R
#764
b111111010111 E
b111111010111 R
#765
b111111011000 E
b111111011000 R
#766
b111111011001 E
b111111011001 R
#767
b111111011010 E
b111111011010 R
#768
b111111011011 E
b111111011011 R
#769
b111111011100 E
b111111011100 R
#770
b111111011101 E
b111111011101 R
#771
b111111011110 E
b111111011110 R
#772
b111111011111 E
b111111011111 R
#773
b111111100000 E
b111111100000 R
#774
b111111100001 E
b111111100001 R
#775
b111111100010 E
b111111100010 R
#776
b111111100011 E
b111111100011 R
#777
b111111100100 E
b111111100100 R
#778
b111111100101 E
b111111100101 R
#779
b111111100110 E
b111111100110 R
#780
b111111100111 E
b111111100111 R
#781
b111111101000 E
b111111101000 R
#782
b111111101001 E
b111111101001 R
#783
b111111101010 E
b111111101010 R
#784
b111111101011 E
b111111101011 R
#785
b111111101100 E
b111111101100 R
#786
b111111101101 E
b111111101101 R
#787
b111111101110 E
b111111101110 R
#788
b111111101111 E
b111111101111 R
#789
b111111110000 E
b111111110000 R
#790
b111111110001 E
b111111110001 R
#791
b111111110010 E
b111111110010 R
#792
b111111110011 E
b111111110011 R
#793
b111111110100 E
b111111110100 R
#794
b111111110101 E
b111111110101 R
#795
b111111110110 E
b111111110110 R
#796
b111111110111 E
b111111110111 R
#797
b111111111000 E
b111111111000 R
#798
b111111111001 E
b111111111001 R
#799
b111111111010 E
b111111111010 R
#800
b111111111011 E
b111111111011 R
#801
b111111111100 E
b111111111100 R
#802
b111111111101 E
b111111111101 R
#803
b111111111110 E
b111111111110 R
#804
b111111111111 E
b111111111111 R
#805
b1000000000000 E
b1000000000000 R
#806
b1000000000001 E
b1000000000001 R
#807
b1000000000010 E
b1000000000010 R
#808
b1000000000011 E
b1000000000011 R
#809
b1000000000100 E
b1000000000100 R
#810
b1000000000101 E
b1000000000101 R
#811
b1000000000110 E
b1000000000110 R
#812
b1000000000111 E
b1000000000111 R
#813
b1000000001000 E
b1000000001000 R
#814
b1000000001001 E
b1000000001001 R
#815
b1000000001010 E
b1000000001010 R
#816
b1000000001011 E
b1000000001011 R
#817
b1000000001100 E
b1000000001100 R
#818
b1000000001101 E
b1000000001101 R
#819
b1000000001110 E
b1000000001110 R
#820
b1000000001111 E
b1000000001111 R
#821
b1000000010000 E
b1000000010000 R
#822
b1000000010001 E
b1000000010001 R
#823
b1000000010010 E
b1000000010010 R
#824
b1000000010011 E
b1000000010011 R
#825
b1000000010100 E
b1000000010100 R
#826
b1000000010101 E
b1000000010101 R
#827
b1000000010110 E
b1000000010110 R
#828
b1000000010111 E
b1000000010111 R
#829
b1000000011000 E
b1000000011000 R
#830
b1000000011001 E
b1000000011001 R
#831
b1000000011010 E
b1000000011010 R
#832
b1000000011011 E
b1000000011011 R
#833
b1000000011100 E
b1000000011100 R
#834
b1000000011101 E
b1000000011101 R
#835
b1000000011110 E
b1000000011110 R
#836
b1000000011111 E
b1000000011111 R
#837
b1000000100000 E
b1000000100000 R
#838
b1000000100001 E
b1000000100001 R
#839
b1000000100010 E
b1000000100010 R
#840
b1000000100011 E
b1000000100011 R
#841
b1000000100100 E
b1000000100100 R
#842
b1000000100101 E
b1000000100101 R
#843
b1000000100110 E
b1000000100110 R
#844
b1000000100111 E
b1000000100111 R
#845
b1000000101000 E
b1000000101000 R
#846
b1000000101001 E
b1000000101001 R
#847
b1000000101010 E
b1000000101010 R
#848
b1000000101011 E
b1000000101011 R
#849
b1000000101100 E
b1000000101100 R
#850
b1000000101101 E
b1000000101101 R
#851
b1000000101110 E
b1000000101110 R
#852
b1000000101111 E
b1000000101111 R
#853
b1000000110000 E
b1000000110000 R
#854
b1000000110001 E
b1000000110001 R
#855
b1000000110010 E
b1000000110010 R
#856
b1000000110011 E
b1000000110011 R
#857
b1000000110100 E
b1000000110100 R
#858
b1000000110101 E
b1000000110101 R
#859
b1000000110110 E
b1000000110110 R
#860
b1000000110111 E
b1000000110111 R
#861
b1000000111000 E
b1000000111000 R
#862
b1000000111001 E
b1000000111001 R
#863
b1000000111010 E
b1000000111010 R
#864
b1000000111011 E
b1000000111011 R
#865
b1000000111100 E
b1000000111100 R
#866
b1000000111101 E
b1000000111101 R
#867
b1000000111110 E
b1000000111110 R
#868
b1000000111111 E
b1000000111111 R
#869
b1000001000000 E
b1000001000000 R
#870
b1000001000001 E
b1000001000001 R
#871
b1000001000010 E
b1000001000010 R
#872
b1000001000011 E
b1000001000011 R
#873
b1000001000100 E
b1000001000100 R
#874
b1000001000101 E
b1000001000101 R
#875
b1000001000110 E
b1000001000110 R
#876
b1000001000111 E
b1000001000111 R
#877
b1000001001000 E
b1000001001000 R
#878
b1000001001001 E
b1000001001001 R
#879
b1000001001010 E
b1000001001010 R
#880
b1000001001011 E
b1000001001011 R
#881
b1000001001100 E
b1000001001100 R
#882
b1000001001101 E
b1000001001101 R
#883
b1000001001110 E
b1000001001110 R
#884
b1000001001111 E
b1000001001111 R
#885
b1000001010000 E
b1000001010000 R
#886
b1000001010001 E
b1000001010001 R
#887
b1000001010010 E
b1000001010010 R
#888
b1000001010011 E
b1000001010011 R
#889
b1000001010100 E
b1000001010100 R
#890
b1000001010101 E
b1000001010101 R
#891
b1000001010110 E
b1000001010110 R
#892
b1000001010111 E
b1000001010111 R
#893
b1000001011000 E
b1000001011000 R
#894
b1000001011001 E
b1000001011001 R
#895
b1000001011010 E
b1000001011010 R
#896
b1000001011011 E
b1000001011011 R
#897
b1000001011100 E
b1000001011100 R
#898
b1000001011101 E
b1000001011101 R
#899
b1000001011110 E
b1000001011110 R
#900
b1000001011111 E
b1000001011111 R
#901
b1000001100000 E
b1000001100000 R
#902
b1000001100001 E
b1000001100001 R
#903
b1000001100010 E
b1000001100010 R
#904
b1000001100011 E
b1000001100011 R
#905
b1000001100100 E
b1000001100100 R
#906
b1000001100101 E
b1000001100101 R
#907
b1000001100110 E
b1000001100110 R
#908
b1000001100111 E
b1000001100111 R
#909
b1000001101000 E
b1000001101000 R
#910
b1000001101001 E
b1000001101001 R
#911
b1000001101010 E
b1000001101010 R
#912
b1000001101011 E
b1000001101011 R
#913
b1000001101100 E
b1000001101100 R
#914
b1000001101101 E
b1000001101101 R
#915
b1000001101110 E
b1000001101110 R
#916
b1000001101111 E
b1000001101111 R
#917
b1000001110000 E
b1000001110000 R
#918
b1000001110001 E
b1000001110001 R
#919
b1000001110010 E
b1000001110010 R
#920
b1000001110011 E
b1000001110011 R
#921
b1000001110100 E
b1000001110100 R
#922
b1000001110101 E
b1000001110101 R
#923
b1000001110110 E
b1000001110110 R
#924
b1000001110111 E
b1000001110111 R
#925
b1000001111000 E
b1000001111000 R
#926
b1000001111001 E
b1000001111001 R
#927
b1000001111010 E
b1000001111010 R
#928
b1000001111011 E
b1000001111011 R
#929
b1000001111100 E
b1000001111100 R
#930
b1000001111101 E
b1000001111101 R
#931
b1000001111110 E
b1000001111110 R
#932
b1000001111111 E
b1000001111111 R
#933
b1000010000000 E
b1000010000000 R
#934
b1000010000001 E
b1000010000001 R
#935
b1000010000010 E
b1000010000010 R
#936
b1000010000011 E
b1000010000011 R
#937
b1000010000100 E
b1000010000100 R
#938
b1000010000101 E
b1000010000101 R
#939
b1000010000110 E
b1000010000110 R
#940
b1000010000111 E
b1000010000111 R
#941
b1000010001000 E
b1000010001000 R
#942
b1000010001001 E
b1000010001001 R
#943
b1000010001010 E
b1000010001010 R
#944
b1000010001011 E
b1000010001011 R
#945
b1000010001100 E
b1000010001100 R
#946
b1000010001101 E
b1000010001101 R
#947
b1000010001110 E
b1000010001110 R
#948
b1000010001111 E
b1000010001111 R
#949
b1000010010000 E
b1000010010000 R
#950
b1000010010001 E
b1000010010001 R
#951
b1000010010010 E
b1000010010010 R
#952
b1000010010011 E
b1000010010011 R
#953
b1000010010100 E
b1000010010100 R
#954
b1000010010101 E
b1000010010101 R
#955
b1000010010110 E
b1000010010110 R
#956
b1000010010111 E
b1000010010111 R
#957
b1000010011000 E
b1000010011000 R
#958
b1000010011001 E
b1000010011001 R
#959
b1000010011010 E
b1000010011010 R
#960
b1000010011011 E
b1000010011011 R
#961
b1000010011100 E
b1000010011100 R
#962
b1000010011101 E
b1000010011101 R
#963
b1000010011110 E
b1000010011110 R
#964
b1000010011111 E
b1000010011111 R
#965
b1000010100000 E
b1000010100000 R
#966
b1000010100001 E
b1000010100001 R
#967
b1000010100010 E
b1000010100010 R
#968
b1000010100011 E
b1000010100011 R
#969
b1000010100100 E
b1000010100100 R
#970
b1000010100101 E
b1000010100101 R
#971
b1000010100110 E
b1000010100110 R
#972
b1000010100111 E
b1000010100111 R
#973
b1000010101000 E
b1000010101000 R
#974
b1000010101001 E
b1000010101001 R
#975
b1000010101010 E
b1000010101010 R
#976
b1000010101011 E
b1000010101011 R
#977
b1000010101100 E
b1000010101100 R
#978
b1000010101101 E
b1000010101101 R
#979
b1000010101110 E
b1000010101110 R
#980
b1000010101111 E
b1000010101111 R
#981
b1000010110000 E
b1000010110000 R
#982
b1000010110001 E
b1000010110001 R
#983
b1000010110010 E
b1000010110010 R
#984
b1000010110011 E
b1000010110011 R
#985
b1000010110100 E
b1000010110100 R
#986
b1000010110101 E
b1000010110101 R
#987
b1000010110110 E
b1000010110110 R
#988
b1000010110111 E
b1000010110111 R
#989
b1000010111000 E
b1000010111000 R
#990
b1000010111001 E
b1000010111001 R
#991
b1000010111010 E
b1000010111010 R
#992
b1000010111011 E
b1000010111011 R
#993
b1000010111100 E
b1000010111100 R
#994
b1000010111101 E
b1000010111101 R
#995
b1000010111110 E
b1000010111110 R
#996
b1000010111111 E
b1000010111111 R
#997
b1000011000000 E
b1000011000000 R
#998
b1000011000001 E
b1000011000001 R
#999
b1000011000010 E
b1000011000010 R
#1000
b1000011000011 E
b1000011000011 R
#1001
b1000011000100 E
b1000011000100 R
#1002
b1000011000101 E
b1000011000101 R
#1003
b1000011000110 E
b1000011000110 R
#1004
b1000011000111 E
b1000011000111 R
#1005
b1000011001000 E
b1000011001000 R
#1006
b1000011001001 E
b1000011001001 R
#1007
b1000011001010 E
b1000011001010 R
#1008
b1000011001011 E
b1000011001011 R
#1009
b1000011001100 E
b1000011001100 R
#1010
b1000011001101 E
b1000011001101 R
#1011
b1000011001110 E
b1000011001110 R
#1012
b1000011001111 E
b1000011001111 R
#1013
b1000011010000 E
b1000011010000 R
#1014
b1000011010001 E
b1000011010001 R
#1015
b1000011010010 E
b1000011010010 R
#1016
b1000011010011 E
b1000011010011 R
#1017
b1000011010100 E
b1000011010100 R
#1018
b1000011010101 E
b1000011010101 R
#1019
b1000011010110 E
b1000011010110 R
#1020
b1000011010111 E
b1000011010111 R
#1021
b1000011011000 E
b1000011011000 R
#1022
b1000011011001 E
b1000011011001 R
#1023
b1000011011010 E
b1000011011010 R
#1024
b1000011011011 E
b1000011011011 R
#1025
b1000011011100 E
b1000011011100 R
#1026
b1000011011101 E
b1000011011101 R
#1027
b1000011011110 E
b1000011011110 R
#1028
b1000011011111 E
b1000011011111 R
#1029
b1000011100000 E
b1000011100000 R
#1030
b1000011100001 E
b1000011100001 R
#1031
b1000011100010 E
b1000011100010 R
#1032
b1000011100011 E
b1000011100011 R
#1033
b1000011100100 E
b1000011100100 R
#1034
b1000011100101 E
b1000011100101 R
#1035
b1000011100110 E
b1000011100110 R
#1036
b1000011100111 E
b1000011100111 R
#1037
b1000011101000 E
b1000011101000 R
#1038
b1000011101001 E
b1000011101001 R
#1039
b1000011101010 E
b1000011101010 R
#1040
b1000011101011 E
b1000011101011 R
#1041
b1000011101100 E
b1000011101100 R
#1042
b1000011101101 E
b1000011101101 R
#1043
b1000011101110 E
b1000011101110 R
#1044
b1000011101111 E
b1000011101111 R
#1045
b1000011110000 E
b1000011110000 R
#1046
b1000011110001 E
b1000011110001 R
#1047
b1000011110010 E
b1000011110010 R
#1048
b1000011110011 E
b1000011110011 R
#1049
b1000011110100 E
b1000011110100 R
#1050
b1000011110101 E
b1000011110101 R
#1051
b1000011110110 E
b1000011110110 R
#1052
b1000011110111 E
b1000011110111 R
#1053
b1000011111000 E
b1000011111000 R
#1054
b1000011111001 E
b1000011111001 R
#1055
b1000011111010 E
b1000011111010 R
#1056
b1000011111011 E
b1000011111011 R
#1057
b1000011111100 E
b1000011111100 R
#1058
b1000011111101 E
b1000011111101 R
#1059
b1000011111110 E
b1000011111110 R
#1060
b1000011111111 E
b1000011111111 R
#1061
b1000100000000 E
b1000100000000 R
#1062
b1000100000001 E
b1000100000001 R
#1063
b1000100000010 E
b1000100000010 R
#1064
b1000100000011 E
b1000100000011 R
#1065
b1000100000100 E
b1000100000100 R
#1066
b1000100000101 E
b1000100000101 R
#1067
b1000100000110 E
b1000100000110 R
#1068
b1000100000111 E
b1000100000111 R
#1069
b1000100001000 E
b1000100001000 R
#1070
b1000100001001 E
b1000100001001 R
#1071
b1000100001010 E
b1000100001010 R
#1072
b1000100001011 E
b1000100001011 R
#1073
b1000100001100 E
b1000100001100 R
#1074
b1000100001101 E
b1000100001101 R
#1075
b1000100001110 E
b1000100001110 R
#1076
b1000100001111 E
b1000100001111 R
#1077
b1000100010000 E
b1000100010000 R
#1078
b1000100010001 E
b1000100010001 R
#1079
b1000100010010 E
b1000100010010 R
#1080
b1000100010011 E
b1000100010011 R
#1081
b1000100010100 E
b1000100010100 R
#1082
b1000100010101 E
b1000100010101 R
#1083
b1000100010110 E
b1000100010110 R
#1084
b1000100010111 E
b1000100010111 R
#1085
b1000100011000 E
b1000100011000 R
#1086
b1000100011001 E
b1000100011001 R
#1087
b1000100011010 E
b1000100011010 R
#1088
b1000100011011 E
b1000100011011 R
#1089
b1000100011100 E
b1000100011100 R
#1090
b1000100011101 E
b1000100011101 R
#1091
b1000100011110 E
b1000100011110 R
#1092
b1000100011111 E
b1000100011111 R
#1093
b1000100100000 E
b1000100100000 R
#1094
b1000100100001 E
b1000100100001 R
#1095
b1000100100010 E
b1000100100010 R
#1096
b1000100100011 E
b1000100100011 R
#1097
b1000100100100 E
b1000100100100 R
#1098
b1000100100101 E
b1000100100101 R
#1099
b1000100100110 E
b1000100100110 R
#1100
b1000100100111 E
b1000100100111 R
#1101
b1000100101000 E
b1000100101000 R
#1102
b1000100101001 E
b1000100101001 R
#1103
b1000100101010 E
b1000100101010 R
#1104
b1000100101011 E
b1000100101011 R
#1105
b1000100101100 E
b1000100101100 R
#1106
b1000100101101 E
b1000100101101 R
#1107
b1000100101110 E
b1000100101110 R
#1108
b1000100101111 E
b1000100101111 R
#1109
b1000100110000 E
b1000100110000 R
#1110
b1000100110001 E
b1000100110001 R
#1111
b1000100110010 E
b1000100110010 R
#1112
b1000100110011 E
b1000100110011 R
#1113
b1000100110100 E
b1000100110100 R
#1114
b1000100110101 E
b1000100110101 R
#1115
b1000100110110 E
b1000100110110 R
#1116
b1000100110111 E
b1000100110111 R
#1117
b1000100111000 E
b1000100111000 R
#1118
b1000100111001 E
b1000100111001 R
#1119
b1000100111010 E
b1000100111010 R
#1120
b1000100111011 E
b1000100111011 R
#1121
b1000100111100 E
b1000100111100 R
#1122
b1000100111101 E
b1000100111101 R
#1123
b1000100111110 E
b1000100111110 R
#1124
b1000100111111 E
b1000100111111 R
#1125
b1000101000000 E
b1000101000000 R
#1126
b1000101000001 E
b1000101000001 R
#1127
b1000101000010 E
b1000101000010 R
#1128
b1000101000011 E
b1000101000011 R
#1129
b1000101000100 E
b1000101000100 R
#1130
b1000101000101 E
b1000101000101 R
#1131
b1000101000110 E
b1000101000110 R
#1132
b1000101000111 E
b1000101000111 R
#1133
b1000101001000 E
b1000101001000 R
#1134
b1000101001001 E
b1000101001001 R
#1135
b1000101001010 E
b1000101001010 R
#1136
b1000101001011 E
b1000101001011 R
#1137
b1000101001100 E
b1000101001100 R
#1138
b1000101001101 E
b1000101001101 R
#1139
b1000101001110 E
b1000101001110 R
#1140
b1000101001111 E
b1000101001111 R
#1141
b1000101010000 E
b1000101010000 R
#1142
b1000101010001 E
b1000101010001 R
#1143
b1000101010010 E
b1000101010010 R
#1144
b1000101010011 E
b1000101010011 R
#1145
b1000101010100 E
b1000101010100 R
#1146
b1000101010101 E
b1000101010101 R
#1147
b1000101010110 E
b1000101010110 R
#1148
b1000101010111 E
b1000101010111 R
#1149
b1000101011000 E
b1000101011000 R
#1150
b1000101011001 E
b1000101011001 R
#1151
b1000101011010 E
b1000101011010 R
#1152
b1000101011011 E
b1000101011011 R
#1153
b1000101011100 E
b1000101011100 R
#1154
b1000101011101 E
b1000101011101 R
#1155
b1000101011110 E
b1000101011110 R
#1156
b1000101011111 E
b1000101011111 R
#1157
b1000101100000 E
b1000101100000 R
#1158
b1000101100001 E
b1000101100001 R
#1159
b1000101100010 E
b1000101100010 R
#1160
b1000101100011 E
b1000101100011 R
#1161
b1000101100100 E
b1000101100100 R
#1162
b1000101100101 E
b1000101100101 R
#1163
b1000101100110 E
b1000101100110 R
#1164
b1000101100111 E
b1000101100111 R
#1165
b1000101101000 E
b1000101101000 R
#1166
b1000101101001 E
b1000101101001 R
#1167
b1000101101010 E
b1000101101010 R
#1168
b1000101101011 E
b1000101101011 R
#1169
b1000101101100 E
b1000101101100 R
#1170
b1000101101101 E
b1000101101101 R
#1171
b1000101101110 E
b1000101101110 R
#1172
b1000101101111 E
b1000101101111 R
#1173
b1000101110000 E
b1000101110000 R
#1174
b1000101110001 E
b1000101110001 R
#1175
b1000101110010 E
b1000101110010 R
#1176
b1000101110011 E
b1000101110011 R
#1177
b1000101110100 E
b1000101110100 R
#1178
b1000101110101 E
b1000101110101 R
#1179
b1000101110110 E
b1000101110110 R
#1180
b1000101110111 E
b1000101110111 R
#1181
b1000101111000 E
b1000101111000 R
#1182
b1000101111001 E
b1000101111001 R
#1183
b1000101111010 E
b1000101111010 R
#1184
b1000101111011 E
b1000101111011 R
#1185
b1000101111100 E
b1000101111100 R
#1186
b1000101111101 E
b1000101111101 R
#1187
b1000101111110 E
b1000101111110 R
#1188
b1000101111111 E
b1000101111111 R
#1189
b1000110000000 E
b1000110000000 R
#1190
b1000110000001 E
b1000110000001 R
#1191
b1000110000010 E
b1000110000010 R
#1192
b1000110000011 E
b1000110000011 R
#1193
b1000110000100 E
b1000110000100 R
#1194
b1000110000101 E
b1000110000101 R
#1195
b1000110000110 E
b1000110000110 R
#1196
b1000110000111 E
b1000110000111 R
#1197
b1000110001000 E
b1000110001000 R
#1198
b1000110001001 E
b1000110001001 R
#1199
b1000110001010 E
b1000110001010 R
#1200
b1000110001011 E
b1000110001011 R
#1201
b1000110001100 E
b1000110001100 R
#1202
b1000110001101 E
b1000110001101 R
#1203
b1000110001110 E
b1000110001110 R
#1204
b1000110001111 E
b1000110001111 R
#1205
b1000110010000 E
b1000110010000 R
#1206
b1000110010001 E
b1000110010001 R
#1207
b1000110010010 E
b1000110010010 R
#1208
b1000110010011 E
b1000110010011 R
#1209
b1000110010100 E
b1000110010100 R
#1210
b1000110010101 E
b1000110010101 R
#1211
b1000110010110 E
b1000110010110 R
#1212
b1000110010111 E
b1000110010111 R
#1213
b1000110011000 E
b1000110011000 R
#1214
b1000110011001 E
b1000110011001 R
#1215
b1000110011010 E
b1000110011010 R
#1216
b1000110011011 E
b1000110011011 R
#1217
b1000110011100 E
b1000110011100 R
#1218
b1000110011101 E
b1000110011101 R
#1219
b1000110011110 E
b1000110011110 R
#1220
b1000110011111 E
b1000110011111 R
#1221
b1000110100000 E
b1000110100000 R
#1222
b1000110100001 E
b1000110100001 R
#1223
b1000110100010 E
b1000110100010 R
#1224
b1000110100011 E
b1000110100011 R
#1225
b1000110100100 E
b1000110100100 R
#1226
b1000110100101 E
b1000110100101 R
#1227
b1000110100110 E
b1000110100110 R
#1228
b1000110100111 E
b1000110100111 R
#1229
b1000110101000 E
b1000110101000 R
#1230
b1000110101001 E
b1000110101001 R
#1231
b1000110101010 E
b1000110101010 R
#1232
b1000110101011 E
b1000110101011 R
#1233
b1000110101100 E
b1000110101100 R
#1234
b1000110101101 E
b1000110101101 R
#1235
b1000110101110 E
b1000110101110 R
#1236
b1000110101111 E
b1000110101111 R
#1237
b1000110110000 E
b1000110110000 R
#1238
b1000110110001 E
b1000110110001 R
#1239
b1000110110010 E
b1000110110010 R
#1240
b1000110110011 E
b1000110110011 R
#1241
b1000110110100 E
b1000110110100 R
#1242
b1000110110101 E
b1000110110101 R
#1243
b1000110110110 E
b1000110110110 R
#1244
b1000110110111 E
b1000110110111 R
#1245
b1000110111000 E
b1000110111000 R
#1246
b1000110111001 E
b1000110111001 R
#1247
b1000110111010 E
b1000110111010 R
#1248
b1000110111011 E
b1000110111011 R
#1249
b1000110111100 E
b1000110111100 R
#1250
b1000110111101 E
b1000110111101 R
#1251
b1000110111110 E
b1000110111110 R
#1252
b1000110111111 E
b1000110111111 R
#1253
b1000111000000 E
b1000111000000 R
#1254
b1000111000001 E
b1000111000001 R
#1255
b1000111000010 E
b1000111000010 R
#1256
b1000111000011 E
b1000111000011 R
#1257
b1000111000100 E
b1000111000100 R
#1258
b1000111000101 E
b1000111000101 R
#1259
b1000111000110 E
b1000111000110 R
#1260
b1000111000111 E
b1000111000111 R
#1261
b1000111001000 E
b1000111001000 R
#1262
b1000111001001 E
b1000111001001 R
#1263
b1000111001010 E
b1000111001010 R
#1264
b1000111001011 E
b1000111001011 R
#1265
b1000111001100 E
b1000111001100 R
#1266
b1000111001101 E
b1000111001101 R
#1267
b1000111001110 E
b1000111001110 R
#1268
b1000111001111 E
b1000111001111 R
#1269
b1000111010000 E
b1000111010000 R
#1270
b1000111010001 E
b1000111010001 R
#1271
b1000111010010 E
b1000111010010 R
#1272
b1000111010011 E
b1000111010011 R
#1273
b1000111010100 E
b1000111010100 R
#1274
b1000111010101 E
b1000111010101 R
#1275
b1000111010110 E
b1000111010110 R
#1276
b1000111010111 E
b1000111010111 R
#1277
b1000111011000 E
b1000111011000 R
#1278
b1000111011001 E
b1000111011001 R
#1279
b1000111011010 E
b1000111011010 R
#1280
b1000111011011 E
b1000111011011 R
#1281
b1000111011100 E
b1000111011100 R
#1282
b1000111011101 E
b1000111011101 R
#1283
b1000111011110 E
b1000111011110 R
#1284
b1000111011111 E
b1000111011111 R
#1285
b1000111100000 E
b1000111100000 R
#1286
b1000111100001 E
b1000111100001 R
#1287
b1000111100010 E
b1000111100010 R
#1288
b1000111100011 E
b1000111100011 R
#1289
b1000111100100 E
b1000111100100 R
#1290
b1000111100101 E
b1000111100101 R
#1291
b1000111100110 E
b1000111100110 R
#1292
b1000111100111 E
b1000111100111 R
#1293
b1000111101000 E
b1000111101000 R
#1294
b1000111101001 E
b1000111101001 R
#1295
b1000111101010 E
b1000111101010 R
#1296
b1000111101011 E
b1000111101011 R
#1297
b1000111101100 E
b1000111101100 R
#1298
b1000111101101 E
b1000111101101 R
#1299
b1000111101110 E
b1000111101110 R
#1300
b1000111101111 E
b1000111101111 R
#1301
b1000111110000 E
b1000111110000 R
#1302
b1000111110001 E
b1000111110001 R
#1303
b1000111110010 E
b1000111110010 R
#1304
b1000111110011 E
b1000111110011 R
#1305
b1000111110100 E
b1000111110100 R
#1306
b1000111110101 E
b1000111110101 R
#1307
b1000111110110 E
b1000111110110 R
#1308
b1000111110111 E
b1000111110111 R
#1309
b1000111111000 E
b1000111111000 R
#1310
b1000111111001 E
b1000111111001 R
#1311
b1000111111010 E
b1000111111010 R
#1312
b1000111111011 E
b1000111111011 R
#1313
b1000111111100 E
b1000111111100 R
#1314
b1000111111101 E
b1000111111101 R
#1315
b1000111111110 E
b1000111111110 R
#1316
b1000111111111 E
b1000111111111 R
#1317
b1001000000000 E
b1001000000000 R
#1318
b1001000000001 E
b1001000000001 R
#1319
b1001000000010 E
b1001000000010 R
#1320
b1001000000011 E
b1001000000011 R
#1321
b1001000000100 E
b1001000000100 R
#1322
b1001000000101 E
b1001000000101 R
#1323
b1001000000110 E
b1001000000110 R
#1324
b1001000000111 E
b1001000000111 R
#1325
b1001000001000 E
b1001000001000 R
#1326
b1001000001001 E
b1001000001001 R
#1327
b1001000001010 E
b1001000001010 R
#1328
b1001000001011 E
b1001000001011 R
#1329
b1001000001100 E
b1001000001100 R
#1330
b1001000001101 E
b1001000001101 R
#1331
b1001000001110 E
b1001000001110 R
#1332
b1001000001111 E
b1001000001111 R
#1333
b1001000010000 E
b1001000010000 R
#1334
b1001000010001 E
b1001000010001 R
#1335
b1001000010010 E
b1001000010010 R
#1336
b1001000010011 E
b1001000010011 R
#1337
b1001000010100 E
b1001000010100 R
#1338
b1001000010101 E
b1001000010101 R
#1339
b1001000010110 E
b1001000010110 R
#1340
b1001000010111 E
b1001000010111 R
#1341
b1001000011000 E
b1001000011000 R
#1342
b1001000011001 E
b1001000011001 R
#1343
b1001000011010 E
b1001000011010 R
#1344
b1001000011011 E
b1001000011011 R
#1345
b1001000011100 E
b1001000011100 R
#1346
b1001000011101 E
b1001000011101 R
#1347
b1001000011110 E
b1001000011110 R
#1348
b1001000011111 E
b1001000011111 R
#1349
b1001000100000 E
b1001000100000 R
#1350
b1001000100001 E
b1001000100001 R
#1351
b1001000100010 E
b1001000100010 R
#1352
b1001000100011 E
b1001000100011 R
#1353
b1001000100100 E
b1001000100100 R
#1354
b1001000100101 E
b1001000100101 R
#1355
b1001000100110 E
b1001000100110 R
#1356
b1001000100111 E
b1001000100111 R
#1357
b1001000101000 E
b1001000101000 R
#1358
b1001000101001 E
b1001000101001 R
#1359
b1001000101010 E
b1001000101010 R
#1360
b1001000101011 E
b1001000101011 R
#1361
b1001000101100 E
b1001000101100 R
#1362
b1001000101101 E
b1001000101101 R
#1363
b1001000101110 E
b1001000101110 R
#1364
b1001000101111 E
b1001000101111 R
#1365
b1001000110000 E
b1001000110000 R
#1366
b1001000110001 E
b1001000110001 R
#1367
b1001000110010 E
b1001000110010 R
#1368
b1001000110011 E
b1001000110011 R
#1369
b1001000110100 E
b1001000110100 R
#1370
b1001000110101 E
b1001000110101 R
#1371
b1001000110110 E
b1001000110110 R
#1372
b1001000110111 E
b1001000110111 R
#1373
b1001000111000 E
b1001000111000 R
#1374
b1001000111001 E
b1001000111001 R
#1375
b1001000111010 E
b1001000111010 R
#1376
b1001000111011 E
b1001000111011 R
#1377
b1001000111100 E
b1001000111100 R
#1378
b1001000111101 E
b1001000111101 R
#1379
b1001000111110 E
b1001000111110 R
#1380
b1001000111111 E
b1001000111111 R
#1381
b1001001000000 E
b1001001000000 R
#1382
b1001001000001 E
b1001001000001 R
#1383
b1001001000010 E
b1001001000010 R
#1384
b1001001000011 E
b1001001000011 R
#1385
b1001001000100 E
b1001001000100 R
#1386
b1001001000101 E
b1001001000101 R
#1387
b1001001000110 E
b1001001000110 R
#1388
b1001001000111 E
b1001001000111 R
#1389
b1001001001000 E
b1001001001000 R
#1390
b1001001001001 E
b1001001001001 R
#1391
b1001001001010 E
b1001001001010 R
#1392
b1001001001011 E
b1001001001011 R
#1393
b1001001001100 E
b1001001001100 R
#1394
b1001001001101 E
b1001001001101 R
#1395
b1001001001110 E
b1001001001110 R
#1396
b1001001001111 E
b1001001001111 R
#1397
b1001001010000 E
b1001001010000 R
#1398
b1001001010001 E
b1001001010001 R
#1399
b1001001010010 E
b1001001010010 R
#1400
b1001001010011 E
b1001001010011 R
#1401
b1001001010100 E
b1001001010100 R
#1402
b1001001010101 E
b1001001010101 R
#1403
b1001001010110 E
b1001001010110 R
#1404
b1001001010111 E
b1001001010111 R
#1405
b1001001011000 E
b1001001011000 R
#1406
b1001001011001 E
b1001001011001 R
#1407
b1001001011010 E
b1001001011010 R
#1408
b1001001011011 E
b1001001011011 R
#1409
b1001001011100 E
b1001001011100 R
#1410
b1001001011101 E
b1001001011101 R
#1411
b1001001011110 E
b1001001011110 R
#1412
b1001001011111 E
b1001001011111 R
#1413
b1001001100000 E
b1001001100000 R
#1414
b1001001100001 E
b1001001100001 R
#1415
b1001001100010 E
b1001001100010 R
#1416
b1001001100011 E
b1001001100011 R
#1417
b1001001100100 E
b1001001100100 R
#1418
b1001001100101 E
b1001001100101 R
#1419
b1001001100110 E
b1001001100110 R
#1420
b1001001100111 E
b1001001100111 R
#1421
b1001001101000 E
b1001001101000 R
#1422
b1001001101001 E
b1001001101001 R
#1423
b1001001101010 E
b1001001101010 R
#1424
b1001001101011 E
b1001001101011 R
#1425
b1001001101100 E
b1001001101100 R
#1426
b1001001101101 E
b1001001101101 R
#1427
b1001001101110 E
b1001001101110 R
#1428
b1001001101111 E
b1001001101111 R
#1429
b1001001110000 E
b1001001110000 R
#1430
b1001001110001 E
b1001001110001 R
#1431
b1001001110010 E
b1001001110010 R
#1432
b1001001110011 E
b1001001110011 R
#1433
b1001001110100 E
b1001001110100 R
#1434
b1001001110101 E
b1001001110101 R
#1435
b1001001110110 E
b1001001110110 R
#1436
b1001001110111 E
b1001001110111 R
#1437
b1001001111000 E
b1001001111000 R
#1438
b1001001111001 E
b1001001111001 R
#1439
b1001001111010 E
b1001001111010 R
#1440
b1001001111011 E
b1001001111011 R
#1441
b1001001111100 E
b1001001111100 R
#1442
b1001001111101 E
b1001001111101 R
#1443
b1001001111110 E
b1001001111110 R
#1444
b1001001111111 E
b1001001111111 R
#1445
b1001010000000 E
b1001010000000 R
#1446
b1001010000001 E
b1001010000001 R
#1447
b1001010000010 E
b1001010000010 R
#1448
b1001010000011 E
b1001010000011 R
#1449
b1001010000100 E
b1001010000100 R
#1450
b1001010000101 E
b1001010000101 R
#1451
b1001010000110 E
b1001010000110 R
#1452
b1001010000111 E
b1001010000111 R
#1453
b1001010001000 E
b1001010001000 R
#1454
b1001010001001 E
b1001010001001 R
#1455
b1001010001010 E
b1001010001010 R
#1456
b1001010001011 E
b1001010001011 R
#1457
b1001010001100 E
b1001010001100 R
#1458
b1001010001101 E
b1001010001101 R
#1459
b1001010001110 E
b1001010001110 R
#1460
b1001010001111 E
b1001010001111 R
#1461
b1001010010000 E
b1001010010000 R
#1462
b1001010010001 E
b1001010010001 R
#1463
b1001010010010 E
b1001010010010 R
#1464
b1001010010011 E
b1001010010011 R
#1465
b1001010010100 E
b1001010010100 R
#1466
b1001010010101 E
b1001010010101 R
#1467
b1001010010110 E
b1001010010110 R
#1468
b1001010010111 E
b1001010010111 R
#1469
b1001010011000 E
b1001010011000 R
#1470
b1001010011001 E
b1001010011001 R
#1471
b1001010011010 E
b1001010011010 R
#1472
b1001010011011 E
b1001010011011 R
#1473
b1001010011100 E
b1001010011100 R
#1474
b1001010011101 E
b1001010011101 R
#1475
b1001010011110 E
b1001010011110 R
#1476
b1001010011111 E
b1001010011111 R
#1477
b1001010100000 E
b1001010100000 R
#1478
b1001010100001 E
b1001010100001 R
#1479
b1001010100010 E
b1001010100010 R
#1480
b1001010100011 E
b1001010100011 R
#1481
b1001010100100 E
b1001010100100 R
#1482
b1001010100101 E
b1001010100101 R
#1483
b1001010100110 E
b1001010100110 R
#1484
b1001010100111 E
b1001010100111 R
#1485
b1001010101000 E
b1001010101000 R
#1486
b1001010101001 E
b1001010101001 R
#1487
b1001010101010 E
b1001010101010 R
#1488
b1001010101011 E
b1001010101011 R
#1489
b1001010101100 E
b1001010101100 R
#1490
b1001010101101 E
b1001010101101 R
#1491
b1001010101110 E
b1001010101110 R
#1492
b1001010101111 E
b1001010101111 R
#1493
b1001010110000 E
b1001010110000 R
#1494
b1001010110001 E
b1001010110001 R
#1495
b1001010110010 E
b1001010110010 R
#1496
b1001010110011 E
b1001010110011 R
#1497
b1001010110100 E
b1001010110100 R
#1498
b1001010110101 E
b1001010110101 R
#1499
b1001010110110 E
b1001010110110 R
#1500
b1001010110111 E
b1001010110111 R
#1501
b1001010111000 E
b1001010111000 R
#1502
b1001010111001 E
b1001010111001 R
#1503
b1001010111010 E
b1001010111010 R
#1504
b1001010111011 E
b1001010111011 R
#1505
b1001010111100 E
b1001010111100 R
#1506
b1001010111101 E
b1001010111101 R
#1507
b1001010111110 E
b1001010111110 R
#1508
b1001010111111 E
b1001010111111 R
#1509
b1001011000000 E
b1001011000000 R
#1510
b1001011000001 E
b1001011000001 R
#1511
b1001011000010 E
b1001011000010 R
#1512
b1001011000011 E
b1001011000011 R
#1513
b1001011000100 E
b1001011000100 R
#1514
b1001011000101 E
b1001011000101 R
#1515
b1001011000110 E
b1001011000110 R
#1516
b1001011000111 E
b1001011000111 R
#1517
b1001011001000 E
b1001011001000 R
#1518
b1001011001001 E
b1001011001001 R
#1519
b1001011001010 E
b1001011001010 R
#1520
b1001011001011 E
b1001011001011 R
#1521
b1001011001100 E
b1001011001100 R
#1522
b1001011001101 E
b1001011001101 R
#1523
b1001011001110 E
b1001011001110 R
#1524
b1001011001111 E
b1001011001111 R
#1525
b1001011010000 E
b1001011010000 R
#1526
b1001011010001 E
b1001011010001 R
#1527
b1001011010010 E
b1001011010010 R
#1528
b1001011010011 E
b1001011010011 R
#1529
b1001011010100 E
b1001011010100 R
#1530
b1001011010101 E
b1001011010101 R
#1531
b1001011010110 E
b1001011010110 R
#1532
b1001011010111 E
b1001011010111 R
#1533
b1001011011000 E
b1001011011000 R
#1534
b1001011011001 E
b1001011011001 R
#1535
b1001011011010 E
b1001011011010 R
#1536
b1001011011011 E
b1001011011011 R
#1537
b1001011011100 E
b1001011011100 R
#1538
b1001011011101 E
b1001011011101 R
#1539
b1001011011110 E
b1001011011110 R
#1540
b1001011011111 E
b1001011011111 R
#1541
b1001011100000 E
b1001011100000 R
#1542
b1001011100001 E
b1001011100001 R
#1543
b1001011100010 E
b1001011100010 R
#1544
b1001011100011 E
b1001011100011 R
#1545
b1001011100100 E
b1001011100100 R
#1546
b1001011100101 E
b1001011100101 R
#1547
b1001011100110 E
b1001011100110 R
#1548
b1001011100111 E
b1001011100111 R
#1549
b1001011101000 E
b1001011101000 R
#1550
b1001011101001 E
b1001011101001 R
#1551
b1001011101010 E
b1001011101010 R
#1552
b1001011101011 E
b1001011101011 R
#1553
b1001011101100 E
b1001011101100 R
#1554
b1001011101101 E
b1001011101101 R
#1555
b1001011101110 E
b1001011101110 R
#1556
b1001011101111 E
b1001011101111 R
#1557
b1001011110000 E
b1001011110000 R
#1558
b1001011110001 E
b1001011110001 R
#1559
b1001011110010 E
b1001011110010 R
#1560
b1001011110011 E
b1001011110011 R
#1561
b1001011110100 E
b1001011110100 R
#1562
b1001011110101 E
b1001011110101 R
#1563
b1001011110110 E
b1001011110110 R
#1564
b1001011110111 E
b1001011110111 R
#1565
b1001011111000 E
b1001011111000 R
#1566
b1001011111001 E
b1001011111001 R
#1567
b1001011111010 E
b1001011111010 R
#1568
b1001011111011 E
b1001011111011 R
#1569
b1001011111100 E
b1001011111100 R
#1570
b1001011111101 E
b1001011111101 R
#1571
b1001011111110 E
b1001011111110 R
#1572
b1001011111111 E
b1001011111111 R
#1573
b1001100000000 E
b1001100000000 R
#1574
b1001100000001 E
b1001100000001 R
#1575
b1001100000010 E
b1001100000010 R
#1576
b1001100000011 E
b1001100000011 R
#1577
b1001100000100 E
b1001100000100 R
#1578
b1001100000101 E
b1001100000101 R
#1579
b1001100000110 E
b1001100000110 R
#1580
b1001100000111 E
b1001100000111 R
#1581
b1001100001000 E
b1001100001000 R
#1582
b1001100001001 E
b1001100001001 R
#1583
b1001100001010 E
b1001100001010 R
#1584
b1001100001011 E
b1001100001011 R
#1585
b1001100001100 E
b1001100001100 R
#1586
b1001100001101 E
b1001100001101 R
#1587
b1001100001110 E
b1001100001110 R
#1588
b1001100001111 E
b1001100001111 R
#1589
b1001100010000 E
b1001100010000 R
#1590
b1001100010001 E
b1001100010001 R
#1591
b1001100010010 E
b1001100010010 R
#1592
b1001100010011 E
b1001100010011 R
#1593
b1001100010100 E
b1001100010100 R
#1594
b1001100010101 E
b1001100010101 R
#1595
b1001100010110 E
b1001100010110 R
#1596
b1001100010111 E
b1001100010111 R
#1597
b1001100011000 E
b1001100011000 R
#1598
b1001100011001 E
b1001100011001 R
#1599
b1001100011010 E
b1001100011010 R
#1600
b1001100011011 E
b1001100011011 R
#1601
b1001100011100 E
b1001100011100 R
#1602
b1001100011101 E
b1001100011101 R
#1603
b1001100011110 E
b1001100011110 R
#1604
b1001100011111 E
b1001100011111 R
#1605
b1001100100000 E
b1001100100000 R
#1606
b1001100100001 E
b1001100100001 R
#1607
b1001100100010 E
b1001100100010 R
#1608
b1001100100011 E
b1001100100011 R
#1609
b1001100100100 E
b1001100100100 R
#1610
b1001100100101 E
b1001100100101 R
#1611
b1001100100110 E
b1001100100110 R
#1612
b1001100100111 E
b1001100100111 R
#1613
b1001100101000 E
b1001100101000 R
#1614
b1001100101001 E
b1001100101001 R
#1615
b1001100101010 E
b1001100101010 R
#1616
b1001100101011 E
b1001100101011 R
#1617
b1001100101100 E
b1001100101100 R
#1618
b1001100101101 E
b1001100101101 R
#1619
b1001100101110 E
b1001100101110 R
#1620
b1001100101111 E
b1001100101111 R
#1621
b1001100110000 E
b1001100110000 R
#1622
b1001100110001 E
b1001100110001 R
#1623
b1001100110010 E
b1001100110010 R
#1624
b1001100110011 E
b1001100110011 R
#1625
b1001100110100 E
b1001100110100 R
#1626
b1001100110101 E
b1001100110101 R
#1627
b1001100110110 E
b1001100110110 R
#1628
b1001100110111 E
b1001100110111 R
#1629
b1001100111000 E
b1001100111000 R
#1630
b1001100111001 E
b1001100111001 R
#1631
b1001100111010 E
b1001100111010 R
#1632
b1001100111011 E
b1001100111011 R
#1633
b1001100111100 E
b1001100111100 R
#1634
b1001100111101 E
b1001100111101 R
#1635
b1001100111110 E
b1001100111110 R
#1636
b1001100111111 E
b1001100111111 R
#1637
b1001101000000 E
b1001101000000 R
#1638
b1001101000001 E
b1001101000001 R
#1639
b1001101000010 E
b1001101000010 R
#1640
b1001101000011 E
b1001101000011 R
#1641
b1001101000100 E
b1001101000100 R
#1642
b1001101000101 E
b1001101000101 R
#1643
b1001101000110 E
b1001101000110 R
#1644
b1001101000111 E
b1001101000111 R
#1645
b1001101001000 E
b1001101001000 R
#1646
b1001101001001 E
b1001101001001 R
#1647
b1001101001010 E
b1001101001010 R
#1648
b1001101001011 E
b1001101001011 R
#1649
b1001101001100 E
b1001101001100 R
#1650
b1001101001101 E
b1001101001101 R
#1651
b1001101001110 E
b1001101001110 R
#1652
b1001101001111 E
b1001101001111 R
#1653
b1001101010000 E
b1001101010000 R
#1654
b1001101010001 E
b1001101010001 R
#1655
b1001101010010 E
b1001101010010 R
#1656
b1001101010011 E
b1001101010011 R
#1657
b1001101010100 E
b1001101010100 R
#1658
b1001101010101 E
b1001101010101 R
#1659
b1001101010110 E
b1001101010110 R
#1660
b1001101010111 E
b1001101010111 R
#1661
b1001101011000 E
b1001101011000 R
#1662
b1001101011001 E
b1001101011001 R
#1663
b1001101011010 E
b1001101011010 R
#1664
b1001101011011 E
b1001101011011 R
#1665
b1001101011100 E
b1001101011100 R
#1666
b1001101011101 E
b1001101011101 R
#1667
b1001101011110 E
b1001101011110 R
#1668
b1001101011111 E
b1001101011111 R
#1669
b1001101100000 E
b1001101100000 R
#1670
b1001101100001 E
b1001101100001 R
#1671
b1001101100010 E
b1001101100010 R
#1672
b1001101100011 E
b1001101100011 R
#1673
b1001101100100 E
b1001101100100 R
#1674
b1001101100101 E
b1001101100101 R
#1675
b1001101100110 E
b1001101100110 R
#1676
b1001101100111 E
b1001101100111 R
#1677
b1001101101000 E
b1001101101000 R
#1678
b1001101101001 E
b1001101101001 R
#1679
b1001101101010 E
b1001101101010 R
#1680
b1001101101011 E
b1001101101011 R
#1681
b1001101101100 E
b1001101101100 R
#1682
b1001101101101 E
b1001101101101 R
#1683
b1001101101110 E
b1001101101110 R
#1684
b1001101101111 E
b1001101101111 R
#1685
b1001101110000 E
b1001101110000 R
#1686
b1001101110001 E
b1001101110001 R
#1687
b1001101110010 E
b1001101110010 R
#1688
b1001101110011 E
b1001101110011 R
#1689
b1001101110100 E
b1001101110100 R
#1690
b1001101110101 E
b1001101110101 R
#1691
b1001101110110 E
b1001101110110 R
#1692
b1001101110111 E
b1001101110111 R
#1693
b1001101111000 E
b1001101111000 R
#1694
b1001101111001 E
b1001101111001 R
#1695
b1001101111010 E
b1001101111010 R
#1696
b1001101111011 E
b1001101111011 R
#1697
b1001101111100 E
b1001101111100 R
#1698
b1001101111101 E
b1001101111101 R
#1699
b1001101111110 E
b1001101111110 R
#1700
b1001101111111 E
b1001101111111 R
#1701
b1001110000000 E
b1001110000000 R
#1702
b1001110000001 E
b1001110000001 R
#1703
b1001110000010 E
b1001110000010 R
#1704
b1001110000011 E
b1001110000011 R
#1705
b1001110000100 E
b1001110000100 R
#1706
b1001110000101 E
b1001110000101 R
#1707
b1001110000110 E
b1001110000110 R
#1708
b1001110000111 E
b1001110000111 R
#1709
b1001110001000 E
b1001110001000 R
#1710
b1001110001001 E
b1001110001001 R
#1711
b1001110001010 E
b1001110001010 R
#1712
b1001110001011 E
b1001110001011 R
#1713
b1001110001100 E
b1001110001100 R
#1714
b1001110001101 E
b1001110001101 R
#1715
b1001110001110 E
b1001110001110 R
#1716
b1001110001111 E
b1001110001111 R
#1717
b1001110010000 E
b1001110010000 R
#1718
b1001110010001 E
b1001110010001 R
#1719
b1001110010010 E
b1001110010010 R
#1720
b1001110010011 E
b1001110010011 R
#1721
b1001110010100 E
b1001110010100 R
#1722
b1001110010101 E
b1001110010101 R
#1723
b1001110010110 E
b1001110010110 R
#1724
b1001110010111 E
b1001110010111 R
#1725
b1001110011000 E
b1001110011000 R
#1726
b1001110011001 E
b1001110011001 R
#1727
b1001110011010 E
b1001110011010 R
#1728
b1001110011011 E
b1001110011011 R
#1729
b1001110011100 E
b1001110011100 R
#1730
b1001110011101 E
b1001110011101 R
#1731
b1001110011110 E
b1001110011110 R
#1732
b1001110011111 E
b1001110011111 R
#1733
b1001110100000 E
b1001110100000 R
#1734
b1001110100001 E
b1001110100001 R
#1735
b1001110100010 E
b1001110100010 R
#1736
b1001110100011 E
b1001110100011 R
#1737
b1001110100100 E
b1001110100100 R
#1738
b1001110100101 E
b1001110100101 R
#1739
b1001110100110 E
b1001110100110 R
#1740
b1001110100111 E
b1001110100111 R
#1741
b1001110101000 E
b1001110101000 R
#1742
b1001110101001 E
b1001110101001 R
#1743
b1001110101010 E
b1001110101010 R
#1744
b1001110101011 E
b1001110101011 R
#1745
b1001110101100 E
b1001110101100 R
#1746
b1001110101101 E
b1001110101101 R
#1747
b1001110101110 E
b1001110101110 R
#1748
b1001110101111 E
b1001110101111 R
#1749
b1001110110000 E
b1001110110000 R
#1750
b1001110110001 E
b1001110110001 R
#1751
b1001110110010 E
b1001110110010 R
#1752
b1001110110011 E
b1001110110011 R
#1753
b1001110110100 E
b1001110110100 R
#1754
b1001110110101 E
b1001110110101 R
#1755
b1001110110110 E
b1001110110110 R
#1756
b1001110110111 E
b1001110110111 R
#1757
b1001110111000 E
b1001110111000 R
#1758
b1001110111001 E
b1001110111001 R
#1759
b1001110111010 E
b1001110111010 R
#1760
b1001110111011 E
b1001110111011 R
#1761
b1001110111100 E
b1001110111100 R
#1762
b1001110111101 E
b1001110111101 R
#1763
b1001110111110 E
b1001110111110 R
#1764
b1001110111111 E
b1001110111111 R
#1765
b1001111000000 E
b1001111000000 R
#1766
b1001111000001 E
b1001111000001 R
#1767
b1001111000010 E
b1001111000010 R
#1768
b1001111000011 E
b1001111000011 R
#1769
b1001111000100 E
b1001111000100 R
#1770
b1001111000101 E
b1001111000101 R
#1771
b1001111000110 E
b1001111000110 R
#1772
b1001111000111 E
b1001111000111 R
#1773
b1001111001000 E
b1001111001000 R
#1774
b1001111001001 E
b1001111001001 R
#1775
b1001111001010 E
b1001111001010 R
#1776
b1001111001011 E
b1001111001011 R
#1777
b1001111001100 E
b1001111001100 R
#1778
b1001111001101 E
b1001111001101 R
#1779
b1001111001110 E
b1001111001110 R
#1780
b1001111001111 E
b1001111001111 R
#1781
b1001111010000 E
b1001111010000 R
#1782
b1001111010001 E
b1001111010001 R
#1783
b1001111010010 E
b1001111010010 R
#1784
b1001111010011 E
b1001111010011 R
#1785
b1001111010100 E
b1001111010100 R
#1786
b1001111010101 E
b1001111010101 R
#1787
b1001111010110 E
b1001111010110 R
#1788
b1001111010111 E
b1001111010111 R
#1789
b1001111011000 E
b1001111011000 R
#1790
b1001111011001 E
b1001111011001 R
#1791
b1001111011010 E
b1001111011010 R
#1792
b1001111011011 E
b1001111011011 R
#1793
b1001111011100 E
b1001111011100 R
#1794
b1001111011101 E
b1001111011101 R
#1795
b1001111011110 E
b1001111011110 R
#1796
b1001111011111 E
b1001111011111 R
#1797
b1001111100000 E
b1001111100000 R
#1798
b1001111100001 E
b1001111100001 R
#1799
b1001111100010 E
b1001111100010 R
#1800
b1001111100011 E
b1001111100011 R
#1801
b1001111100100 E
b1001111100100 R
#1802
b1001111100101 E
b1001111100101 R
#1803
b1001111100110 E
b1001111100110 R
#1804
b1001111100111 E
b1001111100111 R
#1805
b1001111101000 E
b1001111101000 R
#1806
b1001111101001 E
b1001111101001 R
#1807
b1001111101010 E
b1001111101010 R
#1808
b1001111101011 E
b1001111101011 R
#1809
b1001111101100 E
b1001111101100 R
#1810
b1001111101101 E
b1001111101101 R
#1811
b1001111101110 E
b1001111101110 R
#1812
b1001111101111 E
b1001111101111 R
#1813
b1001111110000 E
b1001111110000 R
#1814
b1001111110001 E
b1001111110001 R
#1815
b1001111110010 E
b1001111110010 R
#1816
b1001111110011 E
b1001111110011 R
#1817
b1001111110100 E
b1001111110100 R
#1818
b1001111110101 E
b1001111110101 R
#1819
b1001111110110 E
b1001111110110 R
#1820
b1001111110111 E
b1001111110111 R
#1821
b1001111111000 E
b1001111111000 R
#1822
b1001111111001 E
b1001111111001 R
#1823
b1001111111010 E
b1001111111010 R
#1824
b1001111111011 E
b1001111111011 R
#1825
b1001111111100 E
b1001111111100 R
#1826
b1001111111101 E
b1001111111101 R
#1827
b1001111111110 E
b1001111111110 R
#1828
b1001111111111 E
b1001111111111 R
#1829
b1010000000000 E
b1010000000000 R
#1830
b1010000000001 E
b1010000000001 R
#1831
b1010000000010 E
b1010000000010 R
#1832
b1010000000011 E
b1010000000011 R
#1833
b1010000000100 E
b1010000000100 R
#1834
b1010000000101 E
b1010000000101 R
#1835
b1010000000110 E
b1010000000110 R
#1836
b1010000000111 E
b1010000000111 R
#1837
b1010000001000 E
b1010000001000 R
#1838
b1010000001001 E
b1010000001001 R
#1839
b1010000001010 E
b1010000001010 R
#1840
b1010000001011 E
b1010000001011 R
#1841
b1010000001100 E
b1010000001100 R
#1842
b1010000001101 E
b1010000001101 R
#1843
b1010000001110 E
b1010000001110 R
#1844
b1010000001111 E
b1010000001111 R
#1845
b1010000010000 E
b1010000010000 R
#1846
b1010000010001 E
b1010000010001 R
#1847
b1010000010010 E
b1010000010010 R
#1848
b1010000010011 E
b1010000010011 R
#1849
b1010000010100 E
b1010000010100 R
#1850
b1010000010101 E
b1010000010101 R
#1851
b1010000010110 E
b1010000010110 R
#1852
b1010000010111 E
b1010000010111 R
#1853
b1010000011000 E
b1010000011000 R
#1854
b1010000011001 E
b1010000011001 R
#1855
b1010000011010 E
b1010000011010 R
#1856
b1010000011011 E
b1010000011011 R
#1857
b1010000011100 E
b1010000011100 R
#1858
b1010000011101 E
b1010000011101 R
#1859
b1010000011110 E
b1010000011110 R
#1860
b1010000011111 E
b1010000011111 R
#1861
b1010000100000 E
b1010000100000 R
#1862
b1010000100001 E
b1010000100001 R
#1863
b1010000100010 E
b1010000100010 R
#1864
b1010000100011 E
b1010000100011 R
#1865
b1010000100100 E
b1010000100100 R
#1866
b1010000100101 E
b1010000100101 R
#1867
b1010000100110 E
b1010000100110 R
#1868
b1010000100111 E
b1010000100111 R
#1869
b1010000101000 E
b1010000101000 R
#1870
b1010000101001 E
b1010000101001 R
#1871
b1010000101010 E
b1010000101010 R
#1872
b1010000101011 E
b1010000101011 R
#1873
b1010000101100 E
b1010000101100 R
#1874
b1010000101101 E
b1010000101101 R
#1875
b1010000101110 E
b1010000101110 R
#1876
b1010000101111 E
b1010000101111 R
#1877
b1010000110000 E
b1010000110000 R
#1878
b1010000110001 E
b1010000110001 R
#1879
b1010000110010 E
b1010000110010 R
#1880
b1010000110011 E
b1010000110011 R
#1881
b1010000110100 E
b1010000110100 R
#1882
b1010000110101 E
b1010000110101 R
#1883
b1010000110110 E
b1010000110110 R
#1884
b1010000110111 E
b1010000110111 R
#1885
b1010000111000 E
b1010000111000 R
#1886
b1010000111001 E
b1010000111001 R
#1887
b1010000111010 E
b1010000111010 R
#1888
b1010000111011 E
b1010000111011 R
#1889
b1010000111100 E
b1010000111100 R
#1890
b1010000111101 E
b1010000111101 R
#1891
b1010000111110 E
b1010000111110 R
#1892
b1010000111111 E
b1010000111111 R
#1893
b1010001000000 E
b1010001000000 R
#1894
b1010001000001 E
b1010001000001 R
#1895
b1010001000010 E
b1010001000010 R
#1896
b1010001000011 E
b1010001000011 R
#1897
b1010001000100 E
b1010001000100 R
#1898
b1010001000101 E
b1010001000101 R
#1899
b1010001000110 E
b1010001000110 R
#1900
b1010001000111 E
b1010001000111 R
#1901
b1010001001000 E
b1010001001000 R
#1902
b1010001001001 E
b1010001001001 R
#1903
b1010001001010 E
b1010001001010 R
#1904
b1010001001011 E
b1010001001011 R
#1905
b1010001001100 E
b1010001001100 R
#1906
b1010001001101 E
b1010001001101 R
#1907
b1010001001110 E
b1010001001110 R
#1908
b1010001001111 E
b1010001001111 R
#1909
b1010001010000 E
b1010001010000 R
#1910
b1010001010001 E
b1010001010001 R
#1911
b1010001010010 E
b1010001010010 R
#1912
b1010001010011 E
b1010001010011 R
#1913
b1010001010100 E
b1010001010100 R
#1914
b1010001010101 E
b1010001010101 R
#1915
b1010001010110 E
b1010001010110 R
#1916
b1010001010111 E
b1010001010111 R
#1917
b1010001011000 E
b1010001011000 R
#1918
b1010001011001 E
b1010001011001 R
#1919
b1010001011010 E
b1010001011010 R
#1920
b1010001011011 E
b1010001011011 R
#1921
b1010001011100 E
b1010001011100 R
#1922
b1010001011101 E
b1010001011101 R
#1923
b1010001011110 E
b1010001011110 R
#1924
b1010001011111 E
b1010001011111 R
#1925
b1010001100000 E
b1010001100000 R
#1926
b1010001100001 E
b1010001100001 R
#1927
b1010001100010 E
b1010001100010 R
#1928
b1010001100011 E
b1010001100011 R
#1929
b1010001100100 E
b1010001100100 R
#1930
b1010001100101 E
b1010001100101 R
#1931
b1010001100110 E
b1010001100110 R
#1932
b1010001100111 E
b1010001100111 R
#1933
b1010001101000 E
b1010001101000 R
#1934
b1010001101001 E
b1010001101001 R
#1935
b1010001101010 E
b1010001101010 R
#1936
b1010001101011 E
b1010001101011 R
#1937
b1010001101100 E
b1010001101100 R
#1938
b1010001101101 E
b1010001101101 R
#1939
b1010001101110 E
b1010001101110 R
#1940
b1010001101111 E
b1010001101111 R
#1941
b1010001110000 E
b1010001110000 R
#1942
b1010001110001 E
b1010001110001 R
#1943
b1010001110010 E
b1010001110010 R
#1944
b1010001110011 E
b1010001110011 R
#1945
b1010001110100 E
b1010001110100 R
#1946
b1010001110101 E
b1010001110101 R
#1947
b1010001110110 E
b1010001110110 R
#1948
b1010001110111 E
b1010001110111 R
#1949
b1010001111000 E
b1010001111000 R
#1950
b1010001111001 E
b1010001111001 R
#1951
b1010001111010 E
b1010001111010 R
#1952
b1010001111011 E
b1010001111011 R
#1953
b1010001111100 E
b1010001111100 R
#1954
b1010001111101 E
b1010001111101 R
#1955
b1010001111110 E
b1010001111110 R
#1956
b1010001111111 E
b1010001111111 R
#1957
b1010010000000 E
b1010010000000 R
#1958
b1010010000001 E
b1010010000001 R
#1959
b1010010000010 E
b1010010000010 R
#1960
b1010010000011 E
b1010010000011 R
#1961
b1010010000100 E
b1010010000100 R
#1962
b1010010000101 E
b1010010000101 R
#1963
b1010010000110 E
b1010010000110 R
#1964
b1010010000111 E
b1010010000111 R
#1965
b1010010001000 E
b1010010001000 R
#1966
b1010010001001 E
b1010010001001 R
#1967
b1010010001010 E
b1010010001010 R
#1968
b1010010001011 E
b1010010001011 R
#1969
b1010010001100 E
b1010010001100 R
#1970
b1010010001101 E
b1010010001101 R
#1971
b1010010001110 E
b1010010001110 R
#1972
b1010010001111 E
b1010010001111 R
#1973
b1010010010000 E
b1010010010000 R
#1974
b1010010010001 E
b1010010010001 R
#1975
b1010010010010 E
b1010010010010 R
#1976
b1010010010011 E
b1010010010011 R
#1977
b1010010010100 E
b1010010010100 R
#1978
b1010010010101 E
b1010010010101 R
#1979
b1010010010110 E
b1010010010110 R
#1980
b1010010010111 E
b1010010010111 R
#1981
b1010010011000 E
b1010010011000 R
#1982
b1010010011001 E
b1010010011001 R
#1983
b1010010011010 E
b1010010011010 R
#1984
b1010010011011 E
b1010010011011 R
#1985
b1010010011100 E
b1010010011100 R
#1986
b1010010011101 E
b1010010011101 R
#1987
b1010010011110 E
b1010010011110 R
#1988
b1010010011111 E
b1010010011111 R
#1989
b1010010100000 E
b1010010100000 R
#1990
b1010010100001 E
b1010010100001 R
#1991
b1010010100010 E
b1010010100010 R
#1992
b1010010100011 E
b1010010100011 R
#1993
b1010010100100 E
b1010010100100 R
#1994
b1010010100101 E
b1010010100101 R
#1995
b1010010100110 E
b1010010100110 R
#1996
b1010010100111 E
b1010010100111 R
#1997
b1010010101000 E
b1010010101000 R
#1998
b1010010101001 E
b1010010101001 R
#1999
b1010010101010 E
b1010010101010 R
#2000
b1010010101011 E
b1010010101011 R
#2001
b1010010101100 E
b1010010101100 R
#2002
b1010010101101 E
b1010010101101 R
#2003
b1010010101110 E
b1010010101110 R
#2004
b1010010101111 E
b1010010101111 R
#2005
b1010010110000 E
b1010010110000 R
#2006
b1010010110001 E
b1010010110001 R
#2007
b1010010110010 E
b1010010110010 R
#2008
b1010010110011 E
b1010010110011 R
#2009
b1010010110100 E
b1010010110100 R
#2010
b1010010110101 E
b1010010110101 R
#2011
b1010010110110 E
b1010010110110 R
#2012
b1010010110111 E
b1010010110111 R
#2013
b1010010111000 E
b1010010111000 R
#2014
b1010010111001 E
b1010010111001 R
#2015
b1010010111010 E
b1010010111010 R
#2016
b1010010111011 E
b1010010111011 R
#2017
b1010010111100 E
b1010010111100 R
#2018
b1010010111101 E
b1010010111101 R
#2019
b1010010111110 E
b1010010111110 R
#2020
b1010010111111 E
b1010010111111 R
#2021
b1010011000000 E
b1010011000000 R
#2022
b1010011000001 E
b1010011000001 R
#2023
b1010011000010 E
b1010011000010 R
#2024
b1010011000011 E
b1010011000011 R
#2025
b1010011000100 E
b1010011000100 R
#2026
b1010011000101 E
b1010011000101 R
#2027
b1010011000110 E
b1010011000110 R
#2028
b1010011000111 E
b1010011000111 R
#2029
b1010011001000 E
b1010011001000 R
#2030
b1010011001001 E
b1010011001001 R
#2031
b1010011001010 E
b1010011001010 R
#2032
b1010011001011 E
b1010011001011 R
#2033
b1010011001100 E
b1010011001100 R
#2034
b1010011001101 E
b1010011001101 R
#2035
b1010011001110 E
b1010011001110 R
#2036
b1010011001111 E
b1010011001111 R
#2037
b1010011010000 E
b1010011010000 R
#2038
b1010011010001 E
b1010011010001 R
#2039
b1010011010010 E
b1010011010010 R
#2040
b1010011010011 E
b1010011010011 R
#2041
b1010011010100 E
b1010011010100 R
#2042
b1010011010101 E
b1010011010101 R
#2043
b1010011010110 E
b1010011010110 R
#2044
b1010011010111 E
b1010011010111 R
#2045
b1010011011000 E
b1010011011000 R
#2046
b1010011011001 E
b1010011011001 R
#2047
b1010011011010 E
b1010011011010 R
#2048
b1010011011011 E
b1010011011011 R
#2049
b1010011011100 E
b1010011011100 R
#2050
b1010011011101 E
b1010011011101 R
#2051
b1010011011110 E
b1010011011110 R
#2052
b1010011011111 E
b1010011011111 R
#2053
b1010011100000 E
b1010011100000 R
#2054
b1010011100001 E
b1010011100001 R
#2055
b1010011100010 E
b1010011100010 R
#2056
b1010011100011 E
b1010011100011 R
#2057
b1010011100100 E
b1010011100100 R
#2058
b1010011100101 E
b1010011100101 R
#2059
b1010011100110 E
b1010011100110 R
#2060
b1010011100111 E
b1010011100111 R
#2061
b1010011101000 E
b1010011101000 R
#2062
b1010011101001 E
b1010011101001 R
#2063
b1010011101010 E
b1010011101010 R
#2064
b1010011101011 E
b1010011101011 R
#2065
b1010011101100 E
b1010011101100 R
#2066
b1010011101101 E
b1010011101101 R
#2067
b1010011101110 E
b1010011101110 R
#2068
b1010011101111 E
b1010011101111 R
#2069
b1010011110000 E
b1010011110000 R
#2070
b1010011110001 E
b1010011110001 R
#2071
b1010011110010 E
b1010011110010 R
#2072
b1010011110011 E
b1010011110011 R
#2073
b1010011110100 E
b1010011110100 R
#2074
b1010011110101 E
b1010011110101 R
#2075
b1010011110110 E
b1010011110110 R
#2076
b1010011110111 E
b1010011110111 R
#2077
b1010011111000 E
b1010011111000 R
#2078
b1010011111001 E
b1010011111001 R
#2079
b1010011111010 E
b1010011111010 R
#2080
b1010011111011 E
b1010011111011 R
#2081
b1010011111100 E
b1010011111100 R
#2082
b1010011111101 E
b1010011111101 R
#2083
b1010011111110 E
b1010011111110 R
#2084
b1010011111111 E
b1010011111111 R
#2085
b1010100000000 E
b1010100000000 R
#2086
b1010100000001 E
b1010100000001 R
#2087
b1010100000010 E
b1010100000010 R
#2088
b1010100000011 E
b1010100000011 R
#2089
b1010100000100 E
b1010100000100 R
#2090
b1010100000101 E
b1010100000101 R
#2091
b1010100000110 E
b1010100000110 R
#2092
b1010100000111 E
b1010100000111 R
#2093
b1010100001000 E
b1010100001000 R
#2094
b1010100001001 E
b1010100001001 R
#2095
b1010100001010 E
b1010100001010 R
#2096
b1010100001011 E
b1010100001011 R
#2097
b1010100001100 E
b1010100001100 R
#2098
b1010100001101 E
b1010100001101 R
#2099
b1010100001110 E
b1010100001110 R
#2100
b1010100001111 E
b1010100001111 R
#2101
b1010100010000 E
b1010100010000 R
#2102
b1010100010001 E
b1010100010001 R
#2103
b1010100010010 E
b1010100010010 R
#2104
b1010100010011 E
b1010100010011 R
#2105
b1010100010100 E
b1010100010100 R
#2106
b1010100010101 E
b1010100010101 R
#2107
b1010100010110 E
b1010100010110 R
#2108
b1010100010111 E
b1010100010111 R
#2109
b1010100011000 E
b1010100011000 R
#2110
b1010100011001 E
b1010100011001 R
#2111
b1010100011010 E
b1010100011010 R
#2112
b1010100011011 E
b1010100011011 R
#2113
b1010100011100 E
b1010100011100 R
#2114
b1010100011101 E
b1010100011101 R
#2115
b1010100011110 E
b1010100011110 R
#2116
b1010100011111 E
b1010100011111 R
#2117
b1010100100000 E
b1010100100000 R
#2118
b1010100100001 E
b1010100100001 R
#2119
b1010100100010 E
b1010100100010 R
#2120
b1010100100011 E
b1010100100011 R
#2121
b1010100100100 E
b1010100100100 R
#2122
b1010100100101 E
b1010100100101 R
#2123
b1010100100110 E
b1010100100110 R
#2124
b1010100100111 E
b1010100100111 R
#2125
b1010100101000 E
b1010100101000 R
#2126
b1010100101001 E
b1010100101001 R
#2127
b1010100101010 E
b1010100101010 R
#2128
b1010100101011 E
b1010100101011 R
#2129
b1010100101100 E
b1010100101100 R
#2130
b1010100101101 E
b1010100101101 R
#2131
b1010100101110 E
b1010100101110 R
#2132
b1010100101111 E
b1010100101111 R
#2133
b1010100110000 E
b1010100110000 R
#2134
b1010100110001 E
b1010100110001 R
#2135
b1010100110010 E
b1010100110010 R
#2136
b1010100110011 E
b1010100110011 R
#2137
b1010100110100 E
b1010100110100 R
#2138
b1010100110101 E
b1010100110101 R
#2139
b1010100110110 E
b1010100110110 R
#2140
b1010100110111 E
b1010100110111 R
#2141
b1010100111000 E
b1010100111000 R
#2142
b1010100111001 E
b1010100111001 R
#2143
b1010100111010 E
b1010100111010 R
#2144
b1010100111011 E
b1010100111011 R
#2145
b1010100111100 E
b1010100111100 R
#2146
b1010100111101 E
b1010100111101 R
#2147
b1010100111110 E
b1010100111110 R
#2148
b1010100111111 E
b1010100111111 R
#2149
b1010101000000 E
b1010101000000 R
#2150
b1010101000001 E
b1010101000001 R
#2151
b1010101000010 E
b1010101000010 R
#2152
b1010101000011 E
b1010101000011 R
#2153
b1010101000100 E
b1010101000100 R
#2154
b1010101000101 E
b1010101000101 R
#2155
b1010101000110 E
b1010101000110 R
#2156
b1010101000111 E
b1010101000111 R
#2157
b1010101001000 E
b1010101001000 R
#2158
b1010101001001 E
b1010101001001 R
#2159
b1010101001010 E
b1010101001010 R
#2160
b1010101001011 E
b1010101001011 R
#2161
b1010101001100 E
b1010101001100 R
#2162
b1010101001101 E
b1010101001101 R
#2163
b1010101001110 E
b1010101001110 R
#2164
b1010101001111 E
b1010101001111 R
#2165
b1010101010000 E
b1010101010000 R
#2166
b1010101010001 E
b1010101010001 R
#2167
b1010101010010 E
b1010101010010 R
#2168
b1010101010011 E
b1010101010011 R
#2169
b1010101010100 E
b1010101010100 R
#2170
b1010101010101 E
b1010101010101 R
#2171
b1010101010110 E
b1010101010110 R
#2172
b1010101010111 E
b1010101010111 R
#2173
b1010101011000 E
b1010101011000 R
#2174
b1010101011001 E
b1010101011001 R
#2175
b1010101011010 E
b1010101011010 R
#2176
b1010101011011 E
b1010101011011 R
#2177
b1010101011100 E
b1010101011100 R
#2178
b1010101011101 E
b1010101011101 R
#2179
b1010101011110 E
b1010101011110 R
#2180
b1010101011111 E
b1010101011111 R
#2181
b1010101100000 E
b1010101100000 R
#2182
b1010101100001 E
b1010101100001 R
#2183
b1010101100010 E
b1010101100010 R
#2184
b1010101100011 E
b1010101100011 R
#2185
b1010101100100 E
b1010101100100 R
#2186
b1010101100101 E
b1010101100101 R
#2187
b1010101100110 E
b1010101100110 R
#2188
b1010101100111 E
b1010101100111 R
#2189
b1010101101000 E
b1010101101000 R
#2190
b1010101101001 E
b1010101101001 R
#2191
b1010101101010 E
b1010101101010 R
#2192
b1010101101011 E
b1010101101011 R
#2193
b1010101101100 E
b1010101101100 R
#2194
b1010101101101 E
b1010101101101 R
#2195
b1010101101110 E
b1010101101110 R
#2196
b1010101101111 E
b1010101101111 R
#2197
b1010101110000 E
b1010101110000 R
#2198
b1010101110001 E
b1010101110001 R
#2199
b1010101110010 E
b1010101110010 R
#2200
b1010101110011 E
b1010101110011 R
#2201
b1010101110100 E
b1010101110100 R
#2202
b1010101110101 E
b1010101110101 R
#2203
b1010101110110 E
b1010101110110 R
#2204
b1010101110111 E
b1010101110111 R
#2205
b1010101111000 E
b1010101111000 R
#2206
b1010101111001 E
b1010101111001 R
#2207
b1010101111010 E
b1010101111010 R
#2208
b1010101111011 E
b1010101111011 R
#2209
b1010101111100 E
b1010101111100 R
#2210
b1010101111101 E
b1010101111101 R
#2211
b1010101111110 E
b1010101111110 R
#2212
b1010101111111 E
b1010101111111 R
#2213
b1010110000000 E
b1010110000000 R
#2214
b1010110000001 E
b1010110000001 R
#2215
b1010110000010 E
b1010110000010 R
#2216
b1010110000011 E
b1010110000011 R
#2217
b1010110000100 E
b1010110000100 R
#2218
b1010110000101 E
b1010110000101 R
#2219
b1010110000110 E
b1010110000110 R
#2220
b1010110000111 E
b1010110000111 R
#2221
b1010110001000 E
b1010110001000 R
#2222
b1010110001001 E
b1010110001001 R
#2223
b1010110001010 E
b1010110001010 R
#2224
b1010110001011 E
b1010110001011 R
#2225
b1010110001100 E
b1010110001100 R
#2226
b1010110001101 E
b1010110001101 R
#2227
b1010110001110 E
b1010110001110 R
#2228
b1010110001111 E
b1010110001111 R
#2229
b1010110010000 E
b1010110010000 R
#2230
b1010110010001 E
b1010110010001 R
#2231
b1010110010010 E
b1010110010010 R
#2232
b1010110010011 E
b1010110010011 R
#2233
b1010110010100 E
b1010110010100 R
#2234
b1010110010101 E
b1010110010101 R
#2235
b1010110010110 E
b1010110010110 R
#2236
b1010110010111 E
b1010110010111 R
#2237
b1010110011000 E
b1010110011000 R
#2238
b1010110011001 E
b1010110011001 R
#2239
b1010110011010 E
b1010110011010 R
#2240
b1010110011011 E
b1010110011011 R
#2241
b1010110011100 E
b1010110011100 R
#2242
b1010110011101 E
b1010110011101 R
#2243
b1010110011110 E
b1010110011110 R
#2244
b1010110011111 E
b1010110011111 R
#2245
b1010110100000 E
b1010110100000 R
#2246
b1010110100001 E
b1010110100001 R
#2247
b1010110100010 E
b1010110100010 R
#2248
b1010110100011 E
b1010110100011 R
#2249
b1010110100100 E
b1010110100100 R
#2250
b1010110100101 E
b1010110100101 R
#2251
b1010110100110 E
b1010110100110 R
#2252
b1010110100111 E
b1010110100111 R
#2253
b1010110101000 E
b1010110101000 R
#2254
b1010110101001 E
b1010110101001 R
#2255
b1010110101010 E
b1010110101010 R
#2256
b1010110101011 E
b1010110101011 R
#2257
b1010110101100 E
b1010110101100 R
#2258
b1010110101101 E
b1010110101101 R
#2259
b1010110101110 E
b1010110101110 R
#2260
b1010110101111 E
b1010110101111 R
#2261
b1010110110000 E
b1010110110000 R
#2262
b1010110110001 E
b1010110110001 R
#2263
b1010110110010 E
b1010110110010 R
#2264
b1010110110011 E
b1010110110011 R
#2265
b1010110110100 E
b1010110110100 R
#2266
b1010110110101 E
b1010110110101 R
#2267
b1010110110110 E
b1010110110110 R
#2268
b1010110110111 E
b1010110110111 R
#2269
b1010110111000 E
b1010110111000 R
#2270
b1010110111001 E
b1010110111001 R
#2271
b1010110111010 E
b1010110111010 R
#2272
b1010110111011 E
b1010110111011 R
#2273
b1010110111100 E
b1010110111100 R
#2274
b1010110111101 E
b1010110111101 R
#2275
b1010110111110 E
b1010110111110 R
#2276
b1010110111111 E
b1010110111111 R
#2277
b1010111000000 E
b1010111000000 R
#2278
b1010111000001 E
b1010111000001 R
#2279
b1010111000010 E
b1010111000010 R
#2280
b1010111000011 E
b1010111000011 R
#2281
b1010111000100 E
b1010111000100 R
#2282
b1010111000101 E
b1010111000101 R
#2283
b1010111000110 E
b1010111000110 R
#2284
b1010111000111 E
b1010111000111 R
#2285
b1010111001000 E
b1010111001000 R
#2286
b1010111001001 E
b1010111001001 R
#2287
b1010111001010 E
b1010111001010 R
#2288
b1010111001011 E
b1010111001011 R
#2289
b1010111001100 E
b1010111001100 R
#2290
b1010111001101 E
b1010111001101 R
#2291
b1010111001110 E
b1010111001110 R
#2292
b1010111001111 E
b1010111001111 R
#2293
b1010111010000 E
b1010111010000 R
#2294
b1010111010001 E
b1010111010001 R
#2295
b1010111010010 E
b1010111010010 R
#2296
b1010111010011 E
b1010111010011 R
#2297
b1010111010100 E
b1010111010100 R
#2298
b1010111010101 E
b1010111010101 R
#2299
b1010111010110 E
b1010111010110 R
#2300
b1010111010111 E
b1010111010111 R
#2301
b1010111011000 E
b1010111011000 R
#2302
b1010111011001 E
b1010111011001 R
#2303
b1010111011010 E
b1010111011010 R
#2304
b1010111011011 E
b1010111011011 R
#2305
b1010111011100 E
b1010111011100 R
#2306
b1010111011101 E
b1010111011101 R
#2307
b1010111011110 E
b1010111011110 R
#2308
b1010111011111 E
b1010111011111 R
#2309
b1010111100000 E
b1010111100000 R
#2310
b1010111100001 E
b1010111100001 R
#2311
b1010111100010 E
b1010111100010 R
#2312
b1010111100011 E
b1010111100011 R
#2313
b1010111100100 E
b1010111100100 R
#2314
b1010111100101 E
b1010111100101 R
#2315
b1010111100110 E
b1010111100110 R
#2316
b1010111100111 E
b1010111100111 R
#2317
b1010111101000 E
b1010111101000 R
#2318
b1010111101001 E
b1010111101001 R
#2319
b1010111101010 E
b1010111101010 R
#2320
b1010111101011 E
b1010111101011 R
#2321
b1010111101100 E
b1010111101100 R
#2322
b1010111101101 E
b1010111101101 R
#2323
b1010111101110 E
b1010111101110 R
#2324
b1010111101111 E
b1010111101111 R
#2325
b1010111110000 E
b1010111110000 R
#2326
b1010111110001 E
b1010111110001 R
#2327
b1010111110010 E
b1010111110010 R
#2328
b1010111110011 E
b1010111110011 R
#2329
b1010111110100 E
b1010111110100 R
#2330
b1010111110101 E
b1010111110101 R
#2331
b1010111110110 E
b1010111110110 R
#2332
b1010111110111 E
b1010111110111 R
#2333
b1010111111000 E
b1010111111000 R
#2334
b1010111111001 E
b1010111111001 R
#2335
b1010111111010 E
b1010111111010 R
#2336
b1010111111011 E
b1010111111011 R
#2337
b1010111111100 E
b1010111111100 R
#2338
b1010111111101 E
b1010111111101 R
#2339
b1010111111110 E
b1010111111110 R
#2340
b1010111111111 E
b1010111111111 R
#2341
b1011000000000 E
b1011000000000 R
#2342
b1011000000001 E
b1011000000001 R
#2343
b1011000000010 E
b1011000000010 R
#2344
b1011000000011 E
b1011000000011 R
#2345
b1011000000100 E
b1011000000100 R
#2346
b1011000000101 E
b1011000000101 R
#2347
b1011000000110 E
b1011000000110 R
#2348
b1011000000111 E
b1011000000111 R
#2349
b1011000001000 E
b1011000001000 R
#2350
b1011000001001 E
b1011000001001 R
#2351
b1011000001010 E
b1011000001010 R
#2352
b1011000001011 E
b1011000001011 R
#2353
b1011000001100 E
b1011000001100 R
#2354
b1011000001101 E
b1011000001101 R
#2355
b1011000001110 E
b1011000001110 R
#2356
b1011000001111 E
b1011000001111 R
#2357
b1011000010000 E
b1011000010000 R
#2358
b1011000010001 E
b1011000010001 R
#2359
b1011000010010 E
b1011000010010 R
#2360
b1011000010011 E
b1011000010011 R
#2361
b1011000010100 E
b1011000010100 R
#2362
b1011000010101 E
b1011000010101 R
#2363
b1011000010110 E
b1011000010110 R
#2364
b1011000010111 E
b1011000010111 R
#2365
b1011000011000 E
b1011000011000 R
#2366
b1011000011001 E
b1011000011001 R
#2367
b1011000011010 E
b1011000011010 R
#2368
b1011000011011 E
b1011000011011 R
#2369
b1011000011100 E
b1011000011100 R
#2370
b1011000011101 E
b1011000011101 R
#2371
b1011000011110 E
b1011000011110 R
#2372
b1011000011111 E
b1011000011111 R
#2373
b1011000100000 E
b1011000100000 R
#2374
b1011000100001 E
b1011000100001 R
#2375
b1011000100010 E
b1011000100010 R
#2376
b1011000100011 E
b1011000100011 R
#2377
b1011000100100 E
b1011000100100 R
#2378
b1011000100101 E
b1011000100101 R
#2379
b1011000100110 E
b1011000100110 R
#2380
b1011000100111 E
b1011000100111 R
#2381
b1011000101000 E
b1011000101000 R
#2382
b1011000101001 E
b1011000101001 R
#2383
b1011000101010 E
b1011000101010 R
#2384
b1011000101011 E
b1011000101011 R
#2385
b1011000101100 E
b1011000101100 R
#2386
b1011000101101 E
b1011000101101 R
#2387
b1011000101110 E
b1011000101110 R
#2388
b1011000101111 E
b1011000101111 R
#2389
b1011000110000 E
b1011000110000 R
#2390
b1011000110001 E
b1011000110001 R
#2391
b1011000110010 E
b1011000110010 R
#2392
b1011000110011 E
b1011000110011 R
#2393
b1011000110100 E
b1011000110100 R
#2394
b1011000110101 E
b1011000110101 R
#2395
b1011000110110 E
b1011000110110 R
#2396
b1011000110111 E
b1011000110111 R
#2397
b1011000111000 E
b1011000111000 R
#2398
b1011000111001 E
b1011000111001 R
#2399
b1011000111010 E
b1011000111010 R
#2400
b1011000111011 E
b1011000111011 R
#2401
b1011000111100 E
b1011000111100 R
#2402
b1011000111101 E
b1011000111101 R
#2403
b1011000111110 E
b1011000111110 R
#2404
b1011000111111 E
b1011000111111 R
#2405
b1011001000000 E
b1011001000000 R
#2406
b1011001000001 E
b1011001000001 R
#2407
b1011001000010 E
b1011001000010 R
#2408
b1011001000011 E
b1011001000011 R
#2409
b1011001000100 E
b1011001000100 R
#2410
b1011001000101 E
b1011001000101 R
#2411
b1011001000110 E
b1011001000110 R
#2412
b1011001000111 E
b1011001000111 R
#2413
b1011001001000 E
b1011001001000 R
#2414
b1011001001001 E
b1011001001001 R
#2415
b1011001001010 E
b1011001001010 R
#2416
b1011001001011 E
b1011001001011 R
#2417
b1011001001100 E
b1011001001100 R
#2418
b1011001001101 E
b1011001001101 R
#2419
b1011001001110 E
b1011001001110 R
#2420
b1011001001111 E
b1011001001111 R
#2421
b1011001010000 E
b1011001010000 R
#2422
b1011001010001 E
b1011001010001 R
#2423
b1011001010010 E
b1011001010010 R
#2424
b1011001010011 E
b1011001010011 R
#2425
b1011001010100 E
b1011001010100 R
#2426
b1011001010101 E
b1011001010101 R
#2427
b1011001010110 E
b1011001010110 R
#2428
b1011001010111 E
b1011001010111 R
#2429
b1011001011000 E
b1011001011000 R
#2430
b1011001011001 E
b1011001011001 R
#2431
b1011001011010 E
b1011001011010 R
#2432
b1011001011011 E
b1011001011011 R
#2433
b1011001011100 E
b1011001011100 R
#2434
b1011001011101 E
b1011001011101 R
#2435
b1011001011110 E
b1011001011110 R
#2436
b1011001011111 E
b1011001011111 R
#2437
b1011001100000 E
b1011001100000 R
#2438
b1011001100001 E
b1011001100001 R
#2439
b1011001100010 E
b1011001100010 R
#2440
b1011001100011 E
b1011001100011 R
#2441
b1011001100100 E
b1011001100100 R
#2442
b1011001100101 E
b1011001100101 R
#2443
b1011001100110 E
b1011001100110 R
#2444
b1011001100111 E
b1011001100111 R
#2445
b1011001101000 E
b1011001101000 R
#2446
b1011001101001 E
b1011001101001 R
#2447
b1011001101010 E
b1011001101010 R
#2448
b1011001101011 E
b1011001101011 R
#2449
b1011001101100 E
b1011001101100 R
#2450
b1011001101101 E
b1011001101101 R
#2451
b1011001101110 E
b1011001101110 R
#2452
b1011001101111 E
b1011001101111 R
#2453
b1011001110000 E
b1011001110000 R
#2454
b1011001110001 E
b1011001110001 R
#2455
b1011001110010 E
b1011001110010 R
#2456
b1011001110011 E
b1011001110011 R
#2457
b1011001110100 E
b1011001110100 R
#2458
b1011001110101 E
b1011001110101 R
#2459
b1011001110110 E
b1011001110110 R
#2460
b1011001110111 E
b1011001110111 R
#2461
b1011001111000 E
b1011001111000 R
#2462
b1011001111001 E
b1011001111001 R
#2463
b1011001111010 E
b1011001111010 R
#2464
b1011001111011 E
b1011001111011 R
#2465
b1011001111100 E
b1011001111100 R
#2466
b1011001111101 E
b1011001111101 R
#2467
b1011001111110 E
b1011001111110 R
#2468
b1011001111111 E
b1011001111111 R
#2469
b1011010000000 E
b1011010000000 R
#2470
b1011010000001 E
b1011010000001 R
#2471
b1011010000010 E
b1011010000010 R
#2472
b1011010000011 E
b1011010000011 R
#2473
b1011010000100 E
b1011010000100 R
#2474
b1011010000101 E
b1011010000101 R
#2475
b1011010000110 E
b1011010000110 R
#2476
b1011010000111 E
b1011010000111 R
#2477
b1011010001000 E
b1011010001000 R
#2478
b1011010001001 E
b1011010001001 R
#2479
b1011010001010 E
b1011010001010 R
#2480
b1011010001011 E
b1011010001011 R
#2481
b1011010001100 E
b1011010001100 R
#2482
b1011010001101 E
b1011010001101 R
#2483
b1011010001110 E
b1011010001110 R
#2484
b1011010001111 E
b1011010001111 R
#2485
b1011010010000 E
b1011010010000 R
#2486
b1011010010001 E
b1011010010001 R
#2487
b1011010010010 E
b1011010010010 R
#2488
b1011010010011 E
b1011010010011 R
#2489
b1011010010100 E
b1011010010100 R
#2490
b1011010010101 E
b1011010010101 R
#2491
b1011010010110 E
b1011010010110 R
#2492
b1011010010111 E
b1011010010111 R
#2493
b1011010011000 E
b1011010011000 R
#2494
b1011010011001 E
b1011010011001 R
#2495
b1011010011010 E
b1011010011010 R
#2496
b1011010011011 E
b1011010011011 R
#2497
b1011010011100 E
b1011010011100 R
#2498
b1011010011101 E
b1011010011101 R
#2499
b1011010011110 E
b1011010011110 R
#2500
b1011010011111 E
b1011010011111 R
#2501
b1011010100000 E
b1011010100000 R
#2502
b1011010100001 E
b1011010100001 R
#2503
b1011010100010 E
b1011010100010 R
#2504
b1011010100011 E
b1011010100011 R
#2505
b1011010100100 E
b1011010100100 R
#2506
b1011010100101 E
b1011010100101 R
#2507
b1011010100110 E
b1011010100110 R
#2508
b1011010100111 E
b1011010100111 R
#2509
b1011010101000 E
b1011010101000 R
#2510
b1011010101001 E
b1011010101001 R
#2511
b1011010101010 E
b1011010101010 R
#2512
b1011010101011 E
b1011010101011 R
#2513
b1011010101100 E
b1011010101100 R
#2514
b1011010101101 E
b1011010101101 R
#2515
b1011010101110 E
b1011010101110 R
#2516
b1011010101111 E
b1011010101111 R
#2517
b1011010110000 E
b1011010110000 R
#2518
b1011010110001 E
b1011010110001 R
#2519
b1011010110010 E
b1011010110010 R
#2520
b1011010110011 E
b1011010110011 R
#2521
b1011010110100 E
b1011010110100 R
#2522
b1011010110101 E
b1011010110101 R
#2523
b1011010110110 E
b1011010110110 R
#2524
b1011010110111 E
b1011010110111 R
#2525
b1011010111000 E
b1011010111000 R
#2526
b1011010111001 E
b1011010111001 R
#2527
b1011010111010 E
b1011010111010 R
#2528
b1011010111011 E
b1011010111011 R
#2529
b1011010111100 E
b1011010111100 R
#2530
b1011010111101 E
b1011010111101 R
#2531
b1011010111110 E
b1011010111110 R
#2532
b1011010111111 E
b1011010111111 R
#2533
b1011011000000 E
b1011011000000 R
#2534
b1011011000001 E
b1011011000001 R
#2535
b1011011000010 E
b1011011000010 R
#2536
b1011011000011 E
b1011011000011 R
#2537
b1011011000100 E
b1011011000100 R
#2538
b1011011000101 E
b1011011000101 R
#2539
b1011011000110 E
b1011011000110 R
#2540
b1011011000111 E
b1011011000111 R
#2541
b1011011001000 E
b1011011001000 R
#2542
b1011011001001 E
b1011011001001 R
#2543
b1011011001010 E
b1011011001010 R
#2544
b1011011001011 E
b1011011001011 R
#2545
b1011011001100 E
b1011011001100 R
#2546
b1011011001101 E
b1011011001101 R
#2547
b1011011001110 E
b1011011001110 R
#2548
b1011011001111 E
b1011011001111 R
#2549
b1011011010000 E
b1011011010000 R
#2550
b1011011010001 E
b1011011010001 R
#2551
b1011011010010 E
b1011011010010 R
#2552
b1011011010011 E
b1011011010011 R
#2553
b1011011010100 E
b1011011010100 R
#2554
b1011011010101 E
b1011011010101 R
#2555
b1011011010110 E
b1011011010110 R
#2556
b1011011010111 E
b1011011010111 R
#2557
b1011011011000 E
b1011011011000 R
#2558
b1011011011001 E
b1011011011001 R
#2559
b1011011011010 E
b1011011011010 R
#2560
b1011011011011 E
b1011011011011 R
#2561
b1011011011100 E
b1011011011100 R
#2562
b1011011011101 E
b1011011011101 R
#2563
b1011011011110 E
b1011011011110 R
#2564
b1011011011111 E
b1011011011111 R
#2565
b1011011100000 E
b1011011100000 R
#2566
b1011011100001 E
b1011011100001 R
#2567
b1011011100010 E
b1011011100010 R
#2568
b1011011100011 E
b1011011100011 R
#2569
b1011011100100 E
b1011011100100 R
#2570
b1011011100101 E
b1011011100101 R
#2571
b1011011100110 E
b1011011100110 R
#2572
b1011011100111 E
b1011011100111 R
#2573
b1011011101000 E
b1011011101000 R
#2574
b1011011101001 E
b1011011101001 R
#2575
b1011011101010 E
b1011011101010 R
#2576
b1011011101011 E
b1011011101011 R
#2577
b1011011101100 E
b1011011101100 R
#2578
b1011011101101 E
b1011011101101 R
#2579
b1011011101110 E
b1011011101110 R
#2580
b1011011101111 E
b1011011101111 R
#2581
b1011011110000 E
b1011011110000 R
#2582
b1011011110001 E
b1011011110001 R
#2583
b1011011110010 E
b1011011110010 R
#2584
b1011011110011 E
b1011011110011 R
#2585
b1011011110100 E
b1011011110100 R
#2586
b1011011110101 E
b1011011110101 R
#2587
b1011011110110 E
b1011011110110 R
#2588
b1011011110111 E
b1011011110111 R
#2589
b1011011111000 E
b1011011111000 R
#2590
b1011011111001 E
b1011011111001 R
#2591
b1011011111010 E
b1011011111010 R
#2592
b1011011111011 E
b1011011111011 R
#2593
b1011011111100 E
b1011011111100 R
#2594
b1011011111101 E
b1011011111101 R
#2595
b1011011111110 E
b1011011111110 R
#2596
b1011011111111 E
b1011011111111 R
#2597
b1011100000000 E
b1011100000000 R
#2598
b1011100000001 E
b1011100000001 R
#2599
b1011100000010 E
b1011100000010 R
#2600
b1011100000011 E
b1011100000011 R
#2601
b1011100000100 E
b1011100000100 R
#2602
b1011100000101 E
b1011100000101 R
#2603
b1011100000110 E
b1011100000110 R
#2604
b1011100000111 E
b1011100000111 R
#2605
b1011100001000 E
b1011100001000 R
#2606
b1011100001001 E
b1011100001001 R
#2607
b1011100001010 E
b1011100001010 R
#2608
b1011100001011 E
b1011100001011 R
#2609
b1011100001100 E
b1011100001100 R
#2610
b1011100001101 E
b1011100001101 R
#2611
b1011100001110 E
b1011100001110 R
#2612
b1011100001111 E
b1011100001111 R
#2613
b1011100010000 E
b1011100010000 R
#2614
b1011100010001 E
b1011100010001 R
#2615
b1011100010010 E
b1011100010010 R
#2616
b1011100010011 E
b1011100010011 R
#2617
b1011100010100 E
b1011100010100 R
#2618
b1011100010101 E
b1011100010101 R
#2619
b1011100010110 E
b1011100010110 R
#2620
b1011100010111 E
b1011100010111 R
#2621
b1011100011000 E
b1011100011000 R
#2622
b1011100011001 E
b1011100011001 R
#2623
b1011100011010 E
b1011100011010 R
#2624
b1011100011011 E
b1011100011011 R
#2625
b1011100011100 E
b1011100011100 R
#2626
b1011100011101 E
b1011100011101 R
#2627
b1011100011110 E
b1011100011110 R
#2628
b1011100011111 E
b1011100011111 R
#2629
b1011100100000 E
b1011100100000 R
#2630
b1011100100001 E
b1011100100001 R
#2631
b1011100100010 E
b1011100100010 R
#2632
b1011100100011 E
b1011100100011 R
#2633
b1011100100100 E
b1011100100100 R
#2634
b1011100100101 E
b1011100100101 R
#2635
b1011100100110 E
b1011100100110 R
#2636
b1011100100111 E
b1011100100111 R
#2637
b1011100101000 E
b1011100101000 R
#2638
b1011100101001 E
b1011100101001 R
#2639
b1011100101010 E
b1011100101010 R
#2640
b1011100101011 E
b1011100101011 R
#2641
b1011100101100 E
b1011100101100 R
#2642
b1011100101101 E
b1011100101101 R
#2643
b1011100101110 E
b1011100101110 R
#2644
b1011100101111 E
b1011100101111 R
#2645
b1011100110000 E
b1011100110000 R
#2646
b1011100110001 E
b1011100110001 R
#2647
b1011100110010 E
b1011100110010 R
#2648
b1011100110011 E
b1011100110011 R
#2649
b1011100110100 E
b1011100110100 R
#2650
b1011100110101 E
b1011100110101 R
#2651
b1011100110110 E
b1011100110110 R
#2652
b1011100110111 E
b1011100110111 R
#2653
b1011100111000 E
b1011100111000 R
#2654
b1011100111001 E
b1011100111001 R
#2655
b1011100111010 E
b1011100111010 R
#2656
b1011100111011 E
b1011100111011 R
#2657
b1011100111100 E
b1011100111100 R
#2658
b1011100111101 E
b1011100111101 R
#2659
b1011100111110 E
b1011100111110 R
#2660
b1011100111111 E
b1011100111111 R
#2661
b1011101000000 E
b1011101000000 R
#2662
b1011101000001 E
b1011101000001 R
#2663
b1011101000010 E
b1011101000010 R
#2664
b1011101000011 E
b1011101000011 R
#2665
b1011101000100 E
b1011101000100 R
#2666
b1011101000101 E
b1011101000101 R
#2667
b1011101000110 E
b1011101000110 R
#2668
b1011101000111 E
b1011101000111 R
#2669
b1011101001000 E
b1011101001000 R
#2670
b1011101001001 E
b1011101001001 R
#2671
b1011101001010 E
b1011101001010 R
#2672
b1011101001011 E
b1011101001011 R
#2673
b1011101001100 E
b1011101001100 R
#2674
b1011101001101 E
b1011101001101 R
#2675
b1011101001110 E
b1011101001110 R
#2676
b1011101001111 E
b1011101001111 R
#2677
b1011101010000 E
b1011101010000 R
#2678
b1011101010001 E
b1011101010001 R
#2679
b1011101010010 E
b1011101010010 R
#2680
b1011101010011 E
b1011101010011 R
#2681
b1011101010100 E
b1011101010100 R
#2682
b1011101010101 E
b1011101010101 R
#2683
b1011101010110 E
b1011101010110 R
#2684
b1011101010111 E
b1011101010111 R
#2685
b1011101011000 E
b1011101011000 R
#2686
b1011101011001 E
b1011101011001 R
#2687
b1011101011010 E
b1011101011010 R
#2688
b1011101011011 E
b1011101011011 R
#2689
b1011101011100 E
b1011101011100 R
#2690
b1011101011101 E
b1011101011101 R
#2691
b1011101011110 E
b1011101011110 R
#2692
b1011101011111 E
b1011101011111 R
#2693
b1011101100000 E
b1011101100000 R
#2694
b1011101100001 E
b1011101100001 R
#2695
b1011101100010 E
b1011101100010 R
#2696
b1011101100011 E
b1011101100011 R
#2697
b1011101100100 E
b1011101100100 R
#2698
b1011101100101 E
b1011101100101 R
#2699
b1011101100110 E
b1011101100110 R
#2700
b1011101100111 E
b1011101100111 R
#2701
b1011101101000 E
b1011101101000 R
#2702
b1011101101001 E
b1011101101001 R
#2703
b1011101101010 E
b1011101101010 R
#2704
b1011101101011 E
b1011101101011 R
#2705
b1011101101100 E
b1011101101100 R
#2706
b1011101101101 E
b1011101101101 R
#2707
b1011101101110 E
b1011101101110 R
#2708
b1011101101111 E
b1011101101111 R
#2709
b1011101110000 E
b1011101110000 R
#2710
b1011101110001 E
b1011101110001 R
#2711
b1011101110010 E
b1011101110010 R
#2712
b1011101110011 E
b1011101110011 R
#2713
b1011101110100 E
b1011101110100 R
#2714
b1011101110101 E
b1011101110101 R
#2715
b1011101110110 E
b1011101110110 R
#2716
b1011101110111 E
b1011101110111 R
#2717
b1011101111000 E
b1011101111000 R
#2718
b1011101111001 E
b1011101111001 R
#2719
b1011101111010 E
b1011101111010 R
#2720
b1011101111011 E
b1011101111011 R
#2721
b1011101111100 E
b1011101111100 R
#2722
b1011101111101 E
b1011101111101 R
#2723
b1011101111110 E
b1011101111110 R
#2724
b1011101111111 E
b1011101111111 R
#2725
b1011110000000 E
b1011110000000 R
#2726
b1011110000001 E
b1011110000001 R
#2727
b1011110000010 E
b1011110000010 R
#2728
b1011110000011 E
b1011110000011 R
#2729
b1011110000100 E
b1011110000100 R
#2730
b1011110000101 E
b1011110000101 R
#2731
b1011110000110 E
b1011110000110 R
#2732
b1011110000111 E
b1011110000111 R
#2733
b1011110001000 E
b1011110001000 R
#2734
b1011110001001 E
b1011110001001 R
#2735
b1011110001010 E
b1011110001010 R
#2736
b1011110001011 E
b1011110001011 R
#2737
b1011110001100 E
b1011110001100 R
#2738
b1011110001101 E
b1011110001101 R
#2739
b1011110001110 E
b1011110001110 R
#2740
b1011110001111 E
b1011110001111 R
#2741
b1011110010000 E
b1011110010000 R
#2742
b1011110010001 E
b1011110010001 R
#2743
b1011110010010 E
b1011110010010 R
#2744
b1011110010011 E
b1011110010011 R
#2745
b1011110010100 E
b1011110010100 R
#2746
b1011110010101 E
b1011110010101 R
#2747
b1011110010110 E
b1011110010110 R
#2748
b1011110010111 E
b1011110010111 R
#2749
b1011110011000 E
b1011110011000 R
#2750
b1011110011001 E
b1011110011001 R
#2751
b1011110011010 E
b1011110011010 R
#2752
b1011110011011 E
b1011110011011 R
#2753
b1011110011100 E
b1011110011100 R
#2754
b1011110011101 E
b1011110011101 R
#2755
b1011110011110 E
b1011110011110 R
#2756
b1011110011111 E
b1011110011111 R
#2757
b1011110100000 E
b1011110100000 R
#2758
b1011110100001 E
b1011110100001 R
#2759
b1011110100010 E
b1011110100010 R
#2760
b1011110100011 E
b1011110100011 R
#2761
b1011110100100 E
b1011110100100 R
#2762
b1011110100101 E
b1011110100101 R
#2763
b1011110100110 E
b1011110100110 R
#2764
b1011110100111 E
b1011110100111 R
#2765
b1011110101000 E
b1011110101000 R
#2766
b1011110101001 E
b1011110101001 R
#2767
b1011110101010 E
b1011110101010 R
#2768
b1011110101011 E
b1011110101011 R
#2769
b1011110101100 E
b1011110101100 R
#2770
b1011110101101 E
b1011110101101 R
#2771
b1011110101110 E
b1011110101110 R
#2772
b1011110101111 E
b1011110101111 R
#2773
b1011110110000 E
b1011110110000 R
#2774
b1011110110001 E
b1011110110001 R
#2775
b1011110110010 E
b1011110110010 R
#2776
b1011110110011 E
b1011110110011 R
#2777
b1011110110100 E
b1011110110100 R
#2778
b1011110110101 E
b1011110110101 R
#2779
b1011110110110 E
b1011110110110 R
#2780
b1011110110111 E
b1011110110111 R
#2781
b1011110111000 E
b1011110111000 R
#2782
b1011110111001 E
b1011110111001 R
#2783
b1011110111010 E
b1011110111010 R
#2784
b1011110111011 E
b1011110111011 R
#2785
b1011110111100 E
b1011110111100 R
#2786
b1011110111101 E
b1011110111101 R
#2787
b1011110111110 E
b1011110111110 R
#2788
b1011110111111 E
b1011110111111 R
#2789
b1011111000000 E
b1011111000000 R
#2790
b1011111000001 E
b1011111000001 R
#2791
b1011111000010 E
b1011111000010 R
#2792
b1011111000011 E
b1011111000011 R
#2793
b1011111000100 E
b1011111000100 R
#2794
b1011111000101 E
b1011111000101 R
#2795
b1011111000110 E
b1011111000110 R
#2796
b1011111000111 E
b1011111000111 R
#2797
b1011111001000 E
b1011111001000 R
#2798
b1011111001001 E
b1011111001001 R
#2799
b1011111001010 E
b1011111001010 R
#2800
b1011111001011 E
b1011111001011 R
#2801
b1011111001100 E
b1011111001100 R
#2802
b1011111001101 E
b1011111001101 R
#2803
b1011111001110 E
b1011111001110 R
#2804
b1011111001111 E
b1011111001111 R
#2805
b1011111010000 E
b1011111010000 R
#2806
b1011111010001 E
b1011111010001 R
#2807
b1011111010010 E
b1011111010010 R
#2808
b1011111010011 E
b1011111010011 R
#2809
b1011111010100 E
b1011111010100 R
#2810
b1011111010101 E
b1011111010101 R
#2811
b1011111010110 E
b1011111010110 R
#2812
b1011111010111 E
b1011111010111 R
#2813
b1011111011000 E
b1011111011000 R
#2814
b1011111011001 E
b1011111011001 R
#2815
b1011111011010 E
b1011111011010 R
#2816
b1011111011011 E
b1011111011011 R
#2817
b1011111011100 E
b1011111011100 R
#2818
b1011111011101 E
b1011111011101 R
#2819
b1011111011110 E
b1011111011110 R
#2820
b1011111011111 E
b1011111011111 R
#2821
b1011111100000 E
b1011111100000 R
#2822
b1011111100001 E
b1011111100001 R
#2823
b1011111100010 E
b1011111100010 R
#2824
b1011111100011 E
b1011111100011 R
#2825
b1011111100100 E
b1011111100100 R
#2826
b1011111100101 E
b1011111100101 R
#2827
b1011111100110 E
b1011111100110 R
#2828
b1011111100111 E
b1011111100111 R
#2829
b1011111101000 E
b1011111101000 R
#2830
b1011111101001 E
b1011111101001 R
#2831
b1011111101010 E
b1011111101010 R
#2832
b1011111101011 E
b1011111101011 R
#2833
b1011111101100 E
b1011111101100 R
#2834
b1011111101101 E
b1011111101101 R
#2835
b1011111101110 E
b1011111101110 R
#2836
b1011111101111 E
b1011111101111 R
#2837
b1011111110000 E
b1011111110000 R
#2838
b1011111110001 E
b1011111110001 R
#2839
b1011111110010 E
b1011111110010 R
#2840
b1011111110011 E
b1011111110011 R
#2841
b1011111110100 E
b1011111110100 R
#2842
b1011111110101 E
b1011111110101 R
#2843
b1011111110110 E
b1011111110110 R
#2844
b1011111110111 E
b1011111110111 R
#2845
b1011111111000 E
b1011111111000 R
#2846
b1011111111001 E
b1011111111001 R
#2847
b1011111111010 E
b1011111111010 R
#2848
b1011111111011 E
b1011111111011 R
#2849
b1011111111100 E
b1011111111100 R
#2850
b1011111111101 E
b1011111111101 R
#2851
b1011111111110 E
b1011111111110 R
#2852
b1011111111111 E
b1011111111111 R
#2853
b1100000000000 E
b1100000000000 R
#2854
b1100000000001 E
b1100000000001 R
#2855
b1100000000010 E
b1100000000010 R
#2856
b1100000000011 E
b1100000000011 R
#2857
b1100000000100 E
b1100000000100 R
#2858
b1100000000101 E
b1100000000101 R
#2859
b1100000000110 E
b1100000000110 R
#2860
b1100000000111 E
b1100000000111 R
#2861
b1100000001000 E
b1100000001000 R
#2862
b1100000001001 E
b1100000001001 R
#2863
b1100000001010 E
b1100000001010 R
#2864
b1100000001011 E
b1100000001011 R
#2865
b1100000001100 E
b1100000001100 R
#2866
b1100000001101 E
b1100000001101 R
#2867
b1100000001110 E
b1100000001110 R
#2868
b1100000001111 E
b1100000001111 R
#2869
b1100000010000 E
b1100000010000 R
#2870
b1100000010001 E
b1100000010001 R
#2871
b1100000010010 E
b1100000010010 R
#2872
b1100000010011 E
b1100000010011 R
#2873
b1100000010100 E
b1100000010100 R
#2874
b1100000010101 E
b1100000010101 R
#2875
b1100000010110 E
b1100000010110 R
#2876
b1100000010111 E
b1100000010111 R
#2877
b1100000011000 E
b1100000011000 R
#2878
b1100000011001 E
b1100000011001 R
#2879
b1100000011010 E
b1100000011010 R
#2880
b1100000011011 E
b1100000011011 R
#2881
b1100000011100 E
b1100000011100 R
#2882
b1100000011101 E
b1100000011101 R
#2883
b1100000011110 E
b1100000011110 R
#2884
b1100000011111 E
b1100000011111 R
#2885
b1100000100000 E
b1100000100000 R
#2886
b1100000100001 E
b1100000100001 R
#2887
b1100000100010 E
b1100000100010 R
#2888
b1100000100011 E
b1100000100011 R
#2889
b1100000100100 E
b1100000100100 R
#2890
b1100000100101 E
b1100000100101 R
#2891
b1100000100110 E
b1100000100110 R
#2892
b1100000100111 E
b1100000100111 R
#2893
b1100000101000 E
b1100000101000 R
#2894
b1100000101001 E
b1100000101001 R
#2895
b1100000101010 E
b1100000101010 R
#2896
b1100000101011 E
b1100000101011 R
#2897
b1100000101100 E
b1100000101100 R
#2898
b1100000101101 E
b1100000101101 R
#2899
b1100000101110 E
b1100000101110 R
#2900
b1100000101111 E
b1100000101111 R
#2901
b1100000110000 E
b1100000110000 R
#2902
b1100000110001 E
b1100000110001 R
#2903
b1100000110010 E
b1100000110010 R
#2904
b1100000110011 E
b1100000110011 R
#2905
b1100000110100 E
b1100000110100 R
#2906
b1100000110101 E
b1100000110101 R
#2907
b1100000110110 E
b1100000110110 R
#2908
b1100000110111 E
b1100000110111 R
#2909
b1100000111000 E
b1100000111000 R
#2910
b1100000111001 E
b1100000111001 R
#2911
b1100000111010 E
b1100000111010 R
#2912
b1100000111011 E
b1100000111011 R
#2913
b1100000111100 E
b1100000111100 R
#2914
b1100000111101 E
b1100000111101 R
#2915
b1100000111110 E
b1100000111110 R
#2916
b1100000111111 E
b1100000111111 R
#2917
b1100001000000 E
b1100001000000 R
#2918
b1100001000001 E
b1100001000001 R
#2919
b1100001000010 E
b1100001000010 R
#2920
b1100001000011 E
b1100001000011 R
#2921
b1100001000100 E
b1100001000100 R
#2922
b1100001000101 E
b1100001000101 R
#2923
b1100001000110 E
b1100001000110 R
#2924
b1100001000111 E
b1100001000111 R
#2925
b1100001001000 E
b1100001001000 R
#2926
b1100001001001 E
b1100001001001 R
#2927
b1100001001010 E
b1100001001010 R
#2928
b1100001001011 E
b1100001001011 R
#2929
b1100001001100 E
b1100001001100 R
#2930
b1100001001101 E
b1100001001101 R
#2931
b1100001001110 E
b1100001001110 R
#2932
b1100001001111 E
b1100001001111 R
#2933
b1100001010000 E
b1100001010000 R
#2934
b1100001010001 E
b1100001010001 R
#2935
b1100001010010 E
b1100001010010 R
#2936
b1100001010011 E
b1100001010011 R
#2937
b1100001010100 E
b1100001010100 R
#2938
b1100001010101 E
b1100001010101 R
#2939
b1100001010110 E
b1100001010110 R
#2940
b1100001010111 E
b1100001010111 R
#2941
b1100001011000 E
b1100001011000 R
#2942
b1100001011001 E
b1100001011001 R
#2943
b1100001011010 E
b1100001011010 R
#2944
b1100001011011 E
b1100001011011 R
#2945
b1100001011100 E
b1100001011100 R
#2946
b1100001011101 E
b1100001011101 R
#2947
b1100001011110 E
b1100001011110 R
#2948
b1100001011111 E
b1100001011111 R
#2949
b1100001100000 E
b1100001100000 R
#2950
b1100001100001 E
b1100001100001 R
#2951
b1100001100010 E
b1100001100010 R
#2952
b1100001100011 E
b1100001100011 R
#2953
b1100001100100 E
b1100001100100 R
#2954
b1100001100101 E
b1100001100101 R
#2955
b1100001100110 E
b1100001100110 R
#2956
b1100001100111 E
b1100001100111 R
#2957
b1100001101000 E
b1100001101000 R
#2958
b1100001101001 E
b1100001101001 R
#2959
b1100001101010 E
b1100001101010 R
#2960
b1100001101011 E
b1100001101011 R
#2961
b1100001101100 E
b1100001101100 R
#2962
b1100001101101 E
b1100001101101 R
#2963
b1100001101110 E
b1100001101110 R
#2964
b1100001101111 E
b1100001101111 R
#2965
b1100001110000 E
b1100001110000 R
#2966
b1100001110001 E
b1100001110001 R
#2967
b1100001110010 E
b1100001110010 R
#2968
b1100001110011 E
b1100001110011 R
#2969
b1100001110100 E
b1100001110100 R
#2970
b1100001110101 E
b1100001110101 R
#2971
b1100001110110 E
b1100001110110 R
#2972
b1100001110111 E
b1100001110111 R
#2973
b1100001111000 E
b1100001111000 R
#2974
b1100001111001 E
b1100001111001 R
#2975
b1100001111010 E
b1100001111010 R
#2976
b1100001111011 E
b1100001111011 R
#2977
b1100001111100 E
b1100001111100 R
#2978
b1100001111101 E
b1100001111101 R
#2979
b1100001111110 E
b1100001111110 R
#2980
b1100001111111 E
b1100001111111 R
#2981
b1100010000000 E
b1100010000000 R
#2982
b1100010000001 E
b1100010000001 R
#2983
b1100010000010 E
b1100010000010 R
#2984
b1100010000011 E
b1100010000011 R
#2985
b1100010000100 E
b1100010000100 R
#2986
b1100010000101 E
b1100010000101 R
#2987
b1100010000110 E
b1100010000110 R
#2988
b1100010000111 E
b1100010000111 R
#2989
b1100010001000 E
b1100010001000 R
#2990
b1100010001001 E
b1100010001001 R
#2991
b1100010001010 E
b1100010001010 R
#2992
b1100010001011 E
b1100010001011 R
#2993
b1100010001100 E
b1100010001100 R
#2994
b1100010001101 E
b1100010001101 R
#2995
b1100010001110 E
b1100010001110 R
#2996
b1100010001111 E
b1100010001111 R
#2997
b1100010010000 E
b1100010010000 R
#2998
b1100010010001 E
b1100010010001 R
#2999
b1100010010010 E
b1100010010010 R
#3000
b1100010010011 E
b1100010010011 R
#3001
b1100010010100 E
b1100010010100 R
#3002
b1100010010101 E
b1100010010101 R
#3003
b1100010010110 E
b1100010010110 R
#3004
b1100010010111 E
b1100010010111 R
#3005
b1100010011000 E
b1100010011000 R
#3006
b1100010011001 E
b1100010011001 R
#3007
b1100010011010 E
b1100010011010 R
#3008
b1100010011011 E
b1100010011011 R
#3009
b1100010011100 E
b1100010011100 R
#3010
b1100010011101 E
b1100010011101 R
#3011
b1100010011110 E
b1100010011110 R
#3012
b1100010011111 E
b1100010011111 R
#3013
b1100010100000 E
b1100010100000 R
#3014
b1100010100001 E
b1100010100001 R
#3015
b1100010100010 E
b1100010100010 R
#3016
b1100010100011 E
b1100010100011 R
#3017
b1100010100100 E
b1100010100100 R
#3018
b1100010100101 E
b1100010100101 R
#3019
b1100010100110 E
b1100010100110 R
#3020
b1100010100111 E
b1100010100111 R
#3021
b1100010101000 E
b1100010101000 R
#3022
b1100010101001 E
b1100010101001 R
#3023
b1100010101010 E
b1100010101010 R
#3024
b1100010101011 E
b1100010101011 R
#3025
b1100010101100 E
b1100010101100 R
#3026
b1100010101101 E
b1100010101101 R
#3027
b1100010101110 E
b1100010101110 R
#3028
b1100010101111 E
b1100010101111 R
#3029
b1100010110000 E
b1100010110000 R
#3030
b1100010110001 E
b1100010110001 R
#3031
b1100010110010 E
b1100010110010 R
#3032
b1100010110011 E
b1100010110011 R
#3033
b1100010110100 E
b1100010110100 R
#3034
b1100010110101 E
b1100010110101 R
#3035
b1100010110110 E
b1100010110110 R
#3036
b1100010110111 E
b1100010110111 R
#3037
b1100010111000 E
b1100010111000 R
#3038
b1100010111001 E
b1100010111001 R
#3039
b1100010111010 E
b1100010111010 R
#3040
b1100010111011 E
b1100010111011 R
#3041
b1100010111100 E
b1100010111100 R
#3042
b1100010111101 E
b1100010111101 R
#3043
b1100010111110 E
b1100010111110 R
#3044
b1100010111111 E
b1100010111111 R
#3045
b1100011000000 E
b1100011000000 R
#3046
b1100011000001 E
b1100011000001 R
#3047
b1100011000010 E
b1100011000010 R
#3048
b1100011000011 E
b1100011000011 R
#3049
b1100011000100 E
b1100011000100 R
#3050
b1100011000101 E
b1100011000101 R
#3051
b1100011000110 E
b1100011000110 R
#3052
b1100011000111 E
b1100011000111 R
#3053
b1100011001000 E
b1100011001000 R
#3054
b1100011001001 E
b1100011001001 R
#3055
b1100011001010 E
b1100011001010 R
#3056
b1100011001011 E
b1100011001011 R
#3057
b1100011001100 E
b1100011001100 R
#3058
b1100011001101 E
b1100011001101 R
#3059
b1100011001110 E
b1100011001110 R
#3060
b1100011001111 E
b1100011001111 R
#3061
b1100011010000 E
b1100011010000 R
#3062
b1100011010001 E
b1100011010001 R
#3063
b1100011010010 E
b1100011010010 R
#3064
b1100011010011 E
b1100011010011 R
#3065
b1100011010100 E
b1100011010100 R
#3066
b1100011010101 E
b1100011010101 R
#3067
b1100011010110 E
b1100011010110 R
#3068
b1100011010111 E
b1100011010111 R
#3069
b1100011011000 E
b1100011011000 R
#3070
b1100011011001 E
b1100011011001 R
#3071
b1100011011010 E
b1100011011010 R
#3072
b1100011011011 E
b1100011011011 R
#3073
b1100011011100 E
b1100011011100 R
#3074
b1100011011101 E
b1100011011101 R
#3075
b1100011011110 E
b1100011011110 R
#3076
b1100011011111 E
b1100011011111 R
#3077
b1100011100000 E
b1100011100000 R
#3078
b1100011100001 E
b1100011100001 R
#3079
b1100011100010 E
b1100011100010 R
#3080
b1100011100011 E
b1100011100011 R
#3081
b1100011100100 E
b1100011100100 R
#3082
b1100011100101 E
b1100011100101 R
#3083
b1100011100110 E
b1100011100110 R
#3084
b1100011100111 E
b1100011100111 R
#3085
b1100011101000 E
b1100011101000 R
#3086
b1100011101001 E
b1100011101001 R
#3087
b1100011101010 E
b1100011101010 R
#3088
b1100011101011 E
b1100011101011 R
#3089
b1100011101100 E
b1100011101100 R
#3090
b1100011101101 E
b1100011101101 R
#3091
b1100011101110 E
b1100011101110 R
#3092
b1100011101111 E
b1100011101111 R
#3093
b1100011110000 E
b1100011110000 R
#3094
b1100011110001 E
b1100011110001 R
#3095
b1100011110010 E
b1100011110010 R
#3096
b1100011110011 E
b1100011110011 R
#3097
b1100011110100 E
b1100011110100 R
#3098
b1100011110101 E
b1100011110101 R
#3099
b1100011110110 E
b1100011110110 R
#3100
b1100011110111 E
b1100011110111 R
#3101
b1100011111000 E
b1100011111000 R
#3102
b1100011111001 E
b1100011111001 R
#3103
b1100011111010 E
b1100011111010 R
#3104
b1100011111011 E
b1100011111011 R
#3105
b1100011111100 E
b1100011111100 R
#3106
b1100011111101 E
b1100011111101 R
#3107
b1100011111110 E
b1100011111110 R
#3108
b1100011111111 E
b1100011111111 R
#3109
b1100100000000 E
b1100100000000 R
#3110
b1100100000001 E
b1100100000001 R
#3111
b1100100000010 E
b1100100000010 R
#3112
b1100100000011 E
b1100100000011 R
#3113
b1100100000100 E
b1100100000100 R
#3114
b1100100000101 E
b1100100000101 R
#3115
b1100100000110 E
b1100100000110 R
#3116
b1100100000111 E
b1100100000111 R
#3117
b1100100001000 E
b1100100001000 R
#3118
b1100100001001 E
b1100100001001 R
#3119
b1100100001010 E
b1100100001010 R
#3120
b1100100001011 E
b1100100001011 R
#3121
b1100100001100 E
b1100100001100 R
#3122
b1100100001101 E
b1100100001101 R
#3123
b1100100001110 E
b1100100001110 R
#3124
b1100100001111 E
b1100100001111 R
#3125
b1100100010000 E
b1100100010000 R
#3126
b1100100010001 E
b1100100010001 R
#3127
b1100100010010 E
b1100100010010 R
#3128
b1100100010011 E
b1100100010011 R
#3129
b1100100010100 E
b1100100010100 R
#3130
b1100100010101 E
b1100100010101 R
#3131
b1100100010110 E
b1100100010110 R
#3132
b1100100010111 E
b1100100010111 R
#3133
b1100100011000 E
b1100100011000 R
#3134
b1100100011001 E
b1100100011001 R
#3135
b1100100011010 E
b1100100011010 R
#3136
b1100100011011 E
b1100100011011 R
#3137
b1100100011100 E
b1100100011100 R
#3138
b1100100011101 E
b1100100011101 R
#3139
b1100100011110 E
b1100100011110 R
#3140
b1100100011111 E
b1100100011111 R
#3141
b1100100100000 E
b1100100100000 R
#3142
b1100100100001 E
b1100100100001 R
#3143
b1100100100010 E
b1100100100010 R
#3144
b1100100100011 E
b1100100100011 R
#3145
b1100100100100 E
b1100100100100 R
#3146
b1100100100101 E
b1100100100101 R
#3147
b1100100100110 E
b1100100100110 R
#3148
b1100100100111 E
b1100100100111 R
#3149
b1100100101000 E
b1100100101000 R
#3150
b1100100101001 E
b1100100101001 R
#3151
b1100100101010 E
b1100100101010 R
#3152
b1100100101011 E
b1100100101011 R
#3153
b1100100101100 E
b1100100101100 R
#3154
b1100100101101 E
b1100100101101 R
#3155
b1100100101110 E
b1100100101110 R
#3156
b1100100101111 E
b1100100101111 R
#3157
b1100100110000 E
b1100100110000 R
#3158
b1100100110001 E
b1100100110001 R
#3159
b1100100110010 E
b1100100110010 R
#3160
b1100100110011 E
b1100100110011 R
#3161
b1100100110100 E
b1100100110100 R
#3162
b1100100110101 E
b1100100110101 R
#3163
b1100100110110 E
b1100100110110 R
#3164
b1100100110111 E
b1100100110111 R
#3165
b1100100111000 E
b1100100111000 R
#3166
b1100100111001 E
b1100100111001 R
#3167
b1100100111010 E
b1100100111010 R
#3168
b1100100111011 E
b1100100111011 R
#3169
b1100100111100 E
b1100100111100 R
#3170
b1100100111101 E
b1100100111101 R
#3171
b1100100111110 E
b1100100111110 R
#3172
b1100100111111 E
b1100100111111 R
#3173
b1100101000000 E
b1100101000000 R
#3174
b1100101000001 E
b1100101000001 R
#3175
b1100101000010 E
b1100101000010 R
#3176
b1100101000011 E
b1100101000011 R
#3177
b1100101000100 E
b1100101000100 R
#3178
b1100101000101 E
b1100101000101 R
#3179
b1100101000110 E
b1100101000110 R
#3180
b1100101000111 E
b1100101000111 R
#3181
b1100101001000 E
b1100101001000 R
#3182
b1100101001001 E
b1100101001001 R
#3183
b1100101001010 E
b1100101001010 R
#3184
b1100101001011 E
b1100101001011 R
#3185
b1100101001100 E
b1100101001100 R
#3186
b1100101001101 E
b1100101001101 R
#3187
b1100101001110 E
b1100101001110 R
#3188
b1100101001111 E
b1100101001111 R
#3189
b1100101010000 E
b1100101010000 R
#3190
b1100101010001 E
b1100101010001 R
#3191
b1100101010010 E
b1100101010010 R
#3192
b1100101010011 E
b1100101010011 R
#3193
b1100101010100 E
b1100101010100 R
#3194
b1100101010101 E
b1100101010101 R
#3195
b1100101010110 E
b1100101010110 R
#3196
b1100101010111 E
b1100101010111 R
#3197
b1100101011000 E
b1100101011000 R
#3198
b1100101011001 E
b1100101011001 R
#3199
b1100101011010 E
b1100101011010 R
#3200
b1100101011011 E
b1100101011011 R
#3201
b1100101011100 E
b1100101011100 R
#3202
b1100101011101 E
b1100101011101 R
#3203
b1100101011110 E
b1100101011110 R
#3204
b1100101011111 E
b1100101011111 R
#3205
b1100101100000 E
b1100101100000 R
#3206
b1100101100001 E
b1100101100001 R
#3207
b1100101100010 E
b1100101100010 R
#3208
b1100101100011 E
b1100101100011 R
#3209
b1100101100100 E
b1100101100100 R
#3210
b1100101100101 E
b1100101100101 R
#3211
b1100101100110 E
b1100101100110 R
#3212
b1100101100111 E
b1100101100111 R
#3213
b1100101101000 E
b1100101101000 R
#3214
b1100101101001 E
b1100101101001 R
#3215
b1100101101010 E
b1100101101010 R
#3216
b1100101101011 E
b1100101101011 R
#3217
b1100101101100 E
b1100101101100 R
#3218
b1100101101101 E
b1100101101101 R
#3219
b1100101101110 E
b1100101101110 R
#3220
b1100101101111 E
b1100101101111 R
#3221
b1100101110000 E
b1100101110000 R
#3222
b1100101110001 E
b1100101110001 R
#3223
b1100101110010 E
b1100101110010 R
#3224
b1100101110011 E
b1100101110011 R
#3225
b1100101110100 E
b1100101110100 R
#3226
b1100101110101 E
b1100101110101 R
#3227
b1100101110110 E
b1100101110110 R
#3228
b1100101110111 E
b1100101110111 R
#3229
b1100101111000 E
b1100101111000 R
#3230
b1100101111001 E
b1100101111001 R
#3231
b1100101111010 E
b1100101111010 R
#3232
b1100101111011 E
b1100101111011 R
#3233
b1100101111100 E
b1100101111100 R
#3234
b1100101111101 E
b1100101111101 R
#3235
b1100101111110 E
b1100101111110 R
#3236
b1100101111111 E
b1100101111111 R
#3237
b1100110000000 E
b1100110000000 R
#3238
b1100110000001 E
b1100110000001 R
#3239
b1100110000010 E
b1100110000010 R
#3240
b1100110000011 E
b1100110000011 R
#3241
b1100110000100 E
b1100110000100 R
#3242
b1100110000101 E
b1100110000101 R
#3243
b1100110000110 E
b1100110000110 R
#3244
b1100110000111 E
b1100110000111 R
#3245
b1100110001000 E
b1100110001000 R
#3246
b1100110001001 E
b1100110001001 R
#3247
b1100110001010 E
b1100110001010 R
#3248
b1100110001011 E
b1100110001011 R
#3249
b1100110001100 E
b1100110001100 R
#3250
b1100110001101 E
b1100110001101 R
#3251
b1100110001110 E
b1100110001110 R
#3252
b1100110001111 E
b1100110001111 R
#3253
b1100110010000 E
b1100110010000 R
#3254
b1100110010001 E
b1100110010001 R
#3255
b1100110010010 E
b1100110010010 R
#3256
b1100110010011 E
b1100110010011 R
#3257
b1100110010100 E
b1100110010100 R
#3258
b1100110010101 E
b1100110010101 R
#3259
b1100110010110 E
b1100110010110 R
#3260
b1100110010111 E
b1100110010111 R
#3261
b1100110011000 E
b1100110011000 R
#3262
b1100110011001 E
b1100110011001 R
#3263
b1100110011010 E
b1100110011010 R
#3264
b1100110011011 E
b1100110011011 R
#3265
b1100110011100 E
b1100110011100 R
#3266
b1100110011101 E
b1100110011101 R
#3267
b1100110011110 E
b1100110011110 R
#3268
b1100110011111 E
b1100110011111 R
#3269
b1100110100000 E
b1100110100000 R
#3270
b1100110100001 E
b1100110100001 R
#3271
b1100110100010 E
b1100110100010 R
#3272
b1100110100011 E
b1100110100011 R
#3273
b1100110100100 E
b1100110100100 R
#3274
b1100110100101 E
b1100110100101 R
#3275
b1100110100110 E
b1100110100110 R
#3276
b1100110100111 E
b1100110100111 R
#3277
b1100110101000 E
b1100110101000 R
#3278
b1100110101001 E
b1100110101001 R
#3279
b1100110101010 E
b1100110101010 R
#3280
b1100110101011 E
b1100110101011 R
#3281
b1100110101100 E
b1100110101100 R
#3282
b1100110101101 E
b1100110101101 R
#3283
b1100110101110 E
b1100110101110 R
#3284
b1100110101111 E
b1100110101111 R
#3285
b1100110110000 E
b1100110110000 R
#3286
b1100110110001 E
b1100110110001 R
#3287
b1100110110010 E
b1100110110010 R
#3288
b1100110110011 E
b1100110110011 R
#3289
b1100110110100 E
b1100110110100 R
#3290
b1100110110101 E
b1100110110101 R
#3291
b1100110110110 E
b1100110110110 R
#3292
b1100110110111 E
b1100110110111 R
#3293
b1100110111000 E
b1100110111000 R
#3294
b1100110111001 E
b1100110111001 R
#3295
b1100110111010 E
b1100110111010 R
#3296
b1100110111011 E
b1100110111011 R
#3297
b1100110111100 E
b1100110111100 R
#3298
b1100110111101 E
b1100110111101 R
#3299
b1100110111110 E
b1100110111110 R
#3300
b1100110111111 E
b1100110111111 R
#3301
b1100111000000 E
b1100111000000 R
#3302
b1100111000001 E
b1100111000001 R
#3303
b1100111000010 E
b1100111000010 R
#3304
b1100111000011 E
b1100111000011 R
#3305
b1100111000100 E
b1100111000100 R
#3306
b1100111000101 E
b1100111000101 R
#3307
b1100111000110 E
b1100111000110 R
#3308
b1100111000111 E
b1100111000111 R
#3309
b1100111001000 E
b1100111001000 R
#3310
b1100111001001 E
b1100111001001 R
#3311
b1100111001010 E
b1100111001010 R
#3312
b1100111001011 E
b1100111001011 R
#3313
b1100111001100 E
b1100111001100 R
#3314
b1100111001101 E
b1100111001101 R
#3315
b1100111001110 E
b1100111001110 R
#3316
b1100111001111 E
b1100111001111 R
#3317
b1100111010000 E
b1100111010000 R
#3318
b1100111010001 E
b1100111010001 R
#3319
b1100111010010 E
b1100111010010 R
#3320
b1100111010011 E
b1100111010011 R
#3321
b1100111010100 E
b1100111010100 R
#3322
b1100111010101 E
b1100111010101 R
#3323
b1100111010110 E
b1100111010110 R
#3324
b1100111010111 E
b1100111010111 R
#3325
b1100111011000 E
b1100111011000 R
#3326
b1100111011001 E
b1100111011001 R
#3327
b1100111011010 E
b1100111011010 R
#3328
b1100111011011 E
b1100111011011 R
#3329
b1100111011100 E
b1100111011100 R
#3330
b1100111011101 E
b1100111011101 R
#3331
b1100111011110 E
b1100111011110 R
#3332
b1100111011111 E
b1100111011111 R
#3333
b1100111100000 E
b1100111100000 R
#3334
b1100111100001 E
b1100111100001 R
#3335
b1100111100010 E
b1100111100010 R
#3336
b1100111100011 E
b1100111100011 R
#3337
b1100111100100 E
b1100111100100 R
#3338
b1100111100101 E
b1100111100101 R
#3339
b1100111100110 E
b1100111100110 R
#3340
b1100111100111 E
b1100111100111 R
#3341
b1100111101000 E
b1100111101000 R
#3342
b1100111101001 E
b1100111101001 R
#3343
b1100111101010 E
b1100111101010 R
#3344
b1100111101011 E
b1100111101011 R
#3345
b1100111101100 E
b1100111101100 R
#3346
b1100111101101 E
b1100111101101 R
#3347
b1100111101110 E
b1100111101110 R
#3348
b1100111101111 E
b1100111101111 R
#3349
b1100111110000 E
b1100111110000 R
#3350
b1100111110001 E
b1100111110001 R
#3351
b1100111110010 E
b1100111110010 R
#3352
b1100111110011 E
b1100111110011 R
#3353
b1100111110100 E
b1100111110100 R
#3354
b1100111110101 E
b1100111110101 R
#3355
b1100111110110 E
b1100111110110 R
#3356
b1100111110111 E
b1100111110111 R
#3357
b1100111111000 E
b1100111111000 R
#3358
b1100111111001 E
b1100111111001 R
#3359
b1100111111010 E
b1100111111010 R
#3360
b1100111111011 E
b1100111111011 R
#3361
b1100111111100 E
b1100111111100 R
#3362
b1100111111101 E
b1100111111101 R
#3363
b1100111111110 E
b1100111111110 R
#3364
b1100111111111 E
b1100111111111 R
#3365
b1101000000000 E
b1101000000000 R
#3366
b1101000000001 E
b1101000000001 R
#3367
b1101000000010 E
b1101000000010 R
#3368
b1101000000011 E
b1101000000011 R
#3369
b1101000000100 E
b1101000000100 R
#3370
b1101000000101 E
b1101000000101 R
#3371
b1101000000110 E
b1101000000110 R
#3372
b1101000000111 E
b1101000000111 R
#3373
b1101000001000 E
b1101000001000 R
#3374
b1101000001001 E
b1101000001001 R
#3375
b1101000001010 E
b1101000001010 R
#3376
b1101000001011 E
b1101000001011 R
#3377
b1101000001100 E
b1101000001100 R
#3378
b1101000001101 E
b1101000001101 R
#3379
b1101000001110 E
b1101000001110 R
#3380
b1101000001111 E
b1101000001111 R
#3381
b1101000010000 E
b1101000010000 R
#3382
b1101000010001 E
b1101000010001 R
#3383
b1101000010010 E
b1101000010010 R
#3384
b1101000010011 E
b1101000010011 R
#3385
b1101000010100 E
b1101000010100 R
#3386
b1101000010101 E
b1101000010101 R
#3387
b1101000010110 E
b1101000010110 R
#3388
b1101000010111 E
b1101000010111 R
#3389
b1101000011000 E
b1101000011000 R
#3390
b1101000011001 E
b1101000011001 R
#3391
b1101000011010 E
b1101000011010 R
#3392
b1101000011011 E
b1101000011011 R
#3393
b1101000011100 E
b1101000011100 R
#3394
b1101000011101 E
b1101000011101 R
#3395
b1101000011110 E
b1101000011110 R
#3396
b1101000011111 E
b1101000011111 R
#3397
b1101000100000 E
b1101000100000 R
#3398
b1101000100001 E
b1101000100001 R
#3399
b1101000100010 E
b1101000100010 R
#3400
b1101000100011 E
b1101000100011 R
#3401
b1101000100100 E
b1101000100100 R
#3402
b1101000100101 E
b1101000100101 R
#3403
b1101000100110 E
b1101000100110 R
#3404
b1101000100111 E
b1101000100111 R
#3405
b1101000101000 E
b1101000101000 R
#3406
b1101000101001 E
b1101000101001 R
#3407
b1101000101010 E
b1101000101010 R
#3408
b1101000101011 E
b1101000101011 R
#3409
b1101000101100 E
b1101000101100 R
#3410
b1101000101101 E
b1101000101101 R
#3411
b1101000101110 E
b1101000101110 R
#3412
b1101000101111 E
b1101000101111 R
#3413
b1101000110000 E
b1101000110000 R
#3414
b1101000110001 E
b1101000110001 R
#3415
b1101000110010 E
b1101000110010 R
#3416
b1101000110011 E
b1101000110011 R
#3417
b1101000110100 E
b1101000110100 R
#3418
b1101000110101 E
b1101000110101 R
#3419
b1101000110110 E
b1101000110110 R
#3420
b1101000110111 E
b1101000110111 R
#3421
b1101000111000 E
b1101000111000 R
#3422
b1101000111001 E
b1101000111001 R
#3423
b1101000111010 E
b1101000111010 R
#3424
b1101000111011 E
b1101000111011 R
#3425
b1101000111100 E
b1101000111100 R
#3426
b1101000111101 E
b1101000111101 R
#3427
b1101000111110 E
b1101000111110 R
#3428
b1101000111111 E
b1101000111111 R
#3429
b1101001000000 E
b1101001000000 R
#3430
b1101001000001 E
b1101001000001 R
#3431
b1101001000010 E
b1101001000010 R
#3432
b1101001000011 E
b1101001000011 R
#3433
b1101001000100 E
b1101001000100 R
#3434
b1101001000101 E
b1101001000101 R
#3435
b1101001000110 E
b1101001000110 R
#3436
b1101001000111 E
b1101001000111 R
#3437
b1101001001000 E
b1101001001000 R
#3438
b1101001001001 E
b1101001001001 R
#3439
b1101001001010 E
b1101001001010 R
#3440
b1101001001011 E
b1101001001011 R
#3441
b1101001001100 E
b1101001001100 R
#3442
b1101001001101 E
b1101001001101 R
#3443
b1101001001110 E
b1101001001110 R
#3444
b1101001001111 E
b1101001001111 R
#3445
b1101001010000 E
b1101001010000 R
#3446
b1101001010001 E
b1101001010001 R
#3447
b1101001010010 E
b1101001010010 R
#3448
b1101001010011 E
b1101001010011 R
#3449
b1101001010100 E
b1101001010100 R
#3450
b1101001010101 E
b1101001010101 R
#3451
b1101001010110 E
b1101001010110 R
#3452
b1101001010111 E
b1101001010111 R
#3453
b1101001011000 E
b1101001011000 R
#3454
b1101001011001 E
b1101001011001 R
#3455
b1101001011010 E
b1101001011010 R
#3456
b1101001011011 E
b1101001011011 R
#3457
b1101001011100 E
b1101001011100 R
#3458
b1101001011101 E
b1101001011101 R
#3459
b1101001011110 E
b1101001011110 R
#3460
b1101001011111 E
b1101001011111 R
#3461
b1101001100000 E
b1101001100000 R
#3462
b1101001100001 E
b1101001100001 R
#3463
b1101001100010 E
b1101001100010 R
#3464
b1101001100011 E
b1101001100011 R
#3465
b1101001100100 E
b1101001100100 R
#3466
b1101001100101 E
b1101001100101 R
#3467
b1101001100110 E
b1101001100110 R
#3468
b1101001100111 E
b1101001100111 R
#3469
b1101001101000 E
b1101001101000 R
#3470
b1101001101001 E
b1101001101001 R
#3471
b1101001101010 E
b1101001101010 R
#3472
b1101001101011 E
b1101001101011 R
#3473
b1101001101100 E
b1101001101100 R
#3474
b1101001101101 E
b1101001101101 R
#3475
b1101001101110 E
b1101001101110 R
#3476
b1101001101111 E
b1101001101111 R
#3477
b1101001110000 E
b1101001110000 R
#3478
b1101001110001 E
b1101001110001 R
#3479
b1101001110010 E
b1101001110010 R
#3480
b1101001110011 E
b1101001110011 R
#3481
b1101001110100 E
b1101001110100 R
#3482
b1101001110101 E
b1101001110101 R
#3483
b1101001110110 E
b1101001110110 R
#3484
b1101001110111 E
b1101001110111 R
#3485
b1101001111000 E
b1101001111000 R
#3486
b1101001111001 E
b1101001111001 R
#3487
b1101001111010 E
b1101001111010 R
#3488
b1101001111011 E
b1101001111011 R
#3489
b1101001111100 E
b1101001111100 R
#3490
b1101001111101 E
b1101001111101 R
#3491
b1101001111110 E
b1101001111110 R
#3492
b1101001111111 E
b1101001111111 R
#3493
b1101010000000 E
b1101010000000 R
#3494
b1101010000001 E
b1101010000001 R
#3495
b1101010000010 E
b1101010000010 R
#3496
b1101010000011 E
b1101010000011 R
#3497
b1101010000100 E
b1101010000100 R
#3498
b1101010000101 E
b1101010000101 R
#3499
b1101010000110 E
b1101010000110 R
#3500
b1101010000111 E
b1101010000111 R
#3501
b1101010001000 E
b1101010001000 R
#3502
b1101010001001 E
b1101010001001 R
#3503
b1101010001010 E
b1101010001010 R
#3504
b1101010001011 E
b1101010001011 R
#3505
b1101010001100 E
b1101010001100 R
#3506
b1101010001101 E
b1101010001101 R
#3507
b1101010001110 E
b1101010001110 R
#3508
b1101010001111 E
b1101010001111 R
#3509
b1101010010000 E
b1101010010000 R
#3510
b1101010010001 E
b1101010010001 R
#3511
b1101010010010 E
b1101010010010 R
#3512
b1101010010011 E
b1101010010011 R
#3513
b1101010010100 E
b1101010010100 R
#3514
b1101010010101 E
b1101010010101 R
#3515
b1101010010110 E
b1101010010110 R
#3516
b1101010010111 E
b1101010010111 R
#3517
b1101010011000 E
b1101010011000 R
#3518
b1101010011001 E
b1101010011001 R
#3519
b1101010011010 E
b1101010011010 R
#3520
b1101010011011 E
b1101010011011 R
#3521
b1101010011100 E
b1101010011100 R
#3522
b1101010011101 E
b1101010011101 R
#3523
b1101010011110 E
b1101010011110 R
#3524
b1101010011111 E
b1101010011111 R
#3525
b1101010100000 E
b1101010100000 R
#3526
b1101010100001 E
b1101010100001 R
#3527
b1101010100010 E
b1101010100010 R
#3528
b1101010100011 E
b1101010100011 R
#3529
b1101010100100 E
b1101010100100 R
#3530
b1101010100101 E
b1101010100101 R
#3531
b1101010100110 E
b1101010100110 R
#3532
b1101010100111 E
b1101010100111 R
#3533
b1101010101000 E
b1101010101000 R
#3534
b1101010101001 E
b1101010101001 R
#3535
b1101010101010 E
b1101010101010 R
#3536
b1101010101011 E
b1101010101011 R
#3537
b1101010101100 E
b1101010101100 R
#3538
b1101010101101 E
b1101010101101 R
#3539
b1101010101110 E
b1101010101110 R
#3540
b1101010101111 E
b1101010101111 R
#3541
b1101010110000 E
b1101010110000 R
#3542
b1101010110001 E
b1101010110001 R
#3543
b1101010110010 E
b1101010110010 R
#3544
b1101010110011 E
b1101010110011 R
#3545
b1101010110100 E
b1101010110100 R
#3546
b1101010110101 E
b1101010110101 R
#3547
b1101010110110 E
b1101010110110 R
#3548
b1101010110111 E
b1101010110111 R
#3549
b1101010111000 E
b1101010111000 R
#3550
b1101010111001 E
b1101010111001 R
#3551
b1101010111010 E
b1101010111010 R
#3552
b1101010111011 E
b1101010111011 R
#3553
b1101010111100 E
b1101010111100 R
#3554
b1101010111101 E
b1101010111101 R
#3555
b1101010111110 E
b1101010111110 R
#3556
b1101010111111 E
b1101010111111 R
#3557
b1101011000000 E
b1101011000000 R
#3558
b1101011000001 E
b1101011000001 R
#3559
b1101011000010 E
b1101011000010 R
#3560
b1101011000011 E
b1101011000011 R
#3561
b1101011000100 E
b1101011000100 R
#3562
b1101011000101 E
b1101011000101 R
#3563
b1101011000110 E
b1101011000110 R
#3564
b1101011000111 E
b1101011000111 R
#3565
b1101011001000 E
b1101011001000 R
#3566
b1101011001001 E
b1101011001001 R
#3567
b1101011001010 E
b1101011001010 R
#3568
b1101011001011 E
b1101011001011 R
#3569
b1101011001100 E
b1101011001100 R
#3570
b1101011001101 E
b1101011001101 R
#3571
b1101011001110 E
b1101011001110 R
#3572
b1101011001111 E
b1101011001111 R
#3573
b1101011010000 E
b1101011010000 R
#3574
b1101011010001 E
b1101011010001 R
#3575
b1101011010010 E
b1101011010010 R
#3576
b1101011010011 E
b1101011010011 R
#3577
b1101011010100 E
b1101011010100 R
#3578
b1101011010101 E
b1101011010101 R
#3579
b1101011010110 E
b1101011010110 R
#3580
b1101011010111 E
b1101011010111 R
#3581
b1101011011000 E
b1101011011000 R
#3582
b1101011011001 E
b1101011011001 R
#3583
b1101011011010 E
b1101011011010 R
#3584
b1101011011011 E
b1101011011011 R
#3585
b1101011011100 E
b1101011011100 R
#3586
b1101011011101 E
b1101011011101 R
#3587
b1101011011110 E
b1101011011110 R
#3588
b1101011011111 E
b1101011011111 R
#3589
b1101011100000 E
b1101011100000 R
#3590
b1101011100001 E
b1101011100001 R
#3591
b1101011100010 E
b1101011100010 R
#3592
b1101011100011 E
b1101011100011 R
#3593
b1101011100100 E
b1101011100100 R
#3594
b1101011100101 E
b1101011100101 R
#3595
b1101011100110 E
b1101011100110 R
#3596
b1101011100111 E
b1101011100111 R
#3597
b1101011101000 E
b1101011101000 R
#3598
b1101011101001 E
b1101011101001 R
#3599
b1101011101010 E
b1101011101010 R
#3600
b1101011101011 E
b1101011101011 R
#3601
b1101011101100 E
b1101011101100 R
#3602
b1101011101101 E
b1101011101101 R
#3603
b1101011101110 E
b1101011101110 R
#3604
b1101011101111 E
b1101011101111 R
#3605
b1101011110000 E
b1101011110000 R
#3606
b1101011110001 E
b1101011110001 R
#3607
b1101011110010 E
b1101011110010 R
#3608
b1101011110011 E
b1101011110011 R
#3609
b1101011110100 E
b1101011110100 R
#3610
b1101011110101 E
b1101011110101 R
#3611
b1101011110110 E
b1101011110110 R
#3612
b1101011110111 E
b1101011110111 R
#3613
b1101011111000 E
b1101011111000 R
#3614
b1101011111001 E
b1101011111001 R
#3615
b1101011111010 E
b1101011111010 R
#3616
b1101011111011 E
b1101011111011 R
#3617
b1101011111100 E
b1101011111100 R
#3618
b1101011111101 E
b1101011111101 R
#3619
b1101011111110 E
b1101011111110 R
#3620
b1101011111111 E
b1101011111111 R
#3621
b1101100000000 E
b1101100000000 R
#3622
b1101100000001 E
b1101100000001 R
#3623
b1101100000010 E
b1101100000010 R
#3624
b1101100000011 E
b1101100000011 R
#3625
b1101100000100 E
b1101100000100 R
#3626
b1101100000101 E
b1101100000101 R
#3627
b1101100000110 E
b1101100000110 R
#3628
b1101100000111 E
b1101100000111 R
#3629
b1101100001000 E
b1101100001000 R
#3630
b1101100001001 E
b1101100001001 R
#3631
b1101100001010 E
b1101100001010 R
#3632
b1101100001011 E
b1101100001011 R
#3633
b1101100001100 E
b1101100001100 R
#3634
b1101100001101 E
b1101100001101 R
#3635
b1101100001110 E
b1101100001110 R
#3636
b1101100001111 E
b1101100001111 R
#3637
b1101100010000 E
b1101100010000 R
#3638
b1101100010001 E
b1101100010001 R
#3639
b1101100010010 E
b1101100010010 R
#3640
b1101100010011 E
b1101100010011 R
#3641
b1101100010100 E
b1101100010100 R
#3642
b1101100010101 E
b1101100010101 R
#3643
b1101100010110 E
b1101100010110 R
#3644
b1101100010111 E
b1101100010111 R
#3645
b1101100011000 E
b1101100011000 R
#3646
b1101100011001 E
b1101100011001 R
#3647
b1101100011010 E
b1101100011010 R
#3648
b1101100011011 E
b1101100011011 R
#3649
b1101100011100 E
b1101100011100 R
#3650
b1101100011101 E
b1101100011101 R
#3651
b1101100011110 E
b1101100011110 R
#3652
b1101100011111 E
b1101100011111 R
#3653
b1101100100000 E
b1101100100000 R
#3654
b1101100100001 E
b1101100100001 R
#3655
b1101100100010 E
b1101100100010 R
#3656
b1101100100011 E
b1101100100011 R
#3657
b1101100100100 E
b1101100100100 R
#3658
b1101100100101 E
b1101100100101 R
#3659
b1101100100110 E
b1101100100110 R
#3660
b1101100100111 E
b1101100100111 R
#3661
b1101100101000 E
b1101100101000 R
#3662
b1101100101001 E
b1101100101001 R
#3663
b1101100101010 E
b1101100101010 R
#3664
b1101100101011 E
b1101100101011 R
#3665
b1101100101100 E
b1101100101100 R
#3666
b1101100101101 E
b1101100101101 R
#3667
b1101100101110 E
b1101100101110 R
#3668
b1101100101111 E
b1101100101111 R
#3669
b1101100110000 E
b1101100110000 R
#3670
b1101100110001 E
b1101100110001 R
#3671
b1101100110010 E
b1101100110010 R
#3672
b1101100110011 E
b1101100110011 R
#3673
b1101100110100 E
b1101100110100 R
#3674
b1101100110101 E
b1101100110101 R
#3675
b1101100110110 E
b1101100110110 R
#3676
b1101100110111 E
b1101100110111 R
#3677
b1101100111000 E
b1101100111000 R
#3678
b1101100111001 E
b1101100111001 R
#3679
b1101100111010 E
b1101100111010 R
#3680
b1101100111011 E
b1101100111011 R
#3681
b1101100111100 E
b1101100111100 R
#3682
b1101100111101 E
b1101100111101 R
#3683
b1101100111110 E
b1101100111110 R
#3684
b1101100111111 E
b1101100111111 R
#3685
b1101101000000 E
b1101101000000 R
#3686
b1101101000001 E
b1101101000001 R
#3687
b1101101000010 E
b1101101000010 R
#3688
b1101101000011 E
b1101101000011 R
#3689
b1101101000100 E
b1101101000100 R
#3690
b1101101000101 E
b1101101000101 R
#3691
b1101101000110 E
b1101101000110 R
#3692
b1101101000111 E
b1101101000111 R
#3693
b1101101001000 E
b1101101001000 R
#3694
b1101101001001 E
b1101101001001 R
#3695
b1101101001010 E
b1101101001010 R
#3696
b1101101001011 E
b1101101001011 R
#3697
b1101101001100 E
b1101101001100 R
#3698
b1101101001101 E
b1101101001101 R
#3699
b1101101001110 E
b1101101001110 R
#3700
b1101101001111 E
b1101101001111 R
#3701
b1101101010000 E
b1101101010000 R
#3702
b1101101010001 E
b1101101010001 R
#3703
b1101101010010 E
b1101101010010 R
#3704
b1101101010011 E
b1101101010011 R
#3705
b1101101010100 E
b1101101010100 R
#3706
b1101101010101 E
b1101101010101 R
#3707
b1101101010110 E
b1101101010110 R
#3708
b1101101010111 E
b1101101010111 R
#3709
b1101101011000 E
b1101101011000 R
#3710
b1101101011001 E
b1101101011001 R
#3711
b1101101011010 E
b1101101011010 R
#3712
b1101101011011 E
b1101101011011 R
#3713
b1101101011100 E
b1101101011100 R
#3714
b1101101011101 E
b1101101011101 R
#3715
b1101101011110 E
b1101101011110 R
#3716
b1101101011111 E
b1101101011111 R
#3717
b1101101100000 E
b1101101100000 R
#3718
b1101101100001 E
b1101101100001 R
#3719
b1101101100010 E
b1101101100010 R
#3720
b1101101100011 E
b1101101100011 R
#3721
b1101101100100 E
b1101101100100 R
#3722
b1101101100101 E
b1101101100101 R
#3723
b1101101100110 E
b1101101100110 R
#3724
b1101101100111 E
b1101101100111 R
#3725
b1101101101000 E
b1101101101000 R
#3726
b1101101101001 E
b1101101101001 R
#3727
b1101101101010 E
b1101101101010 R
#3728
b1101101101011 E
b1101101101011 R
#3729
b1101101101100 E
b1101101101100 R
#3730
b1101101101101 E
b1101101101101 R
#3731
b1101101101110 E
b1101101101110 R
#3732
b1101101101111 E
b1101101101111 R
#3733
b1101101110000 E
b1101101110000 R
#3734
b1101101110001 E
b1101101110001 R
#3735
b1101101110010 E
b1101101110010 R
#3736
b1101101110011 E
b1101101110011 R
#3737
b1101101110100 E
b1101101110100 R
#3738
b1101101110101 E
b1101101110101 R
#3739
b1101101110110 E
b1101101110110 R
#3740
b1101101110111 E
b1101101110111 R
#3741
b1101101111000 E
b1101101111000 R
#3742
b1101101111001 E
b1101101111001 R
#3743
b1101101111010 E
b1101101111010 R
#3744
b1101101111011 E
b1101101111011 R
#3745
b1101101111100 E
b1101101111100 R
#3746
b1101101111101 E
b1101101111101 R
#3747
b1101101111110 E
b1101101111110 R
#3748
b1101101111111 E
b1101101111111 R
#3749
b1101110000000 E
b1101110000000 R
#3750
b1101110000001 E
b1101110000001 R
#3751
b1101110000010 E
b1101110000010 R
#3752
b1101110000011 E
b1101110000011 R
#3753
b1101110000100 E
b1101110000100 R
#3754
b1101110000101 E
b1101110000101 R
#3755
b1101110000110 E
b1101110000110 R
#3756
b1101110000111 E
b1101110000111 R
#3757
b1101110001000 E
b1101110001000 R
#3758
b1101110001001 E
b1101110001001 R
#3759
b1101110001010 E
b1101110001010 R
#3760
b1101110001011 E
b1101110001011 R
#3761
b1101110001100 E
b1101110001100 R
#3762
b1101110001101 E
b1101110001101 R
#3763
b1101110001110 E
b1101110001110 R
#3764
b1101110001111 E
b1101110001111 R
#3765
b1101110010000 E
b1101110010000 R
#3766
b1101110010001 E
b1101110010001 R
#3767
b1101110010010 E
b1101110010010 R
#3768
b1101110010011 E
b1101110010011 R
#3769
b1101110010100 E
b1101110010100 R
#3770
b1101110010101 E
b1101110010101 R
#3771
b1101110010110 E
b1101110010110 R
#3772
b1101110010111 E
b1101110010111 R
#3773
b1101110011000 E
b1101110011000 R
#3774
b1101110011001 E
b1101110011001 R
#3775
b1101110011010 E
b1101110011010 R
#3776
b1101110011011 E
b1101110011011 R
#3777
b1101110011100 E
b1101110011100 R
#3778
b1101110011101 E
b1101110011101 R
#3779
b1101110011110 E
b1101110011110 R
#3780
b1101110011111 E
b1101110011111 R
#3781
b1101110100000 E
b1101110100000 R
#3782
b1101110100001 E
b1101110100001 R
#3783
b1101110100010 E
b1101110100010 R
#3784
b1101110100011 E
b1101110100011 R
#3785
b1101110100100 E
b1101110100100 R
#3786
b1101110100101 E
b1101110100101 R
#3787
b1101110100110 E
b1101110100110 R
#3788
b1101110100111 E
b1101110100111 R
#3789
b1101110101000 E
b1101110101000 R
#3790
b1101110101001 E
b1101110101001 R
#3791
b1101110101010 E
b1101110101010 R
#3792
b1101110101011 E
b1101110101011 R
#3793
b1101110101100 E
b1101110101100 R
#3794
b1101110101101 E
b1101110101101 R
#3795
b1101110101110 E
b1101110101110 R
#3796
b1101110101111 E
b1101110101111 R
#3797
b1101110110000 E
b1101110110000 R
#3798
b1101110110001 E
b1101110110001 R
#3799
b1101110110010 E
b1101110110010 R
#3800
b1101110110011 E
b1101110110011 R
#3801
b1101110110100 E
b1101110110100 R
#3802
b1101110110101 E
b1101110110101 R
#3803
b1101110110110 E
b1101110110110 R
#3804
b1101110110111 E
b1101110110111 R
#3805
b1101110111000 E
b1101110111000 R
#3806
b1101110111001 E
b1101110111001 R
#3807
b1101110111010 E
b1101110111010 R
#3808
b1101110111011 E
b1101110111011 R
#3809
b1101110111100 E
b1101110111100 R
#3810
b1101110111101 E
b1101110111101 R
#3811
b1101110111110 E
b1101110111110 R
#3812
b1101110111111 E
b1101110111111 R
#3813
b1101111000000 E
b1101111000000 R
#3814
b1101111000001 E
b1101111000001 R
#3815
b1101111000010 E
b1101111000010 R
#3816
b1101111000011 E
b1101111000011 R
#3817
b1101111000100 E
b1101111000100 R
#3818
b1101111000101 E
b1101111000101 R
#3819
b1101111000110 E
b1101111000110 R
#3820
b1101111000111 E
b1101111000111 R
#3821
b1101111001000 E
b1101111001000 R
#3822
b1101111001001 E
b1101111001001 R
#3823
b1101111001010 E
b1101111001010 R
#3824
b1101111001011 E
b1101111001011 R
#3825
b1101111001100 E
b1101111001100 R
#3826
b1101111001101 E
b1101111001101 R
#3827
b1101111001110 E
b1101111001110 R
#3828
b1101111001111 E
b1101111001111 R
#3829
b1101111010000 E
b1101111010000 R
#3830
b1101111010001 E
b1101111010001 R
#3831
b1101111010010 E
b1101111010010 R
#3832
b1101111010011 E
b1101111010011 R
#3833
b1101111010100 E
b1101111010100 R
#3834
b1101111010101 E
b1101111010101 R
#3835
b1101111010110 E
b1101111010110 R
#3836
b1101111010111 E
b1101111010111 R
#3837
b1101111011000 E
b1101111011000 R
#3838
b1101111011001 E
b1101111011001 R
#3839
b1101111011010 E
b1101111011010 R
#3840
b1101111011011 E
b1101111011011 R
#3841
b1101111011100 E
b1101111011100 R
#3842
b1101111011101 E
b1101111011101 R
#3843
b1101111011110 E
b1101111011110 R
#3844
b1101111011111 E
b1101111011111 R
#3845
b1101111100000 E
b1101111100000 R
#3846
b1101111100001 E
b1101111100001 R
#3847
b1101111100010 E
b1101111100010 R
#3848
b1101111100011 E
b1101111100011 R
#3849
b1101111100100 E
b1101111100100 R
#3850
b1101111100101 E
b1101111100101 R
#3851
b1101111100110 E
b1101111100110 R
#3852
b1101111100111 E
b1101111100111 R
#3853
b1101111101000 E
b1101111101000 R
#3854
b1101111101001 E
b1101111101001 R
#3855
b1101111101010 E
b1101111101010 R
#3856
b1101111101011 E
b1101111101011 R
#3857
b1101111101100 E
b1101111101100 R
#3858
b1101111101101 E
b1101111101101 R
#3859
b1101111101110 E
b1101111101110 R
#3860
b1101111101111 E
b1101111101111 R
#3861
b1101111110000 E
b1101111110000 R
#3862
b1101111110001 E
b1101111110001 R
#3863
b1101111110010 E
b1101111110010 R
#3864
b1101111110011 E
b1101111110011 R
#3865
b1101111110100 E
b1101111110100 R
#3866
b1101111110101 E
b1101111110101 R
#3867
b1101111110110 E
b1101111110110 R
#3868
b1101111110111 E
b1101111110111 R
#3869
b1101111111000 E
b1101111111000 R
#3870
b1101111111001 E
b1101111111001 R
#3871
b1101111111010 E
b1101111111010 R
#3872
b1101111111011 E
b1101111111011 R
#3873
b1101111111100 E
b1101111111100 R
#3874
b1101111111101 E
b1101111111101 R
#3875
b1101111111110 E
b1101111111110 R
#3876
b1101111111111 E
b1101111111111 R
#3877
b1110000000000 E
b1110000000000 R
#3878
b1110000000001 E
b1110000000001 R
#3879
b1110000000010 E
b1110000000010 R
#3880
b1110000000011 E
b1110000000011 R
#3881
b1110000000100 E
b1110000000100 R
#3882
b1110000000101 E
b1110000000101 R
#3883
b1110000000110 E
b1110000000110 R
#3884
b1110000000111 E
b1110000000111 R
#3885
b1110000001000 E
b1110000001000 R
#3886
b1110000001001 E
b1110000001001 R
#3887
b1110000001010 E
b1110000001010 R
#3888
b1110000001011 E
b1110000001011 R
#3889
b1110000001100 E
b1110000001100 R
#3890
b1110000001101 E
b1110000001101 R
#3891
b1110000001110 E
b1110000001110 R
#3892
b1110000001111 E
b1110000001111 R
#3893
b1110000010000 E
b1110000010000 R
#3894
b1110000010001 E
b1110000010001 R
#3895
b1110000010010 E
b1110000010010 R
#3896
b1110000010011 E
b1110000010011 R
#3897
b1110000010100 E
b1110000010100 R
#3898
b1110000010101 E
b1110000010101 R
#3899
b1110000010110 E
b1110000010110 R
#3900
b1110000010111 E
b1110000010111 R
#3901
b1110000011000 E
b1110000011000 R
#3902
b1110000011001 E
b1110000011001 R
#3903
b1110000011010 E
b1110000011010 R
#3904
b1110000011011 E
b1110000011011 R
#3905
b1110000011100 E
b1110000011100 R
#3906
b1110000011101 E
b1110000011101 R
#3907
b1110000011110 E
b1110000011110 R
#3908
b1110000011111 E
b1110000011111 R
#3909
b1110000100000 E
b1110000100000 R
#3910
b1110000100001 E
b1110000100001 R
#3911
b1110000100010 E
b1110000100010 R
#3912
b1110000100011 E
b1110000100011 R
#3913
b1110000100100 E
b1110000100100 R
#3914
b1110000100101 E
b1110000100101 R
#3915
b1110000100110 E
b1110000100110 R
#3916
b1110000100111 E
b1110000100111 R
#3917
b1110000101000 E
b1110000101000 R
#3918
b1110000101001 E
b1110000101001 R
#3919
b1110000101010 E
b1110000101010 R
#3920
b1110000101011 E
b1110000101011 R
#3921
b1110000101100 E
b1110000101100 R
#3922
b1110000101101 E
b1110000101101 R
#3923
b1110000101110 E
b1110000101110 R
#3924
b1110000101111 E
b1110000101111 R
#3925
b1110000110000 E
b1110000110000 R
#3926
b1110000110001 E
b1110000110001 R
#3927
b1110000110010 E
b1110000110010 R
#3928
b1110000110011 E
b1110000110011 R
#3929
b1110000110100 E
b1110000110100 R
#3930
b1110000110101 E
b1110000110101 R
#3931
b1110000110110 E
b1110000110110 R
#3932
b1110000110111 E
b1110000110111 R
#3933
b1110000111000 E
b1110000111000 R
#3934
b1110000111001 E
b1110000111001 R
#3935
b1110000111010 E
b1110000111010 R
#3936
b1110000111011 E
b1110000111011 R
#3937
b1110000111100 E
b1110000111100 R
#3938
b1110000111101 E
b1110000111101 R
#3939
b1110000111110 E
b1110000111110 R
#3940
b1110000111111 E
b1110000111111 R
#3941
b1110001000000 E
b1110001000000 R
#3942
b1110001000001 E
b1110001000001 R
#3943
b1110001000010 E
b1110001000010 R
#3944
b1110001000011 E
b1110001000011 R
#3945
b1110001000100 E
b1110001000100 R
#3946
b1110001000101 E
b1110001000101 R
#3947
b1110001000110 E
b1110001000110 R
#3948
b1110001000111 E
b1110001000111 R
#3949
b1110001001000 E
b1110001001000 R
#3950
b1110001001001 E
b1110001001001 R
#3951
b1110001001010 E
b1110001001010 R
#3952
b1110001001011 E
b1110001001011 R
#3953
b1110001001100 E
b1110001001100 R
#3954
b1110001001101 E
b1110001001101 R
#3955
b1110001001110 E
b1110001001110 R
#3956
b1110001001111 E
b1110001001111 R
#3957
b1110001010000 E
b1110001010000 R
#3958
b1110001010001 E
b1110001010001 R
#3959
b1110001010010 E
b1110001010010 R
#3960
b1110001010011 E
b1110001010011 R
#3961
b1110001010100 E
b1110001010100 R
#3962
b1110001010101 E
b1110001010101 R
#3963
b1110001010110 E
b1110001010110 R
#3964
b1110001010111 E
b1110001010111 R
#3965
b1110001011000 E
b1110001011000 R
#3966
b1110001011001 E
b1110001011001 R
#3967
b1110001011010 E
b1110001011010 R
#3968
b1110001011011 E
b1110001011011 R
#3969
b1110001011100 E
b1110001011100 R
#3970
b1110001011101 E
b1110001011101 R
#3971
b1110001011110 E
b1110001011110 R
#3972
b1110001011111 E
b1110001011111 R
#3973
b1110001100000 E
b1110001100000 R
#3974
b1110001100001 E
b1110001100001 R
#3975
b1110001100010 E
b1110001100010 R
#3976
b1110001100011 E
b1110001100011 R
#3977
b1110001100100 E
b1110001100100 R
#3978
b1110001100101 E
b1110001100101 R
#3979
b1110001100110 E
b1110001100110 R
#3980
b1110001100111 E
b1110001100111 R
#3981
b1110001101000 E
b1110001101000 R
#3982
b1110001101001 E
b1110001101001 R
#3983
b1110001101010 E
b1110001101010 R
#3984
b1110001101011 E
b1110001101011 R
#3985
b1110001101100 E
b1110001101100 R
#3986
b1110001101101 E
b1110001101101 R
#3987
b1110001101110 E
b1110001101110 R
#3988
b1110001101111 E
b1110001101111 R
#3989
b1110001110000 E
b1110001110000 R
#3990
b1110001110001 E
b1110001110001 R
#3991
b1110001110010 E
b1110001110010 R
#3992
b1110001110011 E
b1110001110011 R
#3993
b1110001110100 E
b1110001110100 R
#3994
b1110001110101 E
b1110001110101 R
#3995
b1110001110110 E
b1110001110110 R
#3996
b1110001110111 E
b1110001110111 R
#3997
b1110001111000 E
b1110001111000 R
#3998
b1110001111001 E
b1110001111001 R
#3999
b1110001111010 E
b1110001111010 R
#4000
b1110001111011 E
b1110001111011 R
#4001
b1110001111100 E
b1110001111100 R
#4002
b1110001111101 E
b1110001111101 R
#4003
b1110001111110 E
b1110001111110 R
#4004
b1110001111111 E
b1110001111111 R
#4005
b1110010000000 E
b1110010000000 R
#4006
b1110010000001 E
b1110010000001 R
#4007
b1110010000010 E
b1110010000010 R
#4008
b1110010000011 E
b1110010000011 R
#4009
b1110010000100 E
b1110010000100 R
#4010
b1110010000101 E
b1110010000101 R
#4011
b1110010000110 E
b1110010000110 R
#4012
b1110010000111 E
b1110010000111 R
#4013
b1110010001000 E
b1110010001000 R
#4014
b1110010001001 E
b1110010001001 R
#4015
b1110010001010 E
b1110010001010 R
#4016
b1110010001011 E
b1110010001011 R
#4017
b1110010001100 E
b1110010001100 R
#4018
b1110010001101 E
b1110010001101 R
#4019
b1110010001110 E
b1110010001110 R
#4020
b1110010001111 E
b1110010001111 R
#4021
b1110010010000 E
b1110010010000 R
#4022
b1110010010001 E
b1110010010001 R
#4023
b1110010010010 E
b1110010010010 R
#4024
b1110010010011 E
b1110010010011 R
#4025
b1110010010100 E
b1110010010100 R
#4026
b1110010010101 E
b1110010010101 R
#4027
b1110010010110 E
b1110010010110 R
#4028
b1110010010111 E
b1110010010111 R
#4029
b1110010011000 E
b1110010011000 R
#4030
b1110010011001 E
b1110010011001 R
#4031
b1110010011010 E
b1110010011010 R
#4032
b1110010011011 E
b1110010011011 R
#4033
b1110010011100 E
b1110010011100 R
#4034
b1110010011101 E
b1110010011101 R
#4035
b1110010011110 E
b1110010011110 R
#4036
b1110010011111 E
b1110010011111 R
#4037
b1110010100000 E
b1110010100000 R
#4038
b1110010100001 E
b1110010100001 R
#4039
b1110010100010 E
b1110010100010 R
#4040
b1110010100011 E
b1110010100011 R
#4041
b1110010100100 E
b1110010100100 R
#4042
b1110010100101 E
b1110010100101 R
#4043
b1110010100110 E
b1110010100110 R
#4044
b1110010100111 E
b1110010100111 R
#4045
b1110010101000 E
b1110010101000 R
#4046
b1110010101001 E
b1110010101001 R
#4047
b1110010101010 E
b1110010101010 R
#4048
b1110010101011 E
b1110010101011 R
#4049
b1110010101100 E
b1110010101100 R
#4050
b1110010101101 E
b1110010101101 R
#4051
b1110010101110 E
b1110010101110 R
#4052
b1110010101111 E
b1110010101111 R
#4053
b1110010110000 E
b1110010110000 R
#4054
b1110010110001 E
b1110010110001 R
#4055
b1110010110010 E
b1110010110010 R
#4056
b1110010110011 E
b1110010110011 R
#4057
b1110010110100 E
b1110010110100 R
#4058
b1110010110101 E
b1110010110101 R
#4059
b1110010110110 E
b1110010110110 R
#4060
b1110010110111 E
b1110010110111 R
#4061
b1110010111000 E
b1110010111000 R
#4062
b1110010111001 E
b1110010111001 R
#4063
b1110010111010 E
b1110010111010 R
#4064
b1110010111011 E
b1110010111011 R
#4065
b1110010111100 E
b1110010111100 R
#4066
b1110010111101 E
b1110010111101 R
#4067
b1110010111110 E
b1110010111110 R
#4068
b1110010111111 E
b1110010111111 R
#4069
b1110011000000 E
b1110011000000 R
#4070
b1110011000001 E
b1110011000001 R
#4071
b1110011000010 E
b1110011000010 R
#4072
b1110011000011 E
b1110011000011 R
#4073
b1110011000100 E
b1110011000100 R
#4074
b1110011000101 E
b1110011000101 R
#4075
b1110011000110 E
b1110011000110 R
#4076
b1110011000111 E
b1110011000111 R
#4077
b1110011001000 E
b1110011001000 R
#4078
b1110011001001 E
b1110011001001 R
#4079
b1110011001010 E
b1110011001010 R
#4080
b1110011001011 E
b1110011001011 R
#4081
b1110011001100 E
b1110011001100 R
#4082
b1110011001101 E
b1110011001101 R
#4083
b1110011001110 E
b1110011001110 R
#4084
b1110011001111 E
b1110011001111 R
#4085
b1110011010000 E
b1110011010000 R
#4086
b1110011010001 E
b1110011010001 R
#4087
b1110011010010 E
b1110011010010 R
#4088
b1110011010011 E
b1110011010011 R
#4089
b1110011010100 E
b1110011010100 R
#4090
b1110011010101 E
b1110011010101 R
#4091
b1110011010110 E
b1110011010110 R
#4092
b1110011010111 E
b1110011010111 R
#4093
b1110011011000 E
b1110011011000 R
#4094
b1110011011001 E
b1110011011001 R
#4095
b1110011011010 E
b1110011011010 R
#4096
b1 2
b1110011011011 E
b1110011011011 R
1}
#4097
b11 2
b1110011011100 E
b1110011011100 R
#4098
b111 2
b0 E
b0 R
#4100
b1 E
b1 R
#4101
b10 E
b10 R
#4102
b11 E
b11 R
#4103
b100 E
b100 R
#4104
b101 E
b101 R
#4105
b110 E
b110 R
#4106
b111 E
b111 R
#4107
b1000 E
b1000 R
#4108
b1001 E
b1001 R
#4109
b1010 E
b1010 R
#4110
b1011 E
b1011 R
#4111
b1100 E
b1100 R
#4112
b1101 E
b1101 R
#4113
b1110 E
b1110 R
#4114
b1111 E
b1111 R
#4115
b10000 E
b10000 R
#4116
b10001 E
b10001 R
#4117
b10010 E
b10010 R
#4118
b10011 E
b10011 R
#4119
b10100 E
b10100 R
#4120
b10101 E
b10101 R
#4121
b10110 E
b10110 R
#4122
b10111 E
b10111 R
#4123
b11000 E
b11000 R
#4124
b11001 E
b11001 R
#4125
b11010 E
b11010 R
#4126
b11011 E
b11011 R
#4127
b11100 E
b11100 R
#4128
b11101 E
b11101 R
#4129
b11110 E
b11110 R
#4130
b11111 E
b11111 R
#4131
b100000 E
b100000 R
#4132
b100001 E
b100001 R
#4133
b100010 E
b100010 R
#4134
b100011 E
b100011 R
#4135
b100100 E
b100100 R
#4136
b100101 E
b100101 R
#4137
b100110 E
b100110 R
#4138
b100111 E
b100111 R
#4139
b101000 E
b101000 R
#4140
b101001 E
b101001 R
#4141
b101010 E
b101010 R
#4142
b101011 E
b101011 R
#4143
b101100 E
b101100 R
#4144
b101101 E
b101101 R
#4145
b101110 E
b101110 R
#4146
b101111 E
b101111 R
#4147
b110000 E
b110000 R
#4148
b110001 E
b110001 R
#4149
b110010 E
b110010 R
#4150
b110011 E
b110011 R
#4151
b110100 E
b110100 R
#4152
b110101 E
b110101 R
#4153
b110110 E
b110110 R
#4154
b110111 E
b110111 R
#4155
b111000 E
b111000 R
#4156
b111001 E
b111001 R
#4157
b111010 E
b111010 R
#4158
b111011 E
b111011 R
#4159
b111100 E
b111100 R
#4160
b111101 E
b111101 R
#4161
b111110 E
b111110 R
#4162
b111111 E
b111111 R
#4163
b1000000 E
b1000000 R
#4164
b1000001 E
b1000001 R
#4165
b1000010 E
b1000010 R
#4166
b1000011 E
b1000011 R
#4167
b1000100 E
b1000100 R
#4168
b1000101 E
b1000101 R
#4169
b1000110 E
b1000110 R
#4170
b1000111 E
b1000111 R
#4171
b1001000 E
b1001000 R
#4172
b1001001 E
b1001001 R
#4173
b1001010 E
b1001010 R
#4174
b1001011 E
b1001011 R
#4175
b1001100 E
b1001100 R
#4176
b1001101 E
b1001101 R
#4177
b1001110 E
b1001110 R
#4178
b1001111 E
b1001111 R
#4179
b1010000 E
b1010000 R
#4180
b1010001 E
b1010001 R
#4181
b1010010 E
b1010010 R
#4182
b1010011 E
b1010011 R
#4183
b1010100 E
b1010100 R
#4184
b1010101 E
b1010101 R
#4185
b1010110 E
b1010110 R
#4186
b1010111 E
b1010111 R
#4187
b1011000 E
b1011000 R
#4188
b1011001 E
b1011001 R
#4189
b1011010 E
b1011010 R
#4190
b1011011 E
b1011011 R
#4191
b1011100 E
b1011100 R
#4192
b1011101 E
b1011101 R
#4193
b1011110 E
b1011110 R
#4194
b1011111 E
b1011111 R
#4195
b1100000 E
b1100000 R
#4196
b1100001 E
b1100001 R
#4197
b1100010 E
b1100010 R
#4198
b1100011 E
b1100011 R
#4199
b1100100 E
b1100100 R
#4200
b1100101 E
b1100101 R
#4201
b1100110 E
b1100110 R
#4202
b1100111 E
b1100111 R
#4203
b1101000 E
b1101000 R
#4204
b1101001 E
b1101001 R
#4205
b1101010 E
b1101010 R
#4206
b1101011 E
b1101011 R
#4207
b1101100 E
b1101100 R
#4208
b1101101 E
b1101101 R
#4209
b1101110 E
b1101110 R
#4210
b1101111 E
b1101111 R
#4211
b1110000 E
b1110000 R
#4212
b1110001 E
b1110001 R
#4213
b1110010 E
b1110010 R
#4214
b1110011 E
b1110011 R
#4215
b1110100 E
b1110100 R
#4216
b1110101 E
b1110101 R
#4217
b1110110 E
b1110110 R
#4218
b1110111 E
b1110111 R
#4219
b1111000 E
b1111000 R
#4220
b1111001 E
b1111001 R
#4221
b110 2
b1111010 E
b1111010 R
#4222
b100 2
b1111011 E
b1111011 R
#4223
b0 2
b1111100 E
b1111100 R
#4224
b1111101 E
b1111101 R
#4225
b1111110 E
b1111110 R
#4226
b1111111 E
b1111111 R
#4227
b10000000 E
b10000000 R
#4228
b10000001 E
b10000001 R
#4229
b10000010 E
b10000010 R
#4230
b10000011 E
b10000011 R
#4231
b10000100 E
b10000100 R
#4232
b10000101 E
b10000101 R
#4233
b10000110 E
b10000110 R
#4234
b10000111 E
b10000111 R
#4235
b10001000 E
b10001000 R
#4236
b10001001 E
b10001001 R
#4237
b10001010 E
b10001010 R
#4238
b10001011 E
b10001011 R
#4239
b10001100 E
b10001100 R
#4240
b10001101 E
b10001101 R
#4241
b10001110 E
b10001110 R
#4242
b10001111 E
b10001111 R
#4243
b10010000 E
b10010000 R
#4244
b10010001 E
b10010001 R
#4245
b10010010 E
b10010010 R
#4246
b10010011 E
b10010011 R
#4247
b10010100 E
b10010100 R
#4248
b10010101 E
b10010101 R
#4249
b10010110 E
b10010110 R
#4250
b10010111 E
b10010111 R
#4251
b10011000 E
b10011000 R
#4252
b10011001 E
b10011001 R
#4253
b10011010 E
b10011010 R
#4254
b10011011 E
b10011011 R
#4255
b10011100 E
b10011100 R
#4256
b10011101 E
b10011101 R
#4257
b10011110 E
b10011110 R
#4258
b10011111 E
b10011111 R
#4259
b10100000 E
b10100000 R
#4260
b10100001 E
b10100001 R
#4261
b10100010 E
b10100010 R
#4262
b10100011 E
b10100011 R
#4263
b10100100 E
b10100100 R
#4264
b10100101 E
b10100101 R
#4265
b10100110 E
b10100110 R
#4266
b10100111 E
b10100111 R
#4267
b10101000 E
b10101000 R
#4268
b10101001 E
b10101001 R
#4269
b10101010 E
b10101010 R
#4270
b10101011 E
b10101011 R
#4271
b10101100 E
b10101100 R
#4272
b10101101 E
b10101101 R
#4273
b10101110 E
b10101110 R
#4274
b10101111 E
b10101111 R
#4275
b10110000 E
b10110000 R
#4276
b10110001 E
b10110001 R
#4277
b10110010 E
b10110010 R
#4278
b10110011 E
b10110011 R
#4279
b10110100 E
b10110100 R
#4280
b10110101 E
b10110101 R
#4281
b10110110 E
b10110110 R
#4282
b10110111 E
b10110111 R
#4283
b10111000 E
b10111000 R
#4284
b10111001 E
b10111001 R
#4285
b10111010 E
b10111010 R
#4286
b10111011 E
b10111011 R
#4287
b10111100 E
b10111100 R
#4288
b10111101 E
b10111101 R
#4289
b10111110 E
b10111110 R
#4290
b10111111 E
b10111111 R
#4291
b11000000 E
b11000000 R
#4292
b11000001 E
b11000001 R
#4293
b11000010 E
b11000010 R
#4294
b11000011 E
b11000011 R
#4295
b11000100 E
b11000100 R
#4296
b11000101 E
b11000101 R
#4297
b11000110 E
b11000110 R
#4298
b11000111 E
b11000111 R
#4299
b11001000 E
b11001000 R
#4300
b11001001 E
b11001001 R
#4301
b11001010 E
b11001010 R
#4302
b11001011 E
b11001011 R
#4303
b11001100 E
b11001100 R
#4304
b11001101 E
b11001101 R
#4305
b11001110 E
b11001110 R
#4306
b11001111 E
b11001111 R
#4307
b11010000 E
b11010000 R
#4308
b11010001 E
b11010001 R
#4309
b11010010 E
b11010010 R
#4310
b11010011 E
b11010011 R
#4311
b11010100 E
b11010100 R
#4312
b11010101 E
b11010101 R
#4313
b11010110 E
b11010110 R
#4314
b11010111 E
b11010111 R
#4315
b11011000 E
b11011000 R
#4316
b11011001 E
b11011001 R
#4317
b11011010 E
b11011010 R
#4318
b11011011 E
b11011011 R
#4319
b11011100 E
b11011100 R
#4320
b11011101 E
b11011101 R
#4321
b11011110 E
b11011110 R
#4322
b11011111 E
b11011111 R
#4323
b11100000 E
b11100000 R
#4324
b11100001 E
b11100001 R
#4325
b11100010 E
b11100010 R
#4326
b11100011 E
b11100011 R
#4327
b11100100 E
b11100100 R
#4328
b11100101 E
b11100101 R
#4329
b11100110 E
b11100110 R
#4330
b11100111 E
b11100111 R
#4331
b11101000 E
b11101000 R
#4332
b11101001 E
b11101001 R
#4333
b11101010 E
b11101010 R
#4334
b11101011 E
b11101011 R
#4335
b11101100 E
b11101100 R
#4336
b11101101 E
b11101101 R
#4337
b11101110 E
b11101110 R
#4338
b11101111 E
b11101111 R
#4339
b11110000 E
b11110000 R
#4340
b11110001 E
b11110001 R
#4341
b11110010 E
b11110010 R
#4342
b11110011 E
b11110011 R
#4343
b11110100 E
b11110100 R
#4344
b11110101 E
b11110101 R
#4345
b11110110 E
b11110110 R
#4346
b11110111 E
b11110111 R
#4347
b11111000 E
b11111000 R
#4348
b11111001 E
b11111001 R
#4349
b11111010 E
b11111010 R
#4350
b11111011 E
b11111011 R
#4351
b11111100 E
b11111100 R
#4352
b11111101 E
b11111101 R
#4353
b11111110 E
b11111110 R
#4354
b11111111 E
b11111111 R
#4355
b100000000 E
b100000000 R
#4356
b100000001 E
b100000001 R
#4357
b100000010 E
b100000010 R
#4358
b100000011 E
b100000011 R
#4359
b100000100 E
b100000100 R
#4360
b100000101 E
b100000101 R
#4361
b100000110 E
b100000110 R
#4362
b100000111 E
b100000111 R
#4363
b100001000 E
b100001000 R
#4364
b100001001 E
b100001001 R
#4365
b100001010 E
b100001010 R
#4366
b100001011 E
b100001011 R
#4367
b100001100 E
b100001100 R
#4368
b100001101 E
b100001101 R
#4369
b100001110 E
b100001110 R
#4370
b100001111 E
b100001111 R
#4371
b100010000 E
b100010000 R
#4372
b100010001 E
b100010001 R
#4373
b100010010 E
b100010010 R
#4374
b100010011 E
b100010011 R
#4375
b100010100 E
b100010100 R
#4376
b100010101 E
b100010101 R
#4377
b100010110 E
b100010110 R
#4378
b100010111 E
b100010111 R
#4379
b100011000 E
b100011000 R
#4380
b100011001 E
b100011001 R
#4381
b100011010 E
b100011010 R
#4382
b100011011 E
b100011011 R
#4383
b100011100 E
b100011100 R
#4384
b100011101 E
b100011101 R
#4385
b100011110 E
b100011110 R
#4386
b100011111 E
b100011111 R
#4387
b100100000 E
b100100000 R
#4388
b100100001 E
b100100001 R
#4389
b100100010 E
b100100010 R
#4390
b100100011 E
b100100011 R
#4391
b100100100 E
b100100100 R
#4392
b100100101 E
b100100101 R
#4393
b100100110 E
b100100110 R
#4394
b100100111 E
b100100111 R
#4395
b100101000 E
b100101000 R
#4396
b100101001 E
b100101001 R
#4397
b100101010 E
b100101010 R
#4398
b100101011 E
b100101011 R
#4399
b100101100 E
b100101100 R
#4400
b100101101 E
b100101101 R
#4401
b100101110 E
b100101110 R
#4402
b100101111 E
b100101111 R
#4403
b100110000 E
b100110000 R
#4404
b100110001 E
b100110001 R
#4405
b100110010 E
b100110010 R
#4406
b100110011 E
b100110011 R
#4407
b100110100 E
b100110100 R
#4408
b100110101 E
b100110101 R
#4409
b100110110 E
b100110110 R
#4410
b100110111 E
b100110111 R
#4411
b100111000 E
b100111000 R
#4412
b100111001 E
b100111001 R
#4413
b100111010 E
b100111010 R
#4414
b100111011 E
b100111011 R
#4415
b100111100 E
b100111100 R
#4416
b100111101 E
b100111101 R
#4417
b100111110 E
b100111110 R
#4418
b100111111 E
b100111111 R
#4419
b101000000 E
b101000000 R
#4420
b101000001 E
b101000001 R
#4421
b101000010 E
b101000010 R
#4422
b101000011 E
b101000011 R
#4423
b101000100 E
b101000100 R
#4424
b101000101 E
b101000101 R
#4425
b101000110 E
b101000110 R
#4426
b101000111 E
b101000111 R
#4427
b101001000 E
b101001000 R
#4428
b101001001 E
b101001001 R
#4429
b101001010 E
b101001010 R
#4430
b101001011 E
b101001011 R
#4431
b101001100 E
b101001100 R
#4432
b101001101 E
b101001101 R
#4433
b101001110 E
b101001110 R
#4434
b101001111 E
b101001111 R
#4435
b101010000 E
b101010000 R
#4436
b101010001 E
b101010001 R
#4437
b101010010 E
b101010010 R
#4438
b101010011 E
b101010011 R
#4439
b101010100 E
b101010100 R
#4440
b101010101 E
b101010101 R
#4441
b101010110 E
b101010110 R
#4442
b101010111 E
b101010111 R
#4443
b101011000 E
b101011000 R
#4444
b101011001 E
b101011001 R
#4445
b101011010 E
b101011010 R
#4446
b101011011 E
b101011011 R
#4447
b101011100 E
b101011100 R
#4448
b101011101 E
b101011101 R
#4449
b101011110 E
b101011110 R
#4450
b101011111 E
b101011111 R
#4451
b101100000 E
b101100000 R
#4452
b101100001 E
b101100001 R
#4453
b101100010 E
b101100010 R
#4454
b101100011 E
b101100011 R
#4455
b101100100 E
b101100100 R
#4456
b101100101 E
b101100101 R
#4457
b101100110 E
b101100110 R
#4458
b101100111 E
b101100111 R
#4459
b101101000 E
b101101000 R
#4460
b101101001 E
b101101001 R
#4461
b101101010 E
b101101010 R
#4462
b101101011 E
b101101011 R
#4463
b101101100 E
b101101100 R
#4464
b101101101 E
b101101101 R
#4465
b101101110 E
b101101110 R
#4466
b101101111 E
b101101111 R
#4467
b101110000 E
b101110000 R
#4468
b101110001 E
b101110001 R
#4469
b101110010 E
b101110010 R
#4470
b101110011 E
b101110011 R
#4471
b101110100 E
b101110100 R
#4472
b101110101 E
b101110101 R
#4473
b101110110 E
b101110110 R
#4474
b101110111 E
b101110111 R
#4475
b101111000 E
b101111000 R
#4476
b101111001 E
b101111001 R
#4477
b101111010 E
b101111010 R
#4478
b101111011 E
b101111011 R
#4479
b101111100 E
b101111100 R
#4480
b101111101 E
b101111101 R
#4481
b101111110 E
b101111110 R
#4482
b101111111 E
b101111111 R
#4483
b110000000 E
b110000000 R
#4484
b110000001 E
b110000001 R
#4485
b110000010 E
b110000010 R
#4486
b110000011 E
b110000011 R
#4487
b110000100 E
b110000100 R
#4488
b110000101 E
b110000101 R
#4489
b110000110 E
b110000110 R
#4490
b110000111 E
b110000111 R
#4491
b110001000 E
b110001000 R
#4492
b110001001 E
b110001001 R
#4493
b110001010 E
b110001010 R
#4494
b110001011 E
b110001011 R
#4495
b110001100 E
b110001100 R
#4496
b110001101 E
b110001101 R
#4497
b110001110 E
b110001110 R
#4498
b110001111 E
b110001111 R
#4499
b110010000 E
b110010000 R
#4500
b110010001 E
b110010001 R
#4501
b110010010 E
b110010010 R
#4502
b110010011 E
b110010011 R
#4503
b110010100 E
b110010100 R
#4504
b110010101 E
b110010101 R
#4505
b110010110 E
b110010110 R
#4506
b110010111 E
b110010111 R
#4507
b110011000 E
b110011000 R
#4508
b110011001 E
b110011001 R
#4509
b110011010 E
b110011010 R
#4510
b110011011 E
b110011011 R
#4511
b110011100 E
b110011100 R
#4512
b110011101 E
b110011101 R
#4513
b110011110 E
b110011110 R
#4514
b110011111 E
b110011111 R
#4515
b110100000 E
b110100000 R
#4516
b110100001 E
b110100001 R
#4517
b110100010 E
b110100010 R
#4518
b110100011 E
b110100011 R
#4519
b110100100 E
b110100100 R
#4520
b110100101 E
b110100101 R
#4521
b110100110 E
b110100110 R
#4522
b110100111 E
b110100111 R
#4523
b110101000 E
b110101000 R
#4524
b110101001 E
b110101001 R
#4525
b110101010 E
b110101010 R
#4526
b110101011 E
b110101011 R
#4527
b110101100 E
b110101100 R
#4528
b110101101 E
b110101101 R
#4529
b110101110 E
b110101110 R
#4530
b110101111 E
b110101111 R
#4531
b110110000 E
b110110000 R
#4532
b110110001 E
b110110001 R
#4533
b110110010 E
b110110010 R
#4534
b110110011 E
b110110011 R
#4535
b110110100 E
b110110100 R
#4536
b110110101 E
b110110101 R
#4537
b110110110 E
b110110110 R
#4538
b110110111 E
b110110111 R
#4539
b110111000 E
b110111000 R
#4540
b110111001 E
b110111001 R
#4541
b110111010 E
b110111010 R
#4542
b110111011 E
b110111011 R
#4543
b110111100 E
b110111100 R
#4544
b110111101 E
b110111101 R
#4545
b110111110 E
b110111110 R
#4546
b110111111 E
b110111111 R
#4547
b111000000 E
b111000000 R
#4548
b111000001 E
b111000001 R
#4549
b111000010 E
b111000010 R
#4550
b111000011 E
b111000011 R
#4551
b111000100 E
b111000100 R
#4552
b111000101 E
b111000101 R
#4553
b111000110 E
b111000110 R
#4554
b111000111 E
b111000111 R
#4555
b111001000 E
b111001000 R
#4556
b111001001 E
b111001001 R
#4557
b111001010 E
b111001010 R
#4558
b111001011 E
b111001011 R
#4559
b111001100 E
b111001100 R
#4560
b111001101 E
b111001101 R
#4561
b111001110 E
b111001110 R
#4562
b111001111 E
b111001111 R
#4563
b111010000 E
b111010000 R
#4564
b111010001 E
b111010001 R
#4565
b111010010 E
b111010010 R
#4566
b111010011 E
b111010011 R
#4567
b111010100 E
b111010100 R
#4568
b111010101 E
b111010101 R
#4569
b111010110 E
b111010110 R
#4570
b111010111 E
b111010111 R
#4571
b111011000 E
b111011000 R
#4572
b111011001 E
b111011001 R
#4573
b111011010 E
b111011010 R
#4574
b111011011 E
b111011011 R
#4575
b111011100 E
b111011100 R
#4576
b111011101 E
b111011101 R
#4577
b111011110 E
b111011110 R
#4578
b111011111 E
b111011111 R
#4579
b111100000 E
b111100000 R
#4580
b111100001 E
b111100001 R
#4581
b111100010 E
b111100010 R
#4582
b111100011 E
b111100011 R
#4583
b111100100 E
b111100100 R
#4584
b111100101 E
b111100101 R
#4585
b111100110 E
b111100110 R
#4586
b111100111 E
b111100111 R
#4587
b111101000 E
b111101000 R
#4588
b111101001 E
b111101001 R
#4589
b111101010 E
b111101010 R
#4590
b111101011 E
b111101011 R
#4591
b111101100 E
b111101100 R
#4592
b111101101 E
b111101101 R
#4593
b111101110 E
b111101110 R
#4594
b111101111 E
b111101111 R
#4595
b111110000 E
b111110000 R
#4596
b111110001 E
b111110001 R
#4597
b111110010 E
b111110010 R
#4598
b111110011 E
b111110011 R
#4599
b111110100 E
b111110100 R
#4600
b111110101 E
b111110101 R
#4601
b111110110 E
b111110110 R
#4602
b111110111 E
b111110111 R
#4603
b111111000 E
b111111000 R
#4604
b111111001 E
b111111001 R
#4605
b111111010 E
b111111010 R
#4606
b111111011 E
b111111011 R
#4607
b111111100 E
b111111100 R
#4608
b111111101 E
b111111101 R
#4609
b111111110 E
b111111110 R
#4610
b111111111 E
b111111111 R
#4611
b1000000000 E
b1000000000 R
#4612
b1000000001 E
b1000000001 R
#4613
b1000000010 E
b1000000010 R
#4614
b1000000011 E
b1000000011 R
#4615
b1000000100 E
b1000000100 R
#4616
b1000000101 E
b1000000101 R
#4617
b1000000110 E
b1000000110 R
#4618
b1000000111 E
b1000000111 R
#4619
b1000001000 E
b1000001000 R
#4620
b1000001001 E
b1000001001 R
#4621
b1000001010 E
b1000001010 R
#4622
b1000001011 E
b1000001011 R
#4623
b1000001100 E
b1000001100 R
#4624
b1000001101 E
b1000001101 R
#4625
b1000001110 E
b1000001110 R
#4626
b1000001111 E
b1000001111 R
#4627
b1000010000 E
b1000010000 R
#4628
b1000010001 E
b1000010001 R
#4629
b1000010010 E
b1000010010 R
#4630
b1000010011 E
b1000010011 R
#4631
b1000010100 E
b1000010100 R
#4632
b1000010101 E
b1000010101 R
#4633
b1000010110 E
b1000010110 R
#4634
b1000010111 E
b1000010111 R
#4635
b1000011000 E
b1000011000 R
#4636
b1000011001 E
b1000011001 R
#4637
b1000011010 E
b1000011010 R
#4638
b1000011011 E
b1000011011 R
#4639
b1000011100 E
b1000011100 R
#4640
b1000011101 E
b1000011101 R
#4641
b1000011110 E
b1000011110 R
#4642
b1000011111 E
b1000011111 R
#4643
b1000100000 E
b1000100000 R
#4644
b1000100001 E
b1000100001 R
#4645
b1000100010 E
b1000100010 R
#4646
b1000100011 E
b1000100011 R
#4647
b1000100100 E
b1000100100 R
#4648
b1000100101 E
b1000100101 R
#4649
b1000100110 E
b1000100110 R
#4650
b1000100111 E
b1000100111 R
#4651
b1000101000 E
b1000101000 R
#4652
b1000101001 E
b1000101001 R
#4653
b1000101010 E
b1000101010 R
#4654
b1000101011 E
b1000101011 R
#4655
b1000101100 E
b1000101100 R
#4656
b1000101101 E
b1000101101 R
#4657
b1000101110 E
b1000101110 R
#4658
b1000101111 E
b1000101111 R
#4659
b1000110000 E
b1000110000 R
#4660
b1000110001 E
b1000110001 R
#4661
b1000110010 E
b1000110010 R
#4662
b1000110011 E
b1000110011 R
#4663
b1000110100 E
b1000110100 R
#4664
b1000110101 E
b1000110101 R
#4665
b1000110110 E
b1000110110 R
#4666
b1000110111 E
b1000110111 R
#4667
b1000111000 E
b1000111000 R
#4668
b1000111001 E
b1000111001 R
#4669
b1000111010 E
b1000111010 R
#4670
b1000111011 E
b1000111011 R
#4671
b1000111100 E
b1000111100 R
#4672
b1000111101 E
b1000111101 R
#4673
b1000111110 E
b1000111110 R
#4674
b1000111111 E
b1000111111 R
#4675
b1001000000 E
b1001000000 R
#4676
b1001000001 E
b1001000001 R
#4677
b1001000010 E
b1001000010 R
#4678
b1001000011 E
b1001000011 R
#4679
b1001000100 E
b1001000100 R
#4680
b1001000101 E
b1001000101 R
#4681
b1001000110 E
b1001000110 R
#4682
b1001000111 E
b1001000111 R
#4683
b1001001000 E
b1001001000 R
#4684
b1001001001 E
b1001001001 R
#4685
b1001001010 E
b1001001010 R
#4686
b1001001011 E
b1001001011 R
#4687
b1001001100 E
b1001001100 R
#4688
b1001001101 E
b1001001101 R
#4689
b1001001110 E
b1001001110 R
#4690
b1001001111 E
b1001001111 R
#4691
b1001010000 E
b1001010000 R
#4692
b1001010001 E
b1001010001 R
#4693
b1001010010 E
b1001010010 R
#4694
b1001010011 E
b1001010011 R
#4695
b1001010100 E
b1001010100 R
#4696
b1001010101 E
b1001010101 R
#4697
b1001010110 E
b1001010110 R
#4698
b1001010111 E
b1001010111 R
#4699
b1001011000 E
b1001011000 R
#4700
b1001011001 E
b1001011001 R
#4701
b1001011010 E
b1001011010 R
#4702
b1001011011 E
b1001011011 R
#4703
b1001011100 E
b1001011100 R
#4704
b1001011101 E
b1001011101 R
#4705
b1001011110 E
b1001011110 R
#4706
b1001011111 E
b1001011111 R
#4707
b1001100000 E
b1001100000 R
#4708
b1001100001 E
b1001100001 R
#4709
b1001100010 E
b1001100010 R
#4710
b1001100011 E
b1001100011 R
#4711
b1001100100 E
b1001100100 R
#4712
b1001100101 E
b1001100101 R
#4713
b1001100110 E
b1001100110 R
#4714
b1001100111 E
b1001100111 R
#4715
b1001101000 E
b1001101000 R
#4716
b1001101001 E
b1001101001 R
#4717
b1001101010 E
b1001101010 R
#4718
b1001101011 E
b1001101011 R
#4719
b1001101100 E
b1001101100 R
#4720
b1001101101 E
b1001101101 R
#4721
b1001101110 E
b1001101110 R
#4722
b1001101111 E
b1001101111 R
#4723
b1001110000 E
b1001110000 R
#4724
b1001110001 E
b1001110001 R
#4725
b1001110010 E
b1001110010 R
#4726
b1001110011 E
b1001110011 R
#4727
b1001110100 E
b1001110100 R
#4728
b1001110101 E
b1001110101 R
#4729
b1001110110 E
b1001110110 R
#4730
b1001110111 E
b1001110111 R
#4731
b1001111000 E
b1001111000 R
#4732
b1001111001 E
b1001111001 R
#4733
b1001111010 E
b1001111010 R
#4734
b1001111011 E
b1001111011 R
#4735
b1001111100 E
b1001111100 R
#4736
b1001111101 E
b1001111101 R
#4737
b1001111110 E
b1001111110 R
#4738
b1001111111 E
b1001111111 R
#4739
b1010000000 E
b1010000000 R
#4740
b1010000001 E
b1010000001 R
#4741
b1010000010 E
b1010000010 R
#4742
b1010000011 E
b1010000011 R
#4743
b1010000100 E
b1010000100 R
#4744
b1010000101 E
b1010000101 R
#4745
b1010000110 E
b1010000110 R
#4746
b1010000111 E
b1010000111 R
#4747
b1010001000 E
b1010001000 R
#4748
b1010001001 E
b1010001001 R
#4749
b1010001010 E
b1010001010 R
#4750
b1010001011 E
b1010001011 R
#4751
b1010001100 E
b1010001100 R
#4752
b1010001101 E
b1010001101 R
#4753
b1010001110 E
b1010001110 R
#4754
b1010001111 E
b1010001111 R
#4755
b1010010000 E
b1010010000 R
#4756
b1010010001 E
b1010010001 R
#4757
b1010010010 E
b1010010010 R
#4758
b1010010011 E
b1010010011 R
#4759
b1010010100 E
b1010010100 R
#4760
b1010010101 E
b1010010101 R
#4761
b1010010110 E
b1010010110 R
#4762
b1010010111 E
b1010010111 R
#4763
b1010011000 E
b1010011000 R
#4764
b1010011001 E
b1010011001 R
#4765
b1010011010 E
b1010011010 R
#4766
b1010011011 E
b1010011011 R
#4767
b1010011100 E
b1010011100 R
#4768
b1010011101 E
b1010011101 R
#4769
b1010011110 E
b1010011110 R
#4770
b1010011111 E
b1010011111 R
#4771
b1010100000 E
b1010100000 R
#4772
b1010100001 E
b1010100001 R
#4773
b1010100010 E
b1010100010 R
#4774
b1010100011 E
b1010100011 R
#4775
b1010100100 E
b1010100100 R
#4776
b1010100101 E
b1010100101 R
#4777
b1010100110 E
b1010100110 R
#4778
b1010100111 E
b1010100111 R
#4779
b1010101000 E
b1010101000 R
#4780
b1010101001 E
b1010101001 R
#4781
b1010101010 E
b1010101010 R
#4782
b1010101011 E
b1010101011 R
#4783
b1010101100 E
b1010101100 R
#4784
b1010101101 E
b1010101101 R
#4785
b1010101110 E
b1010101110 R
#4786
b1010101111 E
b1010101111 R
#4787
b1010110000 E
b1010110000 R
#4788
b1010110001 E
b1010110001 R
#4789
b1010110010 E
b1010110010 R
#4790
b1010110011 E
b1010110011 R
#4791
b1010110100 E
b1010110100 R
#4792
b1010110101 E
b1010110101 R
#4793
b1010110110 E
b1010110110 R
#4794
b1010110111 E
b1010110111 R
#4795
b1010111000 E
b1010111000 R
#4796
b1010111001 E
b1010111001 R
#4797
b1010111010 E
b1010111010 R
#4798
b1010111011 E
b1010111011 R
#4799
b1010111100 E
b1010111100 R
#4800
b1010111101 E
b1010111101 R
#4801
b1010111110 E
b1010111110 R
#4802
b1010111111 E
b1010111111 R
#4803
b1011000000 E
b1011000000 R
#4804
b1011000001 E
b1011000001 R
#4805
b1011000010 E
b1011000010 R
#4806
b1011000011 E
b1011000011 R
#4807
b1011000100 E
b1011000100 R
#4808
b1011000101 E
b1011000101 R
#4809
b1011000110 E
b1011000110 R
#4810
b1011000111 E
b1011000111 R
#4811
b1011001000 E
b1011001000 R
#4812
b1011001001 E
b1011001001 R
#4813
b1011001010 E
b1011001010 R
#4814
b1011001011 E
b1011001011 R
#4815
b1011001100 E
b1011001100 R
#4816
b1011001101 E
b1011001101 R
#4817
b1011001110 E
b1011001110 R
#4818
b1011001111 E
b1011001111 R
#4819
b1011010000 E
b1011010000 R
#4820
b1011010001 E
b1011010001 R
#4821
b1011010010 E
b1011010010 R
#4822
b1011010011 E
b1011010011 R
#4823
b1011010100 E
b1011010100 R
#4824
b1011010101 E
b1011010101 R
#4825
b1011010110 E
b1011010110 R
#4826
b1011010111 E
b1011010111 R
#4827
b1011011000 E
b1011011000 R
#4828
b1011011001 E
b1011011001 R
#4829
b1011011010 E
b1011011010 R
#4830
b1011011011 E
b1011011011 R
#4831
b1011011100 E
b1011011100 R
#4832
b1011011101 E
b1011011101 R
#4833
b1011011110 E
b1011011110 R
#4834
b1011011111 E
b1011011111 R
#4835
b1011100000 E
b1011100000 R
#4836
b1011100001 E
b1011100001 R
#4837
b1011100010 E
b1011100010 R
#4838
b1011100011 E
b1011100011 R
#4839
b1011100100 E
b1011100100 R
#4840
b1011100101 E
b1011100101 R
#4841
b1011100110 E
b1011100110 R
#4842
b1011100111 E
b1011100111 R
#4843
b1011101000 E
b1011101000 R
#4844
b1011101001 E
b1011101001 R
#4845
b1011101010 E
b1011101010 R
#4846
b1011101011 E
b1011101011 R
#4847
b1011101100 E
b1011101100 R
#4848
b1011101101 E
b1011101101 R
#4849
b1011101110 E
b1011101110 R
#4850
b1011101111 E
b1011101111 R
#4851
b1011110000 E
b1011110000 R
#4852
b1011110001 E
b1011110001 R
#4853
b1011110010 E
b1011110010 R
#4854
b1011110011 E
b1011110011 R
#4855
b1011110100 E
b1011110100 R
#4856
b1011110101 E
b1011110101 R
#4857
b1011110110 E
b1011110110 R
#4858
b1011110111 E
b1011110111 R
#4859
b1011111000 E
b1011111000 R
#4860
b1011111001 E
b1011111001 R
#4861
b1011111010 E
b1011111010 R
#4862
b1011111011 E
b1011111011 R
#4863
b1011111100 E
b1011111100 R
#4864
b1011111101 E
b1011111101 R
#4865
b1011111110 E
b1011111110 R
#4866
b1011111111 E
b1011111111 R
#4867
b1100000000 E
b1100000000 R
#4868
b1100000001 E
b1100000001 R
#4869
b1100000010 E
b1100000010 R
#4870
b1100000011 E
b1100000011 R
#4871
b1100000100 E
b1100000100 R
#4872
b1100000101 E
b1100000101 R
#4873
b1100000110 E
b1100000110 R
#4874
b1100000111 E
b1100000111 R
#4875
b1100001000 E
b1100001000 R
#4876
b1100001001 E
b1100001001 R
#4877
b1100001010 E
b1100001010 R
#4878
b1100001011 E
b1100001011 R
#4879
b1100001100 E
b1100001100 R
#4880
b1100001101 E
b1100001101 R
#4881
b1100001110 E
b1100001110 R
#4882
b1100001111 E
b1100001111 R
#4883
b1100010000 E
b1100010000 R
#4884
b1100010001 E
b1100010001 R
#4885
b1100010010 E
b1100010010 R
#4886
b1100010011 E
b1100010011 R
#4887
b1100010100 E
b1100010100 R
#4888
b1100010101 E
b1100010101 R
#4889
b1100010110 E
b1100010110 R
#4890
b1100010111 E
b1100010111 R
#4891
b1100011000 E
b1100011000 R
#4892
b1100011001 E
b1100011001 R
#4893
b1100011010 E
b1100011010 R
#4894
b1100011011 E
b1100011011 R
#4895
b1100011100 E
b1100011100 R
#4896
b1100011101 E
b1100011101 R
#4897
b1100011110 E
b1100011110 R
#4898
b1100011111 E
b1100011111 R
#4899
b1100100000 E
b1100100000 R
#4900
b1100100001 E
b1100100001 R
#4901
b1100100010 E
b1100100010 R
#4902
b1100100011 E
b1100100011 R
#4903
b1100100100 E
b1100100100 R
#4904
b1100100101 E
b1100100101 R
#4905
b1100100110 E
b1100100110 R
#4906
b1100100111 E
b1100100111 R
#4907
b1100101000 E
b1100101000 R
#4908
b1100101001 E
b1100101001 R
#4909
b1100101010 E
b1100101010 R
#4910
b1100101011 E
b1100101011 R
#4911
b1100101100 E
b1100101100 R
#4912
b1100101101 E
b1100101101 R
#4913
b1100101110 E
b1100101110 R
#4914
b1100101111 E
b1100101111 R
#4915
b1100110000 E
b1100110000 R
#4916
b1100110001 E
b1100110001 R
#4917
b1100110010 E
b1100110010 R
#4918
b1100110011 E
b1100110011 R
#4919
b1100110100 E
b1100110100 R
#4920
b1100110101 E
b1100110101 R
#4921
b1100110110 E
b1100110110 R
#4922
b1100110111 E
b1100110111 R
#4923
b1100111000 E
b1100111000 R
#4924
b1100111001 E
b1100111001 R
#4925
b1100111010 E
b1100111010 R
#4926
b1100111011 E
b1100111011 R
#4927
b1100111100 E
b1100111100 R
#4928
b1100111101 E
b1100111101 R
#4929
b1100111110 E
b1100111110 R
#4930
b1100111111 E
b1100111111 R
#4931
b1101000000 E
b1101000000 R
#4932
b1101000001 E
b1101000001 R
#4933
b1101000010 E
b1101000010 R
#4934
b1101000011 E
b1101000011 R
#4935
b1101000100 E
b1101000100 R
#4936
b1101000101 E
b1101000101 R
#4937
b1101000110 E
b1101000110 R
#4938
b1101000111 E
b1101000111 R
#4939
b1101001000 E
b1101001000 R
#4940
b1101001001 E
b1101001001 R
#4941
b1101001010 E
b1101001010 R
#4942
b1101001011 E
b1101001011 R
#4943
b1101001100 E
b1101001100 R
#4944
b1101001101 E
b1101001101 R
#4945
b1101001110 E
b1101001110 R
#4946
b1101001111 E
b1101001111 R
#4947
b1101010000 E
b1101010000 R
#4948
b1101010001 E
b1101010001 R
#4949
b1101010010 E
b1101010010 R
#4950
b1101010011 E
b1101010011 R
#4951
b1101010100 E
b1101010100 R
#4952
b1101010101 E
b1101010101 R
#4953
b1101010110 E
b1101010110 R
#4954
b1101010111 E
b1101010111 R
#4955
b1101011000 E
b1101011000 R
#4956
b1101011001 E
b1101011001 R
#4957
b1101011010 E
b1101011010 R
#4958
b1101011011 E
b1101011011 R
#4959
b1101011100 E
b1101011100 R
#4960
b1101011101 E
b1101011101 R
#4961
b1101011110 E
b1101011110 R
#4962
b1101011111 E
b1101011111 R
#4963
b1101100000 E
b1101100000 R
#4964
b1101100001 E
b1101100001 R
#4965
b1101100010 E
b1101100010 R
#4966
b1101100011 E
b1101100011 R
#4967
b1101100100 E
b1101100100 R
#4968
b1101100101 E
b1101100101 R
#4969
b1101100110 E
b1101100110 R
#4970
b1101100111 E
b1101100111 R
#4971
b1101101000 E
b1101101000 R
#4972
b1101101001 E
b1101101001 R
#4973
b1101101010 E
b1101101010 R
#4974
b1101101011 E
b1101101011 R
#4975
b1101101100 E
b1101101100 R
#4976
b1101101101 E
b1101101101 R
#4977
b1101101110 E
b1101101110 R
#4978
b1101101111 E
b1101101111 R
#4979
b1101110000 E
b1101110000 R
#4980
b1101110001 E
b1101110001 R
#4981
b1101110010 E
b1101110010 R
#4982
b1101110011 E
b1101110011 R
#4983
b1101110100 E
b1101110100 R
#4984
b1101110101 E
b1101110101 R
#4985
b1101110110 E
b1101110110 R
#4986
b1101110111 E
b1101110111 R
#4987
b1101111000 E
b1101111000 R
#4988
b1101111001 E
b1101111001 R
#4989
b1101111010 E
b1101111010 R
#4990
b1101111011 E
b1101111011 R
#4991
b1101111100 E
b1101111100 R
#4992
b1101111101 E
b1101111101 R
#4993
b1101111110 E
b1101111110 R
#4994
b1101111111 E
b1101111111 R
#4995
b1110000000 E
b1110000000 R
#4996
b1110000001 E
b1110000001 R
#4997
b1110000010 E
b1110000010 R
#4998
b1110000011 E
b1110000011 R
#4999
b1110000100 E
b1110000100 R
#5000
b1110000101 E
b1110000101 R
#5001
b1110000110 E
b1110000110 R
#5002
b1110000111 E
b1110000111 R
#5003
b1110001000 E
b1110001000 R
#5004
b1110001001 E
b1110001001 R
#5005
b1110001010 E
b1110001010 R
#5006
b1110001011 E
b1110001011 R
#5007
b1110001100 E
b1110001100 R
#5008
b1110001101 E
b1110001101 R
#5009
b1110001110 E
b1110001110 R
#5010
b1110001111 E
b1110001111 R
#5011
b1110010000 E
b1110010000 R
#5012
b1110010001 E
b1110010001 R
#5013
b1110010010 E
b1110010010 R
#5014
b1110010011 E
b1110010011 R
#5015
b1110010100 E
b1110010100 R
#5016
b1110010101 E
b1110010101 R
#5017
b1110010110 E
b1110010110 R
#5018
b1110010111 E
b1110010111 R
#5019
b1110011000 E
b1110011000 R
#5020
b1110011001 E
b1110011001 R
#5021
b1110011010 E
b1110011010 R
#5022
b1110011011 E
b1110011011 R
#5023
b1110011100 E
b1110011100 R
#5024
b1110011101 E
b1110011101 R
#5025
b1110011110 E
b1110011110 R
#5026
b1110011111 E
b1110011111 R
#5027
b1110100000 E
b1110100000 R
#5028
b1110100001 E
b1110100001 R
#5029
b1110100010 E
b1110100010 R
#5030
b1110100011 E
b1110100011 R
#5031
b1110100100 E
b1110100100 R
#5032
b1110100101 E
b1110100101 R
#5033
b1110100110 E
b1110100110 R
#5034
b1110100111 E
b1110100111 R
#5035
b1110101000 E
b1110101000 R
#5036
b1110101001 E
b1110101001 R
#5037
b1110101010 E
b1110101010 R
#5038
b1110101011 E
b1110101011 R
#5039
b1110101100 E
b1110101100 R
#5040
b1110101101 E
b1110101101 R
#5041
b1110101110 E
b1110101110 R
#5042
b1110101111 E
b1110101111 R
#5043
b1110110000 E
b1110110000 R
#5044
b1110110001 E
b1110110001 R
#5045
b1110110010 E
b1110110010 R
#5046
b1110110011 E
b1110110011 R
#5047
b1110110100 E
b1110110100 R
#5048
b1110110101 E
b1110110101 R
#5049
b1110110110 E
b1110110110 R
#5050
b1110110111 E
b1110110111 R
#5051
b1110111000 E
b1110111000 R
#5052
b1110111001 E
b1110111001 R
#5053
b1110111010 E
b1110111010 R
#5054
b1110111011 E
b1110111011 R
#5055
b1110111100 E
b1110111100 R
#5056
b1110111101 E
b1110111101 R
#5057
b1110111110 E
b1110111110 R
#5058
b1110111111 E
b1110111111 R
#5059
b1111000000 E
b1111000000 R
#5060
b1111000001 E
b1111000001 R
#5061
b1111000010 E
b1111000010 R
#5062
b1111000011 E
b1111000011 R
#5063
b1111000100 E
b1111000100 R
#5064
b1111000101 E
b1111000101 R
#5065
b1111000110 E
b1111000110 R
#5066
b1111000111 E
b1111000111 R
#5067
b1111001000 E
b1111001000 R
#5068
b1111001001 E
b1111001001 R
#5069
b1111001010 E
b1111001010 R
#5070
b1111001011 E
b1111001011 R
#5071
b1111001100 E
b1111001100 R
#5072
b1111001101 E
b1111001101 R
#5073
b1111001110 E
b1111001110 R
#5074
b1111001111 E
b1111001111 R
#5075
b1111010000 E
b1111010000 R
#5076
b1111010001 E
b1111010001 R
#5077
b1111010010 E
b1111010010 R
#5078
b1111010011 E
b1111010011 R
#5079
b1111010100 E
b1111010100 R
#5080
b1111010101 E
b1111010101 R
#5081
b1111010110 E
b1111010110 R
#5082
b1111010111 E
b1111010111 R
#5083
b1111011000 E
b1111011000 R
#5084
b1111011001 E
b1111011001 R
#5085
b1111011010 E
b1111011010 R
#5086
b1111011011 E
b1111011011 R
#5087
b1111011100 E
b1111011100 R
#5088
b1111011101 E
b1111011101 R
#5089
b1111011110 E
b1111011110 R
#5090
b1111011111 E
b1111011111 R
#5091
b1111100000 E
b1111100000 R
#5092
b1111100001 E
b1111100001 R
#5093
b1111100010 E
b1111100010 R
#5094
b1111100011 E
b1111100011 R
#5095
b1111100100 E
b1111100100 R
#5096
b1111100101 E
b1111100101 R
#5097
b1111100110 E
b1111100110 R
#5098
b1111100111 E
b1111100111 R
#5099
b1111101000 E
b1111101000 R
#5100
b1111101001 E
b1111101001 R
#5101
b1111101010 E
b1111101010 R
#5102
b1111101011 E
b1111101011 R
#5103
b1111101100 E
b1111101100 R
#5104
b1111101101 E
b1111101101 R
#5105
b1111101110 E
b1111101110 R
#5106
b1111101111 E
b1111101111 R
#5107
b1111110000 E
b1111110000 R
#5108
b1111110001 E
b1111110001 R
#5109
b1111110010 E
b1111110010 R
#5110
b1111110011 E
b1111110011 R
#5111
b1111110100 E
b1111110100 R
#5112
b1111110101 E
b1111110101 R
#5113
b1111110110 E
b1111110110 R
#5114
b1111110111 E
b1111110111 R
#5115
b1111111000 E
b1111111000 R
#5116
b1111111001 E
b1111111001 R
#5117
b1111111010 E
b1111111010 R
#5118
b1111111011 E
b1111111011 R
#5119
b1111111100 E
b1111111100 R
#5120
b1111111101 E
b1111111101 R
#5121
b1111111110 E
b1111111110 R
#5122
b1111111111 E
b1111111111 R
#5123
b10000000000 E
b10000000000 R
#5124
b10000000001 E
b10000000001 R
#5125
b10000000010 E
b10000000010 R
#5126
b10000000011 E
b10000000011 R
#5127
b10000000100 E
b10000000100 R
#5128
b10000000101 E
b10000000101 R
#5129
b10000000110 E
b10000000110 R
#5130
b10000000111 E
b10000000111 R
#5131
b10000001000 E
b10000001000 R
#5132
b10000001001 E
b10000001001 R
#5133
b10000001010 E
b10000001010 R
#5134
b10000001011 E
b10000001011 R
#5135
b10000001100 E
b10000001100 R
#5136
b10000001101 E
b10000001101 R
#5137
b10000001110 E
b10000001110 R
#5138
b10000001111 E
b10000001111 R
#5139
b10000010000 E
b10000010000 R
#5140
b10000010001 E
b10000010001 R
#5141
b10000010010 E
b10000010010 R
#5142
b10000010011 E
b10000010011 R
#5143
b10000010100 E
b10000010100 R
#5144
b10000010101 E
b10000010101 R
#5145
b10000010110 E
b10000010110 R
#5146
b10000010111 E
b10000010111 R
#5147
b10000011000 E
b10000011000 R
#5148
b10000011001 E
b10000011001 R
#5149
b10000011010 E
b10000011010 R
#5150
b10000011011 E
b10000011011 R
#5151
b10000011100 E
b10000011100 R
#5152
b10000011101 E
b10000011101 R
#5153
b10000011110 E
b10000011110 R
#5154
b10000011111 E
b10000011111 R
#5155
b10000100000 E
b10000100000 R
#5156
b10000100001 E
b10000100001 R
#5157
b10000100010 E
b10000100010 R
#5158
b10000100011 E
b10000100011 R
#5159
b10000100100 E
b10000100100 R
#5160
b10000100101 E
b10000100101 R
#5161
b10000100110 E
b10000100110 R
#5162
b10000100111 E
b10000100111 R
#5163
b10000101000 E
b10000101000 R
#5164
b10000101001 E
b10000101001 R
#5165
b10000101010 E
b10000101010 R
#5166
b10000101011 E
b10000101011 R
#5167
b10000101100 E
b10000101100 R
#5168
b10000101101 E
b10000101101 R
#5169
b10000101110 E
b10000101110 R
#5170
b10000101111 E
b10000101111 R
#5171
b10000110000 E
b10000110000 R
#5172
b10000110001 E
b10000110001 R
#5173
b10000110010 E
b10000110010 R
#5174
b10000110011 E
b10000110011 R
#5175
b10000110100 E
b10000110100 R
#5176
b10000110101 E
b10000110101 R
#5177
b10000110110 E
b10000110110 R
#5178
b10000110111 E
b10000110111 R
#5179
b10000111000 E
b10000111000 R
#5180
b10000111001 E
b10000111001 R
#5181
b10000111010 E
b10000111010 R
#5182
b10000111011 E
b10000111011 R
#5183
b10000111100 E
b10000111100 R
#5184
b10000111101 E
b10000111101 R
#5185
b10000111110 E
b10000111110 R
#5186
b10000111111 E
b10000111111 R
#5187
b10001000000 E
b10001000000 R
#5188
b10001000001 E
b10001000001 R
#5189
b10001000010 E
b10001000010 R
#5190
b10001000011 E
b10001000011 R
#5191
b10001000100 E
b10001000100 R
#5192
b10001000101 E
b10001000101 R
#5193
b10001000110 E
b10001000110 R
#5194
b10001000111 E
b10001000111 R
#5195
b10001001000 E
b10001001000 R
#5196
b10001001001 E
b10001001001 R
#5197
b10001001010 E
b10001001010 R
#5198
b10001001011 E
b10001001011 R
#5199
b10001001100 E
b10001001100 R
#5200
b10001001101 E
b10001001101 R
#5201
b10001001110 E
b10001001110 R
#5202
b10001001111 E
b10001001111 R
#5203
b10001010000 E
b10001010000 R
#5204
b10001010001 E
b10001010001 R
#5205
b10001010010 E
b10001010010 R
#5206
b10001010011 E
b10001010011 R
#5207
b10001010100 E
b10001010100 R
#5208
b10001010101 E
b10001010101 R
#5209
b10001010110 E
b10001010110 R
#5210
b10001010111 E
b10001010111 R
#5211
b10001011000 E
b10001011000 R
#5212
b10001011001 E
b10001011001 R
#5213
b10001011010 E
b10001011010 R
#5214
b10001011011 E
b10001011011 R
#5215
b10001011100 E
b10001011100 R
#5216
b10001011101 E
b10001011101 R
#5217
b10001011110 E
b10001011110 R
#5218
b10001011111 E
b10001011111 R
#5219
b10001100000 E
b10001100000 R
#5220
b10001100001 E
b10001100001 R
#5221
b10001100010 E
b10001100010 R
#5222
b10001100011 E
b10001100011 R
#5223
b10001100100 E
b10001100100 R
#5224
b10001100101 E
b10001100101 R
#5225
b10001100110 E
b10001100110 R
#5226
b10001100111 E
b10001100111 R
#5227
b10001101000 E
b10001101000 R
#5228
b10001101001 E
b10001101001 R
#5229
b10001101010 E
b10001101010 R
#5230
b10001101011 E
b10001101011 R
#5231
b10001101100 E
b10001101100 R
#5232
b10001101101 E
b10001101101 R
#5233
b10001101110 E
b10001101110 R
#5234
b10001101111 E
b10001101111 R
#5235
b10001110000 E
b10001110000 R
#5236
b10001110001 E
b10001110001 R
#5237
b10001110010 E
b10001110010 R
#5238
b10001110011 E
b10001110011 R
#5239
b10001110100 E
b10001110100 R
#5240
b10001110101 E
b10001110101 R
#5241
b10001110110 E
b10001110110 R
#5242
b10001110111 E
b10001110111 R
#5243
b10001111000 E
b10001111000 R
#5244
b10001111001 E
b10001111001 R
#5245
b10001111010 E
b10001111010 R
#5246
b10001111011 E
b10001111011 R
#5247
b10001111100 E
b10001111100 R
#5248
b10001111101 E
b10001111101 R
#5249
b10001111110 E
b10001111110 R
#5250
b10001111111 E
b10001111111 R
#5251
b10010000000 E
b10010000000 R
#5252
b10010000001 E
b10010000001 R
#5253
b10010000010 E
b10010000010 R
#5254
b10010000011 E
b10010000011 R
#5255
b10010000100 E
b10010000100 R
#5256
b10010000101 E
b10010000101 R
#5257
b10010000110 E
b10010000110 R
#5258
b10010000111 E
b10010000111 R
#5259
b10010001000 E
b10010001000 R
#5260
b10010001001 E
b10010001001 R
#5261
b10010001010 E
b10010001010 R
#5262
b10010001011 E
b10010001011 R
#5263
b10010001100 E
b10010001100 R
#5264
b10010001101 E
b10010001101 R
#5265
b10010001110 E
b10010001110 R
#5266
b10010001111 E
b10010001111 R
#5267
b10010010000 E
b10010010000 R
#5268
b10010010001 E
b10010010001 R
#5269
b10010010010 E
b10010010010 R
#5270
b10010010011 E
b10010010011 R
#5271
b10010010100 E
b10010010100 R
#5272
b10010010101 E
b10010010101 R
#5273
b10010010110 E
b10010010110 R
#5274
b10010010111 E
b10010010111 R
#5275
b10010011000 E
b10010011000 R
#5276
b10010011001 E
b10010011001 R
#5277
b10010011010 E
b10010011010 R
#5278
b10010011011 E
b10010011011 R
#5279
b10010011100 E
b10010011100 R
#5280
b10010011101 E
b10010011101 R
#5281
b10010011110 E
b10010011110 R
#5282
b10010011111 E
b10010011111 R
#5283
b10010100000 E
b10010100000 R
#5284
b10010100001 E
b10010100001 R
#5285
b10010100010 E
b10010100010 R
#5286
b10010100011 E
b10010100011 R
#5287
b10010100100 E
b10010100100 R
#5288
b10010100101 E
b10010100101 R
#5289
b10010100110 E
b10010100110 R
#5290
b10010100111 E
b10010100111 R
#5291
b10010101000 E
b10010101000 R
#5292
b10010101001 E
b10010101001 R
#5293
b10010101010 E
b10010101010 R
#5294
b10010101011 E
b10010101011 R
#5295
b10010101100 E
b10010101100 R
#5296
b10010101101 E
b10010101101 R
#5297
b10010101110 E
b10010101110 R
#5298
b10010101111 E
b10010101111 R
#5299
b10010110000 E
b10010110000 R
#5300
b10010110001 E
b10010110001 R
#5301
b10010110010 E
b10010110010 R
#5302
b10010110011 E
b10010110011 R
#5303
b10010110100 E
b10010110100 R
#5304
b10010110101 E
b10010110101 R
#5305
b10010110110 E
b10010110110 R
#5306
b10010110111 E
b10010110111 R
#5307
b10010111000 E
b10010111000 R
#5308
b10010111001 E
b10010111001 R
#5309
b10010111010 E
b10010111010 R
#5310
b10010111011 E
b10010111011 R
#5311
b10010111100 E
b10010111100 R
#5312
b10010111101 E
b10010111101 R
#5313
b10010111110 E
b10010111110 R
#5314
b10010111111 E
b10010111111 R
#5315
b10011000000 E
b10011000000 R
#5316
b10011000001 E
b10011000001 R
#5317
b10011000010 E
b10011000010 R
#5318
b10011000011 E
b10011000011 R
#5319
b10011000100 E
b10011000100 R
#5320
b10011000101 E
b10011000101 R
#5321
b10011000110 E
b10011000110 R
#5322
b10011000111 E
b10011000111 R
#5323
b10011001000 E
b10011001000 R
#5324
b10011001001 E
b10011001001 R
#5325
b10011001010 E
b10011001010 R
#5326
b10011001011 E
b10011001011 R
#5327
b10011001100 E
b10011001100 R
#5328
b10011001101 E
b10011001101 R
#5329
b10011001110 E
b10011001110 R
#5330
b10011001111 E
b10011001111 R
#5331
b10011010000 E
b10011010000 R
#5332
b10011010001 E
b10011010001 R
#5333
b10011010010 E
b10011010010 R
#5334
b10011010011 E
b10011010011 R
#5335
b10011010100 E
b10011010100 R
#5336
b10011010101 E
b10011010101 R
#5337
b10011010110 E
b10011010110 R
#5338
b10011010111 E
b10011010111 R
#5339
b10011011000 E
b10011011000 R
#5340
b10011011001 E
b10011011001 R
#5341
b10011011010 E
b10011011010 R
#5342
b10011011011 E
b10011011011 R
#5343
b10011011100 E
b10011011100 R
#5344
b10011011101 E
b10011011101 R
#5345
b10011011110 E
b10011011110 R
#5346
b10011011111 E
b10011011111 R
#5347
b10011100000 E
b10011100000 R
#5348
b10011100001 E
b10011100001 R
#5349
b10011100010 E
b10011100010 R
#5350
b10011100011 E
b10011100011 R
#5351
b10011100100 E
b10011100100 R
#5352
b10011100101 E
b10011100101 R
#5353
b10011100110 E
b10011100110 R
#5354
b10011100111 E
b10011100111 R
#5355
b10011101000 E
b10011101000 R
#5356
b10011101001 E
b10011101001 R
#5357
b10011101010 E
b10011101010 R
#5358
b10011101011 E
b10011101011 R
#5359
b10011101100 E
b10011101100 R
#5360
b10011101101 E
b10011101101 R
#5361
b10011101110 E
b10011101110 R
#5362
b10011101111 E
b10011101111 R
#5363
b10011110000 E
b10011110000 R
#5364
b10011110001 E
b10011110001 R
#5365
b10011110010 E
b10011110010 R
#5366
b10011110011 E
b10011110011 R
#5367
b10011110100 E
b10011110100 R
#5368
b10011110101 E
b10011110101 R
#5369
b10011110110 E
b10011110110 R
#5370
b10011110111 E
b10011110111 R
#5371
b10011111000 E
b10011111000 R
#5372
b10011111001 E
b10011111001 R
#5373
b10011111010 E
b10011111010 R
#5374
b10011111011 E
b10011111011 R
#5375
b10011111100 E
b10011111100 R
#5376
b10011111101 E
b10011111101 R
#5377
b10011111110 E
b10011111110 R
#5378
b10011111111 E
b10011111111 R
#5379
b10100000000 E
b10100000000 R
#5380
b10100000001 E
b10100000001 R
#5381
b10100000010 E
b10100000010 R
#5382
b10100000011 E
b10100000011 R
#5383
b10100000100 E
b10100000100 R
#5384
b10100000101 E
b10100000101 R
#5385
b10100000110 E
b10100000110 R
#5386
b10100000111 E
b10100000111 R
#5387
b10100001000 E
b10100001000 R
#5388
b10100001001 E
b10100001001 R
#5389
b10100001010 E
b10100001010 R
#5390
b10100001011 E
b10100001011 R
#5391
b10100001100 E
b10100001100 R
#5392
b10100001101 E
b10100001101 R
#5393
b10100001110 E
b10100001110 R
#5394
b10100001111 E
b10100001111 R
#5395
b10100010000 E
b10100010000 R
#5396
b10100010001 E
b10100010001 R
#5397
b10100010010 E
b10100010010 R
#5398
b10100010011 E
b10100010011 R
#5399
b10100010100 E
b10100010100 R
#5400
b10100010101 E
b10100010101 R
#5401
b10100010110 E
b10100010110 R
#5402
b10100010111 E
b10100010111 R
#5403
b10100011000 E
b10100011000 R
#5404
b10100011001 E
b10100011001 R
#5405
b10100011010 E
b10100011010 R
#5406
b10100011011 E
b10100011011 R
#5407
b10100011100 E
b10100011100 R
#5408
b10100011101 E
b10100011101 R
#5409
b10100011110 E
b10100011110 R
#5410
b10100011111 E
b10100011111 R
#5411
b10100100000 E
b10100100000 R
#5412
b10100100001 E
b10100100001 R
#5413
b10100100010 E
b10100100010 R
#5414
b10100100011 E
b10100100011 R
#5415
b10100100100 E
b10100100100 R
#5416
b10100100101 E
b10100100101 R
#5417
b10100100110 E
b10100100110 R
#5418
b10100100111 E
b10100100111 R
#5419
b10100101000 E
b10100101000 R
#5420
b10100101001 E
b10100101001 R
#5421
b10100101010 E
b10100101010 R
#5422
b10100101011 E
b10100101011 R
#5423
b10100101100 E
b10100101100 R
#5424
b10100101101 E
b10100101101 R
#5425
b10100101110 E
b10100101110 R
#5426
b10100101111 E
b10100101111 R
#5427
b10100110000 E
b10100110000 R
#5428
b10100110001 E
b10100110001 R
#5429
b10100110010 E
b10100110010 R
#5430
b10100110011 E
b10100110011 R
#5431
b10100110100 E
b10100110100 R
#5432
b10100110101 E
b10100110101 R
#5433
b10100110110 E
b10100110110 R
#5434
b10100110111 E
b10100110111 R
#5435
b10100111000 E
b10100111000 R
#5436
b10100111001 E
b10100111001 R
#5437
b10100111010 E
b10100111010 R
#5438
b10100111011 E
b10100111011 R
#5439
b10100111100 E
b10100111100 R
#5440
b10100111101 E
b10100111101 R
#5441
b10100111110 E
b10100111110 R
#5442
b10100111111 E
b10100111111 R
#5443
b10101000000 E
b10101000000 R
#5444
b10101000001 E
b10101000001 R
#5445
b10101000010 E
b10101000010 R
#5446
b10101000011 E
b10101000011 R
#5447
b10101000100 E
b10101000100 R
#5448
b10101000101 E
b10101000101 R
#5449
b10101000110 E
b10101000110 R
#5450
b10101000111 E
b10101000111 R
#5451
b10101001000 E
b10101001000 R
#5452
b10101001001 E
b10101001001 R
#5453
b10101001010 E
b10101001010 R
#5454
b10101001011 E
b10101001011 R
#5455
b10101001100 E
b10101001100 R
#5456
b10101001101 E
b10101001101 R
#5457
b10101001110 E
b10101001110 R
#5458
b10101001111 E
b10101001111 R
#5459
b10101010000 E
b10101010000 R
#5460
b10101010001 E
b10101010001 R
#5461
b10101010010 E
b10101010010 R
#5462
b10101010011 E
b10101010011 R
#5463
b10101010100 E
b10101010100 R
#5464
b10101010101 E
b10101010101 R
#5465
b10101010110 E
b10101010110 R
#5466
b10101010111 E
b10101010111 R
#5467
b10101011000 E
b10101011000 R
#5468
b10101011001 E
b10101011001 R
#5469
b10101011010 E
b10101011010 R
#5470
b10101011011 E
b10101011011 R
#5471
b10101011100 E
b10101011100 R
#5472
b10101011101 E
b10101011101 R
#5473
b10101011110 E
b10101011110 R
#5474
b10101011111 E
b10101011111 R
#5475
b10101100000 E
b10101100000 R
#5476
b10101100001 E
b10101100001 R
#5477
b10101100010 E
b10101100010 R
#5478
b10101100011 E
b10101100011 R
#5479
b10101100100 E
b10101100100 R
#5480
b10101100101 E
b10101100101 R
#5481
b10101100110 E
b10101100110 R
#5482
b10101100111 E
b10101100111 R
#5483
b10101101000 E
b10101101000 R
#5484
b10101101001 E
b10101101001 R
#5485
b10101101010 E
b10101101010 R
#5486
b10101101011 E
b10101101011 R
#5487
b10101101100 E
b10101101100 R
#5488
b10101101101 E
b10101101101 R
#5489
b10101101110 E
b10101101110 R
#5490
b10101101111 E
b10101101111 R
#5491
b10101110000 E
b10101110000 R
#5492
b10101110001 E
b10101110001 R
#5493
b10101110010 E
b10101110010 R
#5494
b10101110011 E
b10101110011 R
#5495
b10101110100 E
b10101110100 R
#5496
b10101110101 E
b10101110101 R
#5497
b10101110110 E
b10101110110 R
#5498
b10101110111 E
b10101110111 R
#5499
b10101111000 E
b10101111000 R
#5500
b10101111001 E
b10101111001 R
#5501
b10101111010 E
b10101111010 R
#5502
b10101111011 E
b10101111011 R
#5503
b10101111100 E
b10101111100 R
#5504
b10101111101 E
b10101111101 R
#5505
b10101111110 E
b10101111110 R
#5506
b10101111111 E
b10101111111 R
#5507
b10110000000 E
b10110000000 R
#5508
b10110000001 E
b10110000001 R
#5509
b10110000010 E
b10110000010 R
#5510
b10110000011 E
b10110000011 R
#5511
b10110000100 E
b10110000100 R
#5512
b10110000101 E
b10110000101 R
#5513
b10110000110 E
b10110000110 R
#5514
b10110000111 E
b10110000111 R
#5515
b10110001000 E
b10110001000 R
#5516
b10110001001 E
b10110001001 R
#5517
b10110001010 E
b10110001010 R
#5518
b10110001011 E
b10110001011 R
#5519
b10110001100 E
b10110001100 R
#5520
b10110001101 E
b10110001101 R
#5521
b10110001110 E
b10110001110 R
#5522
b10110001111 E
b10110001111 R
#5523
b10110010000 E
b10110010000 R
#5524
b10110010001 E
b10110010001 R
#5525
b10110010010 E
b10110010010 R
#5526
b10110010011 E
b10110010011 R
#5527
b10110010100 E
b10110010100 R
#5528
b10110010101 E
b10110010101 R
#5529
b10110010110 E
b10110010110 R
#5530
b10110010111 E
b10110010111 R
#5531
b10110011000 E
b10110011000 R
#5532
b10110011001 E
b10110011001 R
#5533
b10110011010 E
b10110011010 R
#5534
b10110011011 E
b10110011011 R
#5535
b10110011100 E
b10110011100 R
#5536
b10110011101 E
b10110011101 R
#5537
b10110011110 E
b10110011110 R
#5538
b10110011111 E
b10110011111 R
#5539
b10110100000 E
b10110100000 R
#5540
b10110100001 E
b10110100001 R
#5541
b10110100010 E
b10110100010 R
#5542
b10110100011 E
b10110100011 R
#5543
b10110100100 E
b10110100100 R
#5544
b10110100101 E
b10110100101 R
#5545
b10110100110 E
b10110100110 R
#5546
b10110100111 E
b10110100111 R
#5547
b10110101000 E
b10110101000 R
#5548
b10110101001 E
b10110101001 R
#5549
b10110101010 E
b10110101010 R
#5550
b10110101011 E
b10110101011 R
#5551
b10110101100 E
b10110101100 R
#5552
b10110101101 E
b10110101101 R
#5553
b10110101110 E
b10110101110 R
#5554
b10110101111 E
b10110101111 R
#5555
b10110110000 E
b10110110000 R
#5556
b10110110001 E
b10110110001 R
#5557
b10110110010 E
b10110110010 R
#5558
b10110110011 E
b10110110011 R
#5559
b10110110100 E
b10110110100 R
#5560
b10110110101 E
b10110110101 R
#5561
b10110110110 E
b10110110110 R
#5562
b10110110111 E
b10110110111 R
#5563
b10110111000 E
b10110111000 R
#5564
b10110111001 E
b10110111001 R
#5565
b10110111010 E
b10110111010 R
#5566
b10110111011 E
b10110111011 R
#5567
b10110111100 E
b10110111100 R
#5568
b10110111101 E
b10110111101 R
#5569
b10110111110 E
b10110111110 R
#5570
b10110111111 E
b10110111111 R
#5571
b10111000000 E
b10111000000 R
#5572
b10111000001 E
b10111000001 R
#5573
b10111000010 E
b10111000010 R
#5574
b10111000011 E
b10111000011 R
#5575
b10111000100 E
b10111000100 R
#5576
b10111000101 E
b10111000101 R
#5577
b10111000110 E
b10111000110 R
#5578
b10111000111 E
b10111000111 R
#5579
b10111001000 E
b10111001000 R
#5580
b10111001001 E
b10111001001 R
#5581
b10111001010 E
b10111001010 R
#5582
b10111001011 E
b10111001011 R
#5583
b10111001100 E
b10111001100 R
#5584
b10111001101 E
b10111001101 R
#5585
b10111001110 E
b10111001110 R
#5586
b10111001111 E
b10111001111 R
#5587
b10111010000 E
b10111010000 R
#5588
b10111010001 E
b10111010001 R
#5589
b10111010010 E
b10111010010 R
#5590
b10111010011 E
b10111010011 R
#5591
b10111010100 E
b10111010100 R
#5592
b10111010101 E
b10111010101 R
#5593
b10111010110 E
b10111010110 R
#5594
b10111010111 E
b10111010111 R
#5595
b10111011000 E
b10111011000 R
#5596
b10111011001 E
b10111011001 R
#5597
b10111011010 E
b10111011010 R
#5598
b10111011011 E
b10111011011 R
#5599
b10111011100 E
b10111011100 R
#5600
b10111011101 E
b10111011101 R
#5601
b10111011110 E
b10111011110 R
#5602
b10111011111 E
b10111011111 R
#5603
b10111100000 E
b10111100000 R
#5604
b10111100001 E
b10111100001 R
#5605
b10111100010 E
b10111100010 R
#5606
b10111100011 E
b10111100011 R
#5607
b10111100100 E
b10111100100 R
#5608
b10111100101 E
b10111100101 R
#5609
b10111100110 E
b10111100110 R
#5610
b10111100111 E
b10111100111 R
#5611
b10111101000 E
b10111101000 R
#5612
b10111101001 E
b10111101001 R
#5613
b10111101010 E
b10111101010 R
#5614
b10111101011 E
b10111101011 R
#5615
b10111101100 E
b10111101100 R
#5616
b10111101101 E
b10111101101 R
#5617
b10111101110 E
b10111101110 R
#5618
b10111101111 E
b10111101111 R
#5619
b10111110000 E
b10111110000 R
#5620
b10111110001 E
b10111110001 R
#5621
b10111110010 E
b10111110010 R
#5622
b10111110011 E
b10111110011 R
#5623
b10111110100 E
b10111110100 R
#5624
b10111110101 E
b10111110101 R
#5625
b10111110110 E
b10111110110 R
#5626
b10111110111 E
b10111110111 R
#5627
b10111111000 E
b10111111000 R
#5628
b10111111001 E
b10111111001 R
#5629
b10111111010 E
b10111111010 R
#5630
b10111111011 E
b10111111011 R
#5631
b10111111100 E
b10111111100 R
#5632
b10111111101 E
b10111111101 R
#5633
b10111111110 E
b10111111110 R
#5634
b10111111111 E
b10111111111 R
#5635
b11000000000 E
b11000000000 R
#5636
b11000000001 E
b11000000001 R
#5637
b11000000010 E
b11000000010 R
#5638
b11000000011 E
b11000000011 R
#5639
b11000000100 E
b11000000100 R
#5640
b11000000101 E
b11000000101 R
#5641
b11000000110 E
b11000000110 R
#5642
b11000000111 E
b11000000111 R
#5643
b11000001000 E
b11000001000 R
#5644
b11000001001 E
b11000001001 R
#5645
b11000001010 E
b11000001010 R
#5646
b11000001011 E
b11000001011 R
#5647
b11000001100 E
b11000001100 R
#5648
b11000001101 E
b11000001101 R
#5649
b11000001110 E
b11000001110 R
#5650
b11000001111 E
b11000001111 R
#5651
b11000010000 E
b11000010000 R
#5652
b11000010001 E
b11000010001 R
#5653
b11000010010 E
b11000010010 R
#5654
b11000010011 E
b11000010011 R
#5655
b11000010100 E
b11000010100 R
#5656
b11000010101 E
b11000010101 R
#5657
b11000010110 E
b11000010110 R
#5658
b11000010111 E
b11000010111 R
#5659
b11000011000 E
b11000011000 R
#5660
b11000011001 E
b11000011001 R
#5661
b11000011010 E
b11000011010 R
#5662
b11000011011 E
b11000011011 R
#5663
b11000011100 E
b11000011100 R
#5664
b11000011101 E
b11000011101 R
#5665
b11000011110 E
b11000011110 R
#5666
b11000011111 E
b11000011111 R
#5667
b11000100000 E
b11000100000 R
#5668
b11000100001 E
b11000100001 R
#5669
b11000100010 E
b11000100010 R
#5670
b11000100011 E
b11000100011 R
#5671
b11000100100 E
b11000100100 R
#5672
b11000100101 E
b11000100101 R
#5673
b11000100110 E
b11000100110 R
#5674
b11000100111 E
b11000100111 R
#5675
b11000101000 E
b11000101000 R
#5676
b11000101001 E
b11000101001 R
#5677
b11000101010 E
b11000101010 R
#5678
b11000101011 E
b11000101011 R
#5679
b11000101100 E
b11000101100 R
#5680
b11000101101 E
b11000101101 R
#5681
b11000101110 E
b11000101110 R
#5682
b11000101111 E
b11000101111 R
#5683
b11000110000 E
b11000110000 R
#5684
b11000110001 E
b11000110001 R
#5685
b11000110010 E
b11000110010 R
#5686
b11000110011 E
b11000110011 R
#5687
b11000110100 E
b11000110100 R
#5688
b11000110101 E
b11000110101 R
#5689
b11000110110 E
b11000110110 R
#5690
b11000110111 E
b11000110111 R
#5691
b11000111000 E
b11000111000 R
#5692
b11000111001 E
b11000111001 R
#5693
b11000111010 E
b11000111010 R
#5694
b11000111011 E
b11000111011 R
#5695
b11000111100 E
b11000111100 R
#5696
b11000111101 E
b11000111101 R
#5697
b11000111110 E
b11000111110 R
#5698
b11000111111 E
b11000111111 R
#5699
b11001000000 E
b11001000000 R
#5700
b11001000001 E
b11001000001 R
#5701
b11001000010 E
b11001000010 R
#5702
b11001000011 E
b11001000011 R
#5703
b11001000100 E
b11001000100 R
#5704
b11001000101 E
b11001000101 R
#5705
b11001000110 E
b11001000110 R
#5706
b11001000111 E
b11001000111 R
#5707
b11001001000 E
b11001001000 R
#5708
b11001001001 E
b11001001001 R
#5709
b11001001010 E
b11001001010 R
#5710
b11001001011 E
b11001001011 R
#5711
b11001001100 E
b11001001100 R
#5712
b11001001101 E
b11001001101 R
#5713
b11001001110 E
b11001001110 R
#5714
b11001001111 E
b11001001111 R
#5715
b11001010000 E
b11001010000 R
#5716
b11001010001 E
b11001010001 R
#5717
b11001010010 E
b11001010010 R
#5718
b11001010011 E
b11001010011 R
#5719
b11001010100 E
b11001010100 R
#5720
b11001010101 E
b11001010101 R
#5721
b11001010110 E
b11001010110 R
#5722
b11001010111 E
b11001010111 R
#5723
b11001011000 E
b11001011000 R
#5724
b11001011001 E
b11001011001 R
#5725
b11001011010 E
b11001011010 R
#5726
b11001011011 E
b11001011011 R
#5727
b11001011100 E
b11001011100 R
#5728
b11001011101 E
b11001011101 R
#5729
b11001011110 E
b11001011110 R
#5730
b11001011111 E
b11001011111 R
#5731
b11001100000 E
b11001100000 R
#5732
b11001100001 E
b11001100001 R
#5733
b11001100010 E
b11001100010 R
#5734
b11001100011 E
b11001100011 R
#5735
b11001100100 E
b11001100100 R
#5736
b11001100101 E
b11001100101 R
#5737
b11001100110 E
b11001100110 R
#5738
b11001100111 E
b11001100111 R
#5739
b11001101000 E
b11001101000 R
#5740
b11001101001 E
b11001101001 R
#5741
b11001101010 E
b11001101010 R
#5742
b11001101011 E
b11001101011 R
#5743
b11001101100 E
b11001101100 R
#5744
b11001101101 E
b11001101101 R
#5745
b11001101110 E
b11001101110 R
#5746
b11001101111 E
b11001101111 R
#5747
b11001110000 E
b11001110000 R
#5748
b11001110001 E
b11001110001 R
#5749
b11001110010 E
b11001110010 R
#5750
b11001110011 E
b11001110011 R
#5751
b11001110100 E
b11001110100 R
#5752
b11001110101 E
b11001110101 R
#5753
b11001110110 E
b11001110110 R
#5754
b11001110111 E
b11001110111 R
#5755
b11001111000 E
b11001111000 R
#5756
b11001111001 E
b11001111001 R
#5757
b11001111010 E
b11001111010 R
#5758
b11001111011 E
b11001111011 R
#5759
b11001111100 E
b11001111100 R
#5760
b11001111101 E
b11001111101 R
#5761
b11001111110 E
b11001111110 R
#5762
b11001111111 E
b11001111111 R
#5763
b11010000000 E
b11010000000 R
#5764
b11010000001 E
b11010000001 R
#5765
b11010000010 E
b11010000010 R
#5766
b11010000011 E
b11010000011 R
#5767
b11010000100 E
b11010000100 R
#5768
b11010000101 E
b11010000101 R
#5769
b11010000110 E
b11010000110 R
#5770
b11010000111 E
b11010000111 R
#5771
b11010001000 E
b11010001000 R
#5772
b11010001001 E
b11010001001 R
#5773
b11010001010 E
b11010001010 R
#5774
b11010001011 E
b11010001011 R
#5775
b11010001100 E
b11010001100 R
#5776
b11010001101 E
b11010001101 R
#5777
b11010001110 E
b11010001110 R
#5778
b11010001111 E
b11010001111 R
#5779
b11010010000 E
b11010010000 R
#5780
b11010010001 E
b11010010001 R
#5781
b11010010010 E
b11010010010 R
#5782
b11010010011 E
b11010010011 R
#5783
b11010010100 E
b11010010100 R
#5784
b11010010101 E
b11010010101 R
#5785
b11010010110 E
b11010010110 R
#5786
b11010010111 E
b11010010111 R
#5787
b11010011000 E
b11010011000 R
#5788
b11010011001 E
b11010011001 R
#5789
b11010011010 E
b11010011010 R
#5790
b11010011011 E
b11010011011 R
#5791
b11010011100 E
b11010011100 R
#5792
b11010011101 E
b11010011101 R
#5793
b11010011110 E
b11010011110 R
#5794
b11010011111 E
b11010011111 R
#5795
b11010100000 E
b11010100000 R
#5796
b11010100001 E
b11010100001 R
#5797
b11010100010 E
b11010100010 R
#5798
b11010100011 E
b11010100011 R
#5799
b11010100100 E
b11010100100 R
#5800
b11010100101 E
b11010100101 R
#5801
b11010100110 E
b11010100110 R
#5802
b11010100111 E
b11010100111 R
#5803
b11010101000 E
b11010101000 R
#5804
b11010101001 E
b11010101001 R
#5805
b11010101010 E
b11010101010 R
#5806
b11010101011 E
b11010101011 R
#5807
b11010101100 E
b11010101100 R
#5808
b11010101101 E
b11010101101 R
#5809
b11010101110 E
b11010101110 R
#5810
b11010101111 E
b11010101111 R
#5811
b11010110000 E
b11010110000 R
#5812
b11010110001 E
b11010110001 R
#5813
b11010110010 E
b11010110010 R
#5814
b11010110011 E
b11010110011 R
#5815
b11010110100 E
b11010110100 R
#5816
b11010110101 E
b11010110101 R
#5817
b11010110110 E
b11010110110 R
#5818
b11010110111 E
b11010110111 R
#5819
b11010111000 E
b11010111000 R
#5820
b11010111001 E
b11010111001 R
#5821
b11010111010 E
b11010111010 R
#5822
b11010111011 E
b11010111011 R
#5823
b11010111100 E
b11010111100 R
#5824
b11010111101 E
b11010111101 R
#5825
b11010111110 E
b11010111110 R
#5826
b11010111111 E
b11010111111 R
#5827
b11011000000 E
b11011000000 R
#5828
b11011000001 E
b11011000001 R
#5829
b11011000010 E
b11011000010 R
#5830
b11011000011 E
b11011000011 R
#5831
b11011000100 E
b11011000100 R
#5832
b11011000101 E
b11011000101 R
#5833
b11011000110 E
b11011000110 R
#5834
b11011000111 E
b11011000111 R
#5835
b11011001000 E
b11011001000 R
#5836
b11011001001 E
b11011001001 R
#5837
b11011001010 E
b11011001010 R
#5838
b11011001011 E
b11011001011 R
#5839
b11011001100 E
b11011001100 R
#5840
b11011001101 E
b11011001101 R
#5841
b11011001110 E
b11011001110 R
#5842
b11011001111 E
b11011001111 R
#5843
b11011010000 E
b11011010000 R
#5844
b11011010001 E
b11011010001 R
#5845
b11011010010 E
b11011010010 R
#5846
b11011010011 E
b11011010011 R
#5847
b11011010100 E
b11011010100 R
#5848
b11011010101 E
b11011010101 R
#5849
b11011010110 E
b11011010110 R
#5850
b11011010111 E
b11011010111 R
#5851
b11011011000 E
b11011011000 R
#5852
b11011011001 E
b11011011001 R
#5853
b11011011010 E
b11011011010 R
#5854
b11011011011 E
b11011011011 R
#5855
b11011011100 E
b11011011100 R
#5856
b11011011101 E
b11011011101 R
#5857
b11011011110 E
b11011011110 R
#5858
b11011011111 E
b11011011111 R
#5859
b11011100000 E
b11011100000 R
#5860
b11011100001 E
b11011100001 R
#5861
b11011100010 E
b11011100010 R
#5862
b11011100011 E
b11011100011 R
#5863
b11011100100 E
b11011100100 R
#5864
b11011100101 E
b11011100101 R
#5865
b11011100110 E
b11011100110 R
#5866
b11011100111 E
b11011100111 R
#5867
b11011101000 E
b11011101000 R
#5868
b11011101001 E
b11011101001 R
#5869
b11011101010 E
b11011101010 R
#5870
b11011101011 E
b11011101011 R
#5871
b11011101100 E
b11011101100 R
#5872
b11011101101 E
b11011101101 R
#5873
b11011101110 E
b11011101110 R
#5874
b11011101111 E
b11011101111 R
#5875
b11011110000 E
b11011110000 R
#5876
b11011110001 E
b11011110001 R
#5877
b11011110010 E
b11011110010 R
#5878
b11011110011 E
b11011110011 R
#5879
b11011110100 E
b11011110100 R
#5880
b11011110101 E
b11011110101 R
#5881
b11011110110 E
b11011110110 R
#5882
b11011110111 E
b11011110111 R
#5883
b11011111000 E
b11011111000 R
#5884
b11011111001 E
b11011111001 R
#5885
b11011111010 E
b11011111010 R
#5886
b11011111011 E
b11011111011 R
#5887
b11011111100 E
b11011111100 R
#5888
b11011111101 E
b11011111101 R
#5889
b11011111110 E
b11011111110 R
#5890
b11011111111 E
b11011111111 R
#5891
b11100000000 E
b11100000000 R
#5892
b11100000001 E
b11100000001 R
#5893
b11100000010 E
b11100000010 R
#5894
b11100000011 E
b11100000011 R
#5895
b11100000100 E
b11100000100 R
#5896
b11100000101 E
b11100000101 R
#5897
b11100000110 E
b11100000110 R
#5898
b11100000111 E
b11100000111 R
#5899
b11100001000 E
b11100001000 R
#5900
b11100001001 E
b11100001001 R
#5901
b11100001010 E
b11100001010 R
#5902
b11100001011 E
b11100001011 R
#5903
b11100001100 E
b11100001100 R
#5904
b11100001101 E
b11100001101 R
#5905
b11100001110 E
b11100001110 R
#5906
b11100001111 E
b11100001111 R
#5907
b11100010000 E
b11100010000 R
#5908
b11100010001 E
b11100010001 R
#5909
b11100010010 E
b11100010010 R
#5910
b11100010011 E
b11100010011 R
#5911
b11100010100 E
b11100010100 R
#5912
b11100010101 E
b11100010101 R
#5913
b11100010110 E
b11100010110 R
#5914
b11100010111 E
b11100010111 R
#5915
b11100011000 E
b11100011000 R
#5916
b11100011001 E
b11100011001 R
#5917
b11100011010 E
b11100011010 R
#5918
b11100011011 E
b11100011011 R
#5919
b11100011100 E
b11100011100 R
#5920
b11100011101 E
b11100011101 R
#5921
b11100011110 E
b11100011110 R
#5922
b11100011111 E
b11100011111 R
#5923
b11100100000 E
b11100100000 R
#5924
b11100100001 E
b11100100001 R
#5925
b11100100010 E
b11100100010 R
#5926
b11100100011 E
b11100100011 R
#5927
b11100100100 E
b11100100100 R
#5928
b11100100101 E
b11100100101 R
#5929
b11100100110 E
b11100100110 R
#5930
b11100100111 E
b11100100111 R
#5931
b11100101000 E
b11100101000 R
#5932
b11100101001 E
b11100101001 R
#5933
b11100101010 E
b11100101010 R
#5934
b11100101011 E
b11100101011 R
#5935
b11100101100 E
b11100101100 R
#5936
b11100101101 E
b11100101101 R
#5937
b11100101110 E
b11100101110 R
#5938
b11100101111 E
b11100101111 R
#5939
b11100110000 E
b11100110000 R
#5940
b11100110001 E
b11100110001 R
#5941
b11100110010 E
b11100110010 R
#5942
b11100110011 E
b11100110011 R
#5943
b11100110100 E
b11100110100 R
#5944
b11100110101 E
b11100110101 R
#5945
b11100110110 E
b11100110110 R
#5946
b11100110111 E
b11100110111 R
#5947
b11100111000 E
b11100111000 R
#5948
b11100111001 E
b11100111001 R
#5949
b11100111010 E
b11100111010 R
#5950
b11100111011 E
b11100111011 R
#5951
b11100111100 E
b11100111100 R
#5952
b11100111101 E
b11100111101 R
#5953
b11100111110 E
b11100111110 R
#5954
b11100111111 E
b11100111111 R
#5955
b11101000000 E
b11101000000 R
#5956
b11101000001 E
b11101000001 R
#5957
b11101000010 E
b11101000010 R
#5958
b11101000011 E
b11101000011 R
#5959
b11101000100 E
b11101000100 R
#5960
b11101000101 E
b11101000101 R
#5961
b11101000110 E
b11101000110 R
#5962
b11101000111 E
b11101000111 R
#5963
b11101001000 E
b11101001000 R
#5964
b11101001001 E
b11101001001 R
#5965
b11101001010 E
b11101001010 R
#5966
b11101001011 E
b11101001011 R
#5967
b11101001100 E
b11101001100 R
#5968
b11101001101 E
b11101001101 R
#5969
b11101001110 E
b11101001110 R
#5970
b11101001111 E
b11101001111 R
#5971
b11101010000 E
b11101010000 R
#5972
b11101010001 E
b11101010001 R
#5973
b11101010010 E
b11101010010 R
#5974
b11101010011 E
b11101010011 R
#5975
b11101010100 E
b11101010100 R
#5976
b11101010101 E
b11101010101 R
#5977
b11101010110 E
b11101010110 R
#5978
b11101010111 E
b11101010111 R
#5979
b11101011000 E
b11101011000 R
#5980
b11101011001 E
b11101011001 R
#5981
b11101011010 E
b11101011010 R
#5982
b11101011011 E
b11101011011 R
#5983
b11101011100 E
b11101011100 R
#5984
b11101011101 E
b11101011101 R
#5985
b11101011110 E
b11101011110 R
#5986
b11101011111 E
b11101011111 R
#5987
b11101100000 E
b11101100000 R
#5988
b11101100001 E
b11101100001 R
#5989
b11101100010 E
b11101100010 R
#5990
b11101100011 E
b11101100011 R
#5991
b11101100100 E
b11101100100 R
#5992
b11101100101 E
b11101100101 R
#5993
b11101100110 E
b11101100110 R
#5994
b11101100111 E
b11101100111 R
#5995
b11101101000 E
b11101101000 R
#5996
b11101101001 E
b11101101001 R
#5997
b11101101010 E
b11101101010 R
#5998
b11101101011 E
b11101101011 R
#5999
b11101101100 E
b11101101100 R
#6000
b11101101101 E
b11101101101 R
#6001
b11101101110 E
b11101101110 R
#6002
b11101101111 E
b11101101111 R
#6003
b11101110000 E
b11101110000 R
#6004
b11101110001 E
b11101110001 R
#6005
b11101110010 E
b11101110010 R
#6006
b11101110011 E
b11101110011 R
#6007
b11101110100 E
b11101110100 R
#6008
b11101110101 E
b11101110101 R
#6009
b11101110110 E
b11101110110 R
#6010
b11101110111 E
b11101110111 R
#6011
b11101111000 E
b11101111000 R
#6012
b11101111001 E
b11101111001 R
#6013
b11101111010 E
b11101111010 R
#6014
b11101111011 E
b11101111011 R
#6015
b11101111100 E
b11101111100 R
#6016
b11101111101 E
b11101111101 R
#6017
b11101111110 E
b11101111110 R
#6018
b11101111111 E
b11101111111 R
#6019
b11110000000 E
b11110000000 R
#6020
b11110000001 E
b11110000001 R
#6021
b11110000010 E
b11110000010 R
#6022
b11110000011 E
b11110000011 R
#6023
b11110000100 E
b11110000100 R
#6024
b11110000101 E
b11110000101 R
#6025
b11110000110 E
b11110000110 R
#6026
b11110000111 E
b11110000111 R
#6027
b11110001000 E
b11110001000 R
#6028
b11110001001 E
b11110001001 R
#6029
b11110001010 E
b11110001010 R
#6030
b11110001011 E
b11110001011 R
#6031
b11110001100 E
b11110001100 R
#6032
b11110001101 E
b11110001101 R
#6033
b11110001110 E
b11110001110 R
#6034
b11110001111 E
b11110001111 R
#6035
b11110010000 E
b11110010000 R
#6036
b11110010001 E
b11110010001 R
#6037
b11110010010 E
b11110010010 R
#6038
b11110010011 E
b11110010011 R
#6039
b11110010100 E
b11110010100 R
#6040
b11110010101 E
b11110010101 R
#6041
b11110010110 E
b11110010110 R
#6042
b11110010111 E
b11110010111 R
#6043
b11110011000 E
b11110011000 R
#6044
b11110011001 E
b11110011001 R
#6045
b11110011010 E
b11110011010 R
#6046
b11110011011 E
b11110011011 R
#6047
b11110011100 E
b11110011100 R
#6048
b11110011101 E
b11110011101 R
#6049
b11110011110 E
b11110011110 R
#6050
b11110011111 E
b11110011111 R
#6051
b11110100000 E
b11110100000 R
#6052
b11110100001 E
b11110100001 R
#6053
b11110100010 E
b11110100010 R
#6054
b11110100011 E
b11110100011 R
#6055
b11110100100 E
b11110100100 R
#6056
b11110100101 E
b11110100101 R
#6057
b11110100110 E
b11110100110 R
#6058
b11110100111 E
b11110100111 R
#6059
b11110101000 E
b11110101000 R
#6060
b11110101001 E
b11110101001 R
#6061
b11110101010 E
b11110101010 R
#6062
b11110101011 E
b11110101011 R
#6063
b11110101100 E
b11110101100 R
#6064
b11110101101 E
b11110101101 R
#6065
b11110101110 E
b11110101110 R
#6066
b11110101111 E
b11110101111 R
#6067
b11110110000 E
b11110110000 R
#6068
b11110110001 E
b11110110001 R
#6069
b11110110010 E
b11110110010 R
#6070
b11110110011 E
b11110110011 R
#6071
b11110110100 E
b11110110100 R
#6072
b11110110101 E
b11110110101 R
#6073
b11110110110 E
b11110110110 R
#6074
b11110110111 E
b11110110111 R
#6075
b11110111000 E
b11110111000 R
#6076
b11110111001 E
b11110111001 R
#6077
b11110111010 E
b11110111010 R
#6078
b11110111011 E
b11110111011 R
#6079
b11110111100 E
b11110111100 R
#6080
b11110111101 E
b11110111101 R
#6081
b11110111110 E
b11110111110 R
#6082
b11110111111 E
b11110111111 R
#6083
b11111000000 E
b11111000000 R
#6084
b11111000001 E
b11111000001 R
#6085
b11111000010 E
b11111000010 R
#6086
b11111000011 E
b11111000011 R
#6087
b11111000100 E
b11111000100 R
#6088
b11111000101 E
b11111000101 R
#6089
b11111000110 E
b11111000110 R
#6090
b11111000111 E
b11111000111 R
#6091
b11111001000 E
b11111001000 R
#6092
b11111001001 E
b11111001001 R
#6093
b11111001010 E
b11111001010 R
#6094
b11111001011 E
b11111001011 R
#6095
b11111001100 E
b11111001100 R
#6096
b11111001101 E
b11111001101 R
#6097
b11111001110 E
b11111001110 R
#6098
b11111001111 E
b11111001111 R
#6099
b11111010000 E
b11111010000 R
#6100
b11111010001 E
b11111010001 R
#6101
b11111010010 E
b11111010010 R
#6102
b11111010011 E
b11111010011 R
#6103
b11111010100 E
b11111010100 R
#6104
b11111010101 E
b11111010101 R
#6105
b11111010110 E
b11111010110 R
#6106
b11111010111 E
b11111010111 R
#6107
b11111011000 E
b11111011000 R
#6108
b11111011001 E
b11111011001 R
#6109
b11111011010 E
b11111011010 R
#6110
b11111011011 E
b11111011011 R
#6111
b11111011100 E
b11111011100 R
#6112
b11111011101 E
b11111011101 R
#6113
b11111011110 E
b11111011110 R
#6114
b11111011111 E
b11111011111 R
#6115
b11111100000 E
b11111100000 R
#6116
b11111100001 E
b11111100001 R
#6117
b11111100010 E
b11111100010 R
#6118
b11111100011 E
b11111100011 R
#6119
b11111100100 E
b11111100100 R
#6120
b11111100101 E
b11111100101 R
#6121
b11111100110 E
b11111100110 R
#6122
b11111100111 E
b11111100111 R
#6123
b11111101000 E
b11111101000 R
#6124
b11111101001 E
b11111101001 R
#6125
b11111101010 E
b11111101010 R
#6126
b11111101011 E
b11111101011 R
#6127
b11111101100 E
b11111101100 R
#6128
b11111101101 E
b11111101101 R
#6129
b11111101110 E
b11111101110 R
#6130
b11111101111 E
b11111101111 R
#6131
b11111110000 E
b11111110000 R
#6132
b11111110001 E
b11111110001 R
#6133
b11111110010 E
b11111110010 R
#6134
b11111110011 E
b11111110011 R
#6135
b11111110100 E
b11111110100 R
#6136
b11111110101 E
b11111110101 R
#6137
b11111110110 E
b11111110110 R
#6138
b11111110111 E
b11111110111 R
#6139
b11111111000 E
b11111111000 R
#6140
b11111111001 E
b11111111001 R
#6141
b11111111010 E
b11111111010 R
#6142
b11111111011 E
b11111111011 R
#6143
b11111111100 E
b11111111100 R
#6144
b11111111101 E
b11111111101 R
#6145
b11111111110 E
b11111111110 R
#6146
b11111111111 E
b11111111111 R
#6147
b100000000000 E
b100000000000 R
#6148
b100000000001 E
b100000000001 R
#6149
b100000000010 E
b100000000010 R
#6150
b100000000011 E
b100000000011 R
#6151
b100000000100 E
b100000000100 R
#6152
b100000000101 E
b100000000101 R
#6153
b100000000110 E
b100000000110 R
#6154
b100000000111 E
b100000000111 R
#6155
b100000001000 E
b100000001000 R
#6156
b100000001001 E
b100000001001 R
#6157
b100000001010 E
b100000001010 R
#6158
b100000001011 E
b100000001011 R
#6159
b100000001100 E
b100000001100 R
#6160
b100000001101 E
b100000001101 R
#6161
b100000001110 E
b100000001110 R
#6162
b100000001111 E
b100000001111 R
#6163
b100000010000 E
b100000010000 R
#6164
b100000010001 E
b100000010001 R
#6165
b100000010010 E
b100000010010 R
#6166
b100000010011 E
b100000010011 R
#6167
b100000010100 E
b100000010100 R
#6168
b100000010101 E
b100000010101 R
#6169
b100000010110 E
b100000010110 R
#6170
b100000010111 E
b100000010111 R
#6171
b100000011000 E
b100000011000 R
#6172
b100000011001 E
b100000011001 R
#6173
b100000011010 E
b100000011010 R
#6174
b100000011011 E
b100000011011 R
#6175
b100000011100 E
b100000011100 R
#6176
b100000011101 E
b100000011101 R
#6177
b100000011110 E
b100000011110 R
#6178
b100000011111 E
b100000011111 R
#6179
b100000100000 E
b100000100000 R
#6180
b100000100001 E
b100000100001 R
#6181
b100000100010 E
b100000100010 R
#6182
b100000100011 E
b100000100011 R
#6183
b100000100100 E
b100000100100 R
#6184
b100000100101 E
b100000100101 R
#6185
b100000100110 E
b100000100110 R
#6186
b100000100111 E
b100000100111 R
#6187
b100000101000 E
b100000101000 R
#6188
b100000101001 E
b100000101001 R
#6189
b100000101010 E
b100000101010 R
#6190
b100000101011 E
b100000101011 R
#6191
b100000101100 E
b100000101100 R
#6192
b100000101101 E
b100000101101 R
#6193
b100000101110 E
b100000101110 R
#6194
b100000101111 E
b100000101111 R
#6195
b100000110000 E
b100000110000 R
#6196
b100000110001 E
b100000110001 R
#6197
b100000110010 E
b100000110010 R
#6198
b100000110011 E
b100000110011 R
#6199
b100000110100 E
b100000110100 R
#6200
b100000110101 E
b100000110101 R
#6201
b100000110110 E
b100000110110 R
#6202
b100000110111 E
b100000110111 R
#6203
b100000111000 E
b100000111000 R
#6204
b100000111001 E
b100000111001 R
#6205
b100000111010 E
b100000111010 R
#6206
b100000111011 E
b100000111011 R
#6207
b100000111100 E
b100000111100 R
#6208
b100000111101 E
b100000111101 R
#6209
b100000111110 E
b100000111110 R
#6210
b100000111111 E
b100000111111 R
#6211
b100001000000 E
b100001000000 R
#6212
b100001000001 E
b100001000001 R
#6213
b100001000010 E
b100001000010 R
#6214
b100001000011 E
b100001000011 R
#6215
b100001000100 E
b100001000100 R
#6216
b100001000101 E
b100001000101 R
#6217
b100001000110 E
b100001000110 R
#6218
b100001000111 E
b100001000111 R
#6219
b100001001000 E
b100001001000 R
#6220
b100001001001 E
b100001001001 R
#6221
b100001001010 E
b100001001010 R
#6222
b100001001011 E
b100001001011 R
#6223
b100001001100 E
b100001001100 R
#6224
b100001001101 E
b100001001101 R
#6225
b100001001110 E
b100001001110 R
#6226
b100001001111 E
b100001001111 R
#6227
b100001010000 E
b100001010000 R
#6228
b100001010001 E
b100001010001 R
#6229
b100001010010 E
b100001010010 R
#6230
b100001010011 E
b100001010011 R
#6231
b100001010100 E
b100001010100 R
#6232
b100001010101 E
b100001010101 R
#6233
b100001010110 E
b100001010110 R
#6234
b100001010111 E
b100001010111 R
#6235
b100001011000 E
b100001011000 R
#6236
b100001011001 E
b100001011001 R
#6237
b100001011010 E
b100001011010 R
#6238
b100001011011 E
b100001011011 R
#6239
b100001011100 E
b100001011100 R
#6240
b100001011101 E
b100001011101 R
#6241
b100001011110 E
b100001011110 R
#6242
b100001011111 E
b100001011111 R
#6243
b100001100000 E
b100001100000 R
#6244
b100001100001 E
b100001100001 R
#6245
b100001100010 E
b100001100010 R
#6246
b100001100011 E
b100001100011 R
#6247
b100001100100 E
b100001100100 R
#6248
b100001100101 E
b100001100101 R
#6249
b100001100110 E
b100001100110 R
#6250
b100001100111 E
b100001100111 R
#6251
b100001101000 E
b100001101000 R
#6252
b100001101001 E
b100001101001 R
#6253
b100001101010 E
b100001101010 R
#6254
b100001101011 E
b100001101011 R
#6255
b100001101100 E
b100001101100 R
#6256
b100001101101 E
b100001101101 R
#6257
b100001101110 E
b100001101110 R
#6258
b100001101111 E
b100001101111 R
#6259
b100001110000 E
b100001110000 R
#6260
b100001110001 E
b100001110001 R
#6261
b100001110010 E
b100001110010 R
#6262
b100001110011 E
b100001110011 R
#6263
b100001110100 E
b100001110100 R
#6264
b100001110101 E
b100001110101 R
#6265
b100001110110 E
b100001110110 R
#6266
b100001110111 E
b100001110111 R
#6267
b100001111000 E
b100001111000 R
#6268
b100001111001 E
b100001111001 R
#6269
b100001111010 E
b100001111010 R
#6270
b100001111011 E
b100001111011 R
#6271
b100001111100 E
b100001111100 R
#6272
b100001111101 E
b100001111101 R
#6273
b100001111110 E
b100001111110 R
#6274
b100001111111 E
b100001111111 R
#6275
b100010000000 E
b100010000000 R
#6276
b100010000001 E
b100010000001 R
#6277
b100010000010 E
b100010000010 R
#6278
b100010000011 E
b100010000011 R
#6279
b100010000100 E
b100010000100 R
#6280
b100010000101 E
b100010000101 R
#6281
b100010000110 E
b100010000110 R
#6282
b100010000111 E
b100010000111 R
#6283
b100010001000 E
b100010001000 R
#6284
b100010001001 E
b100010001001 R
#6285
b100010001010 E
b100010001010 R
#6286
b100010001011 E
b100010001011 R
#6287
b100010001100 E
b100010001100 R
#6288
b100010001101 E
b100010001101 R
#6289
b100010001110 E
b100010001110 R
#6290
b100010001111 E
b100010001111 R
#6291
b100010010000 E
b100010010000 R
#6292
b100010010001 E
b100010010001 R
#6293
b100010010010 E
b100010010010 R
#6294
b100010010011 E
b100010010011 R
#6295
b100010010100 E
b100010010100 R
#6296
b100010010101 E
b100010010101 R
#6297
b100010010110 E
b100010010110 R
#6298
b100010010111 E
b100010010111 R
#6299
b100010011000 E
b100010011000 R
#6300
b100010011001 E
b100010011001 R
#6301
b100010011010 E
b100010011010 R
#6302
b100010011011 E
b100010011011 R
#6303
b100010011100 E
b100010011100 R
#6304
b100010011101 E
b100010011101 R
#6305
b100010011110 E
b100010011110 R
#6306
b100010011111 E
b100010011111 R
#6307
b100010100000 E
b100010100000 R
#6308
b100010100001 E
b100010100001 R
#6309
b100010100010 E
b100010100010 R
#6310
b100010100011 E
b100010100011 R
#6311
b100010100100 E
b100010100100 R
#6312
b100010100101 E
b100010100101 R
#6313
b100010100110 E
b100010100110 R
#6314
b100010100111 E
b100010100111 R
#6315
b100010101000 E
b100010101000 R
#6316
b100010101001 E
b100010101001 R
#6317
b100010101010 E
b100010101010 R
#6318
b100010101011 E
b100010101011 R
#6319
b100010101100 E
b100010101100 R
#6320
b100010101101 E
b100010101101 R
#6321
b100010101110 E
b100010101110 R
#6322
b100010101111 E
b100010101111 R
#6323
b100010110000 E
b100010110000 R
#6324
b100010110001 E
b100010110001 R
#6325
b100010110010 E
b100010110010 R
#6326
b100010110011 E
b100010110011 R
#6327
b100010110100 E
b100010110100 R
#6328
b100010110101 E
b100010110101 R
#6329
b100010110110 E
b100010110110 R
#6330
b100010110111 E
b100010110111 R
#6331
b100010111000 E
b100010111000 R
#6332
b100010111001 E
b100010111001 R
#6333
b100010111010 E
b100010111010 R
#6334
b100010111011 E
b100010111011 R
#6335
b100010111100 E
b100010111100 R
#6336
b100010111101 E
b100010111101 R
#6337
b100010111110 E
b100010111110 R
#6338
b100010111111 E
b100010111111 R
#6339
b100011000000 E
b100011000000 R
#6340
b100011000001 E
b100011000001 R
#6341
b100011000010 E
b100011000010 R
#6342
b100011000011 E
b100011000011 R
#6343
b100011000100 E
b100011000100 R
#6344
b100011000101 E
b100011000101 R
#6345
b100011000110 E
b100011000110 R
#6346
b100011000111 E
b100011000111 R
#6347
b100011001000 E
b100011001000 R
#6348
b100011001001 E
b100011001001 R
#6349
b100011001010 E
b100011001010 R
#6350
b100011001011 E
b100011001011 R
#6351
b100011001100 E
b100011001100 R
#6352
b100011001101 E
b100011001101 R
#6353
b100011001110 E
b100011001110 R
#6354
b100011001111 E
b100011001111 R
#6355
b100011010000 E
b100011010000 R
#6356
b100011010001 E
b100011010001 R
#6357
b100011010010 E
b100011010010 R
#6358
b100011010011 E
b100011010011 R
#6359
b100011010100 E
b100011010100 R
#6360
b100011010101 E
b100011010101 R
#6361
b100011010110 E
b100011010110 R
#6362
b100011010111 E
b100011010111 R
#6363
b100011011000 E
b100011011000 R
#6364
b100011011001 E
b100011011001 R
#6365
b100011011010 E
b100011011010 R
#6366
b100011011011 E
b100011011011 R
#6367
b100011011100 E
b100011011100 R
#6368
b100011011101 E
b100011011101 R
#6369
b100011011110 E
b100011011110 R
#6370
b100011011111 E
b100011011111 R
#6371
b100011100000 E
b100011100000 R
#6372
b100011100001 E
b100011100001 R
#6373
b100011100010 E
b100011100010 R
#6374
b100011100011 E
b100011100011 R
#6375
b100011100100 E
b100011100100 R
#6376
b100011100101 E
b100011100101 R
#6377
b100011100110 E
b100011100110 R
#6378
b100011100111 E
b100011100111 R
#6379
b100011101000 E
b100011101000 R
#6380
b100011101001 E
b100011101001 R
#6381
b100011101010 E
b100011101010 R
#6382
b100011101011 E
b100011101011 R
#6383
b100011101100 E
b100011101100 R
#6384
b100011101101 E
b100011101101 R
#6385
b100011101110 E
b100011101110 R
#6386
b100011101111 E
b100011101111 R
#6387
b100011110000 E
b100011110000 R
#6388
b100011110001 E
b100011110001 R
#6389
b100011110010 E
b100011110010 R
#6390
b100011110011 E
b100011110011 R
#6391
b100011110100 E
b100011110100 R
#6392
b100011110101 E
b100011110101 R
#6393
b100011110110 E
b100011110110 R
#6394
b100011110111 E
b100011110111 R
#6395
b100011111000 E
b100011111000 R
#6396
b100011111001 E
b100011111001 R
#6397
b100011111010 E
b100011111010 R
#6398
b100011111011 E
b100011111011 R
#6399
b100011111100 E
b100011111100 R
#6400
b100011111101 E
b100011111101 R
#6401
b100011111110 E
b100011111110 R
#6402
b100011111111 E
b100011111111 R
#6403
b100100000000 E
b100100000000 R
#6404
b100100000001 E
b100100000001 R
#6405
b100100000010 E
b100100000010 R
#6406
b100100000011 E
b100100000011 R
#6407
b100100000100 E
b100100000100 R
#6408
b100100000101 E
b100100000101 R
#6409
b100100000110 E
b100100000110 R
#6410
b100100000111 E
b100100000111 R
#6411
b100100001000 E
b100100001000 R
#6412
b100100001001 E
b100100001001 R
#6413
b100100001010 E
b100100001010 R
#6414
b100100001011 E
b100100001011 R
#6415
b100100001100 E
b100100001100 R
#6416
b100100001101 E
b100100001101 R
#6417
b100100001110 E
b100100001110 R
#6418
b100100001111 E
b100100001111 R
#6419
b100100010000 E
b100100010000 R
#6420
b100100010001 E
b100100010001 R
#6421
b100100010010 E
b100100010010 R
#6422
b100100010011 E
b100100010011 R
#6423
b100100010100 E
b100100010100 R
#6424
b100100010101 E
b100100010101 R
#6425
b100100010110 E
b100100010110 R
#6426
b100100010111 E
b100100010111 R
#6427
b100100011000 E
b100100011000 R
#6428
b100100011001 E
b100100011001 R
#6429
b100100011010 E
b100100011010 R
#6430
b100100011011 E
b100100011011 R
#6431
b100100011100 E
b100100011100 R
#6432
b100100011101 E
b100100011101 R
#6433
b100100011110 E
b100100011110 R
#6434
b100100011111 E
b100100011111 R
#6435
b100100100000 E
b100100100000 R
#6436
b100100100001 E
b100100100001 R
#6437
b100100100010 E
b100100100010 R
#6438
b100100100011 E
b100100100011 R
#6439
b100100100100 E
b100100100100 R
#6440
b100100100101 E
b100100100101 R
#6441
b100100100110 E
b100100100110 R
#6442
b100100100111 E
b100100100111 R
#6443
b100100101000 E
b100100101000 R
#6444
b100100101001 E
b100100101001 R
#6445
b100100101010 E
b100100101010 R
#6446
b100100101011 E
b100100101011 R
#6447
b100100101100 E
b100100101100 R
#6448
b100100101101 E
b100100101101 R
#6449
b100100101110 E
b100100101110 R
#6450
b100100101111 E
b100100101111 R
#6451
b100100110000 E
b100100110000 R
#6452
b100100110001 E
b100100110001 R
#6453
b100100110010 E
b100100110010 R
#6454
b100100110011 E
b100100110011 R
#6455
b100100110100 E
b100100110100 R
#6456
b100100110101 E
b100100110101 R
#6457
b100100110110 E
b100100110110 R
#6458
b100100110111 E
b100100110111 R
#6459
b100100111000 E
b100100111000 R
#6460
b100100111001 E
b100100111001 R
#6461
b100100111010 E
b100100111010 R
#6462
b100100111011 E
b100100111011 R
#6463
b100100111100 E
b100100111100 R
#6464
b100100111101 E
b100100111101 R
#6465
b100100111110 E
b100100111110 R
#6466
b100100111111 E
b100100111111 R
#6467
b100101000000 E
b100101000000 R
#6468
b100101000001 E
b100101000001 R
#6469
b100101000010 E
b100101000010 R
#6470
b100101000011 E
b100101000011 R
#6471
b100101000100 E
b100101000100 R
#6472
b100101000101 E
b100101000101 R
#6473
b100101000110 E
b100101000110 R
#6474
b100101000111 E
b100101000111 R
#6475
b100101001000 E
b100101001000 R
#6476
b100101001001 E
b100101001001 R
#6477
b100101001010 E
b100101001010 R
#6478
b100101001011 E
b100101001011 R
#6479
b100101001100 E
b100101001100 R
#6480
b100101001101 E
b100101001101 R
#6481
b100101001110 E
b100101001110 R
#6482
b100101001111 E
b100101001111 R
#6483
b100101010000 E
b100101010000 R
#6484
b100101010001 E
b100101010001 R
#6485
b100101010010 E
b100101010010 R
#6486
b100101010011 E
b100101010011 R
#6487
b100101010100 E
b100101010100 R
#6488
b100101010101 E
b100101010101 R
#6489
b100101010110 E
b100101010110 R
#6490
b100101010111 E
b100101010111 R
#6491
b100101011000 E
b100101011000 R
#6492
b100101011001 E
b100101011001 R
#6493
b100101011010 E
b100101011010 R
#6494
b100101011011 E
b100101011011 R
#6495
b100101011100 E
b100101011100 R
#6496
b100101011101 E
b100101011101 R
#6497
b100101011110 E
b100101011110 R
#6498
b100101011111 E
b100101011111 R
#6499
b100101100000 E
b100101100000 R
#6500
b100101100001 E
b100101100001 R
#6501
b100101100010 E
b100101100010 R
#6502
b100101100011 E
b100101100011 R
#6503
b100101100100 E
b100101100100 R
#6504
b100101100101 E
b100101100101 R
#6505
b100101100110 E
b100101100110 R
#6506
b100101100111 E
b100101100111 R
#6507
b100101101000 E
b100101101000 R
#6508
b100101101001 E
b100101101001 R
#6509
b100101101010 E
b100101101010 R
#6510
b100101101011 E
b100101101011 R
#6511
b100101101100 E
b100101101100 R
#6512
b100101101101 E
b100101101101 R
#6513
b100101101110 E
b100101101110 R
#6514
b100101101111 E
b100101101111 R
#6515
b100101110000 E
b100101110000 R
#6516
b100101110001 E
b100101110001 R
#6517
b100101110010 E
b100101110010 R
#6518
b100101110011 E
b100101110011 R
#6519
b100101110100 E
b100101110100 R
#6520
b100101110101 E
b100101110101 R
#6521
b100101110110 E
b100101110110 R
#6522
b100101110111 E
b100101110111 R
#6523
b100101111000 E
b100101111000 R
#6524
b100101111001 E
b100101111001 R
#6525
b100101111010 E
b100101111010 R
#6526
b100101111011 E
b100101111011 R
#6527
b100101111100 E
b100101111100 R
#6528
b100101111101 E
b100101111101 R
#6529
b100101111110 E
b100101111110 R
#6530
b100101111111 E
b100101111111 R
#6531
b100110000000 E
b100110000000 R
#6532
b100110000001 E
b100110000001 R
#6533
b100110000010 E
b100110000010 R
#6534
b100110000011 E
b100110000011 R
#6535
b100110000100 E
b100110000100 R
#6536
b100110000101 E
b100110000101 R
#6537
b100110000110 E
b100110000110 R
#6538
b100110000111 E
b100110000111 R
#6539
b100110001000 E
b100110001000 R
#6540
b100110001001 E
b100110001001 R
#6541
b100110001010 E
b100110001010 R
#6542
b100110001011 E
b100110001011 R
#6543
b100110001100 E
b100110001100 R
#6544
b100110001101 E
b100110001101 R
#6545
b100110001110 E
b100110001110 R
#6546
b100110001111 E
b100110001111 R
#6547
b100110010000 E
b100110010000 R
#6548
b100110010001 E
b100110010001 R
#6549
b100110010010 E
b100110010010 R
#6550
b100110010011 E
b100110010011 R
#6551
b100110010100 E
b100110010100 R
#6552
b100110010101 E
b100110010101 R
#6553
b100110010110 E
b100110010110 R
#6554
b100110010111 E
b100110010111 R
#6555
b100110011000 E
b100110011000 R
#6556
b100110011001 E
b100110011001 R
#6557
b100110011010 E
b100110011010 R
#6558
b100110011011 E
b100110011011 R
#6559
b100110011100 E
b100110011100 R
#6560
b100110011101 E
b100110011101 R
#6561
b100110011110 E
b100110011110 R
#6562
b100110011111 E
b100110011111 R
#6563
b100110100000 E
b100110100000 R
#6564
b100110100001 E
b100110100001 R
#6565
b100110100010 E
b100110100010 R
#6566
b100110100011 E
b100110100011 R
#6567
b100110100100 E
b100110100100 R
#6568
b100110100101 E
b100110100101 R
#6569
b100110100110 E
b100110100110 R
#6570
b100110100111 E
b100110100111 R
#6571
b100110101000 E
b100110101000 R
#6572
b100110101001 E
b100110101001 R
#6573
b100110101010 E
b100110101010 R
#6574
b100110101011 E
b100110101011 R
#6575
b100110101100 E
b100110101100 R
#6576
b100110101101 E
b100110101101 R
#6577
b100110101110 E
b100110101110 R
#6578
b100110101111 E
b100110101111 R
#6579
b100110110000 E
b100110110000 R
#6580
b100110110001 E
b100110110001 R
#6581
b100110110010 E
b100110110010 R
#6582
b100110110011 E
b100110110011 R
#6583
b100110110100 E
b100110110100 R
#6584
b100110110101 E
b100110110101 R
#6585
b100110110110 E
b100110110110 R
#6586
b100110110111 E
b100110110111 R
#6587
b100110111000 E
b100110111000 R
#6588
b100110111001 E
b100110111001 R
#6589
b100110111010 E
b100110111010 R
#6590
b100110111011 E
b100110111011 R
#6591
b100110111100 E
b100110111100 R
#6592
b100110111101 E
b100110111101 R
#6593
b100110111110 E
b100110111110 R
#6594
b100110111111 E
b100110111111 R
#6595
b100111000000 E
b100111000000 R
#6596
b100111000001 E
b100111000001 R
#6597
b100111000010 E
b100111000010 R
#6598
b100111000011 E
b100111000011 R
#6599
b100111000100 E
b100111000100 R
#6600
b100111000101 E
b100111000101 R
#6601
b100111000110 E
b100111000110 R
#6602
b100111000111 E
b100111000111 R
#6603
b100111001000 E
b100111001000 R
#6604
b100111001001 E
b100111001001 R
#6605
b100111001010 E
b100111001010 R
#6606
b100111001011 E
b100111001011 R
#6607
b100111001100 E
b100111001100 R
#6608
b100111001101 E
b100111001101 R
#6609
b100111001110 E
b100111001110 R
#6610
b100111001111 E
b100111001111 R
#6611
b100111010000 E
b100111010000 R
#6612
b100111010001 E
b100111010001 R
#6613
b100111010010 E
b100111010010 R
#6614
b100111010011 E
b100111010011 R
#6615
b100111010100 E
b100111010100 R
#6616
b100111010101 E
b100111010101 R
#6617
b100111010110 E
b100111010110 R
#6618
b100111010111 E
b100111010111 R
#6619
b100111011000 E
b100111011000 R
#6620
b100111011001 E
b100111011001 R
#6621
b100111011010 E
b100111011010 R
#6622
b100111011011 E
b100111011011 R
#6623
b100111011100 E
b100111011100 R
#6624
b100111011101 E
b100111011101 R
#6625
b100111011110 E
b100111011110 R
#6626
b100111011111 E
b100111011111 R
#6627
b100111100000 E
b100111100000 R
#6628
b100111100001 E
b100111100001 R
#6629
b100111100010 E
b100111100010 R
#6630
b100111100011 E
b100111100011 R
#6631
b100111100100 E
b100111100100 R
#6632
b100111100101 E
b100111100101 R
#6633
b100111100110 E
b100111100110 R
#6634
b100111100111 E
b100111100111 R
#6635
b100111101000 E
b100111101000 R
#6636
b100111101001 E
b100111101001 R
#6637
b100111101010 E
b100111101010 R
#6638
b100111101011 E
b100111101011 R
#6639
b100111101100 E
b100111101100 R
#6640
b100111101101 E
b100111101101 R
#6641
b100111101110 E
b100111101110 R
#6642
b100111101111 E
b100111101111 R
#6643
b100111110000 E
b100111110000 R
#6644
b100111110001 E
b100111110001 R
#6645
b100111110010 E
b100111110010 R
#6646
b100111110011 E
b100111110011 R
#6647
b100111110100 E
b100111110100 R
#6648
b100111110101 E
b100111110101 R
#6649
b100111110110 E
b100111110110 R
#6650
b100111110111 E
b100111110111 R
#6651
b100111111000 E
b100111111000 R
#6652
b100111111001 E
b100111111001 R
#6653
b100111111010 E
b100111111010 R
#6654
b100111111011 E
b100111111011 R
#6655
b100111111100 E
b100111111100 R
#6656
b100111111101 E
b100111111101 R
#6657
b100111111110 E
b100111111110 R
#6658
b100111111111 E
b100111111111 R
#6659
b101000000000 E
b101000000000 R
#6660
b101000000001 E
b101000000001 R
#6661
b101000000010 E
b101000000010 R
#6662
b101000000011 E
b101000000011 R
#6663
b101000000100 E
b101000000100 R
#6664
b101000000101 E
b101000000101 R
#6665
b101000000110 E
b101000000110 R
#6666
b101000000111 E
b101000000111 R
#6667
b101000001000 E
b101000001000 R
#6668
b101000001001 E
b101000001001 R
#6669
b101000001010 E
b101000001010 R
#6670
b101000001011 E
b101000001011 R
#6671
b101000001100 E
b101000001100 R
#6672
b101000001101 E
b101000001101 R
#6673
b101000001110 E
b101000001110 R
#6674
b101000001111 E
b101000001111 R
#6675
b101000010000 E
b101000010000 R
#6676
b101000010001 E
b101000010001 R
#6677
b101000010010 E
b101000010010 R
#6678
b101000010011 E
b101000010011 R
#6679
b101000010100 E
b101000010100 R
#6680
b101000010101 E
b101000010101 R
#6681
b101000010110 E
b101000010110 R
#6682
b101000010111 E
b101000010111 R
#6683
b101000011000 E
b101000011000 R
#6684
b101000011001 E
b101000011001 R
#6685
b101000011010 E
b101000011010 R
#6686
b101000011011 E
b101000011011 R
#6687
b101000011100 E
b101000011100 R
#6688
b101000011101 E
b101000011101 R
#6689
b101000011110 E
b101000011110 R
#6690
b101000011111 E
b101000011111 R
#6691
b101000100000 E
b101000100000 R
#6692
b101000100001 E
b101000100001 R
#6693
b101000100010 E
b101000100010 R
#6694
b101000100011 E
b101000100011 R
#6695
b101000100100 E
b101000100100 R
#6696
b101000100101 E
b101000100101 R
#6697
b101000100110 E
b101000100110 R
#6698
b101000100111 E
b101000100111 R
#6699
b101000101000 E
b101000101000 R
#6700
b101000101001 E
b101000101001 R
#6701
b101000101010 E
b101000101010 R
#6702
b101000101011 E
b101000101011 R
#6703
b101000101100 E
b101000101100 R
#6704
b101000101101 E
b101000101101 R
#6705
b101000101110 E
b101000101110 R
#6706
b101000101111 E
b101000101111 R
#6707
b101000110000 E
b101000110000 R
#6708
b101000110001 E
b101000110001 R
#6709
b101000110010 E
b101000110010 R
#6710
b101000110011 E
b101000110011 R
#6711
b101000110100 E
b101000110100 R
#6712
b101000110101 E
b101000110101 R
#6713
b101000110110 E
b101000110110 R
#6714
b101000110111 E
b101000110111 R
#6715
b101000111000 E
b101000111000 R
#6716
b101000111001 E
b101000111001 R
#6717
b101000111010 E
b101000111010 R
#6718
b101000111011 E
b101000111011 R
#6719
b101000111100 E
b101000111100 R
#6720
b101000111101 E
b101000111101 R
#6721
b101000111110 E
b101000111110 R
#6722
b101000111111 E
b101000111111 R
#6723
b101001000000 E
b101001000000 R
#6724
b101001000001 E
b101001000001 R
#6725
b101001000010 E
b101001000010 R
#6726
b101001000011 E
b101001000011 R
#6727
b101001000100 E
b101001000100 R
#6728
b101001000101 E
b101001000101 R
#6729
b101001000110 E
b101001000110 R
#6730
b101001000111 E
b101001000111 R
#6731
b101001001000 E
b101001001000 R
#6732
b101001001001 E
b101001001001 R
#6733
b101001001010 E
b101001001010 R
#6734
b101001001011 E
b101001001011 R
#6735
b101001001100 E
b101001001100 R
#6736
b101001001101 E
b101001001101 R
#6737
b101001001110 E
b101001001110 R
#6738
b101001001111 E
b101001001111 R
#6739
b101001010000 E
b101001010000 R
#6740
b101001010001 E
b101001010001 R
#6741
b101001010010 E
b101001010010 R
#6742
b101001010011 E
b101001010011 R
#6743
b101001010100 E
b101001010100 R
#6744
b101001010101 E
b101001010101 R
#6745
b101001010110 E
b101001010110 R
#6746
b101001010111 E
b101001010111 R
#6747
b101001011000 E
b101001011000 R
#6748
b101001011001 E
b101001011001 R
#6749
b101001011010 E
b101001011010 R
#6750
b101001011011 E
b101001011011 R
#6751
b101001011100 E
b101001011100 R
#6752
b101001011101 E
b101001011101 R
#6753
b101001011110 E
b101001011110 R
#6754
b101001011111 E
b101001011111 R
#6755
b101001100000 E
b101001100000 R
#6756
b101001100001 E
b101001100001 R
#6757
b101001100010 E
b101001100010 R
#6758
b101001100011 E
b101001100011 R
#6759
b101001100100 E
b101001100100 R
#6760
b101001100101 E
b101001100101 R
#6761
b101001100110 E
b101001100110 R
#6762
b101001100111 E
b101001100111 R
#6763
b101001101000 E
b101001101000 R
#6764
b101001101001 E
b101001101001 R
#6765
b101001101010 E
b101001101010 R
#6766
b101001101011 E
b101001101011 R
#6767
b101001101100 E
b101001101100 R
#6768
b101001101101 E
b101001101101 R
#6769
b101001101110 E
b101001101110 R
#6770
b101001101111 E
b101001101111 R
#6771
b101001110000 E
b101001110000 R
#6772
b101001110001 E
b101001110001 R
#6773
b101001110010 E
b101001110010 R
#6774
b101001110011 E
b101001110011 R
#6775
b101001110100 E
b101001110100 R
#6776
b101001110101 E
b101001110101 R
#6777
b101001110110 E
b101001110110 R
#6778
b101001110111 E
b101001110111 R
#6779
b101001111000 E
b101001111000 R
#6780
b101001111001 E
b101001111001 R
#6781
b101001111010 E
b101001111010 R
#6782
b101001111011 E
b101001111011 R
#6783
b101001111100 E
b101001111100 R
#6784
b101001111101 E
b101001111101 R
#6785
b101001111110 E
b101001111110 R
#6786
b101001111111 E
b101001111111 R
#6787
b101010000000 E
b101010000000 R
#6788
b101010000001 E
b101010000001 R
#6789
b101010000010 E
b101010000010 R
#6790
b101010000011 E
b101010000011 R
#6791
b101010000100 E
b101010000100 R
#6792
b101010000101 E
b101010000101 R
#6793
b101010000110 E
b101010000110 R
#6794
b101010000111 E
b101010000111 R
#6795
b101010001000 E
b101010001000 R
#6796
b101010001001 E
b101010001001 R
#6797
b101010001010 E
b101010001010 R
#6798
b101010001011 E
b101010001011 R
#6799
b101010001100 E
b101010001100 R
#6800
b101010001101 E
b101010001101 R
#6801
b101010001110 E
b101010001110 R
#6802
b101010001111 E
b101010001111 R
#6803
b101010010000 E
b101010010000 R
#6804
b101010010001 E
b101010010001 R
#6805
b101010010010 E
b101010010010 R
#6806
b101010010011 E
b101010010011 R
#6807
b101010010100 E
b101010010100 R
#6808
b101010010101 E
b101010010101 R
#6809
b101010010110 E
b101010010110 R
#6810
b101010010111 E
b101010010111 R
#6811
b101010011000 E
b101010011000 R
#6812
b101010011001 E
b101010011001 R
#6813
b101010011010 E
b101010011010 R
#6814
b101010011011 E
b101010011011 R
#6815
b101010011100 E
b101010011100 R
#6816
b101010011101 E
b101010011101 R
#6817
b101010011110 E
b101010011110 R
#6818
b101010011111 E
b101010011111 R
#6819
b101010100000 E
b101010100000 R
#6820
b101010100001 E
b101010100001 R
#6821
b101010100010 E
b101010100010 R
#6822
b101010100011 E
b101010100011 R
#6823
b101010100100 E
b101010100100 R
#6824
b101010100101 E
b101010100101 R
#6825
b101010100110 E
b101010100110 R
#6826
b101010100111 E
b101010100111 R
#6827
b101010101000 E
b101010101000 R
#6828
b101010101001 E
b101010101001 R
#6829
b101010101010 E
b101010101010 R
#6830
b101010101011 E
b101010101011 R
#6831
b101010101100 E
b101010101100 R
#6832
b101010101101 E
b101010101101 R
#6833
b101010101110 E
b101010101110 R
#6834
b101010101111 E
b101010101111 R
#6835
b101010110000 E
b101010110000 R
#6836
b101010110001 E
b101010110001 R
#6837
b101010110010 E
b101010110010 R
#6838
b101010110011 E
b101010110011 R
#6839
b101010110100 E
b101010110100 R
#6840
b101010110101 E
b101010110101 R
#6841
b101010110110 E
b101010110110 R
#6842
b101010110111 E
b101010110111 R
#6843
b101010111000 E
b101010111000 R
#6844
b101010111001 E
b101010111001 R
#6845
b101010111010 E
b101010111010 R
#6846
b101010111011 E
b101010111011 R
#6847
b101010111100 E
b101010111100 R
#6848
b101010111101 E
b101010111101 R
#6849
b101010111110 E
b101010111110 R
#6850
b101010111111 E
b101010111111 R
#6851
b101011000000 E
b101011000000 R
#6852
b101011000001 E
b101011000001 R
#6853
b101011000010 E
b101011000010 R
#6854
b101011000011 E
b101011000011 R
#6855
b101011000100 E
b101011000100 R
#6856
b101011000101 E
b101011000101 R
#6857
b101011000110 E
b101011000110 R
#6858
b101011000111 E
b101011000111 R
#6859
b101011001000 E
b101011001000 R
#6860
b101011001001 E
b101011001001 R
#6861
b101011001010 E
b101011001010 R
#6862
b101011001011 E
b101011001011 R
#6863
b101011001100 E
b101011001100 R
#6864
b101011001101 E
b101011001101 R
#6865
b101011001110 E
b101011001110 R
#6866
b101011001111 E
b101011001111 R
#6867
b101011010000 E
b101011010000 R
#6868
b101011010001 E
b101011010001 R
#6869
b101011010010 E
b101011010010 R
#6870
b101011010011 E
b101011010011 R
#6871
b101011010100 E
b101011010100 R
#6872
b101011010101 E
b101011010101 R
#6873
b101011010110 E
b101011010110 R
#6874
b101011010111 E
b101011010111 R
#6875
b101011011000 E
b101011011000 R
#6876
b101011011001 E
b101011011001 R
#6877
b101011011010 E
b101011011010 R
#6878
b101011011011 E
b101011011011 R
#6879
b101011011100 E
b101011011100 R
#6880
b101011011101 E
b101011011101 R
#6881
b101011011110 E
b101011011110 R
#6882
b101011011111 E
b101011011111 R
#6883
b101011100000 E
b101011100000 R
#6884
b101011100001 E
b101011100001 R
#6885
b101011100010 E
b101011100010 R
#6886
b101011100011 E
b101011100011 R
#6887
b101011100100 E
b101011100100 R
#6888
b101011100101 E
b101011100101 R
#6889
b101011100110 E
b101011100110 R
#6890
b101011100111 E
b101011100111 R
#6891
b101011101000 E
b101011101000 R
#6892
b101011101001 E
b101011101001 R
#6893
b101011101010 E
b101011101010 R
#6894
b101011101011 E
b101011101011 R
#6895
b101011101100 E
b101011101100 R
#6896
b101011101101 E
b101011101101 R
#6897
b101011101110 E
b101011101110 R
#6898
b101011101111 E
b101011101111 R
#6899
b101011110000 E
b101011110000 R
#6900
b101011110001 E
b101011110001 R
#6901
b101011110010 E
b101011110010 R
#6902
b101011110011 E
b101011110011 R
#6903
b101011110100 E
b101011110100 R
#6904
b101011110101 E
b101011110101 R
#6905
b101011110110 E
b101011110110 R
#6906
b101011110111 E
b101011110111 R
#6907
b101011111000 E
b101011111000 R
#6908
b101011111001 E
b101011111001 R
#6909
b101011111010 E
b101011111010 R
#6910
b101011111011 E
b101011111011 R
#6911
b101011111100 E
b101011111100 R
#6912
b101011111101 E
b101011111101 R
#6913
b101011111110 E
b101011111110 R
#6914
b101011111111 E
b101011111111 R
#6915
b101100000000 E
b101100000000 R
#6916
b101100000001 E
b101100000001 R
#6917
b101100000010 E
b101100000010 R
#6918
b101100000011 E
b101100000011 R
#6919
b101100000100 E
b101100000100 R
#6920
b101100000101 E
b101100000101 R
#6921
b101100000110 E
b101100000110 R
#6922
b101100000111 E
b101100000111 R
#6923
b101100001000 E
b101100001000 R
#6924
b101100001001 E
b101100001001 R
#6925
b101100001010 E
b101100001010 R
#6926
b101100001011 E
b101100001011 R
#6927
b101100001100 E
b101100001100 R
#6928
b101100001101 E
b101100001101 R
#6929
b101100001110 E
b101100001110 R
#6930
b101100001111 E
b101100001111 R
#6931
b101100010000 E
b101100010000 R
#6932
b101100010001 E
b101100010001 R
#6933
b101100010010 E
b101100010010 R
#6934
b101100010011 E
b101100010011 R
#6935
b101100010100 E
b101100010100 R
#6936
b101100010101 E
b101100010101 R
#6937
b101100010110 E
b101100010110 R
#6938
b101100010111 E
b101100010111 R
#6939
b101100011000 E
b101100011000 R
#6940
b101100011001 E
b101100011001 R
#6941
b101100011010 E
b101100011010 R
#6942
b101100011011 E
b101100011011 R
#6943
b101100011100 E
b101100011100 R
#6944
b101100011101 E
b101100011101 R
#6945
b101100011110 E
b101100011110 R
#6946
b101100011111 E
b101100011111 R
#6947
b101100100000 E
b101100100000 R
#6948
b101100100001 E
b101100100001 R
#6949
b101100100010 E
b101100100010 R
#6950
b101100100011 E
b101100100011 R
#6951
b101100100100 E
b101100100100 R
#6952
b101100100101 E
b101100100101 R
#6953
b101100100110 E
b101100100110 R
#6954
b101100100111 E
b101100100111 R
#6955
b101100101000 E
b101100101000 R
#6956
b101100101001 E
b101100101001 R
#6957
b101100101010 E
b101100101010 R
#6958
b101100101011 E
b101100101011 R
#6959
b101100101100 E
b101100101100 R
#6960
b101100101101 E
b101100101101 R
#6961
b101100101110 E
b101100101110 R
#6962
b101100101111 E
b101100101111 R
#6963
b101100110000 E
b101100110000 R
#6964
b101100110001 E
b101100110001 R
#6965
b101100110010 E
b101100110010 R
#6966
b101100110011 E
b101100110011 R
#6967
b101100110100 E
b101100110100 R
#6968
b101100110101 E
b101100110101 R
#6969
b101100110110 E
b101100110110 R
#6970
b101100110111 E
b101100110111 R
#6971
b101100111000 E
b101100111000 R
#6972
b101100111001 E
b101100111001 R
#6973
b101100111010 E
b101100111010 R
#6974
b101100111011 E
b101100111011 R
#6975
b101100111100 E
b101100111100 R
#6976
b101100111101 E
b101100111101 R
#6977
b101100111110 E
b101100111110 R
#6978
b101100111111 E
b101100111111 R
#6979
b101101000000 E
b101101000000 R
#6980
b101101000001 E
b101101000001 R
#6981
b101101000010 E
b101101000010 R
#6982
b101101000011 E
b101101000011 R
#6983
b101101000100 E
b101101000100 R
#6984
b101101000101 E
b101101000101 R
#6985
b101101000110 E
b101101000110 R
#6986
b101101000111 E
b101101000111 R
#6987
b101101001000 E
b101101001000 R
#6988
b101101001001 E
b101101001001 R
#6989
b101101001010 E
b101101001010 R
#6990
b101101001011 E
b101101001011 R
#6991
b101101001100 E
b101101001100 R
#6992
b101101001101 E
b101101001101 R
#6993
b101101001110 E
b101101001110 R
#6994
b101101001111 E
b101101001111 R
#6995
b101101010000 E
b101101010000 R
#6996
b101101010001 E
b101101010001 R
#6997
b101101010010 E
b101101010010 R
#6998
b101101010011 E
b101101010011 R
#6999
b101101010100 E
b101101010100 R
#7000
b101101010101 E
b101101010101 R
#7001
b101101010110 E
b101101010110 R
#7002
b101101010111 E
b101101010111 R
#7003
b101101011000 E
b101101011000 R
#7004
b101101011001 E
b101101011001 R
#7005
b101101011010 E
b101101011010 R
#7006
b101101011011 E
b101101011011 R
#7007
b101101011100 E
b101101011100 R
#7008
b101101011101 E
b101101011101 R
#7009
b101101011110 E
b101101011110 R
#7010
b101101011111 E
b101101011111 R
#7011
b101101100000 E
b101101100000 R
#7012
b101101100001 E
b101101100001 R
#7013
b101101100010 E
b101101100010 R
#7014
b101101100011 E
b101101100011 R
#7015
b101101100100 E
b101101100100 R
#7016
b101101100101 E
b101101100101 R
#7017
b101101100110 E
b101101100110 R
#7018
b101101100111 E
b101101100111 R
#7019
b101101101000 E
b101101101000 R
#7020
b101101101001 E
b101101101001 R
#7021
b101101101010 E
b101101101010 R
#7022
b101101101011 E
b101101101011 R
#7023
b101101101100 E
b101101101100 R
#7024
b101101101101 E
b101101101101 R
#7025
b101101101110 E
b101101101110 R
#7026
b101101101111 E
b101101101111 R
#7027
b101101110000 E
b101101110000 R
#7028
b101101110001 E
b101101110001 R
#7029
b101101110010 E
b101101110010 R
#7030
b101101110011 E
b101101110011 R
#7031
b101101110100 E
b101101110100 R
#7032
b101101110101 E
b101101110101 R
#7033
b101101110110 E
b101101110110 R
#7034
b101101110111 E
b101101110111 R
#7035
b101101111000 E
b101101111000 R
#7036
b101101111001 E
b101101111001 R
#7037
b101101111010 E
b101101111010 R
#7038
b101101111011 E
b101101111011 R
#7039
b101101111100 E
b101101111100 R
#7040
b101101111101 E
b101101111101 R
#7041
b101101111110 E
b101101111110 R
#7042
b101101111111 E
b101101111111 R
#7043
b101110000000 E
b101110000000 R
#7044
b101110000001 E
b101110000001 R
#7045
b101110000010 E
b101110000010 R
#7046
b101110000011 E
b101110000011 R
#7047
b101110000100 E
b101110000100 R
#7048
b101110000101 E
b101110000101 R
#7049
b101110000110 E
b101110000110 R
#7050
b101110000111 E
b101110000111 R
#7051
b101110001000 E
b101110001000 R
#7052
b101110001001 E
b101110001001 R
#7053
b101110001010 E
b101110001010 R
#7054
b101110001011 E
b101110001011 R
#7055
b101110001100 E
b101110001100 R
#7056
b101110001101 E
b101110001101 R
#7057
b101110001110 E
b101110001110 R
#7058
b101110001111 E
b101110001111 R
#7059
b101110010000 E
b101110010000 R
#7060
b101110010001 E
b101110010001 R
#7061
b101110010010 E
b101110010010 R
#7062
b101110010011 E
b101110010011 R
#7063
b101110010100 E
b101110010100 R
#7064
b101110010101 E
b101110010101 R
#7065
b101110010110 E
b101110010110 R
#7066
b101110010111 E
b101110010111 R
#7067
b101110011000 E
b101110011000 R
#7068
b101110011001 E
b101110011001 R
#7069
b101110011010 E
b101110011010 R
#7070
b101110011011 E
b101110011011 R
#7071
b101110011100 E
b101110011100 R
#7072
b101110011101 E
b101110011101 R
#7073
b101110011110 E
b101110011110 R
#7074
b101110011111 E
b101110011111 R
#7075
b101110100000 E
b101110100000 R
#7076
b101110100001 E
b101110100001 R
#7077
b101110100010 E
b101110100010 R
#7078
b101110100011 E
b101110100011 R
#7079
b101110100100 E
b101110100100 R
#7080
b101110100101 E
b101110100101 R
#7081
b101110100110 E
b101110100110 R
#7082
b101110100111 E
b101110100111 R
#7083
b101110101000 E
b101110101000 R
#7084
b101110101001 E
b101110101001 R
#7085
b101110101010 E
b101110101010 R
#7086
b101110101011 E
b101110101011 R
#7087
b101110101100 E
b101110101100 R
#7088
b101110101101 E
b101110101101 R
#7089
b101110101110 E
b101110101110 R
#7090
b101110101111 E
b101110101111 R
#7091
b101110110000 E
b101110110000 R
#7092
b101110110001 E
b101110110001 R
#7093
b101110110010 E
b101110110010 R
#7094
b101110110011 E
b101110110011 R
#7095
b101110110100 E
b101110110100 R
#7096
b101110110101 E
b101110110101 R
#7097
b101110110110 E
b101110110110 R
#7098
b101110110111 E
b101110110111 R
#7099
b101110111000 E
b101110111000 R
#7100
b101110111001 E
b101110111001 R
#7101
b101110111010 E
b101110111010 R
#7102
b101110111011 E
b101110111011 R
#7103
b101110111100 E
b101110111100 R
#7104
b101110111101 E
b101110111101 R
#7105
b101110111110 E
b101110111110 R
#7106
b101110111111 E
b101110111111 R
#7107
b101111000000 E
b101111000000 R
#7108
b101111000001 E
b101111000001 R
#7109
b101111000010 E
b101111000010 R
#7110
b101111000011 E
b101111000011 R
#7111
b101111000100 E
b101111000100 R
#7112
b101111000101 E
b101111000101 R
#7113
b101111000110 E
b101111000110 R
#7114
b101111000111 E
b101111000111 R
#7115
b101111001000 E
b101111001000 R
#7116
b101111001001 E
b101111001001 R
#7117
b101111001010 E
b101111001010 R
#7118
b101111001011 E
b101111001011 R
#7119
b101111001100 E
b101111001100 R
#7120
b101111001101 E
b101111001101 R
#7121
b101111001110 E
b101111001110 R
#7122
b101111001111 E
b101111001111 R
#7123
b101111010000 E
b101111010000 R
#7124
b101111010001 E
b101111010001 R
#7125
b101111010010 E
b101111010010 R
#7126
b101111010011 E
b101111010011 R
#7127
b101111010100 E
b101111010100 R
#7128
b101111010101 E
b101111010101 R
#7129
b101111010110 E
b101111010110 R
#7130
b101111010111 E
b101111010111 R
#7131
b101111011000 E
b101111011000 R
#7132
b101111011001 E
b101111011001 R
#7133
b101111011010 E
b101111011010 R
#7134
b101111011011 E
b101111011011 R
#7135
b101111011100 E
b101111011100 R
#7136
b101111011101 E
b101111011101 R
#7137
b101111011110 E
b101111011110 R
#7138
b101111011111 E
b101111011111 R
#7139
b101111100000 E
b101111100000 R
#7140
b101111100001 E
b101111100001 R
#7141
b101111100010 E
b101111100010 R
#7142
b101111100011 E
b101111100011 R
#7143
b101111100100 E
b101111100100 R
#7144
b101111100101 E
b101111100101 R
#7145
b101111100110 E
b101111100110 R
#7146
b101111100111 E
b101111100111 R
#7147
b101111101000 E
b101111101000 R
#7148
b101111101001 E
b101111101001 R
#7149
b101111101010 E
b101111101010 R
#7150
b101111101011 E
b101111101011 R
#7151
b101111101100 E
b101111101100 R
#7152
b101111101101 E
b101111101101 R
#7153
b101111101110 E
b101111101110 R
#7154
b101111101111 E
b101111101111 R
#7155
b101111110000 E
b101111110000 R
#7156
b101111110001 E
b101111110001 R
#7157
b101111110010 E
b101111110010 R
#7158
b101111110011 E
b101111110011 R
#7159
b101111110100 E
b101111110100 R
#7160
b101111110101 E
b101111110101 R
#7161
b101111110110 E
b101111110110 R
#7162
b101111110111 E
b101111110111 R
#7163
b101111111000 E
b101111111000 R
#7164
b101111111001 E
b101111111001 R
#7165
b101111111010 E
b101111111010 R
#7166
b101111111011 E
b101111111011 R
#7167
b101111111100 E
b101111111100 R
#7168
b101111111101 E
b101111111101 R
#7169
b101111111110 E
b101111111110 R
#7170
b101111111111 E
b101111111111 R
#7171
b110000000000 E
b110000000000 R
#7172
b110000000001 E
b110000000001 R
#7173
b110000000010 E
b110000000010 R
#7174
b110000000011 E
b110000000011 R
#7175
b110000000100 E
b110000000100 R
#7176
b110000000101 E
b110000000101 R
#7177
b110000000110 E
b110000000110 R
#7178
b110000000111 E
b110000000111 R
#7179
b110000001000 E
b110000001000 R
#7180
b110000001001 E
b110000001001 R
#7181
b110000001010 E
b110000001010 R
#7182
b110000001011 E
b110000001011 R
#7183
b110000001100 E
b110000001100 R
#7184
b110000001101 E
b110000001101 R
#7185
b110000001110 E
b110000001110 R
#7186
b110000001111 E
b110000001111 R
#7187
b110000010000 E
b110000010000 R
#7188
b110000010001 E
b110000010001 R
#7189
b110000010010 E
b110000010010 R
#7190
b110000010011 E
b110000010011 R
#7191
b110000010100 E
b110000010100 R
#7192
b110000010101 E
b110000010101 R
#7193
b110000010110 E
b110000010110 R
#7194
b110000010111 E
b110000010111 R
#7195
b110000011000 E
b110000011000 R
#7196
b110000011001 E
b110000011001 R
#7197
b110000011010 E
b110000011010 R
#7198
b110000011011 E
b110000011011 R
#7199
b110000011100 E
b110000011100 R
#7200
b110000011101 E
b110000011101 R
#7201
b110000011110 E
b110000011110 R
#7202
b110000011111 E
b110000011111 R
#7203
b110000100000 E
b110000100000 R
#7204
b110000100001 E
b110000100001 R
#7205
b110000100010 E
b110000100010 R
#7206
b110000100011 E
b110000100011 R
#7207
b110000100100 E
b110000100100 R
#7208
b110000100101 E
b110000100101 R
#7209
b110000100110 E
b110000100110 R
#7210
b110000100111 E
b110000100111 R
#7211
b110000101000 E
b110000101000 R
#7212
b110000101001 E
b110000101001 R
#7213
b110000101010 E
b110000101010 R
#7214
b110000101011 E
b110000101011 R
#7215
b110000101100 E
b110000101100 R
#7216
b110000101101 E
b110000101101 R
#7217
b110000101110 E
b110000101110 R
#7218
b110000101111 E
b110000101111 R
#7219
b110000110000 E
b110000110000 R
#7220
b110000110001 E
b110000110001 R
#7221
b110000110010 E
b110000110010 R
#7222
b110000110011 E
b110000110011 R
#7223
b110000110100 E
b110000110100 R
#7224
b110000110101 E
b110000110101 R
#7225
b110000110110 E
b110000110110 R
#7226
b110000110111 E
b110000110111 R
#7227
b110000111000 E
b110000111000 R
#7228
b110000111001 E
b110000111001 R
#7229
b110000111010 E
b110000111010 R
#7230
b110000111011 E
b110000111011 R
#7231
b110000111100 E
b110000111100 R
#7232
b110000111101 E
b110000111101 R
#7233
b110000111110 E
b110000111110 R
#7234
b110000111111 E
b110000111111 R
#7235
b110001000000 E
b110001000000 R
#7236
b110001000001 E
b110001000001 R
#7237
b110001000010 E
b110001000010 R
#7238
b110001000011 E
b110001000011 R
#7239
b110001000100 E
b110001000100 R
#7240
b110001000101 E
b110001000101 R
#7241
b110001000110 E
b110001000110 R
#7242
b110001000111 E
b110001000111 R
#7243
b110001001000 E
b110001001000 R
#7244
b110001001001 E
b110001001001 R
#7245
b110001001010 E
b110001001010 R
#7246
b110001001011 E
b110001001011 R
#7247
b110001001100 E
b110001001100 R
#7248
b110001001101 E
b110001001101 R
#7249
b110001001110 E
b110001001110 R
#7250
b110001001111 E
b110001001111 R
#7251
b110001010000 E
b110001010000 R
#7252
b110001010001 E
b110001010001 R
#7253
b110001010010 E
b110001010010 R
#7254
b110001010011 E
b110001010011 R
#7255
b110001010100 E
b110001010100 R
#7256
b110001010101 E
b110001010101 R
#7257
b110001010110 E
b110001010110 R
#7258
b110001010111 E
b110001010111 R
#7259
b110001011000 E
b110001011000 R
#7260
b110001011001 E
b110001011001 R
#7261
b110001011010 E
b110001011010 R
#7262
b110001011011 E
b110001011011 R
#7263
b110001011100 E
b110001011100 R
#7264
b110001011101 E
b110001011101 R
#7265
b110001011110 E
b110001011110 R
#7266
b110001011111 E
b110001011111 R
#7267
b110001100000 E
b110001100000 R
#7268
b110001100001 E
b110001100001 R
#7269
b110001100010 E
b110001100010 R
#7270
b110001100011 E
b110001100011 R
#7271
b110001100100 E
b110001100100 R
#7272
b110001100101 E
b110001100101 R
#7273
b110001100110 E
b110001100110 R
#7274
b110001100111 E
b110001100111 R
#7275
b110001101000 E
b110001101000 R
#7276
b110001101001 E
b110001101001 R
#7277
b110001101010 E
b110001101010 R
#7278
b110001101011 E
b110001101011 R
#7279
b110001101100 E
b110001101100 R
#7280
b110001101101 E
b110001101101 R
#7281
b110001101110 E
b110001101110 R
#7282
b110001101111 E
b110001101111 R
#7283
b110001110000 E
b110001110000 R
#7284
b110001110001 E
b110001110001 R
#7285
b110001110010 E
b110001110010 R
#7286
b110001110011 E
b110001110011 R
#7287
b110001110100 E
b110001110100 R
#7288
b110001110101 E
b110001110101 R
#7289
b110001110110 E
b110001110110 R
#7290
b110001110111 E
b110001110111 R
#7291
b110001111000 E
b110001111000 R
#7292
b110001111001 E
b110001111001 R
#7293
b110001111010 E
b110001111010 R
#7294
b110001111011 E
b110001111011 R
#7295
b110001111100 E
b110001111100 R
#7296
b110001111101 E
b110001111101 R
#7297
b110001111110 E
b110001111110 R
#7298
b110001111111 E
b110001111111 R
#7299
b110010000000 E
b110010000000 R
#7300
b110010000001 E
b110010000001 R
#7301
b110010000010 E
b110010000010 R
#7302
b110010000011 E
b110010000011 R
#7303
b110010000100 E
b110010000100 R
#7304
b110010000101 E
b110010000101 R
#7305
b110010000110 E
b110010000110 R
#7306
b110010000111 E
b110010000111 R
#7307
b110010001000 E
b110010001000 R
#7308
b110010001001 E
b110010001001 R
#7309
b110010001010 E
b110010001010 R
#7310
b110010001011 E
b110010001011 R
#7311
b110010001100 E
b110010001100 R
#7312
b110010001101 E
b110010001101 R
#7313
b110010001110 E
b110010001110 R
#7314
b110010001111 E
b110010001111 R
#7315
b110010010000 E
b110010010000 R
#7316
b110010010001 E
b110010010001 R
#7317
b110010010010 E
b110010010010 R
#7318
b110010010011 E
b110010010011 R
#7319
b110010010100 E
b110010010100 R
#7320
b110010010101 E
b110010010101 R
#7321
b110010010110 E
b110010010110 R
#7322
b110010010111 E
b110010010111 R
#7323
b110010011000 E
b110010011000 R
#7324
b110010011001 E
b110010011001 R
#7325
b110010011010 E
b110010011010 R
#7326
b110010011011 E
b110010011011 R
#7327
b110010011100 E
b110010011100 R
#7328
b110010011101 E
b110010011101 R
#7329
b110010011110 E
b110010011110 R
#7330
b110010011111 E
b110010011111 R
#7331
b110010100000 E
b110010100000 R
#7332
b110010100001 E
b110010100001 R
#7333
b110010100010 E
b110010100010 R
#7334
b110010100011 E
b110010100011 R
#7335
b110010100100 E
b110010100100 R
#7336
b110010100101 E
b110010100101 R
#7337
b110010100110 E
b110010100110 R
#7338
b110010100111 E
b110010100111 R
#7339
b110010101000 E
b110010101000 R
#7340
b110010101001 E
b110010101001 R
#7341
b110010101010 E
b110010101010 R
#7342
b110010101011 E
b110010101011 R
#7343
b110010101100 E
b110010101100 R
#7344
b110010101101 E
b110010101101 R
#7345
b110010101110 E
b110010101110 R
#7346
b110010101111 E
b110010101111 R
#7347
b110010110000 E
b110010110000 R
#7348
b110010110001 E
b110010110001 R
#7349
b110010110010 E
b110010110010 R
#7350
b110010110011 E
b110010110011 R
#7351
b110010110100 E
b110010110100 R
#7352
b110010110101 E
b110010110101 R
#7353
b110010110110 E
b110010110110 R
#7354
b110010110111 E
b110010110111 R
#7355
b110010111000 E
b110010111000 R
#7356
b110010111001 E
b110010111001 R
#7357
b110010111010 E
b110010111010 R
#7358
b110010111011 E
b110010111011 R
#7359
b110010111100 E
b110010111100 R
#7360
b110010111101 E
b110010111101 R
#7361
b110010111110 E
b110010111110 R
#7362
b110010111111 E
b110010111111 R
#7363
b110011000000 E
b110011000000 R
#7364
b110011000001 E
b110011000001 R
#7365
b110011000010 E
b110011000010 R
#7366
b110011000011 E
b110011000011 R
#7367
b110011000100 E
b110011000100 R
#7368
b110011000101 E
b110011000101 R
#7369
b110011000110 E
b110011000110 R
#7370
b110011000111 E
b110011000111 R
#7371
b110011001000 E
b110011001000 R
#7372
b110011001001 E
b110011001001 R
#7373
b110011001010 E
b110011001010 R
#7374
b110011001011 E
b110011001011 R
#7375
b110011001100 E
b110011001100 R
#7376
b110011001101 E
b110011001101 R
#7377
b110011001110 E
b110011001110 R
#7378
b110011001111 E
b110011001111 R
#7379
b110011010000 E
b110011010000 R
#7380
b110011010001 E
b110011010001 R
#7381
b110011010010 E
b110011010010 R
#7382
b110011010011 E
b110011010011 R
#7383
b110011010100 E
b110011010100 R
#7384
b110011010101 E
b110011010101 R
#7385
b110011010110 E
b110011010110 R
#7386
b110011010111 E
b110011010111 R
#7387
b110011011000 E
b110011011000 R
#7388
b110011011001 E
b110011011001 R
#7389
b110011011010 E
b110011011010 R
#7390
b110011011011 E
b110011011011 R
#7391
b110011011100 E
b110011011100 R
#7392
b110011011101 E
b110011011101 R
#7393
b110011011110 E
b110011011110 R
#7394
b110011011111 E
b110011011111 R
#7395
b110011100000 E
b110011100000 R
#7396
b110011100001 E
b110011100001 R
#7397
b110011100010 E
b110011100010 R
#7398
b110011100011 E
b110011100011 R
#7399
b110011100100 E
b110011100100 R
#7400
b110011100101 E
b110011100101 R
#7401
b110011100110 E
b110011100110 R
#7402
b110011100111 E
b110011100111 R
#7403
b110011101000 E
b110011101000 R
#7404
b110011101001 E
b110011101001 R
#7405
b110011101010 E
b110011101010 R
#7406
b110011101011 E
b110011101011 R
#7407
b110011101100 E
b110011101100 R
#7408
b110011101101 E
b110011101101 R
#7409
b110011101110 E
b110011101110 R
#7410
b110011101111 E
b110011101111 R
#7411
b110011110000 E
b110011110000 R
#7412
b110011110001 E
b110011110001 R
#7413
b110011110010 E
b110011110010 R
#7414
b110011110011 E
b110011110011 R
#7415
b110011110100 E
b110011110100 R
#7416
b110011110101 E
b110011110101 R
#7417
b110011110110 E
b110011110110 R
#7418
b110011110111 E
b110011110111 R
#7419
b110011111000 E
b110011111000 R
#7420
b110011111001 E
b110011111001 R
#7421
b110011111010 E
b110011111010 R
#7422
b110011111011 E
b110011111011 R
#7423
b110011111100 E
b110011111100 R
#7424
b110011111101 E
b110011111101 R
#7425
b110011111110 E
b110011111110 R
#7426
b110011111111 E
b110011111111 R
#7427
b110100000000 E
b110100000000 R
#7428
b110100000001 E
b110100000001 R
#7429
b110100000010 E
b110100000010 R
#7430
b110100000011 E
b110100000011 R
#7431
b110100000100 E
b110100000100 R
#7432
b110100000101 E
b110100000101 R
#7433
b110100000110 E
b110100000110 R
#7434
b110100000111 E
b110100000111 R
#7435
b110100001000 E
b110100001000 R
#7436
b110100001001 E
b110100001001 R
#7437
b110100001010 E
b110100001010 R
#7438
b110100001011 E
b110100001011 R
#7439
b110100001100 E
b110100001100 R
#7440
b110100001101 E
b110100001101 R
#7441
b110100001110 E
b110100001110 R
#7442
b110100001111 E
b110100001111 R
#7443
b110100010000 E
b110100010000 R
#7444
b110100010001 E
b110100010001 R
#7445
b110100010010 E
b110100010010 R
#7446
b110100010011 E
b110100010011 R
#7447
b110100010100 E
b110100010100 R
#7448
b110100010101 E
b110100010101 R
#7449
b110100010110 E
b110100010110 R
#7450
b110100010111 E
b110100010111 R
#7451
b110100011000 E
b110100011000 R
#7452
b110100011001 E
b110100011001 R
#7453
b110100011010 E
b110100011010 R
#7454
b110100011011 E
b110100011011 R
#7455
b110100011100 E
b110100011100 R
#7456
b110100011101 E
b110100011101 R
#7457
b110100011110 E
b110100011110 R
#7458
b110100011111 E
b110100011111 R
#7459
b110100100000 E
b110100100000 R
#7460
b110100100001 E
b110100100001 R
#7461
b110100100010 E
b110100100010 R
#7462
b110100100011 E
b110100100011 R
#7463
b110100100100 E
b110100100100 R
#7464
b110100100101 E
b110100100101 R
#7465
b110100100110 E
b110100100110 R
#7466
b110100100111 E
b110100100111 R
#7467
b110100101000 E
b110100101000 R
#7468
b110100101001 E
b110100101001 R
#7469
b110100101010 E
b110100101010 R
#7470
b110100101011 E
b110100101011 R
#7471
b110100101100 E
b110100101100 R
#7472
b110100101101 E
b110100101101 R
#7473
b110100101110 E
b110100101110 R
#7474
b110100101111 E
b110100101111 R
#7475
b110100110000 E
b110100110000 R
#7476
b110100110001 E
b110100110001 R
#7477
b110100110010 E
b110100110010 R
#7478
b110100110011 E
b110100110011 R
#7479
b110100110100 E
b110100110100 R
#7480
b110100110101 E
b110100110101 R
#7481
b110100110110 E
b110100110110 R
#7482
b110100110111 E
b110100110111 R
#7483
b110100111000 E
b110100111000 R
#7484
b110100111001 E
b110100111001 R
#7485
b110100111010 E
b110100111010 R
#7486
b110100111011 E
b110100111011 R
#7487
b110100111100 E
b110100111100 R
#7488
b110100111101 E
b110100111101 R
#7489
b110100111110 E
b110100111110 R
#7490
b110100111111 E
b110100111111 R
#7491
b110101000000 E
b110101000000 R
#7492
b110101000001 E
b110101000001 R
#7493
b110101000010 E
b110101000010 R
#7494
b110101000011 E
b110101000011 R
#7495
b110101000100 E
b110101000100 R
#7496
b110101000101 E
b110101000101 R
#7497
b110101000110 E
b110101000110 R
#7498
b110101000111 E
b110101000111 R
#7499
b110101001000 E
b110101001000 R
#7500
b110101001001 E
b110101001001 R
#7501
b110101001010 E
b110101001010 R
#7502
b110101001011 E
b110101001011 R
#7503
b110101001100 E
b110101001100 R
#7504
b110101001101 E
b110101001101 R
#7505
b110101001110 E
b110101001110 R
#7506
b110101001111 E
b110101001111 R
#7507
b110101010000 E
b110101010000 R
#7508
b110101010001 E
b110101010001 R
#7509
b110101010010 E
b110101010010 R
#7510
b110101010011 E
b110101010011 R
#7511
b110101010100 E
b110101010100 R
#7512
b110101010101 E
b110101010101 R
#7513
b110101010110 E
b110101010110 R
#7514
b110101010111 E
b110101010111 R
#7515
b110101011000 E
b110101011000 R
#7516
b110101011001 E
b110101011001 R
#7517
b110101011010 E
b110101011010 R
#7518
b110101011011 E
b110101011011 R
#7519
b110101011100 E
b110101011100 R
#7520
b110101011101 E
b110101011101 R
#7521
b110101011110 E
b110101011110 R
#7522
b110101011111 E
b110101011111 R
#7523
b110101100000 E
b110101100000 R
#7524
b110101100001 E
b110101100001 R
#7525
b110101100010 E
b110101100010 R
#7526
b110101100011 E
b110101100011 R
#7527
b110101100100 E
b110101100100 R
#7528
b110101100101 E
b110101100101 R
#7529
b110101100110 E
b110101100110 R
#7530
b110101100111 E
b110101100111 R
#7531
b110101101000 E
b110101101000 R
#7532
b110101101001 E
b110101101001 R
#7533
b110101101010 E
b110101101010 R
#7534
b110101101011 E
b110101101011 R
#7535
b110101101100 E
b110101101100 R
#7536
b110101101101 E
b110101101101 R
#7537
b110101101110 E
b110101101110 R
#7538
b110101101111 E
b110101101111 R
#7539
b110101110000 E
b110101110000 R
#7540
b110101110001 E
b110101110001 R
#7541
b110101110010 E
b110101110010 R
#7542
b110101110011 E
b110101110011 R
#7543
b110101110100 E
b110101110100 R
#7544
b110101110101 E
b110101110101 R
#7545
b110101110110 E
b110101110110 R
#7546
b110101110111 E
b110101110111 R
#7547
b110101111000 E
b110101111000 R
#7548
b110101111001 E
b110101111001 R
#7549
b110101111010 E
b110101111010 R
#7550
b110101111011 E
b110101111011 R
#7551
b110101111100 E
b110101111100 R
#7552
b110101111101 E
b110101111101 R
#7553
b110101111110 E
b110101111110 R
#7554
b110101111111 E
b110101111111 R
#7555
b110110000000 E
b110110000000 R
#7556
b110110000001 E
b110110000001 R
#7557
b110110000010 E
b110110000010 R
#7558
b110110000011 E
b110110000011 R
#7559
b110110000100 E
b110110000100 R
#7560
b110110000101 E
b110110000101 R
#7561
b110110000110 E
b110110000110 R
#7562
b110110000111 E
b110110000111 R
#7563
b110110001000 E
b110110001000 R
#7564
b110110001001 E
b110110001001 R
#7565
b110110001010 E
b110110001010 R
#7566
b110110001011 E
b110110001011 R
#7567
b110110001100 E
b110110001100 R
#7568
b110110001101 E
b110110001101 R
#7569
b110110001110 E
b110110001110 R
#7570
b110110001111 E
b110110001111 R
#7571
b110110010000 E
b110110010000 R
#7572
b110110010001 E
b110110010001 R
#7573
b110110010010 E
b110110010010 R
#7574
b110110010011 E
b110110010011 R
#7575
b110110010100 E
b110110010100 R
#7576
b110110010101 E
b110110010101 R
#7577
b110110010110 E
b110110010110 R
#7578
b110110010111 E
b110110010111 R
#7579
b110110011000 E
b110110011000 R
#7580
b110110011001 E
b110110011001 R
#7581
b110110011010 E
b110110011010 R
#7582
b110110011011 E
b110110011011 R
#7583
b110110011100 E
b110110011100 R
#7584
b110110011101 E
b110110011101 R
#7585
b110110011110 E
b110110011110 R
#7586
b110110011111 E
b110110011111 R
#7587
b110110100000 E
b110110100000 R
#7588
b110110100001 E
b110110100001 R
#7589
b110110100010 E
b110110100010 R
#7590
b110110100011 E
b110110100011 R
#7591
b110110100100 E
b110110100100 R
#7592
b110110100101 E
b110110100101 R
#7593
b110110100110 E
b110110100110 R
#7594
b110110100111 E
b110110100111 R
#7595
b110110101000 E
b110110101000 R
#7596
b110110101001 E
b110110101001 R
#7597
b110110101010 E
b110110101010 R
#7598
b110110101011 E
b110110101011 R
#7599
b110110101100 E
b110110101100 R
#7600
b110110101101 E
b110110101101 R
#7601
b110110101110 E
b110110101110 R
#7602
b110110101111 E
b110110101111 R
#7603
b110110110000 E
b110110110000 R
#7604
b110110110001 E
b110110110001 R
#7605
b110110110010 E
b110110110010 R
#7606
b110110110011 E
b110110110011 R
#7607
b110110110100 E
b110110110100 R
#7608
b110110110101 E
b110110110101 R
#7609
b110110110110 E
b110110110110 R
#7610
b110110110111 E
b110110110111 R
#7611
b110110111000 E
b110110111000 R
#7612
b110110111001 E
b110110111001 R
#7613
b110110111010 E
b110110111010 R
#7614
b110110111011 E
b110110111011 R
#7615
b110110111100 E
b110110111100 R
#7616
b110110111101 E
b110110111101 R
#7617
b110110111110 E
b110110111110 R
#7618
b110110111111 E
b110110111111 R
#7619
b110111000000 E
b110111000000 R
#7620
b110111000001 E
b110111000001 R
#7621
b110111000010 E
b110111000010 R
#7622
b110111000011 E
b110111000011 R
#7623
b110111000100 E
b110111000100 R
#7624
b110111000101 E
b110111000101 R
#7625
b110111000110 E
b110111000110 R
#7626
b110111000111 E
b110111000111 R
#7627
b110111001000 E
b110111001000 R
#7628
b110111001001 E
b110111001001 R
#7629
b110111001010 E
b110111001010 R
#7630
b110111001011 E
b110111001011 R
#7631
b110111001100 E
b110111001100 R
#7632
b110111001101 E
b110111001101 R
#7633
b110111001110 E
b110111001110 R
#7634
b110111001111 E
b110111001111 R
#7635
b110111010000 E
b110111010000 R
#7636
b110111010001 E
b110111010001 R
#7637
b110111010010 E
b110111010010 R
#7638
b110111010011 E
b110111010011 R
#7639
b110111010100 E
b110111010100 R
#7640
b110111010101 E
b110111010101 R
#7641
b110111010110 E
b110111010110 R
#7642
b110111010111 E
b110111010111 R
#7643
b110111011000 E
b110111011000 R
#7644
b110111011001 E
b110111011001 R
#7645
b110111011010 E
b110111011010 R
#7646
b110111011011 E
b110111011011 R
#7647
b110111011100 E
b110111011100 R
#7648
b110111011101 E
b110111011101 R
#7649
b110111011110 E
b110111011110 R
#7650
b110111011111 E
b110111011111 R
#7651
b110111100000 E
b110111100000 R
#7652
b110111100001 E
b110111100001 R
#7653
b110111100010 E
b110111100010 R
#7654
b110111100011 E
b110111100011 R
#7655
b110111100100 E
b110111100100 R
#7656
b110111100101 E
b110111100101 R
#7657
b110111100110 E
b110111100110 R
#7658
b110111100111 E
b110111100111 R
#7659
b110111101000 E
b110111101000 R
#7660
b110111101001 E
b110111101001 R
#7661
b110111101010 E
b110111101010 R
#7662
b110111101011 E
b110111101011 R
#7663
b110111101100 E
b110111101100 R
#7664
b110111101101 E
b110111101101 R
#7665
b110111101110 E
b110111101110 R
#7666
b110111101111 E
b110111101111 R
#7667
b110111110000 E
b110111110000 R
#7668
b110111110001 E
b110111110001 R
#7669
b110111110010 E
b110111110010 R
#7670
b110111110011 E
b110111110011 R
#7671
b110111110100 E
b110111110100 R
#7672
b110111110101 E
b110111110101 R
#7673
b110111110110 E
b110111110110 R
#7674
b110111110111 E
b110111110111 R
#7675
b110111111000 E
b110111111000 R
#7676
b110111111001 E
b110111111001 R
#7677
b110111111010 E
b110111111010 R
#7678
b110111111011 E
b110111111011 R
#7679
b110111111100 E
b110111111100 R
#7680
b110111111101 E
b110111111101 R
#7681
b110111111110 E
b110111111110 R
#7682
b110111111111 E
b110111111111 R
#7683
b111000000000 E
b111000000000 R
#7684
b111000000001 E
b111000000001 R
#7685
b111000000010 E
b111000000010 R
#7686
b111000000011 E
b111000000011 R
#7687
b111000000100 E
b111000000100 R
#7688
b111000000101 E
b111000000101 R
#7689
b111000000110 E
b111000000110 R
#7690
b111000000111 E
b111000000111 R
#7691
b111000001000 E
b111000001000 R
#7692
b111000001001 E
b111000001001 R
#7693
b111000001010 E
b111000001010 R
#7694
b111000001011 E
b111000001011 R
#7695
b111000001100 E
b111000001100 R
#7696
b111000001101 E
b111000001101 R
#7697
b111000001110 E
b111000001110 R
#7698
b111000001111 E
b111000001111 R
#7699
b111000010000 E
b111000010000 R
#7700
b111000010001 E
b111000010001 R
#7701
b111000010010 E
b111000010010 R
#7702
b111000010011 E
b111000010011 R
#7703
b111000010100 E
b111000010100 R
#7704
b111000010101 E
b111000010101 R
#7705
b111000010110 E
b111000010110 R
#7706
b111000010111 E
b111000010111 R
#7707
b111000011000 E
b111000011000 R
#7708
b111000011001 E
b111000011001 R
#7709
b111000011010 E
b111000011010 R
#7710
b111000011011 E
b111000011011 R
#7711
b111000011100 E
b111000011100 R
#7712
b111000011101 E
b111000011101 R
#7713
b111000011110 E
b111000011110 R
#7714
b111000011111 E
b111000011111 R
#7715
b111000100000 E
b111000100000 R
#7716
b111000100001 E
b111000100001 R
#7717
b111000100010 E
b111000100010 R
#7718
b111000100011 E
b111000100011 R
#7719
b111000100100 E
b111000100100 R
#7720
b111000100101 E
b111000100101 R
#7721
b111000100110 E
b111000100110 R
#7722
b111000100111 E
b111000100111 R
#7723
b111000101000 E
b111000101000 R
#7724
b111000101001 E
b111000101001 R
#7725
b111000101010 E
b111000101010 R
#7726
b111000101011 E
b111000101011 R
#7727
b111000101100 E
b111000101100 R
#7728
b111000101101 E
b111000101101 R
#7729
b111000101110 E
b111000101110 R
#7730
b111000101111 E
b111000101111 R
#7731
b111000110000 E
b111000110000 R
#7732
b111000110001 E
b111000110001 R
#7733
b111000110010 E
b111000110010 R
#7734
b111000110011 E
b111000110011 R
#7735
b111000110100 E
b111000110100 R
#7736
b111000110101 E
b111000110101 R
#7737
b111000110110 E
b111000110110 R
#7738
b111000110111 E
b111000110111 R
#7739
b111000111000 E
b111000111000 R
#7740
b111000111001 E
b111000111001 R
#7741
b111000111010 E
b111000111010 R
#7742
b111000111011 E
b111000111011 R
#7743
b111000111100 E
b111000111100 R
#7744
b111000111101 E
b111000111101 R
#7745
b111000111110 E
b111000111110 R
#7746
b111000111111 E
b111000111111 R
#7747
b111001000000 E
b111001000000 R
#7748
b111001000001 E
b111001000001 R
#7749
b111001000010 E
b111001000010 R
#7750
b111001000011 E
b111001000011 R
#7751
b111001000100 E
b111001000100 R
#7752
b111001000101 E
b111001000101 R
#7753
b111001000110 E
b111001000110 R
#7754
b111001000111 E
b111001000111 R
#7755
b111001001000 E
b111001001000 R
#7756
b111001001001 E
b111001001001 R
#7757
b111001001010 E
b111001001010 R
#7758
b111001001011 E
b111001001011 R
#7759
b111001001100 E
b111001001100 R
#7760
b111001001101 E
b111001001101 R
#7761
b111001001110 E
b111001001110 R
#7762
b111001001111 E
b111001001111 R
#7763
b111001010000 E
b111001010000 R
#7764
b111001010001 E
b111001010001 R
#7765
b111001010010 E
b111001010010 R
#7766
b111001010011 E
b111001010011 R
#7767
b111001010100 E
b111001010100 R
#7768
b111001010101 E
b111001010101 R
#7769
b111001010110 E
b111001010110 R
#7770
b111001010111 E
b111001010111 R
#7771
b111001011000 E
b111001011000 R
#7772
b111001011001 E
b111001011001 R
#7773
b111001011010 E
b111001011010 R
#7774
b111001011011 E
b111001011011 R
#7775
b111001011100 E
b111001011100 R
#7776
b111001011101 E
b111001011101 R
#7777
b111001011110 E
b111001011110 R
#7778
b111001011111 E
b111001011111 R
#7779
b111001100000 E
b111001100000 R
#7780
b111001100001 E
b111001100001 R
#7781
b111001100010 E
b111001100010 R
#7782
b111001100011 E
b111001100011 R
#7783
b111001100100 E
b111001100100 R
#7784
b111001100101 E
b111001100101 R
#7785
b111001100110 E
b111001100110 R
#7786
b111001100111 E
b111001100111 R
#7787
b111001101000 E
b111001101000 R
#7788
b111001101001 E
b111001101001 R
#7789
b111001101010 E
b111001101010 R
#7790
b111001101011 E
b111001101011 R
#7791
b111001101100 E
b111001101100 R
#7792
b111001101101 E
b111001101101 R
#7793
b111001101110 E
b111001101110 R
#7794
b111001101111 E
b111001101111 R
#7795
b111001110000 E
b111001110000 R
#7796
b111001110001 E
b111001110001 R
#7797
b111001110010 E
b111001110010 R
#7798
b111001110011 E
b111001110011 R
#7799
b111001110100 E
b111001110100 R
#7800
b111001110101 E
b111001110101 R
#7801
b111001110110 E
b111001110110 R
#7802
b111001110111 E
b111001110111 R
#7803
b111001111000 E
b111001111000 R
#7804
b111001111001 E
b111001111001 R
#7805
b111001111010 E
b111001111010 R
#7806
b111001111011 E
b111001111011 R
#7807
b111001111100 E
b111001111100 R
#7808
b111001111101 E
b111001111101 R
#7809
b111001111110 E
b111001111110 R
#7810
b111001111111 E
b111001111111 R
#7811
b111010000000 E
b111010000000 R
#7812
b111010000001 E
b111010000001 R
#7813
b111010000010 E
b111010000010 R
#7814
b111010000011 E
b111010000011 R
#7815
b111010000100 E
b111010000100 R
#7816
b111010000101 E
b111010000101 R
#7817
b111010000110 E
b111010000110 R
#7818
b111010000111 E
b111010000111 R
#7819
b111010001000 E
b111010001000 R
#7820
b111010001001 E
b111010001001 R
#7821
b111010001010 E
b111010001010 R
#7822
b111010001011 E
b111010001011 R
#7823
b111010001100 E
b111010001100 R
#7824
b111010001101 E
b111010001101 R
#7825
b111010001110 E
b111010001110 R
#7826
b111010001111 E
b111010001111 R
#7827
b111010010000 E
b111010010000 R
#7828
b111010010001 E
b111010010001 R
#7829
b111010010010 E
b111010010010 R
#7830
b111010010011 E
b111010010011 R
#7831
b111010010100 E
b111010010100 R
#7832
b111010010101 E
b111010010101 R
#7833
b111010010110 E
b111010010110 R
#7834
b111010010111 E
b111010010111 R
#7835
b111010011000 E
b111010011000 R
#7836
b111010011001 E
b111010011001 R
#7837
b111010011010 E
b111010011010 R
#7838
b111010011011 E
b111010011011 R
#7839
b111010011100 E
b111010011100 R
#7840
b111010011101 E
b111010011101 R
#7841
b111010011110 E
b111010011110 R
#7842
b111010011111 E
b111010011111 R
#7843
b111010100000 E
b111010100000 R
#7844
b111010100001 E
b111010100001 R
#7845
b111010100010 E
b111010100010 R
#7846
b111010100011 E
b111010100011 R
#7847
b111010100100 E
b111010100100 R
#7848
b111010100101 E
b111010100101 R
#7849
b111010100110 E
b111010100110 R
#7850
b111010100111 E
b111010100111 R
#7851
b111010101000 E
b111010101000 R
#7852
b111010101001 E
b111010101001 R
#7853
b111010101010 E
b111010101010 R
#7854
b111010101011 E
b111010101011 R
#7855
b111010101100 E
b111010101100 R
#7856
b111010101101 E
b111010101101 R
#7857
b111010101110 E
b111010101110 R
#7858
b111010101111 E
b111010101111 R
#7859
b111010110000 E
b111010110000 R
#7860
b111010110001 E
b111010110001 R
#7861
b111010110010 E
b111010110010 R
#7862
b111010110011 E
b111010110011 R
#7863
b111010110100 E
b111010110100 R
#7864
b111010110101 E
b111010110101 R
#7865
b111010110110 E
b111010110110 R
#7866
b111010110111 E
b111010110111 R
#7867
b111010111000 E
b111010111000 R
#7868
b111010111001 E
b111010111001 R
#7869
b111010111010 E
b111010111010 R
#7870
b111010111011 E
b111010111011 R
#7871
b111010111100 E
b111010111100 R
#7872
b111010111101 E
b111010111101 R
#7873
b111010111110 E
b111010111110 R
#7874
b111010111111 E
b111010111111 R
#7875
b111011000000 E
b111011000000 R
#7876
b111011000001 E
b111011000001 R
#7877
b111011000010 E
b111011000010 R
#7878
b111011000011 E
b111011000011 R
#7879
b111011000100 E
b111011000100 R
#7880
b111011000101 E
b111011000101 R
#7881
b111011000110 E
b111011000110 R
#7882
b111011000111 E
b111011000111 R
#7883
b111011001000 E
b111011001000 R
#7884
b111011001001 E
b111011001001 R
#7885
b111011001010 E
b111011001010 R
#7886
b111011001011 E
b111011001011 R
#7887
b111011001100 E
b111011001100 R
#7888
b111011001101 E
b111011001101 R
#7889
b111011001110 E
b111011001110 R
#7890
b111011001111 E
b111011001111 R
#7891
b111011010000 E
b111011010000 R
#7892
b111011010001 E
b111011010001 R
#7893
b111011010010 E
b111011010010 R
#7894
b111011010011 E
b111011010011 R
#7895
b111011010100 E
b111011010100 R
#7896
b111011010101 E
b111011010101 R
#7897
b111011010110 E
b111011010110 R
#7898
b111011010111 E
b111011010111 R
#7899
b111011011000 E
b111011011000 R
#7900
b111011011001 E
b111011011001 R
#7901
b111011011010 E
b111011011010 R
#7902
b111011011011 E
b111011011011 R
#7903
b111011011100 E
b111011011100 R
#7904
b111011011101 E
b111011011101 R
#7905
b111011011110 E
b111011011110 R
#7906
b111011011111 E
b111011011111 R
#7907
b111011100000 E
b111011100000 R
#7908
b111011100001 E
b111011100001 R
#7909
b111011100010 E
b111011100010 R
#7910
b111011100011 E
b111011100011 R
#7911
b111011100100 E
b111011100100 R
#7912
b111011100101 E
b111011100101 R
#7913
b111011100110 E
b111011100110 R
#7914
b111011100111 E
b111011100111 R
#7915
b111011101000 E
b111011101000 R
#7916
b111011101001 E
b111011101001 R
#7917
b111011101010 E
b111011101010 R
#7918
b111011101011 E
b111011101011 R
#7919
b111011101100 E
b111011101100 R
#7920
b111011101101 E
b111011101101 R
#7921
b111011101110 E
b111011101110 R
#7922
b111011101111 E
b111011101111 R
#7923
b111011110000 E
b111011110000 R
#7924
b111011110001 E
b111011110001 R
#7925
b111011110010 E
b111011110010 R
#7926
b111011110011 E
b111011110011 R
#7927
b111011110100 E
b111011110100 R
#7928
b111011110101 E
b111011110101 R
#7929
b111011110110 E
b111011110110 R
#7930
b111011110111 E
b111011110111 R
#7931
b111011111000 E
b111011111000 R
#7932
b111011111001 E
b111011111001 R
#7933
b111011111010 E
b111011111010 R
#7934
b111011111011 E
b111011111011 R
#7935
b111011111100 E
b111011111100 R
#7936
b111011111101 E
b111011111101 R
#7937
b111011111110 E
b111011111110 R
#7938
b111011111111 E
b111011111111 R
#7939
b111100000000 E
b111100000000 R
#7940
b111100000001 E
b111100000001 R
#7941
b111100000010 E
b111100000010 R
#7942
b111100000011 E
b111100000011 R
#7943
b111100000100 E
b111100000100 R
#7944
b111100000101 E
b111100000101 R
#7945
b111100000110 E
b111100000110 R
#7946
b111100000111 E
b111100000111 R
#7947
b111100001000 E
b111100001000 R
#7948
b111100001001 E
b111100001001 R
#7949
b111100001010 E
b111100001010 R
#7950
b111100001011 E
b111100001011 R
#7951
b111100001100 E
b111100001100 R
#7952
b111100001101 E
b111100001101 R
#7953
b111100001110 E
b111100001110 R
#7954
b111100001111 E
b111100001111 R
#7955
b111100010000 E
b111100010000 R
#7956
b111100010001 E
b111100010001 R
#7957
b111100010010 E
b111100010010 R
#7958
b111100010011 E
b111100010011 R
#7959
b111100010100 E
b111100010100 R
#7960
b111100010101 E
b111100010101 R
#7961
b111100010110 E
b111100010110 R
#7962
b111100010111 E
b111100010111 R
#7963
b111100011000 E
b111100011000 R
#7964
b111100011001 E
b111100011001 R
#7965
b111100011010 E
b111100011010 R
#7966
b111100011011 E
b111100011011 R
#7967
b111100011100 E
b111100011100 R
#7968
b111100011101 E
b111100011101 R
#7969
b111100011110 E
b111100011110 R
#7970
b111100011111 E
b111100011111 R
#7971
b111100100000 E
b111100100000 R
#7972
b111100100001 E
b111100100001 R
#7973
b111100100010 E
b111100100010 R
#7974
b111100100011 E
b111100100011 R
#7975
b111100100100 E
b111100100100 R
#7976
b111100100101 E
b111100100101 R
#7977
b111100100110 E
b111100100110 R
#7978
b111100100111 E
b111100100111 R
#7979
b111100101000 E
b111100101000 R
#7980
b111100101001 E
b111100101001 R
#7981
b111100101010 E
b111100101010 R
#7982
b111100101011 E
b111100101011 R
#7983
b111100101100 E
b111100101100 R
#7984
b111100101101 E
b111100101101 R
#7985
b111100101110 E
b111100101110 R
#7986
b111100101111 E
b111100101111 R
#7987
b111100110000 E
b111100110000 R
#7988
b111100110001 E
b111100110001 R
#7989
b111100110010 E
b111100110010 R
#7990
b111100110011 E
b111100110011 R
#7991
b111100110100 E
b111100110100 R
#7992
b111100110101 E
b111100110101 R
#7993
b111100110110 E
b111100110110 R
#7994
b111100110111 E
b111100110111 R
#7995
b111100111000 E
b111100111000 R
#7996
b111100111001 E
b111100111001 R
#7997
b111100111010 E
b111100111010 R
#7998
b111100111011 E
b111100111011 R
#7999
b111100111100 E
b111100111100 R
#8000
b111100111101 E
b111100111101 R
#8001
b111100111110 E
b111100111110 R
#8002
b111100111111 E
b111100111111 R
#8003
b111101000000 E
b111101000000 R
#8004
b111101000001 E
b111101000001 R
#8005
b111101000010 E
b111101000010 R
#8006
b111101000011 E
b111101000011 R
#8007
b111101000100 E
b111101000100 R
#8008
b111101000101 E
b111101000101 R
#8009
b111101000110 E
b111101000110 R
#8010
b111101000111 E
b111101000111 R
#8011
b111101001000 E
b111101001000 R
#8012
b111101001001 E
b111101001001 R
#8013
b111101001010 E
b111101001010 R
#8014
b111101001011 E
b111101001011 R
#8015
b111101001100 E
b111101001100 R
#8016
b111101001101 E
b111101001101 R
#8017
b111101001110 E
b111101001110 R
#8018
b111101001111 E
b111101001111 R
#8019
b111101010000 E
b111101010000 R
#8020
b111101010001 E
b111101010001 R
#8021
b111101010010 E
b111101010010 R
#8022
b111101010011 E
b111101010011 R
#8023
b111101010100 E
b111101010100 R
#8024
b111101010101 E
b111101010101 R
#8025
b111101010110 E
b111101010110 R
#8026
b111101010111 E
b111101010111 R
#8027
b111101011000 E
b111101011000 R
#8028
b111101011001 E
b111101011001 R
#8029
b111101011010 E
b111101011010 R
#8030
b111101011011 E
b111101011011 R
#8031
b111101011100 E
b111101011100 R
#8032
b111101011101 E
b111101011101 R
#8033
b111101011110 E
b111101011110 R
#8034
b111101011111 E
b111101011111 R
#8035
b111101100000 E
b111101100000 R
#8036
b111101100001 E
b111101100001 R
#8037
b111101100010 E
b111101100010 R
#8038
b111101100011 E
b111101100011 R
#8039
b111101100100 E
b111101100100 R
#8040
b111101100101 E
b111101100101 R
#8041
b111101100110 E
b111101100110 R
#8042
b111101100111 E
b111101100111 R
#8043
b111101101000 E
b111101101000 R
#8044
b111101101001 E
b111101101001 R
#8045
b111101101010 E
b111101101010 R
#8046
b111101101011 E
b111101101011 R
#8047
b111101101100 E
b111101101100 R
#8048
b111101101101 E
b111101101101 R
#8049
b111101101110 E
b111101101110 R
#8050
b111101101111 E
b111101101111 R
#8051
b111101110000 E
b111101110000 R
#8052
b111101110001 E
b111101110001 R
#8053
b111101110010 E
b111101110010 R
#8054
b111101110011 E
b111101110011 R
#8055
b111101110100 E
b111101110100 R
#8056
b111101110101 E
b111101110101 R
#8057
b111101110110 E
b111101110110 R
#8058
b111101110111 E
b111101110111 R
#8059
b111101111000 E
b111101111000 R
#8060
b111101111001 E
b111101111001 R
#8061
b111101111010 E
b111101111010 R
#8062
b111101111011 E
b111101111011 R
#8063
b111101111100 E
b111101111100 R
#8064
b111101111101 E
b111101111101 R
#8065
b111101111110 E
b111101111110 R
#8066
b111101111111 E
b111101111111 R
#8067
b111110000000 E
b111110000000 R
#8068
b111110000001 E
b111110000001 R
#8069
b111110000010 E
b111110000010 R
#8070
b111110000011 E
b111110000011 R
#8071
b111110000100 E
b111110000100 R
#8072
b111110000101 E
b111110000101 R
#8073
b111110000110 E
b111110000110 R
#8074
b111110000111 E
b111110000111 R
#8075
b111110001000 E
b111110001000 R
#8076
b111110001001 E
b111110001001 R
#8077
b111110001010 E
b111110001010 R
#8078
b111110001011 E
b111110001011 R
#8079
b111110001100 E
b111110001100 R
#8080
b111110001101 E
b111110001101 R
#8081
b111110001110 E
b111110001110 R
#8082
b111110001111 E
b111110001111 R
#8083
b111110010000 E
b111110010000 R
#8084
b111110010001 E
b111110010001 R
#8085
b111110010010 E
b111110010010 R
#8086
b111110010011 E
b111110010011 R
#8087
b111110010100 E
b111110010100 R
#8088
b111110010101 E
b111110010101 R
#8089
b111110010110 E
b111110010110 R
#8090
b111110010111 E
b111110010111 R
#8091
b111110011000 E
b111110011000 R
#8092
b111110011001 E
b111110011001 R
#8093
b111110011010 E
b111110011010 R
#8094
b111110011011 E
b111110011011 R
#8095
b111110011100 E
b111110011100 R
#8096
b111110011101 E
b111110011101 R
#8097
b111110011110 E
b111110011110 R
#8098
b111110011111 E
b111110011111 R
#8099
b111110100000 E
b111110100000 R
#8100
b111110100001 E
b111110100001 R
#8101
b111110100010 E
b111110100010 R
#8102
b111110100011 E
b111110100011 R
#8103
b111110100100 E
b111110100100 R
#8104
b111110100101 E
b111110100101 R
#8105
b111110100110 E
b111110100110 R
#8106
b111110100111 E
b111110100111 R
#8107
b111110101000 E
b111110101000 R
#8108
b111110101001 E
b111110101001 R
#8109
b111110101010 E
b111110101010 R
#8110
b111110101011 E
b111110101011 R
#8111
b111110101100 E
b111110101100 R
#8112
b111110101101 E
b111110101101 R
#8113
b111110101110 E
b111110101110 R
#8114
b111110101111 E
b111110101111 R
#8115
b111110110000 E
b111110110000 R
#8116
b111110110001 E
b111110110001 R
#8117
b111110110010 E
b111110110010 R
#8118
b111110110011 E
b111110110011 R
#8119
b111110110100 E
b111110110100 R
#8120
b111110110101 E
b111110110101 R
#8121
b111110110110 E
b111110110110 R
#8122
b111110110111 E
b111110110111 R
#8123
b111110111000 E
b111110111000 R
#8124
b111110111001 E
b111110111001 R
#8125
b111110111010 E
b111110111010 R
#8126
b111110111011 E
b111110111011 R
#8127
b111110111100 E
b111110111100 R
#8128
b111110111101 E
b111110111101 R
#8129
b111110111110 E
b111110111110 R
#8130
b111110111111 E
b111110111111 R
#8131
b111111000000 E
b111111000000 R
#8132
b111111000001 E
b111111000001 R
#8133
b111111000010 E
b111111000010 R
#8134
b111111000011 E
b111111000011 R
#8135
b111111000100 E
b111111000100 R
#8136
b111111000101 E
b111111000101 R
#8137
b111111000110 E
b111111000110 R
#8138
b111111000111 E
b111111000111 R
#8139
b111111001000 E
b111111001000 R
#8140
b111111001001 E
b111111001001 R
#8141
b111111001010 E
b111111001010 R
#8142
b111111001011 E
b111111001011 R
#8143
b111111001100 E
b111111001100 R
#8144
b111111001101 E
b111111001101 R
#8145
b111111001110 E
b111111001110 R
#8146
b111111001111 E
b111111001111 R
#8147
b111111010000 E
b111111010000 R
#8148
b111111010001 E
b111111010001 R
#8149
b111111010010 E
b111111010010 R
#8150
b111111010011 E
b111111010011 R
#8151
b111111010100 E
b111111010100 R
#8152
b111111010101 E
b111111010101 R
#8153
b111111010110 E
b111111010110 R
#8154
b111111010111 E
b111111010111 R
#8155
b111111011000 E
b111111011000 R
#8156
b111111011001 E
b111111011001 R
#8157
b111111011010 E
b111111011010 R
#8158
b111111011011 E
b111111011011 R
#8159
b111111011100 E
b111111011100 R
#8160
b111111011101 E
b111111011101 R
#8161
b111111011110 E
b111111011110 R
#8162
b111111011111 E
b111111011111 R
#8163
b111111100000 E
b111111100000 R
#8164
b111111100001 E
b111111100001 R
#8165
b111111100010 E
b111111100010 R
#8166
b111111100011 E
b111111100011 R
#8167
b111111100100 E
b111111100100 R
#8168
b111111100101 E
b111111100101 R
#8169
b111111100110 E
b111111100110 R
#8170
b111111100111 E
b111111100111 R
#8171
b111111101000 E
b111111101000 R
#8172
b111111101001 E
b111111101001 R
#8173
b111111101010 E
b111111101010 R
#8174
b111111101011 E
b111111101011 R
#8175
b111111101100 E
b111111101100 R
#8176
b111111101101 E
b111111101101 R
#8177
b111111101110 E
b111111101110 R
#8178
b111111101111 E
b111111101111 R
#8179
b111111110000 E
b111111110000 R
#8180
b111111110001 E
b111111110001 R
#8181
b111111110010 E
b111111110010 R
#8182
b111111110011 E
b111111110011 R
#8183
b111111110100 E
b111111110100 R
#8184
b111111110101 E
b111111110101 R
#8185
b111111110110 E
b111111110110 R
#8186
b111111110111 E
b111111110111 R
#8187
b111111111000 E
b111111111000 R
#8188
b111111111001 E
b111111111001 R
#8189
b111111111010 E
b111111111010 R
#8190
b111111111011 E
b111111111011 R
#8191
b111111111100 E
b111111111100 R
