Copyright 1986-2019 Xilinx, Inc. All Rights Reserved.
-----------------------------------------------------------------------------------------------------------------------------------------------------------------------------------------------------------------
| Tool Version : Vivado v.2019.1 (win64) Build 2552052 Fri May 24 14:49:42 MDT 2019
| Date         : Wed Sep  4 17:37:04 2019
| Host         : vova-PC running 64-bit Service Pack 1  (build 7601)
| Command      : report_timing_summary -max_paths 10 -file red_pitaya_top_timing_summary_routed.rpt -pb red_pitaya_top_timing_summary_routed.pb -rpx red_pitaya_top_timing_summary_routed.rpx -warn_on_violation
| Design       : red_pitaya_top
| Device       : 7z010-clg400
| Speed File   : -1  PRODUCTION 1.11 2014-09-11
-----------------------------------------------------------------------------------------------------------------------------------------------------------------------------------------------------------------

Timing Summary Report

------------------------------------------------------------------------------------------------
| Timer Settings
| --------------
------------------------------------------------------------------------------------------------

  Enable Multi Corner Analysis               :  Yes
  Enable Pessimism Removal                   :  Yes
  Pessimism Removal Resolution               :  Nearest Common Node
  Enable Input Delay Default Clock           :  No
  Enable Preset / Clear Arcs                 :  No
  Disable Flight Delays                      :  No
  Ignore I/O Paths                           :  No
  Timing Early Launch at Borrowing Latches   :  No
  Borrow Time for Max Delay Exceptions       :  Yes

  Corner  Analyze    Analyze    
  Name    Max Paths  Min Paths  
  ------  ---------  ---------  
  Slow    Yes        Yes        
  Fast    Yes        Yes        



check_timing report

Table of Contents
-----------------
1. checking no_clock
2. checking constant_clock
3. checking pulse_width_clock
4. checking unconstrained_internal_endpoints
5. checking no_input_delay
6. checking no_output_delay
7. checking multiple_clock
8. checking generated_clocks
9. checking loops
10. checking partial_input_delay
11. checking partial_output_delay
12. checking latch_loops

1. checking no_clock
--------------------
 There is 1 register/latch pin with no clock driven by root clock pin: i_hk/dna_clk_reg/Q (HIGH)


2. checking constant_clock
--------------------------
 There are 0 register/latch pins with constant_clock.


3. checking pulse_width_clock
-----------------------------
 There are 0 register/latch pins which need pulse_width check


4. checking unconstrained_internal_endpoints
--------------------------------------------
 There are 2 pins that are not constrained for maximum delay. (HIGH)

 There are 0 pins that are not constrained for maximum delay due to constant clock.


5. checking no_input_delay
--------------------------
 There are 16 input ports with no input delay specified. (HIGH)

 There are 0 input ports with no input delay but user has a false path constraint.


6. checking no_output_delay
---------------------------
 There are 44 ports with no output delay specified. (HIGH)

 There are 0 ports with no output delay but user has a false path constraint

 There are 0 ports with no output delay but with a timing clock defined on it or propagating through it


7. checking multiple_clock
--------------------------
 There are 0 register/latch pins with multiple clocks.


8. checking generated_clocks
----------------------------
 There are 0 generated clocks that are not connected to a clock source.


9. checking loops
-----------------
 There are 0 combinational loops in the design.


10. checking partial_input_delay
--------------------------------
 There are 0 input ports with partial input delay specified.


11. checking partial_output_delay
---------------------------------
 There are 0 ports with partial output delay specified.


12. checking latch_loops
------------------------
 There are 0 combinational latch loops in the design through latch input



------------------------------------------------------------------------------------------------
| Design Timing Summary
| ---------------------
------------------------------------------------------------------------------------------------

    WNS(ns)      TNS(ns)  TNS Failing Endpoints  TNS Total Endpoints      WHS(ns)      THS(ns)  THS Failing Endpoints  THS Total Endpoints     WPWS(ns)     TPWS(ns)  TPWS Failing Endpoints  TPWS Total Endpoints  
    -------      -------  ---------------------  -------------------      -------      -------  ---------------------  -------------------     --------     --------  ----------------------  --------------------  
     -0.219       -0.436                      3                14689       -2.162      -58.825                     28                14689        1.000        0.000                       0                  4946  


Timing constraints are not met.


------------------------------------------------------------------------------------------------
| Clock Summary
| -------------
------------------------------------------------------------------------------------------------

Clock             Waveform(ns)         Period(ns)      Frequency(MHz)
-----             ------------         ----------      --------------
adc_clk           {0.000 4.000}        8.000           125.000         
  clk_fb          {0.000 4.000}        8.000           125.000         
  pll_adc_clk     {0.000 4.000}        8.000           125.000         
  pll_dac_clk_1x  {0.000 4.000}        8.000           125.000         
  pll_dac_clk_2p  {-0.500 1.500}       4.000           250.000         
  pll_dac_clk_2x  {0.000 2.000}        4.000           250.000         
  pll_pwm_clk     {0.000 2.000}        4.000           250.000         
clk_fpga_0        {0.000 4.000}        8.000           125.000         
clk_fpga_1        {0.000 2.000}        4.000           250.000         
clk_fpga_2        {0.000 10.000}       20.000          50.000          
clk_fpga_3        {0.000 2.500}        5.000           200.000         
rx_clk            {0.000 2.000}        4.000           250.000         


------------------------------------------------------------------------------------------------
| Intra Clock Table
| -----------------
------------------------------------------------------------------------------------------------

Clock                 WNS(ns)      TNS(ns)  TNS Failing Endpoints  TNS Total Endpoints      WHS(ns)      THS(ns)  THS Failing Endpoints  THS Total Endpoints     WPWS(ns)     TPWS(ns)  TPWS Failing Endpoints  TPWS Total Endpoints  
-----                 -------      -------  ---------------------  -------------------      -------      -------  ---------------------  -------------------     --------     --------  ----------------------  --------------------  
adc_clk                                                                                                                                                             2.000        0.000                       0                     1  
  clk_fb                                                                                                                                                            6.751        0.000                       0                     2  
  pll_adc_clk           0.355        0.000                      0                12617        0.052        0.000                      0                12617        2.750        0.000                       0                  3941  
  pll_dac_clk_1x        0.501        0.000                      0                   80        0.203        0.000                      0                   80        3.500        0.000                       0                    65  
  pll_dac_clk_2p                                                                                                                                                    1.845        0.000                       0                     3  
  pll_dac_clk_2x                                                                                                                                                    1.845        0.000                       0                     3  
  pll_pwm_clk          -0.219       -0.436                      3                  306        0.168        0.000                      0                  306        1.500        0.000                       0                   162  
clk_fpga_3              0.312        0.000                      0                 1589        0.095        0.000                      0                 1589        1.000        0.000                       0                   769  


------------------------------------------------------------------------------------------------
| Inter Clock Table
| -----------------
------------------------------------------------------------------------------------------------

From Clock      To Clock            WNS(ns)      TNS(ns)  TNS Failing Endpoints  TNS Total Endpoints      WHS(ns)      THS(ns)  THS Failing Endpoints  THS Total Endpoints  
----------      --------            -------      -------  ---------------------  -------------------      -------      -------  ---------------------  -------------------  
adc_clk         pll_adc_clk           5.939        0.000                      0                   28       -2.162      -58.825                     28                   28  
pll_adc_clk     pll_dac_clk_1x        3.689        0.000                      0                   46        0.071        0.000                      0                   46  
pll_adc_clk     pll_pwm_clk           0.698        0.000                      0                   72        0.085        0.000                      0                   72  


------------------------------------------------------------------------------------------------
| Other Path Groups Table
| -----------------------
------------------------------------------------------------------------------------------------

Path Group    From Clock    To Clock          WNS(ns)      TNS(ns)  TNS Failing Endpoints  TNS Total Endpoints      WHS(ns)      THS(ns)  THS Failing Endpoints  THS Total Endpoints  
----------    ----------    --------          -------      -------  ---------------------  -------------------      -------      -------  ---------------------  -------------------  


------------------------------------------------------------------------------------------------
| Timing Details
| --------------
------------------------------------------------------------------------------------------------


---------------------------------------------------------------------------------------------------
From Clock:  adc_clk
  To Clock:  adc_clk

Setup :           NA  Failing Endpoints,  Worst Slack           NA  ,  Total Violation           NA
Hold  :           NA  Failing Endpoints,  Worst Slack           NA  ,  Total Violation           NA
PW    :            0  Failing Endpoints,  Worst Slack        2.000ns,  Total Violation        0.000ns
---------------------------------------------------------------------------------------------------


Pulse Width Checks
--------------------------------------------------------------------------------------
Clock Name:         adc_clk
Waveform(ns):       { 0.000 4.000 }
Period(ns):         8.000
Sources:            { adc_clk_i[1] }

Check Type        Corner  Lib Pin           Reference Pin  Required(ns)  Actual(ns)  Slack(ns)  Location        Pin
Min Period        n/a     PLLE2_ADV/CLKIN1  n/a            1.249         8.000       6.751      PLLE2_ADV_X0Y0  pll/pll/CLKIN1
Max Period        n/a     PLLE2_ADV/CLKIN1  n/a            52.633        8.000       44.633     PLLE2_ADV_X0Y0  pll/pll/CLKIN1
Low Pulse Width   Fast    PLLE2_ADV/CLKIN1  n/a            2.000         4.000       2.000      PLLE2_ADV_X0Y0  pll/pll/CLKIN1
Low Pulse Width   Slow    PLLE2_ADV/CLKIN1  n/a            2.000         4.000       2.000      PLLE2_ADV_X0Y0  pll/pll/CLKIN1
High Pulse Width  Slow    PLLE2_ADV/CLKIN1  n/a            2.000         4.000       2.000      PLLE2_ADV_X0Y0  pll/pll/CLKIN1
High Pulse Width  Fast    PLLE2_ADV/CLKIN1  n/a            2.000         4.000       2.000      PLLE2_ADV_X0Y0  pll/pll/CLKIN1



---------------------------------------------------------------------------------------------------
From Clock:  clk_fb
  To Clock:  clk_fb

Setup :           NA  Failing Endpoints,  Worst Slack           NA  ,  Total Violation           NA
Hold  :           NA  Failing Endpoints,  Worst Slack           NA  ,  Total Violation           NA
PW    :            0  Failing Endpoints,  Worst Slack        6.751ns,  Total Violation        0.000ns
---------------------------------------------------------------------------------------------------


Pulse Width Checks
--------------------------------------------------------------------------------------
Clock Name:         clk_fb
Waveform(ns):       { 0.000 4.000 }
Period(ns):         8.000
Sources:            { pll/pll/CLKFBOUT }

Check Type  Corner  Lib Pin             Reference Pin  Required(ns)  Actual(ns)  Slack(ns)  Location        Pin
Min Period  n/a     PLLE2_ADV/CLKFBOUT  n/a            1.249         8.000       6.751      PLLE2_ADV_X0Y0  pll/pll/CLKFBOUT
Min Period  n/a     PLLE2_ADV/CLKFBIN   n/a            1.249         8.000       6.751      PLLE2_ADV_X0Y0  pll/pll/CLKFBIN
Max Period  n/a     PLLE2_ADV/CLKFBIN   n/a            52.633        8.000       44.633     PLLE2_ADV_X0Y0  pll/pll/CLKFBIN
Max Period  n/a     PLLE2_ADV/CLKFBOUT  n/a            160.000       8.000       152.000    PLLE2_ADV_X0Y0  pll/pll/CLKFBOUT



---------------------------------------------------------------------------------------------------
From Clock:  pll_adc_clk
  To Clock:  pll_adc_clk

Setup :            0  Failing Endpoints,  Worst Slack        0.355ns,  Total Violation        0.000ns
Hold  :            0  Failing Endpoints,  Worst Slack        0.052ns,  Total Violation        0.000ns
PW    :            0  Failing Endpoints,  Worst Slack        2.750ns,  Total Violation        0.000ns
---------------------------------------------------------------------------------------------------


Max Delay Paths
--------------------------------------------------------------------------------------
Slack (MET) :             0.355ns  (required time - arrival time)
  Source:                 i_scope/i_dfilt1_chb/kk_mult/CLK
                            (rising edge-triggered cell DSP48E1 clocked by pll_adc_clk  {rise@0.000ns fall@4.000ns period=8.000ns})
  Destination:            i_scope/i_dfilt1_chb/r5_reg_reg[5]/D
                            (rising edge-triggered cell FDRE clocked by pll_adc_clk  {rise@0.000ns fall@4.000ns period=8.000ns})
  Path Group:             pll_adc_clk
  Path Type:              Setup (Max at Slow Process Corner)
  Requirement:            8.000ns  (pll_adc_clk rise@8.000ns - pll_adc_clk rise@0.000ns)
  Data Path Delay:        7.401ns  (logic 4.919ns (66.465%)  route 2.482ns (33.535%))
  Logic Levels:           3  (CARRY4=1 LUT2=1 LUT3=1)
  Clock Path Skew:        -0.256ns (DCD - SCD + CPR)
    Destination Clock Delay (DCD):    5.385ns = ( 13.385 - 8.000 ) 
    Source Clock Delay      (SCD):    5.999ns
    Clock Pessimism Removal (CPR):    0.357ns
  Clock Uncertainty:      0.069ns  ((TSJ^2 + DJ^2)^1/2) / 2 + PE
    Total System Jitter     (TSJ):    0.071ns
    Discrete Jitter          (DJ):    0.118ns
    Phase Error              (PE):    0.000ns

    Location             Delay type                Incr(ns)  Path(ns)    Netlist Resource(s)
  -------------------------------------------------------------------    -------------------
                         (clock pll_adc_clk rise edge)
                                                      0.000     0.000 r  
    U18                                               0.000     0.000 r  adc_clk_i[1] (IN)
                         net (fo=0)                   0.000     0.000    adc_clk_i[1]
    U18                  IBUFDS (Prop_ibufds_I_O)     0.983     0.983 r  i_clk/O
                         net (fo=1, routed)           1.306     2.289    pll/adc_clk_in
    PLLE2_ADV_X0Y0       PLLE2_ADV (Prop_plle2_adv_CLKIN1_CLKOUT0)
                                                      0.089     2.378 r  pll/pll/CLKOUT0
                         net (fo=1, routed)           1.754     4.132    pll_adc_clk
    BUFGCTRL_X0Y0        BUFG (Prop_bufg_I_O)         0.101     4.233 r  bufg_adc_clk/O
                         net (fo=3948, routed)        1.766     5.999    i_scope/i_dfilt1_chb/clk_i
    DSP48_X0Y5           DSP48E1                                      r  i_scope/i_dfilt1_chb/kk_mult/CLK
  -------------------------------------------------------------------    -------------------
    DSP48_X0Y5           DSP48E1 (Prop_dsp48e1_CLK_P[36])
                                                      4.009    10.008 r  i_scope/i_dfilt1_chb/kk_mult/P[36]
                         net (fo=3, routed)           1.594    11.601    i_scope/i_dfilt1_chb/kk_mult_n_69
    SLICE_X27Y13         LUT2 (Prop_lut2_I0_O)        0.124    11.725 r  i_scope/i_dfilt1_chb/r5_reg[13]_i_7__0/O
                         net (fo=1, routed)           0.000    11.725    i_scope/i_dfilt1_chb/r5_reg[13]_i_7__0_n_0
    SLICE_X27Y13         CARRY4 (Prop_carry4_S[0]_CO[1])
                                                      0.457    12.182 r  i_scope/i_dfilt1_chb/r5_reg_reg[13]_i_3__0/CO[1]
                         net (fo=14, routed)          0.888    13.070    i_scope/i_dfilt1_chb/r5_reg10_in
    SLICE_X28Y12         LUT3 (Prop_lut3_I0_O)        0.329    13.399 r  i_scope/i_dfilt1_chb/r5_reg[5]_i_1__0/O
                         net (fo=1, routed)           0.000    13.399    i_scope/i_dfilt1_chb/r5_reg[5]_i_1__0_n_0
    SLICE_X28Y12         FDRE                                         r  i_scope/i_dfilt1_chb/r5_reg_reg[5]/D
  -------------------------------------------------------------------    -------------------

                         (clock pll_adc_clk rise edge)
                                                      8.000     8.000 r  
    U18                                               0.000     8.000 r  adc_clk_i[1] (IN)
                         net (fo=0)                   0.000     8.000    adc_clk_i[1]
    U18                  IBUFDS (Prop_ibufds_I_O)     0.940     8.940 r  i_clk/O
                         net (fo=1, routed)           1.181    10.121    pll/adc_clk_in
    PLLE2_ADV_X0Y0       PLLE2_ADV (Prop_plle2_adv_CLKIN1_CLKOUT0)
                                                      0.084    10.205 r  pll/pll/CLKOUT0
                         net (fo=1, routed)           1.594    11.799    pll_adc_clk
    BUFGCTRL_X0Y0        BUFG (Prop_bufg_I_O)         0.091    11.890 r  bufg_adc_clk/O
                         net (fo=3948, routed)        1.495    13.385    i_scope/i_dfilt1_chb/clk_i
    SLICE_X28Y12         FDRE                                         r  i_scope/i_dfilt1_chb/r5_reg_reg[5]/C
                         clock pessimism              0.357    13.743    
                         clock uncertainty           -0.069    13.674    
    SLICE_X28Y12         FDRE (Setup_fdre_C_D)        0.081    13.755    i_scope/i_dfilt1_chb/r5_reg_reg[5]
  -------------------------------------------------------------------
                         required time                         13.755    
                         arrival time                         -13.399    
  -------------------------------------------------------------------
                         slack                                  0.355    

Slack (MET) :             0.364ns  (required time - arrival time)
  Source:                 i_scope/i_dfilt1_chb/kk_mult/CLK
                            (rising edge-triggered cell DSP48E1 clocked by pll_adc_clk  {rise@0.000ns fall@4.000ns period=8.000ns})
  Destination:            i_scope/i_dfilt1_chb/r5_reg_reg[6]/D
                            (rising edge-triggered cell FDRE clocked by pll_adc_clk  {rise@0.000ns fall@4.000ns period=8.000ns})
  Path Group:             pll_adc_clk
  Path Type:              Setup (Max at Slow Process Corner)
  Requirement:            8.000ns  (pll_adc_clk rise@8.000ns - pll_adc_clk rise@0.000ns)
  Data Path Delay:        7.429ns  (logic 4.947ns (66.592%)  route 2.482ns (33.408%))
  Logic Levels:           3  (CARRY4=1 LUT2=1 LUT3=1)
  Clock Path Skew:        -0.256ns (DCD - SCD + CPR)
    Destination Clock Delay (DCD):    5.385ns = ( 13.385 - 8.000 ) 
    Source Clock Delay      (SCD):    5.999ns
    Clock Pessimism Removal (CPR):    0.357ns
  Clock Uncertainty:      0.069ns  ((TSJ^2 + DJ^2)^1/2) / 2 + PE
    Total System Jitter     (TSJ):    0.071ns
    Discrete Jitter          (DJ):    0.118ns
    Phase Error              (PE):    0.000ns

    Location             Delay type                Incr(ns)  Path(ns)    Netlist Resource(s)
  -------------------------------------------------------------------    -------------------
                         (clock pll_adc_clk rise edge)
                                                      0.000     0.000 r  
    U18                                               0.000     0.000 r  adc_clk_i[1] (IN)
                         net (fo=0)                   0.000     0.000    adc_clk_i[1]
    U18                  IBUFDS (Prop_ibufds_I_O)     0.983     0.983 r  i_clk/O
                         net (fo=1, routed)           1.306     2.289    pll/adc_clk_in
    PLLE2_ADV_X0Y0       PLLE2_ADV (Prop_plle2_adv_CLKIN1_CLKOUT0)
                                                      0.089     2.378 r  pll/pll/CLKOUT0
                         net (fo=1, routed)           1.754     4.132    pll_adc_clk
    BUFGCTRL_X0Y0        BUFG (Prop_bufg_I_O)         0.101     4.233 r  bufg_adc_clk/O
                         net (fo=3948, routed)        1.766     5.999    i_scope/i_dfilt1_chb/clk_i
    DSP48_X0Y5           DSP48E1                                      r  i_scope/i_dfilt1_chb/kk_mult/CLK
  -------------------------------------------------------------------    -------------------
    DSP48_X0Y5           DSP48E1 (Prop_dsp48e1_CLK_P[36])
                                                      4.009    10.008 r  i_scope/i_dfilt1_chb/kk_mult/P[36]
                         net (fo=3, routed)           1.594    11.601    i_scope/i_dfilt1_chb/kk_mult_n_69
    SLICE_X27Y13         LUT2 (Prop_lut2_I0_O)        0.124    11.725 r  i_scope/i_dfilt1_chb/r5_reg[13]_i_7__0/O
                         net (fo=1, routed)           0.000    11.725    i_scope/i_dfilt1_chb/r5_reg[13]_i_7__0_n_0
    SLICE_X27Y13         CARRY4 (Prop_carry4_S[0]_CO[1])
                                                      0.457    12.182 r  i_scope/i_dfilt1_chb/r5_reg_reg[13]_i_3__0/CO[1]
                         net (fo=14, routed)          0.888    13.070    i_scope/i_dfilt1_chb/r5_reg10_in
    SLICE_X28Y12         LUT3 (Prop_lut3_I0_O)        0.357    13.427 r  i_scope/i_dfilt1_chb/r5_reg[6]_i_1__0/O
                         net (fo=1, routed)           0.000    13.427    i_scope/i_dfilt1_chb/r5_reg[6]_i_1__0_n_0
    SLICE_X28Y12         FDRE                                         r  i_scope/i_dfilt1_chb/r5_reg_reg[6]/D
  -------------------------------------------------------------------    -------------------

                         (clock pll_adc_clk rise edge)
                                                      8.000     8.000 r  
    U18                                               0.000     8.000 r  adc_clk_i[1] (IN)
                         net (fo=0)                   0.000     8.000    adc_clk_i[1]
    U18                  IBUFDS (Prop_ibufds_I_O)     0.940     8.940 r  i_clk/O
                         net (fo=1, routed)           1.181    10.121    pll/adc_clk_in
    PLLE2_ADV_X0Y0       PLLE2_ADV (Prop_plle2_adv_CLKIN1_CLKOUT0)
                                                      0.084    10.205 r  pll/pll/CLKOUT0
                         net (fo=1, routed)           1.594    11.799    pll_adc_clk
    BUFGCTRL_X0Y0        BUFG (Prop_bufg_I_O)         0.091    11.890 r  bufg_adc_clk/O
                         net (fo=3948, routed)        1.495    13.385    i_scope/i_dfilt1_chb/clk_i
    SLICE_X28Y12         FDRE                                         r  i_scope/i_dfilt1_chb/r5_reg_reg[6]/C
                         clock pessimism              0.357    13.743    
                         clock uncertainty           -0.069    13.674    
    SLICE_X28Y12         FDRE (Setup_fdre_C_D)        0.118    13.792    i_scope/i_dfilt1_chb/r5_reg_reg[6]
  -------------------------------------------------------------------
                         required time                         13.792    
                         arrival time                         -13.427    
  -------------------------------------------------------------------
                         slack                                  0.364    

Slack (MET) :             0.386ns  (required time - arrival time)
  Source:                 i_scope/i_dfilt1_chb/kk_mult/CLK
                            (rising edge-triggered cell DSP48E1 clocked by pll_adc_clk  {rise@0.000ns fall@4.000ns period=8.000ns})
  Destination:            i_scope/i_dfilt1_chb/r5_reg_reg[3]/D
                            (rising edge-triggered cell FDRE clocked by pll_adc_clk  {rise@0.000ns fall@4.000ns period=8.000ns})
  Path Group:             pll_adc_clk
  Path Type:              Setup (Max at Slow Process Corner)
  Requirement:            8.000ns  (pll_adc_clk rise@8.000ns - pll_adc_clk rise@0.000ns)
  Data Path Delay:        7.321ns  (logic 4.919ns (67.188%)  route 2.402ns (32.812%))
  Logic Levels:           3  (CARRY4=1 LUT2=1 LUT3=1)
  Clock Path Skew:        -0.255ns (DCD - SCD + CPR)
    Destination Clock Delay (DCD):    5.386ns = ( 13.386 - 8.000 ) 
    Source Clock Delay      (SCD):    5.999ns
    Clock Pessimism Removal (CPR):    0.357ns
  Clock Uncertainty:      0.069ns  ((TSJ^2 + DJ^2)^1/2) / 2 + PE
    Total System Jitter     (TSJ):    0.071ns
    Discrete Jitter          (DJ):    0.118ns
    Phase Error              (PE):    0.000ns

    Location             Delay type                Incr(ns)  Path(ns)    Netlist Resource(s)
  -------------------------------------------------------------------    -------------------
                         (clock pll_adc_clk rise edge)
                                                      0.000     0.000 r  
    U18                                               0.000     0.000 r  adc_clk_i[1] (IN)
                         net (fo=0)                   0.000     0.000    adc_clk_i[1]
    U18                  IBUFDS (Prop_ibufds_I_O)     0.983     0.983 r  i_clk/O
                         net (fo=1, routed)           1.306     2.289    pll/adc_clk_in
    PLLE2_ADV_X0Y0       PLLE2_ADV (Prop_plle2_adv_CLKIN1_CLKOUT0)
                                                      0.089     2.378 r  pll/pll/CLKOUT0
                         net (fo=1, routed)           1.754     4.132    pll_adc_clk
    BUFGCTRL_X0Y0        BUFG (Prop_bufg_I_O)         0.101     4.233 r  bufg_adc_clk/O
                         net (fo=3948, routed)        1.766     5.999    i_scope/i_dfilt1_chb/clk_i
    DSP48_X0Y5           DSP48E1                                      r  i_scope/i_dfilt1_chb/kk_mult/CLK
  -------------------------------------------------------------------    -------------------
    DSP48_X0Y5           DSP48E1 (Prop_dsp48e1_CLK_P[36])
                                                      4.009    10.008 r  i_scope/i_dfilt1_chb/kk_mult/P[36]
                         net (fo=3, routed)           1.594    11.601    i_scope/i_dfilt1_chb/kk_mult_n_69
    SLICE_X27Y13         LUT2 (Prop_lut2_I0_O)        0.124    11.725 r  i_scope/i_dfilt1_chb/r5_reg[13]_i_7__0/O
                         net (fo=1, routed)           0.000    11.725    i_scope/i_dfilt1_chb/r5_reg[13]_i_7__0_n_0
    SLICE_X27Y13         CARRY4 (Prop_carry4_S[0]_CO[1])
                                                      0.457    12.182 r  i_scope/i_dfilt1_chb/r5_reg_reg[13]_i_3__0/CO[1]
                         net (fo=14, routed)          0.808    12.991    i_scope/i_dfilt1_chb/r5_reg10_in
    SLICE_X26Y11         LUT3 (Prop_lut3_I0_O)        0.329    13.320 r  i_scope/i_dfilt1_chb/r5_reg[3]_i_1__0/O
                         net (fo=1, routed)           0.000    13.320    i_scope/i_dfilt1_chb/r5_reg[3]_i_1__0_n_0
    SLICE_X26Y11         FDRE                                         r  i_scope/i_dfilt1_chb/r5_reg_reg[3]/D
  -------------------------------------------------------------------    -------------------

                         (clock pll_adc_clk rise edge)
                                                      8.000     8.000 r  
    U18                                               0.000     8.000 r  adc_clk_i[1] (IN)
                         net (fo=0)                   0.000     8.000    adc_clk_i[1]
    U18                  IBUFDS (Prop_ibufds_I_O)     0.940     8.940 r  i_clk/O
                         net (fo=1, routed)           1.181    10.121    pll/adc_clk_in
    PLLE2_ADV_X0Y0       PLLE2_ADV (Prop_plle2_adv_CLKIN1_CLKOUT0)
                                                      0.084    10.205 r  pll/pll/CLKOUT0
                         net (fo=1, routed)           1.594    11.799    pll_adc_clk
    BUFGCTRL_X0Y0        BUFG (Prop_bufg_I_O)         0.091    11.890 r  bufg_adc_clk/O
                         net (fo=3948, routed)        1.496    13.386    i_scope/i_dfilt1_chb/clk_i
    SLICE_X26Y11         FDRE                                         r  i_scope/i_dfilt1_chb/r5_reg_reg[3]/C
                         clock pessimism              0.357    13.744    
                         clock uncertainty           -0.069    13.675    
    SLICE_X26Y11         FDRE (Setup_fdre_C_D)        0.031    13.706    i_scope/i_dfilt1_chb/r5_reg_reg[3]
  -------------------------------------------------------------------
                         required time                         13.706    
                         arrival time                         -13.320    
  -------------------------------------------------------------------
                         slack                                  0.386    

Slack (MET) :             0.393ns  (required time - arrival time)
  Source:                 ps/axi_slave_gp0/wr_wdata_reg[4]/C
                            (rising edge-triggered cell FDRE clocked by pll_adc_clk  {rise@0.000ns fall@4.000ns period=8.000ns})
  Destination:            i_scope/set_b_tresh_reg[4]/D
                            (rising edge-triggered cell FDSE clocked by pll_adc_clk  {rise@0.000ns fall@4.000ns period=8.000ns})
  Path Group:             pll_adc_clk
  Path Type:              Setup (Max at Slow Process Corner)
  Requirement:            8.000ns  (pll_adc_clk rise@8.000ns - pll_adc_clk rise@0.000ns)
  Data Path Delay:        7.246ns  (logic 0.518ns (7.149%)  route 6.728ns (92.851%))
  Logic Levels:           0  
  Clock Path Skew:        -0.212ns (DCD - SCD + CPR)
    Destination Clock Delay (DCD):    5.387ns = ( 13.387 - 8.000 ) 
    Source Clock Delay      (SCD):    5.956ns
    Clock Pessimism Removal (CPR):    0.357ns
  Clock Uncertainty:      0.069ns  ((TSJ^2 + DJ^2)^1/2) / 2 + PE
    Total System Jitter     (TSJ):    0.071ns
    Discrete Jitter          (DJ):    0.118ns
    Phase Error              (PE):    0.000ns

    Location             Delay type                Incr(ns)  Path(ns)    Netlist Resource(s)
  -------------------------------------------------------------------    -------------------
                         (clock pll_adc_clk rise edge)
                                                      0.000     0.000 r  
    U18                                               0.000     0.000 r  adc_clk_i[1] (IN)
                         net (fo=0)                   0.000     0.000    adc_clk_i[1]
    U18                  IBUFDS (Prop_ibufds_I_O)     0.983     0.983 r  i_clk/O
                         net (fo=1, routed)           1.306     2.289    pll/adc_clk_in
    PLLE2_ADV_X0Y0       PLLE2_ADV (Prop_plle2_adv_CLKIN1_CLKOUT0)
                                                      0.089     2.378 r  pll/pll/CLKOUT0
                         net (fo=1, routed)           1.754     4.132    pll_adc_clk
    BUFGCTRL_X0Y0        BUFG (Prop_bufg_I_O)         0.101     4.233 r  bufg_adc_clk/O
                         net (fo=3948, routed)        1.723     5.956    ps/axi_slave_gp0/clk_i
    SLICE_X0Y43          FDRE                                         r  ps/axi_slave_gp0/wr_wdata_reg[4]/C
  -------------------------------------------------------------------    -------------------
    SLICE_X0Y43          FDRE (Prop_fdre_C_Q)         0.518     6.474 r  ps/axi_slave_gp0/wr_wdata_reg[4]/Q
                         net (fo=65, routed)          6.728    13.202    i_scope/set_b_axi_stop_reg[31]_0[4]
    SLICE_X29Y10         FDSE                                         r  i_scope/set_b_tresh_reg[4]/D
  -------------------------------------------------------------------    -------------------

                         (clock pll_adc_clk rise edge)
                                                      8.000     8.000 r  
    U18                                               0.000     8.000 r  adc_clk_i[1] (IN)
                         net (fo=0)                   0.000     8.000    adc_clk_i[1]
    U18                  IBUFDS (Prop_ibufds_I_O)     0.940     8.940 r  i_clk/O
                         net (fo=1, routed)           1.181    10.121    pll/adc_clk_in
    PLLE2_ADV_X0Y0       PLLE2_ADV (Prop_plle2_adv_CLKIN1_CLKOUT0)
                                                      0.084    10.205 r  pll/pll/CLKOUT0
                         net (fo=1, routed)           1.594    11.799    pll_adc_clk
    BUFGCTRL_X0Y0        BUFG (Prop_bufg_I_O)         0.091    11.890 r  bufg_adc_clk/O
                         net (fo=3948, routed)        1.497    13.387    i_scope/clk_i
    SLICE_X29Y10         FDSE                                         r  i_scope/set_b_tresh_reg[4]/C
                         clock pessimism              0.357    13.745    
                         clock uncertainty           -0.069    13.676    
    SLICE_X29Y10         FDSE (Setup_fdse_C_D)       -0.081    13.595    i_scope/set_b_tresh_reg[4]
  -------------------------------------------------------------------
                         required time                         13.595    
                         arrival time                         -13.202    
  -------------------------------------------------------------------
                         slack                                  0.393    

Slack (MET) :             0.404ns  (required time - arrival time)
  Source:                 i_scope/i_dfilt1_chb/kk_mult/CLK
                            (rising edge-triggered cell DSP48E1 clocked by pll_adc_clk  {rise@0.000ns fall@4.000ns period=8.000ns})
  Destination:            i_scope/i_dfilt1_chb/r5_reg_reg[8]/D
                            (rising edge-triggered cell FDRE clocked by pll_adc_clk  {rise@0.000ns fall@4.000ns period=8.000ns})
  Path Group:             pll_adc_clk
  Path Type:              Setup (Max at Slow Process Corner)
  Requirement:            8.000ns  (pll_adc_clk rise@8.000ns - pll_adc_clk rise@0.000ns)
  Data Path Delay:        7.347ns  (logic 4.945ns (67.304%)  route 2.402ns (32.696%))
  Logic Levels:           3  (CARRY4=1 LUT2=1 LUT3=1)
  Clock Path Skew:        -0.255ns (DCD - SCD + CPR)
    Destination Clock Delay (DCD):    5.386ns = ( 13.386 - 8.000 ) 
    Source Clock Delay      (SCD):    5.999ns
    Clock Pessimism Removal (CPR):    0.357ns
  Clock Uncertainty:      0.069ns  ((TSJ^2 + DJ^2)^1/2) / 2 + PE
    Total System Jitter     (TSJ):    0.071ns
    Discrete Jitter          (DJ):    0.118ns
    Phase Error              (PE):    0.000ns

    Location             Delay type                Incr(ns)  Path(ns)    Netlist Resource(s)
  -------------------------------------------------------------------    -------------------
                         (clock pll_adc_clk rise edge)
                                                      0.000     0.000 r  
    U18                                               0.000     0.000 r  adc_clk_i[1] (IN)
                         net (fo=0)                   0.000     0.000    adc_clk_i[1]
    U18                  IBUFDS (Prop_ibufds_I_O)     0.983     0.983 r  i_clk/O
                         net (fo=1, routed)           1.306     2.289    pll/adc_clk_in
    PLLE2_ADV_X0Y0       PLLE2_ADV (Prop_plle2_adv_CLKIN1_CLKOUT0)
                                                      0.089     2.378 r  pll/pll/CLKOUT0
                         net (fo=1, routed)           1.754     4.132    pll_adc_clk
    BUFGCTRL_X0Y0        BUFG (Prop_bufg_I_O)         0.101     4.233 r  bufg_adc_clk/O
                         net (fo=3948, routed)        1.766     5.999    i_scope/i_dfilt1_chb/clk_i
    DSP48_X0Y5           DSP48E1                                      r  i_scope/i_dfilt1_chb/kk_mult/CLK
  -------------------------------------------------------------------    -------------------
    DSP48_X0Y5           DSP48E1 (Prop_dsp48e1_CLK_P[36])
                                                      4.009    10.008 r  i_scope/i_dfilt1_chb/kk_mult/P[36]
                         net (fo=3, routed)           1.594    11.601    i_scope/i_dfilt1_chb/kk_mult_n_69
    SLICE_X27Y13         LUT2 (Prop_lut2_I0_O)        0.124    11.725 r  i_scope/i_dfilt1_chb/r5_reg[13]_i_7__0/O
                         net (fo=1, routed)           0.000    11.725    i_scope/i_dfilt1_chb/r5_reg[13]_i_7__0_n_0
    SLICE_X27Y13         CARRY4 (Prop_carry4_S[0]_CO[1])
                                                      0.457    12.182 r  i_scope/i_dfilt1_chb/r5_reg_reg[13]_i_3__0/CO[1]
                         net (fo=14, routed)          0.808    12.991    i_scope/i_dfilt1_chb/r5_reg10_in
    SLICE_X26Y11         LUT3 (Prop_lut3_I0_O)        0.355    13.346 r  i_scope/i_dfilt1_chb/r5_reg[8]_i_1__0/O
                         net (fo=1, routed)           0.000    13.346    i_scope/i_dfilt1_chb/r5_reg[8]_i_1__0_n_0
    SLICE_X26Y11         FDRE                                         r  i_scope/i_dfilt1_chb/r5_reg_reg[8]/D
  -------------------------------------------------------------------    -------------------

                         (clock pll_adc_clk rise edge)
                                                      8.000     8.000 r  
    U18                                               0.000     8.000 r  adc_clk_i[1] (IN)
                         net (fo=0)                   0.000     8.000    adc_clk_i[1]
    U18                  IBUFDS (Prop_ibufds_I_O)     0.940     8.940 r  i_clk/O
                         net (fo=1, routed)           1.181    10.121    pll/adc_clk_in
    PLLE2_ADV_X0Y0       PLLE2_ADV (Prop_plle2_adv_CLKIN1_CLKOUT0)
                                                      0.084    10.205 r  pll/pll/CLKOUT0
                         net (fo=1, routed)           1.594    11.799    pll_adc_clk
    BUFGCTRL_X0Y0        BUFG (Prop_bufg_I_O)         0.091    11.890 r  bufg_adc_clk/O
                         net (fo=3948, routed)        1.496    13.386    i_scope/i_dfilt1_chb/clk_i
    SLICE_X26Y11         FDRE                                         r  i_scope/i_dfilt1_chb/r5_reg_reg[8]/C
                         clock pessimism              0.357    13.744    
                         clock uncertainty           -0.069    13.675    
    SLICE_X26Y11         FDRE (Setup_fdre_C_D)        0.075    13.750    i_scope/i_dfilt1_chb/r5_reg_reg[8]
  -------------------------------------------------------------------
                         required time                         13.750    
                         arrival time                         -13.346    
  -------------------------------------------------------------------
                         slack                                  0.404    

Slack (MET) :             0.419ns  (required time - arrival time)
  Source:                 i_scope/i_dfilt1_chb/pp_mult/CLK
                            (rising edge-triggered cell DSP48E1 clocked by pll_adc_clk  {rise@0.000ns fall@4.000ns period=8.000ns})
  Destination:            i_scope/i_dfilt1_chb/pp_mult/B[16]
                            (rising edge-triggered cell DSP48E1 clocked by pll_adc_clk  {rise@0.000ns fall@4.000ns period=8.000ns})
  Path Group:             pll_adc_clk
  Path Type:              Setup (Max at Slow Process Corner)
  Requirement:            8.000ns  (pll_adc_clk rise@8.000ns - pll_adc_clk rise@0.000ns)
  Data Path Delay:        6.885ns  (logic 5.139ns (74.636%)  route 1.746ns (25.364%))
  Logic Levels:           5  (CARRY4=4 LUT2=1)
  Clock Path Skew:        0.000ns (DCD - SCD + CPR)
    Destination Clock Delay (DCD):    5.484ns = ( 13.484 - 8.000 ) 
    Source Clock Delay      (SCD):    6.001ns
    Clock Pessimism Removal (CPR):    0.517ns
  Clock Uncertainty:      0.069ns  ((TSJ^2 + DJ^2)^1/2) / 2 + PE
    Total System Jitter     (TSJ):    0.071ns
    Discrete Jitter          (DJ):    0.118ns
    Phase Error              (PE):    0.000ns

    Location             Delay type                Incr(ns)  Path(ns)    Netlist Resource(s)
  -------------------------------------------------------------------    -------------------
                         (clock pll_adc_clk rise edge)
                                                      0.000     0.000 r  
    U18                                               0.000     0.000 r  adc_clk_i[1] (IN)
                         net (fo=0)                   0.000     0.000    adc_clk_i[1]
    U18                  IBUFDS (Prop_ibufds_I_O)     0.983     0.983 r  i_clk/O
                         net (fo=1, routed)           1.306     2.289    pll/adc_clk_in
    PLLE2_ADV_X0Y0       PLLE2_ADV (Prop_plle2_adv_CLKIN1_CLKOUT0)
                                                      0.089     2.378 r  pll/pll/CLKOUT0
                         net (fo=1, routed)           1.754     4.132    pll_adc_clk
    BUFGCTRL_X0Y0        BUFG (Prop_bufg_I_O)         0.101     4.233 r  bufg_adc_clk/O
                         net (fo=3948, routed)        1.768     6.001    i_scope/i_dfilt1_chb/clk_i
    DSP48_X0Y4           DSP48E1                                      r  i_scope/i_dfilt1_chb/pp_mult/CLK
  -------------------------------------------------------------------    -------------------
    DSP48_X0Y4           DSP48E1 (Prop_dsp48e1_CLK_P[17])
                                                      4.009    10.010 r  i_scope/i_dfilt1_chb/pp_mult/P[17]
                         net (fo=1, routed)           0.983    10.993    i_scope/i_dfilt1_chb/p_0_in[1]
    SLICE_X10Y9          LUT2 (Prop_lut2_I1_O)        0.124    11.117 r  i_scope/i_dfilt1_chb/pp_mult_i_18/O
                         net (fo=1, routed)           0.000    11.117    i_scope/i_dfilt1_chb/pp_mult_i_18_n_0
    SLICE_X10Y9          CARRY4 (Prop_carry4_S[1]_CO[3])
                                                      0.533    11.650 r  i_scope/i_dfilt1_chb/pp_mult_i_4/CO[3]
                         net (fo=1, routed)           0.000    11.650    i_scope/i_dfilt1_chb/pp_mult_i_4_n_0
    SLICE_X10Y10         CARRY4 (Prop_carry4_CI_CO[3])
                                                      0.117    11.767 r  i_scope/i_dfilt1_chb/pp_mult_i_3/CO[3]
                         net (fo=1, routed)           0.000    11.767    i_scope/i_dfilt1_chb/pp_mult_i_3_n_0
    SLICE_X10Y11         CARRY4 (Prop_carry4_CI_CO[3])
                                                      0.117    11.884 r  i_scope/i_dfilt1_chb/pp_mult_i_2/CO[3]
                         net (fo=1, routed)           0.000    11.884    i_scope/i_dfilt1_chb/pp_mult_i_2_n_0
    SLICE_X10Y12         CARRY4 (Prop_carry4_CI_O[2])
                                                      0.239    12.123 r  i_scope/i_dfilt1_chb/pp_mult_i_1/O[2]
                         net (fo=4, routed)           0.763    12.886    i_scope/i_dfilt1_chb/B[14]
    DSP48_X0Y4           DSP48E1                                      r  i_scope/i_dfilt1_chb/pp_mult/B[16]
  -------------------------------------------------------------------    -------------------

                         (clock pll_adc_clk rise edge)
                                                      8.000     8.000 r  
    U18                                               0.000     8.000 r  adc_clk_i[1] (IN)
                         net (fo=0)                   0.000     8.000    adc_clk_i[1]
    U18                  IBUFDS (Prop_ibufds_I_O)     0.940     8.940 r  i_clk/O
                         net (fo=1, routed)           1.181    10.121    pll/adc_clk_in
    PLLE2_ADV_X0Y0       PLLE2_ADV (Prop_plle2_adv_CLKIN1_CLKOUT0)
                                                      0.084    10.205 r  pll/pll/CLKOUT0
                         net (fo=1, routed)           1.594    11.799    pll_adc_clk
    BUFGCTRL_X0Y0        BUFG (Prop_bufg_I_O)         0.091    11.890 r  bufg_adc_clk/O
                         net (fo=3948, routed)        1.594    13.484    i_scope/i_dfilt1_chb/clk_i
    DSP48_X0Y4           DSP48E1                                      r  i_scope/i_dfilt1_chb/pp_mult/CLK
                         clock pessimism              0.517    14.001    
                         clock uncertainty           -0.069    13.932    
    DSP48_X0Y4           DSP48E1 (Setup_dsp48e1_CLK_B[16])
                                                     -0.627    13.305    i_scope/i_dfilt1_chb/pp_mult
  -------------------------------------------------------------------
                         required time                         13.305    
                         arrival time                         -12.886    
  -------------------------------------------------------------------
                         slack                                  0.419    

Slack (MET) :             0.428ns  (required time - arrival time)
  Source:                 ps/axi_slave_gp0/wr_wdata_reg[4]/C
                            (rising edge-triggered cell FDRE clocked by pll_adc_clk  {rise@0.000ns fall@4.000ns period=8.000ns})
  Destination:            i_scope/set_b_filt_bb_reg[4]/D
                            (rising edge-triggered cell FDRE clocked by pll_adc_clk  {rise@0.000ns fall@4.000ns period=8.000ns})
  Path Group:             pll_adc_clk
  Path Type:              Setup (Max at Slow Process Corner)
  Requirement:            8.000ns  (pll_adc_clk rise@8.000ns - pll_adc_clk rise@0.000ns)
  Data Path Delay:        7.261ns  (logic 0.518ns (7.134%)  route 6.743ns (92.866%))
  Logic Levels:           0  
  Clock Path Skew:        -0.211ns (DCD - SCD + CPR)
    Destination Clock Delay (DCD):    5.388ns = ( 13.388 - 8.000 ) 
    Source Clock Delay      (SCD):    5.956ns
    Clock Pessimism Removal (CPR):    0.357ns
  Clock Uncertainty:      0.069ns  ((TSJ^2 + DJ^2)^1/2) / 2 + PE
    Total System Jitter     (TSJ):    0.071ns
    Discrete Jitter          (DJ):    0.118ns
    Phase Error              (PE):    0.000ns

    Location             Delay type                Incr(ns)  Path(ns)    Netlist Resource(s)
  -------------------------------------------------------------------    -------------------
                         (clock pll_adc_clk rise edge)
                                                      0.000     0.000 r  
    U18                                               0.000     0.000 r  adc_clk_i[1] (IN)
                         net (fo=0)                   0.000     0.000    adc_clk_i[1]
    U18                  IBUFDS (Prop_ibufds_I_O)     0.983     0.983 r  i_clk/O
                         net (fo=1, routed)           1.306     2.289    pll/adc_clk_in
    PLLE2_ADV_X0Y0       PLLE2_ADV (Prop_plle2_adv_CLKIN1_CLKOUT0)
                                                      0.089     2.378 r  pll/pll/CLKOUT0
                         net (fo=1, routed)           1.754     4.132    pll_adc_clk
    BUFGCTRL_X0Y0        BUFG (Prop_bufg_I_O)         0.101     4.233 r  bufg_adc_clk/O
                         net (fo=3948, routed)        1.723     5.956    ps/axi_slave_gp0/clk_i
    SLICE_X0Y43          FDRE                                         r  ps/axi_slave_gp0/wr_wdata_reg[4]/C
  -------------------------------------------------------------------    -------------------
    SLICE_X0Y43          FDRE (Prop_fdre_C_Q)         0.518     6.474 r  ps/axi_slave_gp0/wr_wdata_reg[4]/Q
                         net (fo=65, routed)          6.743    13.217    i_scope/set_b_axi_stop_reg[31]_0[4]
    SLICE_X32Y9          FDRE                                         r  i_scope/set_b_filt_bb_reg[4]/D
  -------------------------------------------------------------------    -------------------

                         (clock pll_adc_clk rise edge)
                                                      8.000     8.000 r  
    U18                                               0.000     8.000 r  adc_clk_i[1] (IN)
                         net (fo=0)                   0.000     8.000    adc_clk_i[1]
    U18                  IBUFDS (Prop_ibufds_I_O)     0.940     8.940 r  i_clk/O
                         net (fo=1, routed)           1.181    10.121    pll/adc_clk_in
    PLLE2_ADV_X0Y0       PLLE2_ADV (Prop_plle2_adv_CLKIN1_CLKOUT0)
                                                      0.084    10.205 r  pll/pll/CLKOUT0
                         net (fo=1, routed)           1.594    11.799    pll_adc_clk
    BUFGCTRL_X0Y0        BUFG (Prop_bufg_I_O)         0.091    11.890 r  bufg_adc_clk/O
                         net (fo=3948, routed)        1.498    13.388    i_scope/clk_i
    SLICE_X32Y9          FDRE                                         r  i_scope/set_b_filt_bb_reg[4]/C
                         clock pessimism              0.357    13.746    
                         clock uncertainty           -0.069    13.677    
    SLICE_X32Y9          FDRE (Setup_fdre_C_D)       -0.031    13.646    i_scope/set_b_filt_bb_reg[4]
  -------------------------------------------------------------------
                         required time                         13.646    
                         arrival time                         -13.217    
  -------------------------------------------------------------------
                         slack                                  0.428    

Slack (MET) :             0.468ns  (required time - arrival time)
  Source:                 ps/axi_slave_gp0/wr_wdata_reg[4]/C
                            (rising edge-triggered cell FDRE clocked by pll_adc_clk  {rise@0.000ns fall@4.000ns period=8.000ns})
  Destination:            i_scope/set_b_filt_pp_reg[4]/D
                            (rising edge-triggered cell FDRE clocked by pll_adc_clk  {rise@0.000ns fall@4.000ns period=8.000ns})
  Path Group:             pll_adc_clk
  Path Type:              Setup (Max at Slow Process Corner)
  Requirement:            8.000ns  (pll_adc_clk rise@8.000ns - pll_adc_clk rise@0.000ns)
  Data Path Delay:        7.187ns  (logic 0.518ns (7.208%)  route 6.669ns (92.792%))
  Logic Levels:           0  
  Clock Path Skew:        -0.216ns (DCD - SCD + CPR)
    Destination Clock Delay (DCD):    5.383ns = ( 13.383 - 8.000 ) 
    Source Clock Delay      (SCD):    5.956ns
    Clock Pessimism Removal (CPR):    0.357ns
  Clock Uncertainty:      0.069ns  ((TSJ^2 + DJ^2)^1/2) / 2 + PE
    Total System Jitter     (TSJ):    0.071ns
    Discrete Jitter          (DJ):    0.118ns
    Phase Error              (PE):    0.000ns

    Location             Delay type                Incr(ns)  Path(ns)    Netlist Resource(s)
  -------------------------------------------------------------------    -------------------
                         (clock pll_adc_clk rise edge)
                                                      0.000     0.000 r  
    U18                                               0.000     0.000 r  adc_clk_i[1] (IN)
                         net (fo=0)                   0.000     0.000    adc_clk_i[1]
    U18                  IBUFDS (Prop_ibufds_I_O)     0.983     0.983 r  i_clk/O
                         net (fo=1, routed)           1.306     2.289    pll/adc_clk_in
    PLLE2_ADV_X0Y0       PLLE2_ADV (Prop_plle2_adv_CLKIN1_CLKOUT0)
                                                      0.089     2.378 r  pll/pll/CLKOUT0
                         net (fo=1, routed)           1.754     4.132    pll_adc_clk
    BUFGCTRL_X0Y0        BUFG (Prop_bufg_I_O)         0.101     4.233 r  bufg_adc_clk/O
                         net (fo=3948, routed)        1.723     5.956    ps/axi_slave_gp0/clk_i
    SLICE_X0Y43          FDRE                                         r  ps/axi_slave_gp0/wr_wdata_reg[4]/C
  -------------------------------------------------------------------    -------------------
    SLICE_X0Y43          FDRE (Prop_fdre_C_Q)         0.518     6.474 r  ps/axi_slave_gp0/wr_wdata_reg[4]/Q
                         net (fo=65, routed)          6.669    13.143    i_scope/set_b_axi_stop_reg[31]_0[4]
    SLICE_X22Y9          FDRE                                         r  i_scope/set_b_filt_pp_reg[4]/D
  -------------------------------------------------------------------    -------------------

                         (clock pll_adc_clk rise edge)
                                                      8.000     8.000 r  
    U18                                               0.000     8.000 r  adc_clk_i[1] (IN)
                         net (fo=0)                   0.000     8.000    adc_clk_i[1]
    U18                  IBUFDS (Prop_ibufds_I_O)     0.940     8.940 r  i_clk/O
                         net (fo=1, routed)           1.181    10.121    pll/adc_clk_in
    PLLE2_ADV_X0Y0       PLLE2_ADV (Prop_plle2_adv_CLKIN1_CLKOUT0)
                                                      0.084    10.205 r  pll/pll/CLKOUT0
                         net (fo=1, routed)           1.594    11.799    pll_adc_clk
    BUFGCTRL_X0Y0        BUFG (Prop_bufg_I_O)         0.091    11.890 r  bufg_adc_clk/O
                         net (fo=3948, routed)        1.493    13.383    i_scope/clk_i
    SLICE_X22Y9          FDRE                                         r  i_scope/set_b_filt_pp_reg[4]/C
                         clock pessimism              0.357    13.741    
                         clock uncertainty           -0.069    13.672    
    SLICE_X22Y9          FDRE (Setup_fdre_C_D)       -0.061    13.611    i_scope/set_b_filt_pp_reg[4]
  -------------------------------------------------------------------
                         required time                         13.611    
                         arrival time                         -13.143    
  -------------------------------------------------------------------
                         slack                                  0.468    

Slack (MET) :             0.479ns  (required time - arrival time)
  Source:                 ps/axi_slave_gp0/wr_wdata_reg[4]/C
                            (rising edge-triggered cell FDRE clocked by pll_adc_clk  {rise@0.000ns fall@4.000ns period=8.000ns})
  Destination:            e_def/ch[1]/dac_buf_reg_2/DIADI[0]
                            (rising edge-triggered cell RAMB36E1 clocked by pll_adc_clk  {rise@0.000ns fall@4.000ns period=8.000ns})
  Path Group:             pll_adc_clk
  Path Type:              Setup (Max at Slow Process Corner)
  Requirement:            8.000ns  (pll_adc_clk rise@8.000ns - pll_adc_clk rise@0.000ns)
  Data Path Delay:        7.015ns  (logic 0.518ns (7.384%)  route 6.497ns (92.616%))
  Logic Levels:           0  
  Clock Path Skew:        -0.196ns (DCD - SCD + CPR)
    Destination Clock Delay (DCD):    5.417ns = ( 13.417 - 8.000 ) 
    Source Clock Delay      (SCD):    5.956ns
    Clock Pessimism Removal (CPR):    0.343ns
  Clock Uncertainty:      0.069ns  ((TSJ^2 + DJ^2)^1/2) / 2 + PE
    Total System Jitter     (TSJ):    0.071ns
    Discrete Jitter          (DJ):    0.118ns
    Phase Error              (PE):    0.000ns

    Location             Delay type                Incr(ns)  Path(ns)    Netlist Resource(s)
  -------------------------------------------------------------------    -------------------
                         (clock pll_adc_clk rise edge)
                                                      0.000     0.000 r  
    U18                                               0.000     0.000 r  adc_clk_i[1] (IN)
                         net (fo=0)                   0.000     0.000    adc_clk_i[1]
    U18                  IBUFDS (Prop_ibufds_I_O)     0.983     0.983 r  i_clk/O
                         net (fo=1, routed)           1.306     2.289    pll/adc_clk_in
    PLLE2_ADV_X0Y0       PLLE2_ADV (Prop_plle2_adv_CLKIN1_CLKOUT0)
                                                      0.089     2.378 r  pll/pll/CLKOUT0
                         net (fo=1, routed)           1.754     4.132    pll_adc_clk
    BUFGCTRL_X0Y0        BUFG (Prop_bufg_I_O)         0.101     4.233 r  bufg_adc_clk/O
                         net (fo=3948, routed)        1.723     5.956    ps/axi_slave_gp0/clk_i
    SLICE_X0Y43          FDRE                                         r  ps/axi_slave_gp0/wr_wdata_reg[4]/C
  -------------------------------------------------------------------    -------------------
    SLICE_X0Y43          FDRE (Prop_fdre_C_Q)         0.518     6.474 r  ps/axi_slave_gp0/wr_wdata_reg[4]/Q
                         net (fo=65, routed)          6.497    12.972    e_def/ch[1]/dac_buf_reg_6_0[4]
    RAMB36_X2Y12         RAMB36E1                                     r  e_def/ch[1]/dac_buf_reg_2/DIADI[0]
  -------------------------------------------------------------------    -------------------

                         (clock pll_adc_clk rise edge)
                                                      8.000     8.000 r  
    U18                                               0.000     8.000 r  adc_clk_i[1] (IN)
                         net (fo=0)                   0.000     8.000    adc_clk_i[1]
    U18                  IBUFDS (Prop_ibufds_I_O)     0.940     8.940 r  i_clk/O
                         net (fo=1, routed)           1.181    10.121    pll/adc_clk_in
    PLLE2_ADV_X0Y0       PLLE2_ADV (Prop_plle2_adv_CLKIN1_CLKOUT0)
                                                      0.084    10.205 r  pll/pll/CLKOUT0
                         net (fo=1, routed)           1.594    11.799    pll_adc_clk
    BUFGCTRL_X0Y0        BUFG (Prop_bufg_I_O)         0.091    11.890 r  bufg_adc_clk/O
                         net (fo=3948, routed)        1.527    13.417    e_def/ch[1]/adc_clk
    RAMB36_X2Y12         RAMB36E1                                     r  e_def/ch[1]/dac_buf_reg_2/CLKARDCLK
                         clock pessimism              0.343    13.760    
                         clock uncertainty           -0.069    13.691    
    RAMB36_X2Y12         RAMB36E1 (Setup_ramb36e1_CLKARDCLK_DIADI[0])
                                                     -0.241    13.450    e_def/ch[1]/dac_buf_reg_2
  -------------------------------------------------------------------
                         required time                         13.450    
                         arrival time                         -12.972    
  -------------------------------------------------------------------
                         slack                                  0.479    

Slack (MET) :             0.487ns  (required time - arrival time)
  Source:                 ps/axi_slave_gp0/wr_wdata_reg[4]/C
                            (rising edge-triggered cell FDRE clocked by pll_adc_clk  {rise@0.000ns fall@4.000ns period=8.000ns})
  Destination:            i_ams/dac_b_o_reg[4]/D
                            (rising edge-triggered cell FDRE clocked by pll_adc_clk  {rise@0.000ns fall@4.000ns period=8.000ns})
  Path Group:             pll_adc_clk
  Path Type:              Setup (Max at Slow Process Corner)
  Requirement:            8.000ns  (pll_adc_clk rise@8.000ns - pll_adc_clk rise@0.000ns)
  Data Path Delay:        7.262ns  (logic 0.518ns (7.133%)  route 6.744ns (92.867%))
  Logic Levels:           0  
  Clock Path Skew:        -0.136ns (DCD - SCD + CPR)
    Destination Clock Delay (DCD):    5.463ns = ( 13.463 - 8.000 ) 
    Source Clock Delay      (SCD):    5.956ns
    Clock Pessimism Removal (CPR):    0.357ns
  Clock Uncertainty:      0.069ns  ((TSJ^2 + DJ^2)^1/2) / 2 + PE
    Total System Jitter     (TSJ):    0.071ns
    Discrete Jitter          (DJ):    0.118ns
    Phase Error              (PE):    0.000ns

    Location             Delay type                Incr(ns)  Path(ns)    Netlist Resource(s)
  -------------------------------------------------------------------    -------------------
                         (clock pll_adc_clk rise edge)
                                                      0.000     0.000 r  
    U18                                               0.000     0.000 r  adc_clk_i[1] (IN)
                         net (fo=0)                   0.000     0.000    adc_clk_i[1]
    U18                  IBUFDS (Prop_ibufds_I_O)     0.983     0.983 r  i_clk/O
                         net (fo=1, routed)           1.306     2.289    pll/adc_clk_in
    PLLE2_ADV_X0Y0       PLLE2_ADV (Prop_plle2_adv_CLKIN1_CLKOUT0)
                                                      0.089     2.378 r  pll/pll/CLKOUT0
                         net (fo=1, routed)           1.754     4.132    pll_adc_clk
    BUFGCTRL_X0Y0        BUFG (Prop_bufg_I_O)         0.101     4.233 r  bufg_adc_clk/O
                         net (fo=3948, routed)        1.723     5.956    ps/axi_slave_gp0/clk_i
    SLICE_X0Y43          FDRE                                         r  ps/axi_slave_gp0/wr_wdata_reg[4]/C
  -------------------------------------------------------------------    -------------------
    SLICE_X0Y43          FDRE (Prop_fdre_C_Q)         0.518     6.474 r  ps/axi_slave_gp0/wr_wdata_reg[4]/Q
                         net (fo=65, routed)          6.744    13.218    i_ams/dac_c_o_reg[23]_1[4]
    SLICE_X36Y40         FDRE                                         r  i_ams/dac_b_o_reg[4]/D
  -------------------------------------------------------------------    -------------------

                         (clock pll_adc_clk rise edge)
                                                      8.000     8.000 r  
    U18                                               0.000     8.000 r  adc_clk_i[1] (IN)
                         net (fo=0)                   0.000     8.000    adc_clk_i[1]
    U18                  IBUFDS (Prop_ibufds_I_O)     0.940     8.940 r  i_clk/O
                         net (fo=1, routed)           1.181    10.121    pll/adc_clk_in
    PLLE2_ADV_X0Y0       PLLE2_ADV (Prop_plle2_adv_CLKIN1_CLKOUT0)
                                                      0.084    10.205 r  pll/pll/CLKOUT0
                         net (fo=1, routed)           1.594    11.799    pll_adc_clk
    BUFGCTRL_X0Y0        BUFG (Prop_bufg_I_O)         0.091    11.890 r  bufg_adc_clk/O
                         net (fo=3948, routed)        1.573    13.463    i_ams/adc_clk
    SLICE_X36Y40         FDRE                                         r  i_ams/dac_b_o_reg[4]/C
                         clock pessimism              0.357    13.821    
                         clock uncertainty           -0.069    13.752    
    SLICE_X36Y40         FDRE (Setup_fdre_C_D)       -0.047    13.705    i_ams/dac_b_o_reg[4]
  -------------------------------------------------------------------
                         required time                         13.705    
                         arrival time                         -13.218    
  -------------------------------------------------------------------
                         slack                                  0.487    





Min Delay Paths
--------------------------------------------------------------------------------------
Slack (MET) :             0.052ns  (arrival time - required time)
  Source:                 e_def/ch[0]/ext_trig_debp_reg[4]/C
                            (rising edge-triggered cell FDRE clocked by pll_adc_clk  {rise@0.000ns fall@4.000ns period=8.000ns})
  Destination:            e_def/ch[0]/ext_trig_debp_reg[9]/D
                            (rising edge-triggered cell FDRE clocked by pll_adc_clk  {rise@0.000ns fall@4.000ns period=8.000ns})
  Path Group:             pll_adc_clk
  Path Type:              Hold (Min at Fast Process Corner)
  Requirement:            0.000ns  (pll_adc_clk rise@0.000ns - pll_adc_clk rise@0.000ns)
  Data Path Delay:        0.454ns  (logic 0.374ns (82.410%)  route 0.080ns (17.590%))
  Logic Levels:           3  (CARRY4=3)
  Clock Path Skew:        0.267ns (DCD - SCD - CPR)
    Destination Clock Delay (DCD):    2.369ns
    Source Clock Delay      (SCD):    1.976ns
    Clock Pessimism Removal (CPR):    0.125ns

    Location             Delay type                Incr(ns)  Path(ns)    Netlist Resource(s)
  -------------------------------------------------------------------    -------------------
                         (clock pll_adc_clk rise edge)
                                                      0.000     0.000 r  
    U18                                               0.000     0.000 r  adc_clk_i[1] (IN)
                         net (fo=0)                   0.000     0.000    adc_clk_i[1]
    U18                  IBUFDS (Prop_ibufds_I_O)     0.401     0.401 r  i_clk/O
                         net (fo=1, routed)           0.440     0.842    pll/adc_clk_in
    PLLE2_ADV_X0Y0       PLLE2_ADV (Prop_plle2_adv_CLKIN1_CLKOUT0)
                                                      0.051     0.893 r  pll/pll/CLKOUT0
                         net (fo=1, routed)           0.497     1.390    pll_adc_clk
    BUFGCTRL_X0Y0        BUFG (Prop_bufg_I_O)         0.026     1.416 r  bufg_adc_clk/O
                         net (fo=3948, routed)        0.561     1.976    e_def/ch[0]/adc_clk
    SLICE_X24Y48         FDRE                                         r  e_def/ch[0]/ext_trig_debp_reg[4]/C
  -------------------------------------------------------------------    -------------------
    SLICE_X24Y48         FDRE (Prop_fdre_C_Q)         0.164     2.140 r  e_def/ch[0]/ext_trig_debp_reg[4]/Q
                         net (fo=3, routed)           0.079     2.219    e_def/ch[0]/ext_trig_debp[4]
    SLICE_X24Y48         CARRY4 (Prop_carry4_DI[3]_CO[3])
                                                      0.117     2.336 r  e_def/ch[0]/ext_trig_debp0_inferred__0/i__carry/CO[3]
                         net (fo=1, routed)           0.000     2.336    e_def/ch[0]/ext_trig_debp0_inferred__0/i__carry_n_0
    SLICE_X24Y49         CARRY4 (Prop_carry4_CI_CO[3])
                                                      0.040     2.376 r  e_def/ch[0]/ext_trig_debp0_inferred__0/i__carry__0/CO[3]
                         net (fo=1, routed)           0.001     2.377    e_def/ch[0]/ext_trig_debp0_inferred__0/i__carry__0_n_0
    SLICE_X24Y50         CARRY4 (Prop_carry4_CI_O[0])
                                                      0.053     2.430 r  e_def/ch[0]/ext_trig_debp0_inferred__0/i__carry__1/O[0]
                         net (fo=1, routed)           0.000     2.430    e_def/ch[0]/ext_trig_debp0_inferred__0/i__carry__1_n_7
    SLICE_X24Y50         FDRE                                         r  e_def/ch[0]/ext_trig_debp_reg[9]/D
  -------------------------------------------------------------------    -------------------

                         (clock pll_adc_clk rise edge)
                                                      0.000     0.000 r  
    U18                                               0.000     0.000 r  adc_clk_i[1] (IN)
                         net (fo=0)                   0.000     0.000    adc_clk_i[1]
    U18                  IBUFDS (Prop_ibufds_I_O)     0.433     0.433 r  i_clk/O
                         net (fo=1, routed)           0.481     0.914    pll/adc_clk_in
    PLLE2_ADV_X0Y0       PLLE2_ADV (Prop_plle2_adv_CLKIN1_CLKOUT0)
                                                      0.054     0.968 r  pll/pll/CLKOUT0
                         net (fo=1, routed)           0.544     1.512    pll_adc_clk
    BUFGCTRL_X0Y0        BUFG (Prop_bufg_I_O)         0.029     1.541 r  bufg_adc_clk/O
                         net (fo=3948, routed)        0.828     2.369    e_def/ch[0]/adc_clk
    SLICE_X24Y50         FDRE                                         r  e_def/ch[0]/ext_trig_debp_reg[9]/C
                         clock pessimism             -0.125     2.244    
    SLICE_X24Y50         FDRE (Hold_fdre_C_D)         0.134     2.378    e_def/ch[0]/ext_trig_debp_reg[9]
  -------------------------------------------------------------------
                         required time                         -2.378    
                         arrival time                           2.430    
  -------------------------------------------------------------------
                         slack                                  0.052    

Slack (MET) :             0.056ns  (arrival time - required time)
  Source:                 i_scope/axi_a_dat_reg[5]/C
                            (rising edge-triggered cell FDRE clocked by pll_adc_clk  {rise@0.000ns fall@4.000ns period=8.000ns})
  Destination:            i_scope/i_wr0/fifo_reg/DIADI[5]
                            (rising edge-triggered cell RAMB36E1 clocked by pll_adc_clk  {rise@0.000ns fall@4.000ns period=8.000ns})
  Path Group:             pll_adc_clk
  Path Type:              Hold (Min at Fast Process Corner)
  Requirement:            0.000ns  (pll_adc_clk rise@0.000ns - pll_adc_clk rise@0.000ns)
  Data Path Delay:        0.289ns  (logic 0.164ns (56.737%)  route 0.125ns (43.263%))
  Logic Levels:           0  
  Clock Path Skew:        0.078ns (DCD - SCD - CPR)
    Destination Clock Delay (DCD):    2.417ns
    Source Clock Delay      (SCD):    1.980ns
    Clock Pessimism Removal (CPR):    0.359ns

    Location             Delay type                Incr(ns)  Path(ns)    Netlist Resource(s)
  -------------------------------------------------------------------    -------------------
                         (clock pll_adc_clk rise edge)
                                                      0.000     0.000 r  
    U18                                               0.000     0.000 r  adc_clk_i[1] (IN)
                         net (fo=0)                   0.000     0.000    adc_clk_i[1]
    U18                  IBUFDS (Prop_ibufds_I_O)     0.401     0.401 r  i_clk/O
                         net (fo=1, routed)           0.440     0.842    pll/adc_clk_in
    PLLE2_ADV_X0Y0       PLLE2_ADV (Prop_plle2_adv_CLKIN1_CLKOUT0)
                                                      0.051     0.893 r  pll/pll/CLKOUT0
                         net (fo=1, routed)           0.497     1.390    pll_adc_clk
    BUFGCTRL_X0Y0        BUFG (Prop_bufg_I_O)         0.026     1.416 r  bufg_adc_clk/O
                         net (fo=3948, routed)        0.565     1.980    i_scope/clk_i
    SLICE_X8Y8           FDRE                                         r  i_scope/axi_a_dat_reg[5]/C
  -------------------------------------------------------------------    -------------------
    SLICE_X8Y8           FDRE (Prop_fdre_C_Q)         0.164     2.144 r  i_scope/axi_a_dat_reg[5]/Q
                         net (fo=1, routed)           0.125     2.269    i_scope/i_wr0/fifo_reg_0[5]
    RAMB36_X0Y1          RAMB36E1                                     r  i_scope/i_wr0/fifo_reg/DIADI[5]
  -------------------------------------------------------------------    -------------------

                         (clock pll_adc_clk rise edge)
                                                      0.000     0.000 r  
    U18                                               0.000     0.000 r  adc_clk_i[1] (IN)
                         net (fo=0)                   0.000     0.000    adc_clk_i[1]
    U18                  IBUFDS (Prop_ibufds_I_O)     0.433     0.433 r  i_clk/O
                         net (fo=1, routed)           0.481     0.914    pll/adc_clk_in
    PLLE2_ADV_X0Y0       PLLE2_ADV (Prop_plle2_adv_CLKIN1_CLKOUT0)
                                                      0.054     0.968 r  pll/pll/CLKOUT0
                         net (fo=1, routed)           0.544     1.512    pll_adc_clk
    BUFGCTRL_X0Y0        BUFG (Prop_bufg_I_O)         0.029     1.541 r  bufg_adc_clk/O
                         net (fo=3948, routed)        0.876     2.417    i_scope/i_wr0/clk_i
    RAMB36_X0Y1          RAMB36E1                                     r  i_scope/i_wr0/fifo_reg/CLKBWRCLK
                         clock pessimism             -0.359     2.059    
    RAMB36_X0Y1          RAMB36E1 (Hold_ramb36e1_CLKBWRCLK_DIADI[5])
                                                      0.155     2.214    i_scope/i_wr0/fifo_reg
  -------------------------------------------------------------------
                         required time                         -2.214    
                         arrival time                           2.269    
  -------------------------------------------------------------------
                         slack                                  0.056    

Slack (MET) :             0.056ns  (arrival time - required time)
  Source:                 i_scope/axi_a_dat_reg[51]/C
                            (rising edge-triggered cell FDRE clocked by pll_adc_clk  {rise@0.000ns fall@4.000ns period=8.000ns})
  Destination:            i_scope/i_wr0/fifo_reg/DIBDI[19]
                            (rising edge-triggered cell RAMB36E1 clocked by pll_adc_clk  {rise@0.000ns fall@4.000ns period=8.000ns})
  Path Group:             pll_adc_clk
  Path Type:              Hold (Min at Fast Process Corner)
  Requirement:            0.000ns  (pll_adc_clk rise@0.000ns - pll_adc_clk rise@0.000ns)
  Data Path Delay:        0.270ns  (logic 0.164ns (60.728%)  route 0.106ns (39.272%))
  Logic Levels:           0  
  Clock Path Skew:        0.059ns (DCD - SCD - CPR)
    Destination Clock Delay (DCD):    2.417ns
    Source Clock Delay      (SCD):    1.980ns
    Clock Pessimism Removal (CPR):    0.378ns

    Location             Delay type                Incr(ns)  Path(ns)    Netlist Resource(s)
  -------------------------------------------------------------------    -------------------
                         (clock pll_adc_clk rise edge)
                                                      0.000     0.000 r  
    U18                                               0.000     0.000 r  adc_clk_i[1] (IN)
                         net (fo=0)                   0.000     0.000    adc_clk_i[1]
    U18                  IBUFDS (Prop_ibufds_I_O)     0.401     0.401 r  i_clk/O
                         net (fo=1, routed)           0.440     0.842    pll/adc_clk_in
    PLLE2_ADV_X0Y0       PLLE2_ADV (Prop_plle2_adv_CLKIN1_CLKOUT0)
                                                      0.051     0.893 r  pll/pll/CLKOUT0
                         net (fo=1, routed)           0.497     1.390    pll_adc_clk
    BUFGCTRL_X0Y0        BUFG (Prop_bufg_I_O)         0.026     1.416 r  bufg_adc_clk/O
                         net (fo=3948, routed)        0.565     1.980    i_scope/clk_i
    SLICE_X6Y9           FDRE                                         r  i_scope/axi_a_dat_reg[51]/C
  -------------------------------------------------------------------    -------------------
    SLICE_X6Y9           FDRE (Prop_fdre_C_Q)         0.164     2.144 r  i_scope/axi_a_dat_reg[51]/Q
                         net (fo=1, routed)           0.106     2.250    i_scope/i_wr0/fifo_reg_0[45]
    RAMB36_X0Y1          RAMB36E1                                     r  i_scope/i_wr0/fifo_reg/DIBDI[19]
  -------------------------------------------------------------------    -------------------

                         (clock pll_adc_clk rise edge)
                                                      0.000     0.000 r  
    U18                                               0.000     0.000 r  adc_clk_i[1] (IN)
                         net (fo=0)                   0.000     0.000    adc_clk_i[1]
    U18                  IBUFDS (Prop_ibufds_I_O)     0.433     0.433 r  i_clk/O
                         net (fo=1, routed)           0.481     0.914    pll/adc_clk_in
    PLLE2_ADV_X0Y0       PLLE2_ADV (Prop_plle2_adv_CLKIN1_CLKOUT0)
                                                      0.054     0.968 r  pll/pll/CLKOUT0
                         net (fo=1, routed)           0.544     1.512    pll_adc_clk
    BUFGCTRL_X0Y0        BUFG (Prop_bufg_I_O)         0.029     1.541 r  bufg_adc_clk/O
                         net (fo=3948, routed)        0.876     2.417    i_scope/i_wr0/clk_i
    RAMB36_X0Y1          RAMB36E1                                     r  i_scope/i_wr0/fifo_reg/CLKBWRCLK
                         clock pessimism             -0.378     2.040    
    RAMB36_X0Y1          RAMB36E1 (Hold_ramb36e1_CLKBWRCLK_DIBDI[19])
                                                      0.155     2.195    i_scope/i_wr0/fifo_reg
  -------------------------------------------------------------------
                         required time                         -2.195    
                         arrival time                           2.250    
  -------------------------------------------------------------------
                         slack                                  0.056    

Slack (MET) :             0.056ns  (arrival time - required time)
  Source:                 i_scope/axi_a_dat_reg[17]/C
                            (rising edge-triggered cell FDRE clocked by pll_adc_clk  {rise@0.000ns fall@4.000ns period=8.000ns})
  Destination:            i_scope/i_wr0/fifo_reg/DIADI[17]
                            (rising edge-triggered cell RAMB36E1 clocked by pll_adc_clk  {rise@0.000ns fall@4.000ns period=8.000ns})
  Path Group:             pll_adc_clk
  Path Type:              Hold (Min at Fast Process Corner)
  Requirement:            0.000ns  (pll_adc_clk rise@0.000ns - pll_adc_clk rise@0.000ns)
  Data Path Delay:        0.271ns  (logic 0.164ns (60.558%)  route 0.107ns (39.442%))
  Logic Levels:           0  
  Clock Path Skew:        0.059ns (DCD - SCD - CPR)
    Destination Clock Delay (DCD):    2.417ns
    Source Clock Delay      (SCD):    1.980ns
    Clock Pessimism Removal (CPR):    0.378ns

    Location             Delay type                Incr(ns)  Path(ns)    Netlist Resource(s)
  -------------------------------------------------------------------    -------------------
                         (clock pll_adc_clk rise edge)
                                                      0.000     0.000 r  
    U18                                               0.000     0.000 r  adc_clk_i[1] (IN)
                         net (fo=0)                   0.000     0.000    adc_clk_i[1]
    U18                  IBUFDS (Prop_ibufds_I_O)     0.401     0.401 r  i_clk/O
                         net (fo=1, routed)           0.440     0.842    pll/adc_clk_in
    PLLE2_ADV_X0Y0       PLLE2_ADV (Prop_plle2_adv_CLKIN1_CLKOUT0)
                                                      0.051     0.893 r  pll/pll/CLKOUT0
                         net (fo=1, routed)           0.497     1.390    pll_adc_clk
    BUFGCTRL_X0Y0        BUFG (Prop_bufg_I_O)         0.026     1.416 r  bufg_adc_clk/O
                         net (fo=3948, routed)        0.565     1.980    i_scope/clk_i
    SLICE_X6Y8           FDRE                                         r  i_scope/axi_a_dat_reg[17]/C
  -------------------------------------------------------------------    -------------------
    SLICE_X6Y8           FDRE (Prop_fdre_C_Q)         0.164     2.144 r  i_scope/axi_a_dat_reg[17]/Q
                         net (fo=1, routed)           0.107     2.251    i_scope/i_wr0/fifo_reg_0[15]
    RAMB36_X0Y1          RAMB36E1                                     r  i_scope/i_wr0/fifo_reg/DIADI[17]
  -------------------------------------------------------------------    -------------------

                         (clock pll_adc_clk rise edge)
                                                      0.000     0.000 r  
    U18                                               0.000     0.000 r  adc_clk_i[1] (IN)
                         net (fo=0)                   0.000     0.000    adc_clk_i[1]
    U18                  IBUFDS (Prop_ibufds_I_O)     0.433     0.433 r  i_clk/O
                         net (fo=1, routed)           0.481     0.914    pll/adc_clk_in
    PLLE2_ADV_X0Y0       PLLE2_ADV (Prop_plle2_adv_CLKIN1_CLKOUT0)
                                                      0.054     0.968 r  pll/pll/CLKOUT0
                         net (fo=1, routed)           0.544     1.512    pll_adc_clk
    BUFGCTRL_X0Y0        BUFG (Prop_bufg_I_O)         0.029     1.541 r  bufg_adc_clk/O
                         net (fo=3948, routed)        0.876     2.417    i_scope/i_wr0/clk_i
    RAMB36_X0Y1          RAMB36E1                                     r  i_scope/i_wr0/fifo_reg/CLKBWRCLK
                         clock pessimism             -0.378     2.040    
    RAMB36_X0Y1          RAMB36E1 (Hold_ramb36e1_CLKBWRCLK_DIADI[17])
                                                      0.155     2.195    i_scope/i_wr0/fifo_reg
  -------------------------------------------------------------------
                         required time                         -2.195    
                         arrival time                           2.251    
  -------------------------------------------------------------------
                         slack                                  0.056    

Slack (MET) :             0.056ns  (arrival time - required time)
  Source:                 i_scope/axi_a_dat_reg[19]/C
                            (rising edge-triggered cell FDRE clocked by pll_adc_clk  {rise@0.000ns fall@4.000ns period=8.000ns})
  Destination:            i_scope/i_wr0/fifo_reg/DIADI[19]
                            (rising edge-triggered cell RAMB36E1 clocked by pll_adc_clk  {rise@0.000ns fall@4.000ns period=8.000ns})
  Path Group:             pll_adc_clk
  Path Type:              Hold (Min at Fast Process Corner)
  Requirement:            0.000ns  (pll_adc_clk rise@0.000ns - pll_adc_clk rise@0.000ns)
  Data Path Delay:        0.271ns  (logic 0.164ns (60.558%)  route 0.107ns (39.442%))
  Logic Levels:           0  
  Clock Path Skew:        0.059ns (DCD - SCD - CPR)
    Destination Clock Delay (DCD):    2.417ns
    Source Clock Delay      (SCD):    1.980ns
    Clock Pessimism Removal (CPR):    0.378ns

    Location             Delay type                Incr(ns)  Path(ns)    Netlist Resource(s)
  -------------------------------------------------------------------    -------------------
                         (clock pll_adc_clk rise edge)
                                                      0.000     0.000 r  
    U18                                               0.000     0.000 r  adc_clk_i[1] (IN)
                         net (fo=0)                   0.000     0.000    adc_clk_i[1]
    U18                  IBUFDS (Prop_ibufds_I_O)     0.401     0.401 r  i_clk/O
                         net (fo=1, routed)           0.440     0.842    pll/adc_clk_in
    PLLE2_ADV_X0Y0       PLLE2_ADV (Prop_plle2_adv_CLKIN1_CLKOUT0)
                                                      0.051     0.893 r  pll/pll/CLKOUT0
                         net (fo=1, routed)           0.497     1.390    pll_adc_clk
    BUFGCTRL_X0Y0        BUFG (Prop_bufg_I_O)         0.026     1.416 r  bufg_adc_clk/O
                         net (fo=3948, routed)        0.565     1.980    i_scope/clk_i
    SLICE_X6Y8           FDRE                                         r  i_scope/axi_a_dat_reg[19]/C
  -------------------------------------------------------------------    -------------------
    SLICE_X6Y8           FDRE (Prop_fdre_C_Q)         0.164     2.144 r  i_scope/axi_a_dat_reg[19]/Q
                         net (fo=1, routed)           0.107     2.251    i_scope/i_wr0/fifo_reg_0[17]
    RAMB36_X0Y1          RAMB36E1                                     r  i_scope/i_wr0/fifo_reg/DIADI[19]
  -------------------------------------------------------------------    -------------------

                         (clock pll_adc_clk rise edge)
                                                      0.000     0.000 r  
    U18                                               0.000     0.000 r  adc_clk_i[1] (IN)
                         net (fo=0)                   0.000     0.000    adc_clk_i[1]
    U18                  IBUFDS (Prop_ibufds_I_O)     0.433     0.433 r  i_clk/O
                         net (fo=1, routed)           0.481     0.914    pll/adc_clk_in
    PLLE2_ADV_X0Y0       PLLE2_ADV (Prop_plle2_adv_CLKIN1_CLKOUT0)
                                                      0.054     0.968 r  pll/pll/CLKOUT0
                         net (fo=1, routed)           0.544     1.512    pll_adc_clk
    BUFGCTRL_X0Y0        BUFG (Prop_bufg_I_O)         0.029     1.541 r  bufg_adc_clk/O
                         net (fo=3948, routed)        0.876     2.417    i_scope/i_wr0/clk_i
    RAMB36_X0Y1          RAMB36E1                                     r  i_scope/i_wr0/fifo_reg/CLKBWRCLK
                         clock pessimism             -0.378     2.040    
    RAMB36_X0Y1          RAMB36E1 (Hold_ramb36e1_CLKBWRCLK_DIADI[19])
                                                      0.155     2.195    i_scope/i_wr0/fifo_reg
  -------------------------------------------------------------------
                         required time                         -2.195    
                         arrival time                           2.251    
  -------------------------------------------------------------------
                         slack                                  0.056    

Slack (MET) :             0.056ns  (arrival time - required time)
  Source:                 i_scope/axi_a_dat_reg[21]/C
                            (rising edge-triggered cell FDRE clocked by pll_adc_clk  {rise@0.000ns fall@4.000ns period=8.000ns})
  Destination:            i_scope/i_wr0/fifo_reg/DIADI[21]
                            (rising edge-triggered cell RAMB36E1 clocked by pll_adc_clk  {rise@0.000ns fall@4.000ns period=8.000ns})
  Path Group:             pll_adc_clk
  Path Type:              Hold (Min at Fast Process Corner)
  Requirement:            0.000ns  (pll_adc_clk rise@0.000ns - pll_adc_clk rise@0.000ns)
  Data Path Delay:        0.271ns  (logic 0.164ns (60.558%)  route 0.107ns (39.442%))
  Logic Levels:           0  
  Clock Path Skew:        0.059ns (DCD - SCD - CPR)
    Destination Clock Delay (DCD):    2.417ns
    Source Clock Delay      (SCD):    1.980ns
    Clock Pessimism Removal (CPR):    0.378ns

    Location             Delay type                Incr(ns)  Path(ns)    Netlist Resource(s)
  -------------------------------------------------------------------    -------------------
                         (clock pll_adc_clk rise edge)
                                                      0.000     0.000 r  
    U18                                               0.000     0.000 r  adc_clk_i[1] (IN)
                         net (fo=0)                   0.000     0.000    adc_clk_i[1]
    U18                  IBUFDS (Prop_ibufds_I_O)     0.401     0.401 r  i_clk/O
                         net (fo=1, routed)           0.440     0.842    pll/adc_clk_in
    PLLE2_ADV_X0Y0       PLLE2_ADV (Prop_plle2_adv_CLKIN1_CLKOUT0)
                                                      0.051     0.893 r  pll/pll/CLKOUT0
                         net (fo=1, routed)           0.497     1.390    pll_adc_clk
    BUFGCTRL_X0Y0        BUFG (Prop_bufg_I_O)         0.026     1.416 r  bufg_adc_clk/O
                         net (fo=3948, routed)        0.565     1.980    i_scope/clk_i
    SLICE_X6Y8           FDRE                                         r  i_scope/axi_a_dat_reg[21]/C
  -------------------------------------------------------------------    -------------------
    SLICE_X6Y8           FDRE (Prop_fdre_C_Q)         0.164     2.144 r  i_scope/axi_a_dat_reg[21]/Q
                         net (fo=1, routed)           0.107     2.251    i_scope/i_wr0/fifo_reg_0[19]
    RAMB36_X0Y1          RAMB36E1                                     r  i_scope/i_wr0/fifo_reg/DIADI[21]
  -------------------------------------------------------------------    -------------------

                         (clock pll_adc_clk rise edge)
                                                      0.000     0.000 r  
    U18                                               0.000     0.000 r  adc_clk_i[1] (IN)
                         net (fo=0)                   0.000     0.000    adc_clk_i[1]
    U18                  IBUFDS (Prop_ibufds_I_O)     0.433     0.433 r  i_clk/O
                         net (fo=1, routed)           0.481     0.914    pll/adc_clk_in
    PLLE2_ADV_X0Y0       PLLE2_ADV (Prop_plle2_adv_CLKIN1_CLKOUT0)
                                                      0.054     0.968 r  pll/pll/CLKOUT0
                         net (fo=1, routed)           0.544     1.512    pll_adc_clk
    BUFGCTRL_X0Y0        BUFG (Prop_bufg_I_O)         0.029     1.541 r  bufg_adc_clk/O
                         net (fo=3948, routed)        0.876     2.417    i_scope/i_wr0/clk_i
    RAMB36_X0Y1          RAMB36E1                                     r  i_scope/i_wr0/fifo_reg/CLKBWRCLK
                         clock pessimism             -0.378     2.040    
    RAMB36_X0Y1          RAMB36E1 (Hold_ramb36e1_CLKBWRCLK_DIADI[21])
                                                      0.155     2.195    i_scope/i_wr0/fifo_reg
  -------------------------------------------------------------------
                         required time                         -2.195    
                         arrival time                           2.251    
  -------------------------------------------------------------------
                         slack                                  0.056    

Slack (MET) :             0.057ns  (arrival time - required time)
  Source:                 i_scope/axi_a_dat_reg[34]/C
                            (rising edge-triggered cell FDRE clocked by pll_adc_clk  {rise@0.000ns fall@4.000ns period=8.000ns})
  Destination:            i_scope/i_wr0/fifo_reg/DIBDI[2]
                            (rising edge-triggered cell RAMB36E1 clocked by pll_adc_clk  {rise@0.000ns fall@4.000ns period=8.000ns})
  Path Group:             pll_adc_clk
  Path Type:              Hold (Min at Fast Process Corner)
  Requirement:            0.000ns  (pll_adc_clk rise@0.000ns - pll_adc_clk rise@0.000ns)
  Data Path Delay:        0.271ns  (logic 0.164ns (60.558%)  route 0.107ns (39.442%))
  Logic Levels:           0  
  Clock Path Skew:        0.058ns (DCD - SCD - CPR)
    Destination Clock Delay (DCD):    2.417ns
    Source Clock Delay      (SCD):    1.981ns
    Clock Pessimism Removal (CPR):    0.378ns

    Location             Delay type                Incr(ns)  Path(ns)    Netlist Resource(s)
  -------------------------------------------------------------------    -------------------
                         (clock pll_adc_clk rise edge)
                                                      0.000     0.000 r  
    U18                                               0.000     0.000 r  adc_clk_i[1] (IN)
                         net (fo=0)                   0.000     0.000    adc_clk_i[1]
    U18                  IBUFDS (Prop_ibufds_I_O)     0.401     0.401 r  i_clk/O
                         net (fo=1, routed)           0.440     0.842    pll/adc_clk_in
    PLLE2_ADV_X0Y0       PLLE2_ADV (Prop_plle2_adv_CLKIN1_CLKOUT0)
                                                      0.051     0.893 r  pll/pll/CLKOUT0
                         net (fo=1, routed)           0.497     1.390    pll_adc_clk
    BUFGCTRL_X0Y0        BUFG (Prop_bufg_I_O)         0.026     1.416 r  bufg_adc_clk/O
                         net (fo=3948, routed)        0.566     1.981    i_scope/clk_i
    SLICE_X6Y5           FDRE                                         r  i_scope/axi_a_dat_reg[34]/C
  -------------------------------------------------------------------    -------------------
    SLICE_X6Y5           FDRE (Prop_fdre_C_Q)         0.164     2.145 r  i_scope/axi_a_dat_reg[34]/Q
                         net (fo=1, routed)           0.107     2.252    i_scope/i_wr0/fifo_reg_0[30]
    RAMB36_X0Y1          RAMB36E1                                     r  i_scope/i_wr0/fifo_reg/DIBDI[2]
  -------------------------------------------------------------------    -------------------

                         (clock pll_adc_clk rise edge)
                                                      0.000     0.000 r  
    U18                                               0.000     0.000 r  adc_clk_i[1] (IN)
                         net (fo=0)                   0.000     0.000    adc_clk_i[1]
    U18                  IBUFDS (Prop_ibufds_I_O)     0.433     0.433 r  i_clk/O
                         net (fo=1, routed)           0.481     0.914    pll/adc_clk_in
    PLLE2_ADV_X0Y0       PLLE2_ADV (Prop_plle2_adv_CLKIN1_CLKOUT0)
                                                      0.054     0.968 r  pll/pll/CLKOUT0
                         net (fo=1, routed)           0.544     1.512    pll_adc_clk
    BUFGCTRL_X0Y0        BUFG (Prop_bufg_I_O)         0.029     1.541 r  bufg_adc_clk/O
                         net (fo=3948, routed)        0.876     2.417    i_scope/i_wr0/clk_i
    RAMB36_X0Y1          RAMB36E1                                     r  i_scope/i_wr0/fifo_reg/CLKBWRCLK
                         clock pessimism             -0.378     2.040    
    RAMB36_X0Y1          RAMB36E1 (Hold_ramb36e1_CLKBWRCLK_DIBDI[2])
                                                      0.155     2.195    i_scope/i_wr0/fifo_reg
  -------------------------------------------------------------------
                         required time                         -2.195    
                         arrival time                           2.252    
  -------------------------------------------------------------------
                         slack                                  0.057    

Slack (MET) :             0.057ns  (arrival time - required time)
  Source:                 i_scope/axi_a_dat_reg[36]/C
                            (rising edge-triggered cell FDRE clocked by pll_adc_clk  {rise@0.000ns fall@4.000ns period=8.000ns})
  Destination:            i_scope/i_wr0/fifo_reg/DIBDI[4]
                            (rising edge-triggered cell RAMB36E1 clocked by pll_adc_clk  {rise@0.000ns fall@4.000ns period=8.000ns})
  Path Group:             pll_adc_clk
  Path Type:              Hold (Min at Fast Process Corner)
  Requirement:            0.000ns  (pll_adc_clk rise@0.000ns - pll_adc_clk rise@0.000ns)
  Data Path Delay:        0.271ns  (logic 0.164ns (60.558%)  route 0.107ns (39.442%))
  Logic Levels:           0  
  Clock Path Skew:        0.058ns (DCD - SCD - CPR)
    Destination Clock Delay (DCD):    2.417ns
    Source Clock Delay      (SCD):    1.981ns
    Clock Pessimism Removal (CPR):    0.378ns

    Location             Delay type                Incr(ns)  Path(ns)    Netlist Resource(s)
  -------------------------------------------------------------------    -------------------
                         (clock pll_adc_clk rise edge)
                                                      0.000     0.000 r  
    U18                                               0.000     0.000 r  adc_clk_i[1] (IN)
                         net (fo=0)                   0.000     0.000    adc_clk_i[1]
    U18                  IBUFDS (Prop_ibufds_I_O)     0.401     0.401 r  i_clk/O
                         net (fo=1, routed)           0.440     0.842    pll/adc_clk_in
    PLLE2_ADV_X0Y0       PLLE2_ADV (Prop_plle2_adv_CLKIN1_CLKOUT0)
                                                      0.051     0.893 r  pll/pll/CLKOUT0
                         net (fo=1, routed)           0.497     1.390    pll_adc_clk
    BUFGCTRL_X0Y0        BUFG (Prop_bufg_I_O)         0.026     1.416 r  bufg_adc_clk/O
                         net (fo=3948, routed)        0.566     1.981    i_scope/clk_i
    SLICE_X6Y5           FDRE                                         r  i_scope/axi_a_dat_reg[36]/C
  -------------------------------------------------------------------    -------------------
    SLICE_X6Y5           FDRE (Prop_fdre_C_Q)         0.164     2.145 r  i_scope/axi_a_dat_reg[36]/Q
                         net (fo=1, routed)           0.107     2.252    i_scope/i_wr0/fifo_reg_0[32]
    RAMB36_X0Y1          RAMB36E1                                     r  i_scope/i_wr0/fifo_reg/DIBDI[4]
  -------------------------------------------------------------------    -------------------

                         (clock pll_adc_clk rise edge)
                                                      0.000     0.000 r  
    U18                                               0.000     0.000 r  adc_clk_i[1] (IN)
                         net (fo=0)                   0.000     0.000    adc_clk_i[1]
    U18                  IBUFDS (Prop_ibufds_I_O)     0.433     0.433 r  i_clk/O
                         net (fo=1, routed)           0.481     0.914    pll/adc_clk_in
    PLLE2_ADV_X0Y0       PLLE2_ADV (Prop_plle2_adv_CLKIN1_CLKOUT0)
                                                      0.054     0.968 r  pll/pll/CLKOUT0
                         net (fo=1, routed)           0.544     1.512    pll_adc_clk
    BUFGCTRL_X0Y0        BUFG (Prop_bufg_I_O)         0.029     1.541 r  bufg_adc_clk/O
                         net (fo=3948, routed)        0.876     2.417    i_scope/i_wr0/clk_i
    RAMB36_X0Y1          RAMB36E1                                     r  i_scope/i_wr0/fifo_reg/CLKBWRCLK
                         clock pessimism             -0.378     2.040    
    RAMB36_X0Y1          RAMB36E1 (Hold_ramb36e1_CLKBWRCLK_DIBDI[4])
                                                      0.155     2.195    i_scope/i_wr0/fifo_reg
  -------------------------------------------------------------------
                         required time                         -2.195    
                         arrival time                           2.252    
  -------------------------------------------------------------------
                         slack                                  0.057    

Slack (MET) :             0.058ns  (arrival time - required time)
  Source:                 i_scope/axi_b_dat_reg[17]/C
                            (rising edge-triggered cell FDRE clocked by pll_adc_clk  {rise@0.000ns fall@4.000ns period=8.000ns})
  Destination:            i_scope/i_wr1/fifo_reg/DIADI[17]
                            (rising edge-triggered cell RAMB36E1 clocked by pll_adc_clk  {rise@0.000ns fall@4.000ns period=8.000ns})
  Path Group:             pll_adc_clk
  Path Type:              Hold (Min at Fast Process Corner)
  Requirement:            0.000ns  (pll_adc_clk rise@0.000ns - pll_adc_clk rise@0.000ns)
  Data Path Delay:        0.270ns  (logic 0.164ns (60.728%)  route 0.106ns (39.272%))
  Logic Levels:           0  
  Clock Path Skew:        0.057ns (DCD - SCD - CPR)
    Destination Clock Delay (DCD):    2.410ns
    Source Clock Delay      (SCD):    1.975ns
    Clock Pessimism Removal (CPR):    0.378ns

    Location             Delay type                Incr(ns)  Path(ns)    Netlist Resource(s)
  -------------------------------------------------------------------    -------------------
                         (clock pll_adc_clk rise edge)
                                                      0.000     0.000 r  
    U18                                               0.000     0.000 r  adc_clk_i[1] (IN)
                         net (fo=0)                   0.000     0.000    adc_clk_i[1]
    U18                  IBUFDS (Prop_ibufds_I_O)     0.401     0.401 r  i_clk/O
                         net (fo=1, routed)           0.440     0.842    pll/adc_clk_in
    PLLE2_ADV_X0Y0       PLLE2_ADV (Prop_plle2_adv_CLKIN1_CLKOUT0)
                                                      0.051     0.893 r  pll/pll/CLKOUT0
                         net (fo=1, routed)           0.497     1.390    pll_adc_clk
    BUFGCTRL_X0Y0        BUFG (Prop_bufg_I_O)         0.026     1.416 r  bufg_adc_clk/O
                         net (fo=3948, routed)        0.560     1.975    i_scope/clk_i
    SLICE_X6Y17          FDRE                                         r  i_scope/axi_b_dat_reg[17]/C
  -------------------------------------------------------------------    -------------------
    SLICE_X6Y17          FDRE (Prop_fdre_C_Q)         0.164     2.139 r  i_scope/axi_b_dat_reg[17]/Q
                         net (fo=1, routed)           0.106     2.245    i_scope/i_wr1/fifo_reg_1[15]
    RAMB36_X0Y3          RAMB36E1                                     r  i_scope/i_wr1/fifo_reg/DIADI[17]
  -------------------------------------------------------------------    -------------------

                         (clock pll_adc_clk rise edge)
                                                      0.000     0.000 r  
    U18                                               0.000     0.000 r  adc_clk_i[1] (IN)
                         net (fo=0)                   0.000     0.000    adc_clk_i[1]
    U18                  IBUFDS (Prop_ibufds_I_O)     0.433     0.433 r  i_clk/O
                         net (fo=1, routed)           0.481     0.914    pll/adc_clk_in
    PLLE2_ADV_X0Y0       PLLE2_ADV (Prop_plle2_adv_CLKIN1_CLKOUT0)
                                                      0.054     0.968 r  pll/pll/CLKOUT0
                         net (fo=1, routed)           0.544     1.512    pll_adc_clk
    BUFGCTRL_X0Y0        BUFG (Prop_bufg_I_O)         0.029     1.541 r  bufg_adc_clk/O
                         net (fo=3948, routed)        0.869     2.410    i_scope/i_wr1/clk_i
    RAMB36_X0Y3          RAMB36E1                                     r  i_scope/i_wr1/fifo_reg/CLKBWRCLK
                         clock pessimism             -0.378     2.033    
    RAMB36_X0Y3          RAMB36E1 (Hold_ramb36e1_CLKBWRCLK_DIADI[17])
                                                      0.155     2.188    i_scope/i_wr1/fifo_reg
  -------------------------------------------------------------------
                         required time                         -2.188    
                         arrival time                           2.245    
  -------------------------------------------------------------------
                         slack                                  0.058    

Slack (MET) :             0.058ns  (arrival time - required time)
  Source:                 i_scope/axi_b_dat_reg[51]/C
                            (rising edge-triggered cell FDRE clocked by pll_adc_clk  {rise@0.000ns fall@4.000ns period=8.000ns})
  Destination:            i_scope/i_wr1/fifo_reg/DIBDI[19]
                            (rising edge-triggered cell RAMB36E1 clocked by pll_adc_clk  {rise@0.000ns fall@4.000ns period=8.000ns})
  Path Group:             pll_adc_clk
  Path Type:              Hold (Min at Fast Process Corner)
  Requirement:            0.000ns  (pll_adc_clk rise@0.000ns - pll_adc_clk rise@0.000ns)
  Data Path Delay:        0.272ns  (logic 0.164ns (60.336%)  route 0.108ns (39.664%))
  Logic Levels:           0  
  Clock Path Skew:        0.058ns (DCD - SCD - CPR)
    Destination Clock Delay (DCD):    2.410ns
    Source Clock Delay      (SCD):    1.974ns
    Clock Pessimism Removal (CPR):    0.378ns

    Location             Delay type                Incr(ns)  Path(ns)    Netlist Resource(s)
  -------------------------------------------------------------------    -------------------
                         (clock pll_adc_clk rise edge)
                                                      0.000     0.000 r  
    U18                                               0.000     0.000 r  adc_clk_i[1] (IN)
                         net (fo=0)                   0.000     0.000    adc_clk_i[1]
    U18                  IBUFDS (Prop_ibufds_I_O)     0.401     0.401 r  i_clk/O
                         net (fo=1, routed)           0.440     0.842    pll/adc_clk_in
    PLLE2_ADV_X0Y0       PLLE2_ADV (Prop_plle2_adv_CLKIN1_CLKOUT0)
                                                      0.051     0.893 r  pll/pll/CLKOUT0
                         net (fo=1, routed)           0.497     1.390    pll_adc_clk
    BUFGCTRL_X0Y0        BUFG (Prop_bufg_I_O)         0.026     1.416 r  bufg_adc_clk/O
                         net (fo=3948, routed)        0.559     1.974    i_scope/clk_i
    SLICE_X6Y18          FDRE                                         r  i_scope/axi_b_dat_reg[51]/C
  -------------------------------------------------------------------    -------------------
    SLICE_X6Y18          FDRE (Prop_fdre_C_Q)         0.164     2.138 r  i_scope/axi_b_dat_reg[51]/Q
                         net (fo=1, routed)           0.108     2.246    i_scope/i_wr1/fifo_reg_1[45]
    RAMB36_X0Y3          RAMB36E1                                     r  i_scope/i_wr1/fifo_reg/DIBDI[19]
  -------------------------------------------------------------------    -------------------

                         (clock pll_adc_clk rise edge)
                                                      0.000     0.000 r  
    U18                                               0.000     0.000 r  adc_clk_i[1] (IN)
                         net (fo=0)                   0.000     0.000    adc_clk_i[1]
    U18                  IBUFDS (Prop_ibufds_I_O)     0.433     0.433 r  i_clk/O
                         net (fo=1, routed)           0.481     0.914    pll/adc_clk_in
    PLLE2_ADV_X0Y0       PLLE2_ADV (Prop_plle2_adv_CLKIN1_CLKOUT0)
                                                      0.054     0.968 r  pll/pll/CLKOUT0
                         net (fo=1, routed)           0.544     1.512    pll_adc_clk
    BUFGCTRL_X0Y0        BUFG (Prop_bufg_I_O)         0.029     1.541 r  bufg_adc_clk/O
                         net (fo=3948, routed)        0.869     2.410    i_scope/i_wr1/clk_i
    RAMB36_X0Y3          RAMB36E1                                     r  i_scope/i_wr1/fifo_reg/CLKBWRCLK
                         clock pessimism             -0.378     2.033    
    RAMB36_X0Y3          RAMB36E1 (Hold_ramb36e1_CLKBWRCLK_DIBDI[19])
                                                      0.155     2.188    i_scope/i_wr1/fifo_reg
  -------------------------------------------------------------------
                         required time                         -2.188    
                         arrival time                           2.246    
  -------------------------------------------------------------------
                         slack                                  0.058    





Pulse Width Checks
--------------------------------------------------------------------------------------
Clock Name:         pll_adc_clk
Waveform(ns):       { 0.000 4.000 }
Period(ns):         8.000
Sources:            { pll/pll/CLKOUT0 }

Check Type        Corner  Lib Pin             Reference Pin  Required(ns)  Actual(ns)  Slack(ns)  Location        Pin
Min Period        n/a     DSP48E1/CLK         n/a            3.884         8.000       4.116      DSP48_X1Y1      i_scope/i_dfilt1_chb/bb_mult/CLK
Min Period        n/a     DSP48E1/CLK         n/a            3.884         8.000       4.116      DSP48_X1Y9      i_scope/i_dfilt1_cha/bb_mult/CLK
Min Period        n/a     RAMB36E1/CLKARDCLK  n/a            2.944         8.000       5.056      RAMB36_X2Y0     i_scope/adc_a_buf_reg_4/CLKARDCLK
Min Period        n/a     RAMB36E1/CLKARDCLK  n/a            2.944         8.000       5.056      RAMB36_X1Y0     i_scope/adc_a_buf_reg_5/CLKARDCLK
Min Period        n/a     RAMB36E1/CLKARDCLK  n/a            2.944         8.000       5.056      RAMB36_X1Y2     i_scope/adc_a_buf_reg_6/CLKARDCLK
Min Period        n/a     RAMB36E1/CLKARDCLK  n/a            2.944         8.000       5.056      RAMB36_X1Y8     e_def/ch[0]/dac_buf_reg_0/CLKARDCLK
Min Period        n/a     RAMB36E1/CLKARDCLK  n/a            2.944         8.000       5.056      RAMB36_X1Y9     e_def/ch[0]/dac_buf_reg_1/CLKARDCLK
Min Period        n/a     RAMB36E1/CLKARDCLK  n/a            2.944         8.000       5.056      RAMB36_X1Y7     e_def/ch[0]/dac_buf_reg_2/CLKARDCLK
Min Period        n/a     RAMB36E1/CLKARDCLK  n/a            2.944         8.000       5.056      RAMB36_X1Y5     i_scope/adc_b_buf_reg_0/CLKARDCLK
Min Period        n/a     RAMB36E1/CLKARDCLK  n/a            2.944         8.000       5.056      RAMB36_X0Y0     i_scope/adc_b_buf_reg_1/CLKARDCLK
Max Period        n/a     PLLE2_ADV/CLKOUT0   n/a            160.000       8.000       152.000    PLLE2_ADV_X0Y0  pll/pll/CLKOUT0
Low Pulse Width   Slow    RAMD32/CLK          n/a            1.250         4.000       2.750      SLICE_X8Y2      ps/axi_master[0]/axi_awfifo_reg_0_15_0_5/RAMA/CLK
Low Pulse Width   Fast    RAMD32/CLK          n/a            1.250         4.000       2.750      SLICE_X8Y2      ps/axi_master[0]/axi_awfifo_reg_0_15_0_5/RAMA/CLK
Low Pulse Width   Slow    RAMD32/CLK          n/a            1.250         4.000       2.750      SLICE_X8Y2      ps/axi_master[0]/axi_awfifo_reg_0_15_0_5/RAMA_D1/CLK
Low Pulse Width   Fast    RAMD32/CLK          n/a            1.250         4.000       2.750      SLICE_X8Y2      ps/axi_master[0]/axi_awfifo_reg_0_15_0_5/RAMA_D1/CLK
Low Pulse Width   Slow    RAMD32/CLK          n/a            1.250         4.000       2.750      SLICE_X8Y2      ps/axi_master[0]/axi_awfifo_reg_0_15_0_5/RAMB/CLK
Low Pulse Width   Fast    RAMD32/CLK          n/a            1.250         4.000       2.750      SLICE_X8Y2      ps/axi_master[0]/axi_awfifo_reg_0_15_0_5/RAMB/CLK
Low Pulse Width   Slow    RAMD32/CLK          n/a            1.250         4.000       2.750      SLICE_X8Y2      ps/axi_master[0]/axi_awfifo_reg_0_15_0_5/RAMB_D1/CLK
Low Pulse Width   Fast    RAMD32/CLK          n/a            1.250         4.000       2.750      SLICE_X8Y2      ps/axi_master[0]/axi_awfifo_reg_0_15_0_5/RAMB_D1/CLK
Low Pulse Width   Slow    RAMD32/CLK          n/a            1.250         4.000       2.750      SLICE_X8Y2      ps/axi_master[0]/axi_awfifo_reg_0_15_0_5/RAMC/CLK
Low Pulse Width   Fast    RAMD32/CLK          n/a            1.250         4.000       2.750      SLICE_X8Y2      ps/axi_master[0]/axi_awfifo_reg_0_15_0_5/RAMC/CLK
High Pulse Width  Slow    RAMD32/CLK          n/a            1.250         4.000       2.750      SLICE_X0Y2      ps/axi_master[0]/axi_wfifo_reg_0_15_36_41/RAMA/CLK
High Pulse Width  Slow    RAMD32/CLK          n/a            1.250         4.000       2.750      SLICE_X0Y2      ps/axi_master[0]/axi_wfifo_reg_0_15_36_41/RAMA_D1/CLK
High Pulse Width  Slow    RAMD32/CLK          n/a            1.250         4.000       2.750      SLICE_X0Y2      ps/axi_master[0]/axi_wfifo_reg_0_15_36_41/RAMB/CLK
High Pulse Width  Slow    RAMD32/CLK          n/a            1.250         4.000       2.750      SLICE_X0Y2      ps/axi_master[0]/axi_wfifo_reg_0_15_36_41/RAMB_D1/CLK
High Pulse Width  Slow    RAMD32/CLK          n/a            1.250         4.000       2.750      SLICE_X0Y2      ps/axi_master[0]/axi_wfifo_reg_0_15_36_41/RAMC/CLK
High Pulse Width  Slow    RAMD32/CLK          n/a            1.250         4.000       2.750      SLICE_X0Y2      ps/axi_master[0]/axi_wfifo_reg_0_15_36_41/RAMC_D1/CLK
High Pulse Width  Slow    RAMS32/CLK          n/a            1.250         4.000       2.750      SLICE_X0Y2      ps/axi_master[0]/axi_wfifo_reg_0_15_36_41/RAMD/CLK
High Pulse Width  Slow    RAMS32/CLK          n/a            1.250         4.000       2.750      SLICE_X0Y2      ps/axi_master[0]/axi_wfifo_reg_0_15_36_41/RAMD_D1/CLK
High Pulse Width  Slow    RAMD32/CLK          n/a            1.250         4.000       2.750      SLICE_X0Y17     ps/axi_master[1]/axi_wfifo_reg_0_15_12_17/RAMA/CLK
High Pulse Width  Slow    RAMD32/CLK          n/a            1.250         4.000       2.750      SLICE_X0Y17     ps/axi_master[1]/axi_wfifo_reg_0_15_12_17/RAMA_D1/CLK



---------------------------------------------------------------------------------------------------
From Clock:  pll_dac_clk_1x
  To Clock:  pll_dac_clk_1x

Setup :            0  Failing Endpoints,  Worst Slack        0.501ns,  Total Violation        0.000ns
Hold  :            0  Failing Endpoints,  Worst Slack        0.203ns,  Total Violation        0.000ns
PW    :            0  Failing Endpoints,  Worst Slack        3.500ns,  Total Violation        0.000ns
---------------------------------------------------------------------------------------------------


Max Delay Paths
--------------------------------------------------------------------------------------
Slack (MET) :             0.501ns  (required time - arrival time)
  Source:                 dac_rst_reg/C
                            (rising edge-triggered cell FDRE clocked by pll_dac_clk_1x  {rise@0.000ns fall@4.000ns period=8.000ns})
  Destination:            oddr_dac_dat[6]/R
                            (falling edge-triggered cell ODDR clocked by pll_dac_clk_1x  {rise@0.000ns fall@4.000ns period=8.000ns})
  Path Group:             pll_dac_clk_1x
  Path Type:              Setup (Max at Slow Process Corner)
  Requirement:            4.000ns  (pll_dac_clk_1x fall@4.000ns - pll_dac_clk_1x rise@0.000ns)
  Data Path Delay:        2.416ns  (logic 0.456ns (18.873%)  route 1.960ns (81.127%))
  Logic Levels:           0  
  Clock Path Skew:        -0.216ns (DCD - SCD + CPR)
    Destination Clock Delay (DCD):    5.429ns = ( 9.429 - 4.000 ) 
    Source Clock Delay      (SCD):    5.988ns
    Clock Pessimism Removal (CPR):    0.343ns
  Clock Uncertainty:      0.069ns  ((TSJ^2 + DJ^2)^1/2) / 2 + PE
    Total System Jitter     (TSJ):    0.071ns
    Discrete Jitter          (DJ):    0.118ns
    Phase Error              (PE):    0.000ns

    Location             Delay type                Incr(ns)  Path(ns)    Netlist Resource(s)
  -------------------------------------------------------------------    -------------------
                         (clock pll_dac_clk_1x rise edge)
                                                      0.000     0.000 r  
    U18                                               0.000     0.000 r  adc_clk_i[1] (IN)
                         net (fo=0)                   0.000     0.000    adc_clk_i[1]
    U18                  IBUFDS (Prop_ibufds_I_O)     0.983     0.983 r  i_clk/O
                         net (fo=1, routed)           1.306     2.289    pll/adc_clk_in
    PLLE2_ADV_X0Y0       PLLE2_ADV (Prop_plle2_adv_CLKIN1_CLKOUT1)
                                                      0.089     2.378 r  pll/pll/CLKOUT1
                         net (fo=1, routed)           1.754     4.132    pll_dac_clk_1x
    BUFGCTRL_X0Y3        BUFG (Prop_bufg_I_O)         0.101     4.233 r  bufg_dac_clk_1x/O
                         net (fo=63, routed)          1.755     5.988    dac_clk_1x
    SLICE_X43Y48         FDRE                                         r  dac_rst_reg/C
  -------------------------------------------------------------------    -------------------
    SLICE_X43Y48         FDRE (Prop_fdre_C_Q)         0.456     6.444 r  dac_rst_reg/Q
                         net (fo=17, routed)          1.960     8.404    dac_rst
    OLOGIC_X0Y66         ODDR                                         r  oddr_dac_dat[6]/R
  -------------------------------------------------------------------    -------------------

                         (clock pll_dac_clk_1x fall edge)
                                                      4.000     4.000 f  
    U18                                               0.000     4.000 f  adc_clk_i[1] (IN)
                         net (fo=0)                   0.000     4.000    adc_clk_i[1]
    U18                  IBUFDS (Prop_ibufds_I_O)     0.940     4.940 f  i_clk/O
                         net (fo=1, routed)           1.181     6.121    pll/adc_clk_in
    PLLE2_ADV_X0Y0       PLLE2_ADV (Prop_plle2_adv_CLKIN1_CLKOUT1)
                                                      0.084     6.205 f  pll/pll/CLKOUT1
                         net (fo=1, routed)           1.594     7.799    pll_dac_clk_1x
    BUFGCTRL_X0Y3        BUFG (Prop_bufg_I_O)         0.091     7.890 f  bufg_dac_clk_1x/O
                         net (fo=63, routed)          1.539     9.429    dac_clk_1x
    OLOGIC_X0Y66         ODDR                                         f  oddr_dac_dat[6]/C
                         clock pessimism              0.343     9.772    
                         clock uncertainty           -0.069     9.703    
    OLOGIC_X0Y66         ODDR (Setup_oddr_C_R)       -0.798     8.905    oddr_dac_dat[6]
  -------------------------------------------------------------------
                         required time                          8.905    
                         arrival time                          -8.404    
  -------------------------------------------------------------------
                         slack                                  0.501    

Slack (MET) :             0.516ns  (required time - arrival time)
  Source:                 dac_rst_reg/C
                            (rising edge-triggered cell FDRE clocked by pll_dac_clk_1x  {rise@0.000ns fall@4.000ns period=8.000ns})
  Destination:            oddr_dac_dat[7]/R
                            (falling edge-triggered cell ODDR clocked by pll_dac_clk_1x  {rise@0.000ns fall@4.000ns period=8.000ns})
  Path Group:             pll_dac_clk_1x
  Path Type:              Setup (Max at Slow Process Corner)
  Requirement:            4.000ns  (pll_dac_clk_1x fall@4.000ns - pll_dac_clk_1x rise@0.000ns)
  Data Path Delay:        2.401ns  (logic 0.456ns (18.993%)  route 1.945ns (81.007%))
  Logic Levels:           0  
  Clock Path Skew:        -0.216ns (DCD - SCD + CPR)
    Destination Clock Delay (DCD):    5.429ns = ( 9.429 - 4.000 ) 
    Source Clock Delay      (SCD):    5.988ns
    Clock Pessimism Removal (CPR):    0.343ns
  Clock Uncertainty:      0.069ns  ((TSJ^2 + DJ^2)^1/2) / 2 + PE
    Total System Jitter     (TSJ):    0.071ns
    Discrete Jitter          (DJ):    0.118ns
    Phase Error              (PE):    0.000ns

    Location             Delay type                Incr(ns)  Path(ns)    Netlist Resource(s)
  -------------------------------------------------------------------    -------------------
                         (clock pll_dac_clk_1x rise edge)
                                                      0.000     0.000 r  
    U18                                               0.000     0.000 r  adc_clk_i[1] (IN)
                         net (fo=0)                   0.000     0.000    adc_clk_i[1]
    U18                  IBUFDS (Prop_ibufds_I_O)     0.983     0.983 r  i_clk/O
                         net (fo=1, routed)           1.306     2.289    pll/adc_clk_in
    PLLE2_ADV_X0Y0       PLLE2_ADV (Prop_plle2_adv_CLKIN1_CLKOUT1)
                                                      0.089     2.378 r  pll/pll/CLKOUT1
                         net (fo=1, routed)           1.754     4.132    pll_dac_clk_1x
    BUFGCTRL_X0Y3        BUFG (Prop_bufg_I_O)         0.101     4.233 r  bufg_dac_clk_1x/O
                         net (fo=63, routed)          1.755     5.988    dac_clk_1x
    SLICE_X43Y48         FDRE                                         r  dac_rst_reg/C
  -------------------------------------------------------------------    -------------------
    SLICE_X43Y48         FDRE (Prop_fdre_C_Q)         0.456     6.444 r  dac_rst_reg/Q
                         net (fo=17, routed)          1.945     8.389    dac_rst
    OLOGIC_X0Y65         ODDR                                         r  oddr_dac_dat[7]/R
  -------------------------------------------------------------------    -------------------

                         (clock pll_dac_clk_1x fall edge)
                                                      4.000     4.000 f  
    U18                                               0.000     4.000 f  adc_clk_i[1] (IN)
                         net (fo=0)                   0.000     4.000    adc_clk_i[1]
    U18                  IBUFDS (Prop_ibufds_I_O)     0.940     4.940 f  i_clk/O
                         net (fo=1, routed)           1.181     6.121    pll/adc_clk_in
    PLLE2_ADV_X0Y0       PLLE2_ADV (Prop_plle2_adv_CLKIN1_CLKOUT1)
                                                      0.084     6.205 f  pll/pll/CLKOUT1
                         net (fo=1, routed)           1.594     7.799    pll_dac_clk_1x
    BUFGCTRL_X0Y3        BUFG (Prop_bufg_I_O)         0.091     7.890 f  bufg_dac_clk_1x/O
                         net (fo=63, routed)          1.539     9.429    dac_clk_1x
    OLOGIC_X0Y65         ODDR                                         f  oddr_dac_dat[7]/C
                         clock pessimism              0.343     9.772    
                         clock uncertainty           -0.069     9.703    
    OLOGIC_X0Y65         ODDR (Setup_oddr_C_R)       -0.798     8.905    oddr_dac_dat[7]
  -------------------------------------------------------------------
                         required time                          8.905    
                         arrival time                          -8.389    
  -------------------------------------------------------------------
                         slack                                  0.516    

Slack (MET) :             0.524ns  (required time - arrival time)
  Source:                 dac_rst_reg/C
                            (rising edge-triggered cell FDRE clocked by pll_dac_clk_1x  {rise@0.000ns fall@4.000ns period=8.000ns})
  Destination:            oddr_dac_dat[10]/R
                            (falling edge-triggered cell ODDR clocked by pll_dac_clk_1x  {rise@0.000ns fall@4.000ns period=8.000ns})
  Path Group:             pll_dac_clk_1x
  Path Type:              Setup (Max at Slow Process Corner)
  Requirement:            4.000ns  (pll_dac_clk_1x fall@4.000ns - pll_dac_clk_1x rise@0.000ns)
  Data Path Delay:        2.389ns  (logic 0.456ns (19.086%)  route 1.933ns (80.914%))
  Logic Levels:           0  
  Clock Path Skew:        -0.220ns (DCD - SCD + CPR)
    Destination Clock Delay (DCD):    5.425ns = ( 9.425 - 4.000 ) 
    Source Clock Delay      (SCD):    5.988ns
    Clock Pessimism Removal (CPR):    0.343ns
  Clock Uncertainty:      0.069ns  ((TSJ^2 + DJ^2)^1/2) / 2 + PE
    Total System Jitter     (TSJ):    0.071ns
    Discrete Jitter          (DJ):    0.118ns
    Phase Error              (PE):    0.000ns

    Location             Delay type                Incr(ns)  Path(ns)    Netlist Resource(s)
  -------------------------------------------------------------------    -------------------
                         (clock pll_dac_clk_1x rise edge)
                                                      0.000     0.000 r  
    U18                                               0.000     0.000 r  adc_clk_i[1] (IN)
                         net (fo=0)                   0.000     0.000    adc_clk_i[1]
    U18                  IBUFDS (Prop_ibufds_I_O)     0.983     0.983 r  i_clk/O
                         net (fo=1, routed)           1.306     2.289    pll/adc_clk_in
    PLLE2_ADV_X0Y0       PLLE2_ADV (Prop_plle2_adv_CLKIN1_CLKOUT1)
                                                      0.089     2.378 r  pll/pll/CLKOUT1
                         net (fo=1, routed)           1.754     4.132    pll_dac_clk_1x
    BUFGCTRL_X0Y3        BUFG (Prop_bufg_I_O)         0.101     4.233 r  bufg_dac_clk_1x/O
                         net (fo=63, routed)          1.755     5.988    dac_clk_1x
    SLICE_X43Y48         FDRE                                         r  dac_rst_reg/C
  -------------------------------------------------------------------    -------------------
    SLICE_X43Y48         FDRE (Prop_fdre_C_Q)         0.456     6.444 r  dac_rst_reg/Q
                         net (fo=17, routed)          1.933     8.377    dac_rst
    OLOGIC_X0Y70         ODDR                                         r  oddr_dac_dat[10]/R
  -------------------------------------------------------------------    -------------------

                         (clock pll_dac_clk_1x fall edge)
                                                      4.000     4.000 f  
    U18                                               0.000     4.000 f  adc_clk_i[1] (IN)
                         net (fo=0)                   0.000     4.000    adc_clk_i[1]
    U18                  IBUFDS (Prop_ibufds_I_O)     0.940     4.940 f  i_clk/O
                         net (fo=1, routed)           1.181     6.121    pll/adc_clk_in
    PLLE2_ADV_X0Y0       PLLE2_ADV (Prop_plle2_adv_CLKIN1_CLKOUT1)
                                                      0.084     6.205 f  pll/pll/CLKOUT1
                         net (fo=1, routed)           1.594     7.799    pll_dac_clk_1x
    BUFGCTRL_X0Y3        BUFG (Prop_bufg_I_O)         0.091     7.890 f  bufg_dac_clk_1x/O
                         net (fo=63, routed)          1.535     9.425    dac_clk_1x
    OLOGIC_X0Y70         ODDR                                         f  oddr_dac_dat[10]/C
                         clock pessimism              0.343     9.768    
                         clock uncertainty           -0.069     9.699    
    OLOGIC_X0Y70         ODDR (Setup_oddr_C_R)       -0.798     8.901    oddr_dac_dat[10]
  -------------------------------------------------------------------
                         required time                          8.901    
                         arrival time                          -8.377    
  -------------------------------------------------------------------
                         slack                                  0.524    

Slack (MET) :             0.528ns  (required time - arrival time)
  Source:                 dac_rst_reg/C
                            (rising edge-triggered cell FDRE clocked by pll_dac_clk_1x  {rise@0.000ns fall@4.000ns period=8.000ns})
  Destination:            oddr_dac_dat[11]/R
                            (falling edge-triggered cell ODDR clocked by pll_dac_clk_1x  {rise@0.000ns fall@4.000ns period=8.000ns})
  Path Group:             pll_dac_clk_1x
  Path Type:              Setup (Max at Slow Process Corner)
  Requirement:            4.000ns  (pll_dac_clk_1x fall@4.000ns - pll_dac_clk_1x rise@0.000ns)
  Data Path Delay:        2.386ns  (logic 0.456ns (19.115%)  route 1.930ns (80.885%))
  Logic Levels:           0  
  Clock Path Skew:        -0.220ns (DCD - SCD + CPR)
    Destination Clock Delay (DCD):    5.425ns = ( 9.425 - 4.000 ) 
    Source Clock Delay      (SCD):    5.988ns
    Clock Pessimism Removal (CPR):    0.343ns
  Clock Uncertainty:      0.069ns  ((TSJ^2 + DJ^2)^1/2) / 2 + PE
    Total System Jitter     (TSJ):    0.071ns
    Discrete Jitter          (DJ):    0.118ns
    Phase Error              (PE):    0.000ns

    Location             Delay type                Incr(ns)  Path(ns)    Netlist Resource(s)
  -------------------------------------------------------------------    -------------------
                         (clock pll_dac_clk_1x rise edge)
                                                      0.000     0.000 r  
    U18                                               0.000     0.000 r  adc_clk_i[1] (IN)
                         net (fo=0)                   0.000     0.000    adc_clk_i[1]
    U18                  IBUFDS (Prop_ibufds_I_O)     0.983     0.983 r  i_clk/O
                         net (fo=1, routed)           1.306     2.289    pll/adc_clk_in
    PLLE2_ADV_X0Y0       PLLE2_ADV (Prop_plle2_adv_CLKIN1_CLKOUT1)
                                                      0.089     2.378 r  pll/pll/CLKOUT1
                         net (fo=1, routed)           1.754     4.132    pll_dac_clk_1x
    BUFGCTRL_X0Y3        BUFG (Prop_bufg_I_O)         0.101     4.233 r  bufg_dac_clk_1x/O
                         net (fo=63, routed)          1.755     5.988    dac_clk_1x
    SLICE_X43Y48         FDRE                                         r  dac_rst_reg/C
  -------------------------------------------------------------------    -------------------
    SLICE_X43Y48         FDRE (Prop_fdre_C_Q)         0.456     6.444 r  dac_rst_reg/Q
                         net (fo=17, routed)          1.930     8.374    dac_rst
    OLOGIC_X0Y69         ODDR                                         r  oddr_dac_dat[11]/R
  -------------------------------------------------------------------    -------------------

                         (clock pll_dac_clk_1x fall edge)
                                                      4.000     4.000 f  
    U18                                               0.000     4.000 f  adc_clk_i[1] (IN)
                         net (fo=0)                   0.000     4.000    adc_clk_i[1]
    U18                  IBUFDS (Prop_ibufds_I_O)     0.940     4.940 f  i_clk/O
                         net (fo=1, routed)           1.181     6.121    pll/adc_clk_in
    PLLE2_ADV_X0Y0       PLLE2_ADV (Prop_plle2_adv_CLKIN1_CLKOUT1)
                                                      0.084     6.205 f  pll/pll/CLKOUT1
                         net (fo=1, routed)           1.594     7.799    pll_dac_clk_1x
    BUFGCTRL_X0Y3        BUFG (Prop_bufg_I_O)         0.091     7.890 f  bufg_dac_clk_1x/O
                         net (fo=63, routed)          1.535     9.425    dac_clk_1x
    OLOGIC_X0Y69         ODDR                                         f  oddr_dac_dat[11]/C
                         clock pessimism              0.343     9.768    
                         clock uncertainty           -0.069     9.699    
    OLOGIC_X0Y69         ODDR (Setup_oddr_C_R)       -0.798     8.901    oddr_dac_dat[11]
  -------------------------------------------------------------------
                         required time                          8.901    
                         arrival time                          -8.374    
  -------------------------------------------------------------------
                         slack                                  0.528    

Slack (MET) :             0.529ns  (required time - arrival time)
  Source:                 dac_rst_reg/C
                            (rising edge-triggered cell FDRE clocked by pll_dac_clk_1x  {rise@0.000ns fall@4.000ns period=8.000ns})
  Destination:            oddr_dac_dat[13]/R
                            (falling edge-triggered cell ODDR clocked by pll_dac_clk_1x  {rise@0.000ns fall@4.000ns period=8.000ns})
  Path Group:             pll_dac_clk_1x
  Path Type:              Setup (Max at Slow Process Corner)
  Requirement:            4.000ns  (pll_dac_clk_1x fall@4.000ns - pll_dac_clk_1x rise@0.000ns)
  Data Path Delay:        2.394ns  (logic 0.456ns (19.051%)  route 1.938ns (80.949%))
  Logic Levels:           0  
  Clock Path Skew:        -0.211ns (DCD - SCD + CPR)
    Destination Clock Delay (DCD):    5.434ns = ( 9.434 - 4.000 ) 
    Source Clock Delay      (SCD):    5.988ns
    Clock Pessimism Removal (CPR):    0.343ns
  Clock Uncertainty:      0.069ns  ((TSJ^2 + DJ^2)^1/2) / 2 + PE
    Total System Jitter     (TSJ):    0.071ns
    Discrete Jitter          (DJ):    0.118ns
    Phase Error              (PE):    0.000ns

    Location             Delay type                Incr(ns)  Path(ns)    Netlist Resource(s)
  -------------------------------------------------------------------    -------------------
                         (clock pll_dac_clk_1x rise edge)
                                                      0.000     0.000 r  
    U18                                               0.000     0.000 r  adc_clk_i[1] (IN)
                         net (fo=0)                   0.000     0.000    adc_clk_i[1]
    U18                  IBUFDS (Prop_ibufds_I_O)     0.983     0.983 r  i_clk/O
                         net (fo=1, routed)           1.306     2.289    pll/adc_clk_in
    PLLE2_ADV_X0Y0       PLLE2_ADV (Prop_plle2_adv_CLKIN1_CLKOUT1)
                                                      0.089     2.378 r  pll/pll/CLKOUT1
                         net (fo=1, routed)           1.754     4.132    pll_dac_clk_1x
    BUFGCTRL_X0Y3        BUFG (Prop_bufg_I_O)         0.101     4.233 r  bufg_dac_clk_1x/O
                         net (fo=63, routed)          1.755     5.988    dac_clk_1x
    SLICE_X43Y48         FDRE                                         r  dac_rst_reg/C
  -------------------------------------------------------------------    -------------------
    SLICE_X43Y48         FDRE (Prop_fdre_C_Q)         0.456     6.444 r  dac_rst_reg/Q
                         net (fo=17, routed)          1.938     8.382    dac_rst
    OLOGIC_X0Y92         ODDR                                         r  oddr_dac_dat[13]/R
  -------------------------------------------------------------------    -------------------

                         (clock pll_dac_clk_1x fall edge)
                                                      4.000     4.000 f  
    U18                                               0.000     4.000 f  adc_clk_i[1] (IN)
                         net (fo=0)                   0.000     4.000    adc_clk_i[1]
    U18                  IBUFDS (Prop_ibufds_I_O)     0.940     4.940 f  i_clk/O
                         net (fo=1, routed)           1.181     6.121    pll/adc_clk_in
    PLLE2_ADV_X0Y0       PLLE2_ADV (Prop_plle2_adv_CLKIN1_CLKOUT1)
                                                      0.084     6.205 f  pll/pll/CLKOUT1
                         net (fo=1, routed)           1.594     7.799    pll_dac_clk_1x
    BUFGCTRL_X0Y3        BUFG (Prop_bufg_I_O)         0.091     7.890 f  bufg_dac_clk_1x/O
                         net (fo=63, routed)          1.544     9.434    dac_clk_1x
    OLOGIC_X0Y92         ODDR                                         f  oddr_dac_dat[13]/C
                         clock pessimism              0.343     9.777    
                         clock uncertainty           -0.069     9.708    
    OLOGIC_X0Y92         ODDR (Setup_oddr_C_R)       -0.798     8.910    oddr_dac_dat[13]
  -------------------------------------------------------------------
                         required time                          8.910    
                         arrival time                          -8.382    
  -------------------------------------------------------------------
                         slack                                  0.529    

Slack (MET) :             0.530ns  (required time - arrival time)
  Source:                 dac_rst_reg/C
                            (rising edge-triggered cell FDRE clocked by pll_dac_clk_1x  {rise@0.000ns fall@4.000ns period=8.000ns})
  Destination:            oddr_dac_dat[0]/R
                            (falling edge-triggered cell ODDR clocked by pll_dac_clk_1x  {rise@0.000ns fall@4.000ns period=8.000ns})
  Path Group:             pll_dac_clk_1x
  Path Type:              Setup (Max at Slow Process Corner)
  Requirement:            4.000ns  (pll_dac_clk_1x fall@4.000ns - pll_dac_clk_1x rise@0.000ns)
  Data Path Delay:        2.388ns  (logic 0.456ns (19.098%)  route 1.932ns (80.902%))
  Logic Levels:           0  
  Clock Path Skew:        -0.215ns (DCD - SCD + CPR)
    Destination Clock Delay (DCD):    5.430ns = ( 9.430 - 4.000 ) 
    Source Clock Delay      (SCD):    5.988ns
    Clock Pessimism Removal (CPR):    0.343ns
  Clock Uncertainty:      0.069ns  ((TSJ^2 + DJ^2)^1/2) / 2 + PE
    Total System Jitter     (TSJ):    0.071ns
    Discrete Jitter          (DJ):    0.118ns
    Phase Error              (PE):    0.000ns

    Location             Delay type                Incr(ns)  Path(ns)    Netlist Resource(s)
  -------------------------------------------------------------------    -------------------
                         (clock pll_dac_clk_1x rise edge)
                                                      0.000     0.000 r  
    U18                                               0.000     0.000 r  adc_clk_i[1] (IN)
                         net (fo=0)                   0.000     0.000    adc_clk_i[1]
    U18                  IBUFDS (Prop_ibufds_I_O)     0.983     0.983 r  i_clk/O
                         net (fo=1, routed)           1.306     2.289    pll/adc_clk_in
    PLLE2_ADV_X0Y0       PLLE2_ADV (Prop_plle2_adv_CLKIN1_CLKOUT1)
                                                      0.089     2.378 r  pll/pll/CLKOUT1
                         net (fo=1, routed)           1.754     4.132    pll_dac_clk_1x
    BUFGCTRL_X0Y3        BUFG (Prop_bufg_I_O)         0.101     4.233 r  bufg_dac_clk_1x/O
                         net (fo=63, routed)          1.755     5.988    dac_clk_1x
    SLICE_X43Y48         FDRE                                         r  dac_rst_reg/C
  -------------------------------------------------------------------    -------------------
    SLICE_X43Y48         FDRE (Prop_fdre_C_Q)         0.456     6.444 r  dac_rst_reg/Q
                         net (fo=17, routed)          1.932     8.376    dac_rst
    OLOGIC_X0Y86         ODDR                                         r  oddr_dac_dat[0]/R
  -------------------------------------------------------------------    -------------------

                         (clock pll_dac_clk_1x fall edge)
                                                      4.000     4.000 f  
    U18                                               0.000     4.000 f  adc_clk_i[1] (IN)
                         net (fo=0)                   0.000     4.000    adc_clk_i[1]
    U18                  IBUFDS (Prop_ibufds_I_O)     0.940     4.940 f  i_clk/O
                         net (fo=1, routed)           1.181     6.121    pll/adc_clk_in
    PLLE2_ADV_X0Y0       PLLE2_ADV (Prop_plle2_adv_CLKIN1_CLKOUT1)
                                                      0.084     6.205 f  pll/pll/CLKOUT1
                         net (fo=1, routed)           1.594     7.799    pll_dac_clk_1x
    BUFGCTRL_X0Y3        BUFG (Prop_bufg_I_O)         0.091     7.890 f  bufg_dac_clk_1x/O
                         net (fo=63, routed)          1.540     9.430    dac_clk_1x
    OLOGIC_X0Y86         ODDR                                         f  oddr_dac_dat[0]/C
                         clock pessimism              0.343     9.773    
                         clock uncertainty           -0.069     9.704    
    OLOGIC_X0Y86         ODDR (Setup_oddr_C_R)       -0.798     8.906    oddr_dac_dat[0]
  -------------------------------------------------------------------
                         required time                          8.906    
                         arrival time                          -8.376    
  -------------------------------------------------------------------
                         slack                                  0.530    

Slack (MET) :             0.531ns  (required time - arrival time)
  Source:                 dac_rst_reg/C
                            (rising edge-triggered cell FDRE clocked by pll_dac_clk_1x  {rise@0.000ns fall@4.000ns period=8.000ns})
  Destination:            oddr_dac_dat[12]/R
                            (falling edge-triggered cell ODDR clocked by pll_dac_clk_1x  {rise@0.000ns fall@4.000ns period=8.000ns})
  Path Group:             pll_dac_clk_1x
  Path Type:              Setup (Max at Slow Process Corner)
  Requirement:            4.000ns  (pll_dac_clk_1x fall@4.000ns - pll_dac_clk_1x rise@0.000ns)
  Data Path Delay:        2.391ns  (logic 0.456ns (19.069%)  route 1.935ns (80.931%))
  Logic Levels:           0  
  Clock Path Skew:        -0.211ns (DCD - SCD + CPR)
    Destination Clock Delay (DCD):    5.434ns = ( 9.434 - 4.000 ) 
    Source Clock Delay      (SCD):    5.988ns
    Clock Pessimism Removal (CPR):    0.343ns
  Clock Uncertainty:      0.069ns  ((TSJ^2 + DJ^2)^1/2) / 2 + PE
    Total System Jitter     (TSJ):    0.071ns
    Discrete Jitter          (DJ):    0.118ns
    Phase Error              (PE):    0.000ns

    Location             Delay type                Incr(ns)  Path(ns)    Netlist Resource(s)
  -------------------------------------------------------------------    -------------------
                         (clock pll_dac_clk_1x rise edge)
                                                      0.000     0.000 r  
    U18                                               0.000     0.000 r  adc_clk_i[1] (IN)
                         net (fo=0)                   0.000     0.000    adc_clk_i[1]
    U18                  IBUFDS (Prop_ibufds_I_O)     0.983     0.983 r  i_clk/O
                         net (fo=1, routed)           1.306     2.289    pll/adc_clk_in
    PLLE2_ADV_X0Y0       PLLE2_ADV (Prop_plle2_adv_CLKIN1_CLKOUT1)
                                                      0.089     2.378 r  pll/pll/CLKOUT1
                         net (fo=1, routed)           1.754     4.132    pll_dac_clk_1x
    BUFGCTRL_X0Y3        BUFG (Prop_bufg_I_O)         0.101     4.233 r  bufg_dac_clk_1x/O
                         net (fo=63, routed)          1.755     5.988    dac_clk_1x
    SLICE_X43Y48         FDRE                                         r  dac_rst_reg/C
  -------------------------------------------------------------------    -------------------
    SLICE_X43Y48         FDRE (Prop_fdre_C_Q)         0.456     6.444 r  dac_rst_reg/Q
                         net (fo=17, routed)          1.935     8.379    dac_rst
    OLOGIC_X0Y91         ODDR                                         r  oddr_dac_dat[12]/R
  -------------------------------------------------------------------    -------------------

                         (clock pll_dac_clk_1x fall edge)
                                                      4.000     4.000 f  
    U18                                               0.000     4.000 f  adc_clk_i[1] (IN)
                         net (fo=0)                   0.000     4.000    adc_clk_i[1]
    U18                  IBUFDS (Prop_ibufds_I_O)     0.940     4.940 f  i_clk/O
                         net (fo=1, routed)           1.181     6.121    pll/adc_clk_in
    PLLE2_ADV_X0Y0       PLLE2_ADV (Prop_plle2_adv_CLKIN1_CLKOUT1)
                                                      0.084     6.205 f  pll/pll/CLKOUT1
                         net (fo=1, routed)           1.594     7.799    pll_dac_clk_1x
    BUFGCTRL_X0Y3        BUFG (Prop_bufg_I_O)         0.091     7.890 f  bufg_dac_clk_1x/O
                         net (fo=63, routed)          1.544     9.434    dac_clk_1x
    OLOGIC_X0Y91         ODDR                                         f  oddr_dac_dat[12]/C
                         clock pessimism              0.343     9.777    
                         clock uncertainty           -0.069     9.708    
    OLOGIC_X0Y91         ODDR (Setup_oddr_C_R)       -0.798     8.910    oddr_dac_dat[12]
  -------------------------------------------------------------------
                         required time                          8.910    
                         arrival time                          -8.379    
  -------------------------------------------------------------------
                         slack                                  0.531    

Slack (MET) :             0.544ns  (required time - arrival time)
  Source:                 dac_rst_reg/C
                            (rising edge-triggered cell FDRE clocked by pll_dac_clk_1x  {rise@0.000ns fall@4.000ns period=8.000ns})
  Destination:            oddr_dac_dat[9]/R
                            (falling edge-triggered cell ODDR clocked by pll_dac_clk_1x  {rise@0.000ns fall@4.000ns period=8.000ns})
  Path Group:             pll_dac_clk_1x
  Path Type:              Setup (Max at Slow Process Corner)
  Requirement:            4.000ns  (pll_dac_clk_1x fall@4.000ns - pll_dac_clk_1x rise@0.000ns)
  Data Path Delay:        2.375ns  (logic 0.456ns (19.204%)  route 1.919ns (80.796%))
  Logic Levels:           0  
  Clock Path Skew:        -0.215ns (DCD - SCD + CPR)
    Destination Clock Delay (DCD):    5.430ns = ( 9.430 - 4.000 ) 
    Source Clock Delay      (SCD):    5.988ns
    Clock Pessimism Removal (CPR):    0.343ns
  Clock Uncertainty:      0.069ns  ((TSJ^2 + DJ^2)^1/2) / 2 + PE
    Total System Jitter     (TSJ):    0.071ns
    Discrete Jitter          (DJ):    0.118ns
    Phase Error              (PE):    0.000ns

    Location             Delay type                Incr(ns)  Path(ns)    Netlist Resource(s)
  -------------------------------------------------------------------    -------------------
                         (clock pll_dac_clk_1x rise edge)
                                                      0.000     0.000 r  
    U18                                               0.000     0.000 r  adc_clk_i[1] (IN)
                         net (fo=0)                   0.000     0.000    adc_clk_i[1]
    U18                  IBUFDS (Prop_ibufds_I_O)     0.983     0.983 r  i_clk/O
                         net (fo=1, routed)           1.306     2.289    pll/adc_clk_in
    PLLE2_ADV_X0Y0       PLLE2_ADV (Prop_plle2_adv_CLKIN1_CLKOUT1)
                                                      0.089     2.378 r  pll/pll/CLKOUT1
                         net (fo=1, routed)           1.754     4.132    pll_dac_clk_1x
    BUFGCTRL_X0Y3        BUFG (Prop_bufg_I_O)         0.101     4.233 r  bufg_dac_clk_1x/O
                         net (fo=63, routed)          1.755     5.988    dac_clk_1x
    SLICE_X43Y48         FDRE                                         r  dac_rst_reg/C
  -------------------------------------------------------------------    -------------------
    SLICE_X43Y48         FDRE (Prop_fdre_C_Q)         0.456     6.444 r  dac_rst_reg/Q
                         net (fo=17, routed)          1.919     8.363    dac_rst
    OLOGIC_X0Y63         ODDR                                         r  oddr_dac_dat[9]/R
  -------------------------------------------------------------------    -------------------

                         (clock pll_dac_clk_1x fall edge)
                                                      4.000     4.000 f  
    U18                                               0.000     4.000 f  adc_clk_i[1] (IN)
                         net (fo=0)                   0.000     4.000    adc_clk_i[1]
    U18                  IBUFDS (Prop_ibufds_I_O)     0.940     4.940 f  i_clk/O
                         net (fo=1, routed)           1.181     6.121    pll/adc_clk_in
    PLLE2_ADV_X0Y0       PLLE2_ADV (Prop_plle2_adv_CLKIN1_CLKOUT1)
                                                      0.084     6.205 f  pll/pll/CLKOUT1
                         net (fo=1, routed)           1.594     7.799    pll_dac_clk_1x
    BUFGCTRL_X0Y3        BUFG (Prop_bufg_I_O)         0.091     7.890 f  bufg_dac_clk_1x/O
                         net (fo=63, routed)          1.540     9.430    dac_clk_1x
    OLOGIC_X0Y63         ODDR                                         f  oddr_dac_dat[9]/C
                         clock pessimism              0.343     9.773    
                         clock uncertainty           -0.069     9.704    
    OLOGIC_X0Y63         ODDR (Setup_oddr_C_R)       -0.798     8.906    oddr_dac_dat[9]
  -------------------------------------------------------------------
                         required time                          8.906    
                         arrival time                          -8.363    
  -------------------------------------------------------------------
                         slack                                  0.544    

Slack (MET) :             0.550ns  (required time - arrival time)
  Source:                 dac_rst_reg/C
                            (rising edge-triggered cell FDRE clocked by pll_dac_clk_1x  {rise@0.000ns fall@4.000ns period=8.000ns})
  Destination:            oddr_dac_sel/R
                            (falling edge-triggered cell ODDR clocked by pll_dac_clk_1x  {rise@0.000ns fall@4.000ns period=8.000ns})
  Path Group:             pll_dac_clk_1x
  Path Type:              Setup (Max at Slow Process Corner)
  Requirement:            4.000ns  (pll_dac_clk_1x fall@4.000ns - pll_dac_clk_1x rise@0.000ns)
  Data Path Delay:        2.372ns  (logic 0.456ns (19.220%)  route 1.916ns (80.780%))
  Logic Levels:           0  
  Clock Path Skew:        -0.211ns (DCD - SCD + CPR)
    Destination Clock Delay (DCD):    5.434ns = ( 9.434 - 4.000 ) 
    Source Clock Delay      (SCD):    5.988ns
    Clock Pessimism Removal (CPR):    0.343ns
  Clock Uncertainty:      0.069ns  ((TSJ^2 + DJ^2)^1/2) / 2 + PE
    Total System Jitter     (TSJ):    0.071ns
    Discrete Jitter          (DJ):    0.118ns
    Phase Error              (PE):    0.000ns

    Location             Delay type                Incr(ns)  Path(ns)    Netlist Resource(s)
  -------------------------------------------------------------------    -------------------
                         (clock pll_dac_clk_1x rise edge)
                                                      0.000     0.000 r  
    U18                                               0.000     0.000 r  adc_clk_i[1] (IN)
                         net (fo=0)                   0.000     0.000    adc_clk_i[1]
    U18                  IBUFDS (Prop_ibufds_I_O)     0.983     0.983 r  i_clk/O
                         net (fo=1, routed)           1.306     2.289    pll/adc_clk_in
    PLLE2_ADV_X0Y0       PLLE2_ADV (Prop_plle2_adv_CLKIN1_CLKOUT1)
                                                      0.089     2.378 r  pll/pll/CLKOUT1
                         net (fo=1, routed)           1.754     4.132    pll_dac_clk_1x
    BUFGCTRL_X0Y3        BUFG (Prop_bufg_I_O)         0.101     4.233 r  bufg_dac_clk_1x/O
                         net (fo=63, routed)          1.755     5.988    dac_clk_1x
    SLICE_X43Y48         FDRE                                         r  dac_rst_reg/C
  -------------------------------------------------------------------    -------------------
    SLICE_X43Y48         FDRE (Prop_fdre_C_Q)         0.456     6.444 r  dac_rst_reg/Q
                         net (fo=17, routed)          1.916     8.361    dac_rst
    OLOGIC_X0Y57         ODDR                                         r  oddr_dac_sel/R
  -------------------------------------------------------------------    -------------------

                         (clock pll_dac_clk_1x fall edge)
                                                      4.000     4.000 f  
    U18                                               0.000     4.000 f  adc_clk_i[1] (IN)
                         net (fo=0)                   0.000     4.000    adc_clk_i[1]
    U18                  IBUFDS (Prop_ibufds_I_O)     0.940     4.940 f  i_clk/O
                         net (fo=1, routed)           1.181     6.121    pll/adc_clk_in
    PLLE2_ADV_X0Y0       PLLE2_ADV (Prop_plle2_adv_CLKIN1_CLKOUT1)
                                                      0.084     6.205 f  pll/pll/CLKOUT1
                         net (fo=1, routed)           1.594     7.799    pll_dac_clk_1x
    BUFGCTRL_X0Y3        BUFG (Prop_bufg_I_O)         0.091     7.890 f  bufg_dac_clk_1x/O
                         net (fo=63, routed)          1.544     9.434    dac_clk_1x
    OLOGIC_X0Y57         ODDR                                         f  oddr_dac_sel/C
                         clock pessimism              0.343     9.777    
                         clock uncertainty           -0.069     9.708    
    OLOGIC_X0Y57         ODDR (Setup_oddr_C_R)       -0.798     8.910    oddr_dac_sel
  -------------------------------------------------------------------
                         required time                          8.910    
                         arrival time                          -8.361    
  -------------------------------------------------------------------
                         slack                                  0.550    

Slack (MET) :             0.562ns  (required time - arrival time)
  Source:                 dac_rst_reg/C
                            (rising edge-triggered cell FDRE clocked by pll_dac_clk_1x  {rise@0.000ns fall@4.000ns period=8.000ns})
  Destination:            oddr_dac_dat[8]/R
                            (falling edge-triggered cell ODDR clocked by pll_dac_clk_1x  {rise@0.000ns fall@4.000ns period=8.000ns})
  Path Group:             pll_dac_clk_1x
  Path Type:              Setup (Max at Slow Process Corner)
  Requirement:            4.000ns  (pll_dac_clk_1x fall@4.000ns - pll_dac_clk_1x rise@0.000ns)
  Data Path Delay:        2.356ns  (logic 0.456ns (19.355%)  route 1.900ns (80.645%))
  Logic Levels:           0  
  Clock Path Skew:        -0.215ns (DCD - SCD + CPR)
    Destination Clock Delay (DCD):    5.430ns = ( 9.430 - 4.000 ) 
    Source Clock Delay      (SCD):    5.988ns
    Clock Pessimism Removal (CPR):    0.343ns
  Clock Uncertainty:      0.069ns  ((TSJ^2 + DJ^2)^1/2) / 2 + PE
    Total System Jitter     (TSJ):    0.071ns
    Discrete Jitter          (DJ):    0.118ns
    Phase Error              (PE):    0.000ns

    Location             Delay type                Incr(ns)  Path(ns)    Netlist Resource(s)
  -------------------------------------------------------------------    -------------------
                         (clock pll_dac_clk_1x rise edge)
                                                      0.000     0.000 r  
    U18                                               0.000     0.000 r  adc_clk_i[1] (IN)
                         net (fo=0)                   0.000     0.000    adc_clk_i[1]
    U18                  IBUFDS (Prop_ibufds_I_O)     0.983     0.983 r  i_clk/O
                         net (fo=1, routed)           1.306     2.289    pll/adc_clk_in
    PLLE2_ADV_X0Y0       PLLE2_ADV (Prop_plle2_adv_CLKIN1_CLKOUT1)
                                                      0.089     2.378 r  pll/pll/CLKOUT1
                         net (fo=1, routed)           1.754     4.132    pll_dac_clk_1x
    BUFGCTRL_X0Y3        BUFG (Prop_bufg_I_O)         0.101     4.233 r  bufg_dac_clk_1x/O
                         net (fo=63, routed)          1.755     5.988    dac_clk_1x
    SLICE_X43Y48         FDRE                                         r  dac_rst_reg/C
  -------------------------------------------------------------------    -------------------
    SLICE_X43Y48         FDRE (Prop_fdre_C_Q)         0.456     6.444 r  dac_rst_reg/Q
                         net (fo=17, routed)          1.900     8.344    dac_rst
    OLOGIC_X0Y64         ODDR                                         r  oddr_dac_dat[8]/R
  -------------------------------------------------------------------    -------------------

                         (clock pll_dac_clk_1x fall edge)
                                                      4.000     4.000 f  
    U18                                               0.000     4.000 f  adc_clk_i[1] (IN)
                         net (fo=0)                   0.000     4.000    adc_clk_i[1]
    U18                  IBUFDS (Prop_ibufds_I_O)     0.940     4.940 f  i_clk/O
                         net (fo=1, routed)           1.181     6.121    pll/adc_clk_in
    PLLE2_ADV_X0Y0       PLLE2_ADV (Prop_plle2_adv_CLKIN1_CLKOUT1)
                                                      0.084     6.205 f  pll/pll/CLKOUT1
                         net (fo=1, routed)           1.594     7.799    pll_dac_clk_1x
    BUFGCTRL_X0Y3        BUFG (Prop_bufg_I_O)         0.091     7.890 f  bufg_dac_clk_1x/O
                         net (fo=63, routed)          1.540     9.430    dac_clk_1x
    OLOGIC_X0Y64         ODDR                                         f  oddr_dac_dat[8]/C
                         clock pessimism              0.343     9.773    
                         clock uncertainty           -0.069     9.704    
    OLOGIC_X0Y64         ODDR (Setup_oddr_C_R)       -0.798     8.906    oddr_dac_dat[8]
  -------------------------------------------------------------------
                         required time                          8.906    
                         arrival time                          -8.344    
  -------------------------------------------------------------------
                         slack                                  0.562    





Min Delay Paths
--------------------------------------------------------------------------------------
Slack (MET) :             0.203ns  (arrival time - required time)
  Source:                 dac_rst_reg/C
                            (rising edge-triggered cell FDRE clocked by pll_dac_clk_1x  {rise@0.000ns fall@4.000ns period=8.000ns})
  Destination:            oddr_dac_dat[1]/R
                            (rising edge-triggered cell ODDR clocked by pll_dac_clk_1x  {rise@0.000ns fall@4.000ns period=8.000ns})
  Path Group:             pll_dac_clk_1x
  Path Type:              Hold (Min at Fast Process Corner)
  Requirement:            0.000ns  (pll_dac_clk_1x rise@0.000ns - pll_dac_clk_1x rise@0.000ns)
  Data Path Delay:        0.938ns  (logic 0.141ns (15.038%)  route 0.797ns (84.962%))
  Logic Levels:           0  
  Clock Path Skew:        0.258ns (DCD - SCD - CPR)
    Destination Clock Delay (DCD):    2.392ns
    Source Clock Delay      (SCD):    2.008ns
    Clock Pessimism Removal (CPR):    0.125ns

    Location             Delay type                Incr(ns)  Path(ns)    Netlist Resource(s)
  -------------------------------------------------------------------    -------------------
                         (clock pll_dac_clk_1x rise edge)
                                                      0.000     0.000 r  
    U18                                               0.000     0.000 r  adc_clk_i[1] (IN)
                         net (fo=0)                   0.000     0.000    adc_clk_i[1]
    U18                  IBUFDS (Prop_ibufds_I_O)     0.401     0.401 r  i_clk/O
                         net (fo=1, routed)           0.440     0.842    pll/adc_clk_in
    PLLE2_ADV_X0Y0       PLLE2_ADV (Prop_plle2_adv_CLKIN1_CLKOUT1)
                                                      0.051     0.893 r  pll/pll/CLKOUT1
                         net (fo=1, routed)           0.497     1.390    pll_dac_clk_1x
    BUFGCTRL_X0Y3        BUFG (Prop_bufg_I_O)         0.026     1.416 r  bufg_dac_clk_1x/O
                         net (fo=63, routed)          0.593     2.008    dac_clk_1x
    SLICE_X43Y48         FDRE                                         r  dac_rst_reg/C
  -------------------------------------------------------------------    -------------------
    SLICE_X43Y48         FDRE (Prop_fdre_C_Q)         0.141     2.149 r  dac_rst_reg/Q
                         net (fo=17, routed)          0.797     2.946    dac_rst
    OLOGIC_X0Y85         ODDR                                         r  oddr_dac_dat[1]/R
  -------------------------------------------------------------------    -------------------

                         (clock pll_dac_clk_1x rise edge)
                                                      0.000     0.000 r  
    U18                                               0.000     0.000 r  adc_clk_i[1] (IN)
                         net (fo=0)                   0.000     0.000    adc_clk_i[1]
    U18                  IBUFDS (Prop_ibufds_I_O)     0.433     0.433 r  i_clk/O
                         net (fo=1, routed)           0.481     0.914    pll/adc_clk_in
    PLLE2_ADV_X0Y0       PLLE2_ADV (Prop_plle2_adv_CLKIN1_CLKOUT1)
                                                      0.054     0.968 r  pll/pll/CLKOUT1
                         net (fo=1, routed)           0.544     1.512    pll_dac_clk_1x
    BUFGCTRL_X0Y3        BUFG (Prop_bufg_I_O)         0.029     1.541 r  bufg_dac_clk_1x/O
                         net (fo=63, routed)          0.851     2.392    dac_clk_1x
    OLOGIC_X0Y85         ODDR                                         r  oddr_dac_dat[1]/C
                         clock pessimism             -0.125     2.267    
    OLOGIC_X0Y85         ODDR (Hold_oddr_C_R)         0.476     2.743    oddr_dac_dat[1]
  -------------------------------------------------------------------
                         required time                         -2.743    
                         arrival time                           2.946    
  -------------------------------------------------------------------
                         slack                                  0.203    

Slack (MET) :             0.231ns  (arrival time - required time)
  Source:                 dac_rst_reg/C
                            (rising edge-triggered cell FDRE clocked by pll_dac_clk_1x  {rise@0.000ns fall@4.000ns period=8.000ns})
  Destination:            oddr_dac_sel/R
                            (rising edge-triggered cell ODDR clocked by pll_dac_clk_1x  {rise@0.000ns fall@4.000ns period=8.000ns})
  Path Group:             pll_dac_clk_1x
  Path Type:              Hold (Min at Fast Process Corner)
  Requirement:            0.000ns  (pll_dac_clk_1x rise@0.000ns - pll_dac_clk_1x rise@0.000ns)
  Data Path Delay:        0.967ns  (logic 0.141ns (14.574%)  route 0.826ns (85.426%))
  Logic Levels:           0  
  Clock Path Skew:        0.260ns (DCD - SCD - CPR)
    Destination Clock Delay (DCD):    2.394ns
    Source Clock Delay      (SCD):    2.008ns
    Clock Pessimism Removal (CPR):    0.125ns

    Location             Delay type                Incr(ns)  Path(ns)    Netlist Resource(s)
  -------------------------------------------------------------------    -------------------
                         (clock pll_dac_clk_1x rise edge)
                                                      0.000     0.000 r  
    U18                                               0.000     0.000 r  adc_clk_i[1] (IN)
                         net (fo=0)                   0.000     0.000    adc_clk_i[1]
    U18                  IBUFDS (Prop_ibufds_I_O)     0.401     0.401 r  i_clk/O
                         net (fo=1, routed)           0.440     0.842    pll/adc_clk_in
    PLLE2_ADV_X0Y0       PLLE2_ADV (Prop_plle2_adv_CLKIN1_CLKOUT1)
                                                      0.051     0.893 r  pll/pll/CLKOUT1
                         net (fo=1, routed)           0.497     1.390    pll_dac_clk_1x
    BUFGCTRL_X0Y3        BUFG (Prop_bufg_I_O)         0.026     1.416 r  bufg_dac_clk_1x/O
                         net (fo=63, routed)          0.593     2.008    dac_clk_1x
    SLICE_X43Y48         FDRE                                         r  dac_rst_reg/C
  -------------------------------------------------------------------    -------------------
    SLICE_X43Y48         FDRE (Prop_fdre_C_Q)         0.141     2.149 r  dac_rst_reg/Q
                         net (fo=17, routed)          0.826     2.976    dac_rst
    OLOGIC_X0Y57         ODDR                                         r  oddr_dac_sel/R
  -------------------------------------------------------------------    -------------------

                         (clock pll_dac_clk_1x rise edge)
                                                      0.000     0.000 r  
    U18                                               0.000     0.000 r  adc_clk_i[1] (IN)
                         net (fo=0)                   0.000     0.000    adc_clk_i[1]
    U18                  IBUFDS (Prop_ibufds_I_O)     0.433     0.433 r  i_clk/O
                         net (fo=1, routed)           0.481     0.914    pll/adc_clk_in
    PLLE2_ADV_X0Y0       PLLE2_ADV (Prop_plle2_adv_CLKIN1_CLKOUT1)
                                                      0.054     0.968 r  pll/pll/CLKOUT1
                         net (fo=1, routed)           0.544     1.512    pll_dac_clk_1x
    BUFGCTRL_X0Y3        BUFG (Prop_bufg_I_O)         0.029     1.541 r  bufg_dac_clk_1x/O
                         net (fo=63, routed)          0.853     2.394    dac_clk_1x
    OLOGIC_X0Y57         ODDR                                         r  oddr_dac_sel/C
                         clock pessimism             -0.125     2.269    
    OLOGIC_X0Y57         ODDR (Hold_oddr_C_R)         0.476     2.745    oddr_dac_sel
  -------------------------------------------------------------------
                         required time                         -2.745    
                         arrival time                           2.976    
  -------------------------------------------------------------------
                         slack                                  0.231    

Slack (MET) :             0.245ns  (arrival time - required time)
  Source:                 dac_rst_reg/C
                            (rising edge-triggered cell FDRE clocked by pll_dac_clk_1x  {rise@0.000ns fall@4.000ns period=8.000ns})
  Destination:            oddr_dac_dat[5]/R
                            (rising edge-triggered cell ODDR clocked by pll_dac_clk_1x  {rise@0.000ns fall@4.000ns period=8.000ns})
  Path Group:             pll_dac_clk_1x
  Path Type:              Hold (Min at Fast Process Corner)
  Requirement:            0.000ns  (pll_dac_clk_1x rise@0.000ns - pll_dac_clk_1x rise@0.000ns)
  Data Path Delay:        0.975ns  (logic 0.141ns (14.456%)  route 0.834ns (85.544%))
  Logic Levels:           0  
  Clock Path Skew:        0.254ns (DCD - SCD - CPR)
    Destination Clock Delay (DCD):    2.388ns
    Source Clock Delay      (SCD):    2.008ns
    Clock Pessimism Removal (CPR):    0.125ns

    Location             Delay type                Incr(ns)  Path(ns)    Netlist Resource(s)
  -------------------------------------------------------------------    -------------------
                         (clock pll_dac_clk_1x rise edge)
                                                      0.000     0.000 r  
    U18                                               0.000     0.000 r  adc_clk_i[1] (IN)
                         net (fo=0)                   0.000     0.000    adc_clk_i[1]
    U18                  IBUFDS (Prop_ibufds_I_O)     0.401     0.401 r  i_clk/O
                         net (fo=1, routed)           0.440     0.842    pll/adc_clk_in
    PLLE2_ADV_X0Y0       PLLE2_ADV (Prop_plle2_adv_CLKIN1_CLKOUT1)
                                                      0.051     0.893 r  pll/pll/CLKOUT1
                         net (fo=1, routed)           0.497     1.390    pll_dac_clk_1x
    BUFGCTRL_X0Y3        BUFG (Prop_bufg_I_O)         0.026     1.416 r  bufg_dac_clk_1x/O
                         net (fo=63, routed)          0.593     2.008    dac_clk_1x
    SLICE_X43Y48         FDRE                                         r  dac_rst_reg/C
  -------------------------------------------------------------------    -------------------
    SLICE_X43Y48         FDRE (Prop_fdre_C_Q)         0.141     2.149 r  dac_rst_reg/Q
                         net (fo=17, routed)          0.834     2.984    dac_rst
    OLOGIC_X0Y79         ODDR                                         r  oddr_dac_dat[5]/R
  -------------------------------------------------------------------    -------------------

                         (clock pll_dac_clk_1x rise edge)
                                                      0.000     0.000 r  
    U18                                               0.000     0.000 r  adc_clk_i[1] (IN)
                         net (fo=0)                   0.000     0.000    adc_clk_i[1]
    U18                  IBUFDS (Prop_ibufds_I_O)     0.433     0.433 r  i_clk/O
                         net (fo=1, routed)           0.481     0.914    pll/adc_clk_in
    PLLE2_ADV_X0Y0       PLLE2_ADV (Prop_plle2_adv_CLKIN1_CLKOUT1)
                                                      0.054     0.968 r  pll/pll/CLKOUT1
                         net (fo=1, routed)           0.544     1.512    pll_dac_clk_1x
    BUFGCTRL_X0Y3        BUFG (Prop_bufg_I_O)         0.029     1.541 r  bufg_dac_clk_1x/O
                         net (fo=63, routed)          0.847     2.388    dac_clk_1x
    OLOGIC_X0Y79         ODDR                                         r  oddr_dac_dat[5]/C
                         clock pessimism             -0.125     2.263    
    OLOGIC_X0Y79         ODDR (Hold_oddr_C_R)         0.476     2.739    oddr_dac_dat[5]
  -------------------------------------------------------------------
                         required time                         -2.739    
                         arrival time                           2.984    
  -------------------------------------------------------------------
                         slack                                  0.245    

Slack (MET) :             0.249ns  (arrival time - required time)
  Source:                 dac_rst_reg/C
                            (rising edge-triggered cell FDRE clocked by pll_dac_clk_1x  {rise@0.000ns fall@4.000ns period=8.000ns})
  Destination:            oddr_dac_dat[10]/R
                            (rising edge-triggered cell ODDR clocked by pll_dac_clk_1x  {rise@0.000ns fall@4.000ns period=8.000ns})
  Path Group:             pll_dac_clk_1x
  Path Type:              Hold (Min at Fast Process Corner)
  Requirement:            0.000ns  (pll_dac_clk_1x rise@0.000ns - pll_dac_clk_1x rise@0.000ns)
  Data Path Delay:        0.979ns  (logic 0.141ns (14.400%)  route 0.838ns (85.600%))
  Logic Levels:           0  
  Clock Path Skew:        0.254ns (DCD - SCD - CPR)
    Destination Clock Delay (DCD):    2.388ns
    Source Clock Delay      (SCD):    2.008ns
    Clock Pessimism Removal (CPR):    0.125ns

    Location             Delay type                Incr(ns)  Path(ns)    Netlist Resource(s)
  -------------------------------------------------------------------    -------------------
                         (clock pll_dac_clk_1x rise edge)
                                                      0.000     0.000 r  
    U18                                               0.000     0.000 r  adc_clk_i[1] (IN)
                         net (fo=0)                   0.000     0.000    adc_clk_i[1]
    U18                  IBUFDS (Prop_ibufds_I_O)     0.401     0.401 r  i_clk/O
                         net (fo=1, routed)           0.440     0.842    pll/adc_clk_in
    PLLE2_ADV_X0Y0       PLLE2_ADV (Prop_plle2_adv_CLKIN1_CLKOUT1)
                                                      0.051     0.893 r  pll/pll/CLKOUT1
                         net (fo=1, routed)           0.497     1.390    pll_dac_clk_1x
    BUFGCTRL_X0Y3        BUFG (Prop_bufg_I_O)         0.026     1.416 r  bufg_dac_clk_1x/O
                         net (fo=63, routed)          0.593     2.008    dac_clk_1x
    SLICE_X43Y48         FDRE                                         r  dac_rst_reg/C
  -------------------------------------------------------------------    -------------------
    SLICE_X43Y48         FDRE (Prop_fdre_C_Q)         0.141     2.149 r  dac_rst_reg/Q
                         net (fo=17, routed)          0.838     2.987    dac_rst
    OLOGIC_X0Y70         ODDR                                         r  oddr_dac_dat[10]/R
  -------------------------------------------------------------------    -------------------

                         (clock pll_dac_clk_1x rise edge)
                                                      0.000     0.000 r  
    U18                                               0.000     0.000 r  adc_clk_i[1] (IN)
                         net (fo=0)                   0.000     0.000    adc_clk_i[1]
    U18                  IBUFDS (Prop_ibufds_I_O)     0.433     0.433 r  i_clk/O
                         net (fo=1, routed)           0.481     0.914    pll/adc_clk_in
    PLLE2_ADV_X0Y0       PLLE2_ADV (Prop_plle2_adv_CLKIN1_CLKOUT1)
                                                      0.054     0.968 r  pll/pll/CLKOUT1
                         net (fo=1, routed)           0.544     1.512    pll_dac_clk_1x
    BUFGCTRL_X0Y3        BUFG (Prop_bufg_I_O)         0.029     1.541 r  bufg_dac_clk_1x/O
                         net (fo=63, routed)          0.847     2.388    dac_clk_1x
    OLOGIC_X0Y70         ODDR                                         r  oddr_dac_dat[10]/C
                         clock pessimism             -0.125     2.263    
    OLOGIC_X0Y70         ODDR (Hold_oddr_C_R)         0.476     2.739    oddr_dac_dat[10]
  -------------------------------------------------------------------
                         required time                         -2.739    
                         arrival time                           2.987    
  -------------------------------------------------------------------
                         slack                                  0.249    

Slack (MET) :             0.249ns  (arrival time - required time)
  Source:                 dac_rst_reg/C
                            (rising edge-triggered cell FDRE clocked by pll_dac_clk_1x  {rise@0.000ns fall@4.000ns period=8.000ns})
  Destination:            oddr_dac_dat[12]/R
                            (rising edge-triggered cell ODDR clocked by pll_dac_clk_1x  {rise@0.000ns fall@4.000ns period=8.000ns})
  Path Group:             pll_dac_clk_1x
  Path Type:              Hold (Min at Fast Process Corner)
  Requirement:            0.000ns  (pll_dac_clk_1x rise@0.000ns - pll_dac_clk_1x rise@0.000ns)
  Data Path Delay:        0.985ns  (logic 0.141ns (14.309%)  route 0.844ns (85.691%))
  Logic Levels:           0  
  Clock Path Skew:        0.260ns (DCD - SCD - CPR)
    Destination Clock Delay (DCD):    2.394ns
    Source Clock Delay      (SCD):    2.008ns
    Clock Pessimism Removal (CPR):    0.125ns

    Location             Delay type                Incr(ns)  Path(ns)    Netlist Resource(s)
  -------------------------------------------------------------------    -------------------
                         (clock pll_dac_clk_1x rise edge)
                                                      0.000     0.000 r  
    U18                                               0.000     0.000 r  adc_clk_i[1] (IN)
                         net (fo=0)                   0.000     0.000    adc_clk_i[1]
    U18                  IBUFDS (Prop_ibufds_I_O)     0.401     0.401 r  i_clk/O
                         net (fo=1, routed)           0.440     0.842    pll/adc_clk_in
    PLLE2_ADV_X0Y0       PLLE2_ADV (Prop_plle2_adv_CLKIN1_CLKOUT1)
                                                      0.051     0.893 r  pll/pll/CLKOUT1
                         net (fo=1, routed)           0.497     1.390    pll_dac_clk_1x
    BUFGCTRL_X0Y3        BUFG (Prop_bufg_I_O)         0.026     1.416 r  bufg_dac_clk_1x/O
                         net (fo=63, routed)          0.593     2.008    dac_clk_1x
    SLICE_X43Y48         FDRE                                         r  dac_rst_reg/C
  -------------------------------------------------------------------    -------------------
    SLICE_X43Y48         FDRE (Prop_fdre_C_Q)         0.141     2.149 r  dac_rst_reg/Q
                         net (fo=17, routed)          0.844     2.994    dac_rst
    OLOGIC_X0Y91         ODDR                                         r  oddr_dac_dat[12]/R
  -------------------------------------------------------------------    -------------------

                         (clock pll_dac_clk_1x rise edge)
                                                      0.000     0.000 r  
    U18                                               0.000     0.000 r  adc_clk_i[1] (IN)
                         net (fo=0)                   0.000     0.000    adc_clk_i[1]
    U18                  IBUFDS (Prop_ibufds_I_O)     0.433     0.433 r  i_clk/O
                         net (fo=1, routed)           0.481     0.914    pll/adc_clk_in
    PLLE2_ADV_X0Y0       PLLE2_ADV (Prop_plle2_adv_CLKIN1_CLKOUT1)
                                                      0.054     0.968 r  pll/pll/CLKOUT1
                         net (fo=1, routed)           0.544     1.512    pll_dac_clk_1x
    BUFGCTRL_X0Y3        BUFG (Prop_bufg_I_O)         0.029     1.541 r  bufg_dac_clk_1x/O
                         net (fo=63, routed)          0.853     2.394    dac_clk_1x
    OLOGIC_X0Y91         ODDR                                         r  oddr_dac_dat[12]/C
                         clock pessimism             -0.125     2.269    
    OLOGIC_X0Y91         ODDR (Hold_oddr_C_R)         0.476     2.745    oddr_dac_dat[12]
  -------------------------------------------------------------------
                         required time                         -2.745    
                         arrival time                           2.994    
  -------------------------------------------------------------------
                         slack                                  0.249    

Slack (MET) :             0.252ns  (arrival time - required time)
  Source:                 dac_rst_reg/C
                            (rising edge-triggered cell FDRE clocked by pll_dac_clk_1x  {rise@0.000ns fall@4.000ns period=8.000ns})
  Destination:            oddr_dac_dat[6]/R
                            (rising edge-triggered cell ODDR clocked by pll_dac_clk_1x  {rise@0.000ns fall@4.000ns period=8.000ns})
  Path Group:             pll_dac_clk_1x
  Path Type:              Hold (Min at Fast Process Corner)
  Requirement:            0.000ns  (pll_dac_clk_1x rise@0.000ns - pll_dac_clk_1x rise@0.000ns)
  Data Path Delay:        0.986ns  (logic 0.141ns (14.298%)  route 0.845ns (85.702%))
  Logic Levels:           0  
  Clock Path Skew:        0.258ns (DCD - SCD - CPR)
    Destination Clock Delay (DCD):    2.392ns
    Source Clock Delay      (SCD):    2.008ns
    Clock Pessimism Removal (CPR):    0.125ns

    Location             Delay type                Incr(ns)  Path(ns)    Netlist Resource(s)
  -------------------------------------------------------------------    -------------------
                         (clock pll_dac_clk_1x rise edge)
                                                      0.000     0.000 r  
    U18                                               0.000     0.000 r  adc_clk_i[1] (IN)
                         net (fo=0)                   0.000     0.000    adc_clk_i[1]
    U18                  IBUFDS (Prop_ibufds_I_O)     0.401     0.401 r  i_clk/O
                         net (fo=1, routed)           0.440     0.842    pll/adc_clk_in
    PLLE2_ADV_X0Y0       PLLE2_ADV (Prop_plle2_adv_CLKIN1_CLKOUT1)
                                                      0.051     0.893 r  pll/pll/CLKOUT1
                         net (fo=1, routed)           0.497     1.390    pll_dac_clk_1x
    BUFGCTRL_X0Y3        BUFG (Prop_bufg_I_O)         0.026     1.416 r  bufg_dac_clk_1x/O
                         net (fo=63, routed)          0.593     2.008    dac_clk_1x
    SLICE_X43Y48         FDRE                                         r  dac_rst_reg/C
  -------------------------------------------------------------------    -------------------
    SLICE_X43Y48         FDRE (Prop_fdre_C_Q)         0.141     2.149 r  dac_rst_reg/Q
                         net (fo=17, routed)          0.845     2.994    dac_rst
    OLOGIC_X0Y66         ODDR                                         r  oddr_dac_dat[6]/R
  -------------------------------------------------------------------    -------------------

                         (clock pll_dac_clk_1x rise edge)
                                                      0.000     0.000 r  
    U18                                               0.000     0.000 r  adc_clk_i[1] (IN)
                         net (fo=0)                   0.000     0.000    adc_clk_i[1]
    U18                  IBUFDS (Prop_ibufds_I_O)     0.433     0.433 r  i_clk/O
                         net (fo=1, routed)           0.481     0.914    pll/adc_clk_in
    PLLE2_ADV_X0Y0       PLLE2_ADV (Prop_plle2_adv_CLKIN1_CLKOUT1)
                                                      0.054     0.968 r  pll/pll/CLKOUT1
                         net (fo=1, routed)           0.544     1.512    pll_dac_clk_1x
    BUFGCTRL_X0Y3        BUFG (Prop_bufg_I_O)         0.029     1.541 r  bufg_dac_clk_1x/O
                         net (fo=63, routed)          0.851     2.392    dac_clk_1x
    OLOGIC_X0Y66         ODDR                                         r  oddr_dac_dat[6]/C
                         clock pessimism             -0.125     2.267    
    OLOGIC_X0Y66         ODDR (Hold_oddr_C_R)         0.476     2.743    oddr_dac_dat[6]
  -------------------------------------------------------------------
                         required time                         -2.743    
                         arrival time                           2.994    
  -------------------------------------------------------------------
                         slack                                  0.252    

Slack (MET) :             0.252ns  (arrival time - required time)
  Source:                 dac_rst_reg/C
                            (rising edge-triggered cell FDRE clocked by pll_dac_clk_1x  {rise@0.000ns fall@4.000ns period=8.000ns})
  Destination:            oddr_dac_dat[7]/R
                            (rising edge-triggered cell ODDR clocked by pll_dac_clk_1x  {rise@0.000ns fall@4.000ns period=8.000ns})
  Path Group:             pll_dac_clk_1x
  Path Type:              Hold (Min at Fast Process Corner)
  Requirement:            0.000ns  (pll_dac_clk_1x rise@0.000ns - pll_dac_clk_1x rise@0.000ns)
  Data Path Delay:        0.987ns  (logic 0.141ns (14.287%)  route 0.846ns (85.713%))
  Logic Levels:           0  
  Clock Path Skew:        0.258ns (DCD - SCD - CPR)
    Destination Clock Delay (DCD):    2.392ns
    Source Clock Delay      (SCD):    2.008ns
    Clock Pessimism Removal (CPR):    0.125ns

    Location             Delay type                Incr(ns)  Path(ns)    Netlist Resource(s)
  -------------------------------------------------------------------    -------------------
                         (clock pll_dac_clk_1x rise edge)
                                                      0.000     0.000 r  
    U18                                               0.000     0.000 r  adc_clk_i[1] (IN)
                         net (fo=0)                   0.000     0.000    adc_clk_i[1]
    U18                  IBUFDS (Prop_ibufds_I_O)     0.401     0.401 r  i_clk/O
                         net (fo=1, routed)           0.440     0.842    pll/adc_clk_in
    PLLE2_ADV_X0Y0       PLLE2_ADV (Prop_plle2_adv_CLKIN1_CLKOUT1)
                                                      0.051     0.893 r  pll/pll/CLKOUT1
                         net (fo=1, routed)           0.497     1.390    pll_dac_clk_1x
    BUFGCTRL_X0Y3        BUFG (Prop_bufg_I_O)         0.026     1.416 r  bufg_dac_clk_1x/O
                         net (fo=63, routed)          0.593     2.008    dac_clk_1x
    SLICE_X43Y48         FDRE                                         r  dac_rst_reg/C
  -------------------------------------------------------------------    -------------------
    SLICE_X43Y48         FDRE (Prop_fdre_C_Q)         0.141     2.149 r  dac_rst_reg/Q
                         net (fo=17, routed)          0.846     2.995    dac_rst
    OLOGIC_X0Y65         ODDR                                         r  oddr_dac_dat[7]/R
  -------------------------------------------------------------------    -------------------

                         (clock pll_dac_clk_1x rise edge)
                                                      0.000     0.000 r  
    U18                                               0.000     0.000 r  adc_clk_i[1] (IN)
                         net (fo=0)                   0.000     0.000    adc_clk_i[1]
    U18                  IBUFDS (Prop_ibufds_I_O)     0.433     0.433 r  i_clk/O
                         net (fo=1, routed)           0.481     0.914    pll/adc_clk_in
    PLLE2_ADV_X0Y0       PLLE2_ADV (Prop_plle2_adv_CLKIN1_CLKOUT1)
                                                      0.054     0.968 r  pll/pll/CLKOUT1
                         net (fo=1, routed)           0.544     1.512    pll_dac_clk_1x
    BUFGCTRL_X0Y3        BUFG (Prop_bufg_I_O)         0.029     1.541 r  bufg_dac_clk_1x/O
                         net (fo=63, routed)          0.851     2.392    dac_clk_1x
    OLOGIC_X0Y65         ODDR                                         r  oddr_dac_dat[7]/C
                         clock pessimism             -0.125     2.267    
    OLOGIC_X0Y65         ODDR (Hold_oddr_C_R)         0.476     2.743    oddr_dac_dat[7]
  -------------------------------------------------------------------
                         required time                         -2.743    
                         arrival time                           2.995    
  -------------------------------------------------------------------
                         slack                                  0.252    

Slack (MET) :             0.253ns  (arrival time - required time)
  Source:                 dac_rst_reg/C
                            (rising edge-triggered cell FDRE clocked by pll_dac_clk_1x  {rise@0.000ns fall@4.000ns period=8.000ns})
  Destination:            oddr_dac_dat[13]/R
                            (rising edge-triggered cell ODDR clocked by pll_dac_clk_1x  {rise@0.000ns fall@4.000ns period=8.000ns})
  Path Group:             pll_dac_clk_1x
  Path Type:              Hold (Min at Fast Process Corner)
  Requirement:            0.000ns  (pll_dac_clk_1x rise@0.000ns - pll_dac_clk_1x rise@0.000ns)
  Data Path Delay:        0.990ns  (logic 0.141ns (14.249%)  route 0.849ns (85.751%))
  Logic Levels:           0  
  Clock Path Skew:        0.260ns (DCD - SCD - CPR)
    Destination Clock Delay (DCD):    2.394ns
    Source Clock Delay      (SCD):    2.008ns
    Clock Pessimism Removal (CPR):    0.125ns

    Location             Delay type                Incr(ns)  Path(ns)    Netlist Resource(s)
  -------------------------------------------------------------------    -------------------
                         (clock pll_dac_clk_1x rise edge)
                                                      0.000     0.000 r  
    U18                                               0.000     0.000 r  adc_clk_i[1] (IN)
                         net (fo=0)                   0.000     0.000    adc_clk_i[1]
    U18                  IBUFDS (Prop_ibufds_I_O)     0.401     0.401 r  i_clk/O
                         net (fo=1, routed)           0.440     0.842    pll/adc_clk_in
    PLLE2_ADV_X0Y0       PLLE2_ADV (Prop_plle2_adv_CLKIN1_CLKOUT1)
                                                      0.051     0.893 r  pll/pll/CLKOUT1
                         net (fo=1, routed)           0.497     1.390    pll_dac_clk_1x
    BUFGCTRL_X0Y3        BUFG (Prop_bufg_I_O)         0.026     1.416 r  bufg_dac_clk_1x/O
                         net (fo=63, routed)          0.593     2.008    dac_clk_1x
    SLICE_X43Y48         FDRE                                         r  dac_rst_reg/C
  -------------------------------------------------------------------    -------------------
    SLICE_X43Y48         FDRE (Prop_fdre_C_Q)         0.141     2.149 r  dac_rst_reg/Q
                         net (fo=17, routed)          0.849     2.998    dac_rst
    OLOGIC_X0Y92         ODDR                                         r  oddr_dac_dat[13]/R
  -------------------------------------------------------------------    -------------------

                         (clock pll_dac_clk_1x rise edge)
                                                      0.000     0.000 r  
    U18                                               0.000     0.000 r  adc_clk_i[1] (IN)
                         net (fo=0)                   0.000     0.000    adc_clk_i[1]
    U18                  IBUFDS (Prop_ibufds_I_O)     0.433     0.433 r  i_clk/O
                         net (fo=1, routed)           0.481     0.914    pll/adc_clk_in
    PLLE2_ADV_X0Y0       PLLE2_ADV (Prop_plle2_adv_CLKIN1_CLKOUT1)
                                                      0.054     0.968 r  pll/pll/CLKOUT1
                         net (fo=1, routed)           0.544     1.512    pll_dac_clk_1x
    BUFGCTRL_X0Y3        BUFG (Prop_bufg_I_O)         0.029     1.541 r  bufg_dac_clk_1x/O
                         net (fo=63, routed)          0.853     2.394    dac_clk_1x
    OLOGIC_X0Y92         ODDR                                         r  oddr_dac_dat[13]/C
                         clock pessimism             -0.125     2.269    
    OLOGIC_X0Y92         ODDR (Hold_oddr_C_R)         0.476     2.745    oddr_dac_dat[13]
  -------------------------------------------------------------------
                         required time                         -2.745    
                         arrival time                           2.998    
  -------------------------------------------------------------------
                         slack                                  0.253    

Slack (MET) :             0.255ns  (arrival time - required time)
  Source:                 dac_rst_reg/C
                            (rising edge-triggered cell FDRE clocked by pll_dac_clk_1x  {rise@0.000ns fall@4.000ns period=8.000ns})
  Destination:            oddr_dac_dat[11]/R
                            (rising edge-triggered cell ODDR clocked by pll_dac_clk_1x  {rise@0.000ns fall@4.000ns period=8.000ns})
  Path Group:             pll_dac_clk_1x
  Path Type:              Hold (Min at Fast Process Corner)
  Requirement:            0.000ns  (pll_dac_clk_1x rise@0.000ns - pll_dac_clk_1x rise@0.000ns)
  Data Path Delay:        0.986ns  (logic 0.141ns (14.307%)  route 0.845ns (85.693%))
  Logic Levels:           0  
  Clock Path Skew:        0.254ns (DCD - SCD - CPR)
    Destination Clock Delay (DCD):    2.388ns
    Source Clock Delay      (SCD):    2.008ns
    Clock Pessimism Removal (CPR):    0.125ns

    Location             Delay type                Incr(ns)  Path(ns)    Netlist Resource(s)
  -------------------------------------------------------------------    -------------------
                         (clock pll_dac_clk_1x rise edge)
                                                      0.000     0.000 r  
    U18                                               0.000     0.000 r  adc_clk_i[1] (IN)
                         net (fo=0)                   0.000     0.000    adc_clk_i[1]
    U18                  IBUFDS (Prop_ibufds_I_O)     0.401     0.401 r  i_clk/O
                         net (fo=1, routed)           0.440     0.842    pll/adc_clk_in
    PLLE2_ADV_X0Y0       PLLE2_ADV (Prop_plle2_adv_CLKIN1_CLKOUT1)
                                                      0.051     0.893 r  pll/pll/CLKOUT1
                         net (fo=1, routed)           0.497     1.390    pll_dac_clk_1x
    BUFGCTRL_X0Y3        BUFG (Prop_bufg_I_O)         0.026     1.416 r  bufg_dac_clk_1x/O
                         net (fo=63, routed)          0.593     2.008    dac_clk_1x
    SLICE_X43Y48         FDRE                                         r  dac_rst_reg/C
  -------------------------------------------------------------------    -------------------
    SLICE_X43Y48         FDRE (Prop_fdre_C_Q)         0.141     2.149 r  dac_rst_reg/Q
                         net (fo=17, routed)          0.845     2.994    dac_rst
    OLOGIC_X0Y69         ODDR                                         r  oddr_dac_dat[11]/R
  -------------------------------------------------------------------    -------------------

                         (clock pll_dac_clk_1x rise edge)
                                                      0.000     0.000 r  
    U18                                               0.000     0.000 r  adc_clk_i[1] (IN)
                         net (fo=0)                   0.000     0.000    adc_clk_i[1]
    U18                  IBUFDS (Prop_ibufds_I_O)     0.433     0.433 r  i_clk/O
                         net (fo=1, routed)           0.481     0.914    pll/adc_clk_in
    PLLE2_ADV_X0Y0       PLLE2_ADV (Prop_plle2_adv_CLKIN1_CLKOUT1)
                                                      0.054     0.968 r  pll/pll/CLKOUT1
                         net (fo=1, routed)           0.544     1.512    pll_dac_clk_1x
    BUFGCTRL_X0Y3        BUFG (Prop_bufg_I_O)         0.029     1.541 r  bufg_dac_clk_1x/O
                         net (fo=63, routed)          0.847     2.388    dac_clk_1x
    OLOGIC_X0Y69         ODDR                                         r  oddr_dac_dat[11]/C
                         clock pessimism             -0.125     2.263    
    OLOGIC_X0Y69         ODDR (Hold_oddr_C_R)         0.476     2.739    oddr_dac_dat[11]
  -------------------------------------------------------------------
                         required time                         -2.739    
                         arrival time                           2.994    
  -------------------------------------------------------------------
                         slack                                  0.255    

Slack (MET) :             0.266ns  (arrival time - required time)
  Source:                 dac_rst_reg/C
                            (rising edge-triggered cell FDRE clocked by pll_dac_clk_1x  {rise@0.000ns fall@4.000ns period=8.000ns})
  Destination:            oddr_dac_dat[4]/R
                            (rising edge-triggered cell ODDR clocked by pll_dac_clk_1x  {rise@0.000ns fall@4.000ns period=8.000ns})
  Path Group:             pll_dac_clk_1x
  Path Type:              Hold (Min at Fast Process Corner)
  Requirement:            0.000ns  (pll_dac_clk_1x rise@0.000ns - pll_dac_clk_1x rise@0.000ns)
  Data Path Delay:        0.996ns  (logic 0.141ns (14.154%)  route 0.855ns (85.846%))
  Logic Levels:           0  
  Clock Path Skew:        0.254ns (DCD - SCD - CPR)
    Destination Clock Delay (DCD):    2.388ns
    Source Clock Delay      (SCD):    2.008ns
    Clock Pessimism Removal (CPR):    0.125ns

    Location             Delay type                Incr(ns)  Path(ns)    Netlist Resource(s)
  -------------------------------------------------------------------    -------------------
                         (clock pll_dac_clk_1x rise edge)
                                                      0.000     0.000 r  
    U18                                               0.000     0.000 r  adc_clk_i[1] (IN)
                         net (fo=0)                   0.000     0.000    adc_clk_i[1]
    U18                  IBUFDS (Prop_ibufds_I_O)     0.401     0.401 r  i_clk/O
                         net (fo=1, routed)           0.440     0.842    pll/adc_clk_in
    PLLE2_ADV_X0Y0       PLLE2_ADV (Prop_plle2_adv_CLKIN1_CLKOUT1)
                                                      0.051     0.893 r  pll/pll/CLKOUT1
                         net (fo=1, routed)           0.497     1.390    pll_dac_clk_1x
    BUFGCTRL_X0Y3        BUFG (Prop_bufg_I_O)         0.026     1.416 r  bufg_dac_clk_1x/O
                         net (fo=63, routed)          0.593     2.008    dac_clk_1x
    SLICE_X43Y48         FDRE                                         r  dac_rst_reg/C
  -------------------------------------------------------------------    -------------------
    SLICE_X43Y48         FDRE (Prop_fdre_C_Q)         0.141     2.149 r  dac_rst_reg/Q
                         net (fo=17, routed)          0.855     3.004    dac_rst
    OLOGIC_X0Y80         ODDR                                         r  oddr_dac_dat[4]/R
  -------------------------------------------------------------------    -------------------

                         (clock pll_dac_clk_1x rise edge)
                                                      0.000     0.000 r  
    U18                                               0.000     0.000 r  adc_clk_i[1] (IN)
                         net (fo=0)                   0.000     0.000    adc_clk_i[1]
    U18                  IBUFDS (Prop_ibufds_I_O)     0.433     0.433 r  i_clk/O
                         net (fo=1, routed)           0.481     0.914    pll/adc_clk_in
    PLLE2_ADV_X0Y0       PLLE2_ADV (Prop_plle2_adv_CLKIN1_CLKOUT1)
                                                      0.054     0.968 r  pll/pll/CLKOUT1
                         net (fo=1, routed)           0.544     1.512    pll_dac_clk_1x
    BUFGCTRL_X0Y3        BUFG (Prop_bufg_I_O)         0.029     1.541 r  bufg_dac_clk_1x/O
                         net (fo=63, routed)          0.847     2.388    dac_clk_1x
    OLOGIC_X0Y80         ODDR                                         r  oddr_dac_dat[4]/C
                         clock pessimism             -0.125     2.263    
    OLOGIC_X0Y80         ODDR (Hold_oddr_C_R)         0.476     2.739    oddr_dac_dat[4]
  -------------------------------------------------------------------
                         required time                         -2.739    
                         arrival time                           3.004    
  -------------------------------------------------------------------
                         slack                                  0.266    





Pulse Width Checks
--------------------------------------------------------------------------------------
Clock Name:         pll_dac_clk_1x
Waveform(ns):       { 0.000 4.000 }
Period(ns):         8.000
Sources:            { pll/pll/CLKOUT1 }

Check Type        Corner  Lib Pin            Reference Pin  Required(ns)  Actual(ns)  Slack(ns)  Location        Pin
Min Period        n/a     BUFG/I             n/a            2.155         8.000       5.845      BUFGCTRL_X0Y3   bufg_dac_clk_1x/I
Min Period        n/a     ODDR/C             n/a            1.474         8.000       6.526      OLOGIC_X0Y86    oddr_dac_dat[0]/C
Min Period        n/a     ODDR/C             n/a            1.474         8.000       6.526      OLOGIC_X0Y70    oddr_dac_dat[10]/C
Min Period        n/a     ODDR/C             n/a            1.474         8.000       6.526      OLOGIC_X0Y69    oddr_dac_dat[11]/C
Min Period        n/a     ODDR/C             n/a            1.474         8.000       6.526      OLOGIC_X0Y91    oddr_dac_dat[12]/C
Min Period        n/a     ODDR/C             n/a            1.474         8.000       6.526      OLOGIC_X0Y92    oddr_dac_dat[13]/C
Min Period        n/a     ODDR/C             n/a            1.474         8.000       6.526      OLOGIC_X0Y85    oddr_dac_dat[1]/C
Min Period        n/a     ODDR/C             n/a            1.474         8.000       6.526      OLOGIC_X0Y82    oddr_dac_dat[2]/C
Min Period        n/a     ODDR/C             n/a            1.474         8.000       6.526      OLOGIC_X0Y81    oddr_dac_dat[3]/C
Min Period        n/a     ODDR/C             n/a            1.474         8.000       6.526      OLOGIC_X0Y80    oddr_dac_dat[4]/C
Max Period        n/a     PLLE2_ADV/CLKOUT1  n/a            160.000       8.000       152.000    PLLE2_ADV_X0Y0  pll/pll/CLKOUT1
Low Pulse Width   Slow    FDRE/C             n/a            0.500         4.000       3.500      SLICE_X40Y57    dac_dat_b_reg[9]/C
Low Pulse Width   Fast    FDRE/C             n/a            0.500         4.000       3.500      SLICE_X41Y63    dac_dat_a_reg[10]/C
Low Pulse Width   Slow    FDRE/C             n/a            0.500         4.000       3.500      SLICE_X32Y56    dac_dat_a_reg[11]/C
Low Pulse Width   Fast    FDRE/C             n/a            0.500         4.000       3.500      SLICE_X43Y63    dac_dat_a_reg[4]/C
Low Pulse Width   Slow    FDRE/C             n/a            0.500         4.000       3.500      SLICE_X43Y54    dac_dat_a_reg[6]/C
Low Pulse Width   Slow    FDRE/C             n/a            0.500         4.000       3.500      SLICE_X43Y56    dac_dat_a_reg[7]/C
Low Pulse Width   Slow    FDRE/C             n/a            0.500         4.000       3.500      SLICE_X40Y56    dac_dat_a_reg[8]/C
Low Pulse Width   Slow    FDRE/C             n/a            0.500         4.000       3.500      SLICE_X40Y56    dac_dat_b_reg[10]/C
Low Pulse Width   Fast    FDRE/C             n/a            0.500         4.000       3.500      SLICE_X41Y63    dac_dat_b_reg[11]/C
Low Pulse Width   Fast    FDRE/C             n/a            0.500         4.000       3.500      SLICE_X40Y63    dac_dat_b_reg[2]/C
High Pulse Width  Slow    FDRE/C             n/a            0.500         4.000       3.500      SLICE_X34Y82    dac_dat_a_reg[13]/C
High Pulse Width  Slow    FDRE/C             n/a            0.500         4.000       3.500      SLICE_X43Y48    dac_rst_reg/C
High Pulse Width  Slow    FDRE/C             n/a            0.500         4.000       3.500      SLICE_X38Y69    dac_dat_a_reg[0]/C
High Pulse Width  Fast    FDRE/C             n/a            0.500         4.000       3.500      SLICE_X38Y69    dac_dat_a_reg[0]/C
High Pulse Width  Slow    FDRE/C             n/a            0.500         4.000       3.500      SLICE_X41Y63    dac_dat_a_reg[10]/C
High Pulse Width  Fast    FDRE/C             n/a            0.500         4.000       3.500      SLICE_X41Y63    dac_dat_a_reg[10]/C
High Pulse Width  Fast    FDRE/C             n/a            0.500         4.000       3.500      SLICE_X32Y56    dac_dat_a_reg[11]/C
High Pulse Width  Slow    FDRE/C             n/a            0.500         4.000       3.500      SLICE_X34Y78    dac_dat_a_reg[12]/C
High Pulse Width  Fast    FDRE/C             n/a            0.500         4.000       3.500      SLICE_X34Y78    dac_dat_a_reg[12]/C
High Pulse Width  Fast    FDRE/C             n/a            0.500         4.000       3.500      SLICE_X34Y82    dac_dat_a_reg[13]/C



---------------------------------------------------------------------------------------------------
From Clock:  pll_dac_clk_2p
  To Clock:  pll_dac_clk_2p

Setup :           NA  Failing Endpoints,  Worst Slack           NA  ,  Total Violation           NA
Hold  :           NA  Failing Endpoints,  Worst Slack           NA  ,  Total Violation           NA
PW    :            0  Failing Endpoints,  Worst Slack        1.845ns,  Total Violation        0.000ns
---------------------------------------------------------------------------------------------------


Pulse Width Checks
--------------------------------------------------------------------------------------
Clock Name:         pll_dac_clk_2p
Waveform(ns):       { -0.500 1.500 }
Period(ns):         4.000
Sources:            { pll/pll/CLKOUT3 }

Check Type  Corner  Lib Pin            Reference Pin  Required(ns)  Actual(ns)  Slack(ns)  Location        Pin
Min Period  n/a     BUFG/I             n/a            2.155         4.000       1.845      BUFGCTRL_X0Y4   bufg_dac_clk_2p/I
Min Period  n/a     ODDR/C             n/a            1.474         4.000       2.526      OLOGIC_X0Y83    oddr_dac_clk/C
Min Period  n/a     PLLE2_ADV/CLKOUT3  n/a            1.249         4.000       2.751      PLLE2_ADV_X0Y0  pll/pll/CLKOUT3
Max Period  n/a     PLLE2_ADV/CLKOUT3  n/a            160.000       4.000       156.000    PLLE2_ADV_X0Y0  pll/pll/CLKOUT3



---------------------------------------------------------------------------------------------------
From Clock:  pll_dac_clk_2x
  To Clock:  pll_dac_clk_2x

Setup :           NA  Failing Endpoints,  Worst Slack           NA  ,  Total Violation           NA
Hold  :           NA  Failing Endpoints,  Worst Slack           NA  ,  Total Violation           NA
PW    :            0  Failing Endpoints,  Worst Slack        1.845ns,  Total Violation        0.000ns
---------------------------------------------------------------------------------------------------


Pulse Width Checks
--------------------------------------------------------------------------------------
Clock Name:         pll_dac_clk_2x
Waveform(ns):       { 0.000 2.000 }
Period(ns):         4.000
Sources:            { pll/pll/CLKOUT2 }

Check Type  Corner  Lib Pin            Reference Pin  Required(ns)  Actual(ns)  Slack(ns)  Location        Pin
Min Period  n/a     BUFG/I             n/a            2.155         4.000       1.845      BUFGCTRL_X0Y5   bufg_dac_clk_2x/I
Min Period  n/a     ODDR/C             n/a            1.474         4.000       2.526      OLOGIC_X0Y84    oddr_dac_wrt/C
Min Period  n/a     PLLE2_ADV/CLKOUT2  n/a            1.249         4.000       2.751      PLLE2_ADV_X0Y0  pll/pll/CLKOUT2
Max Period  n/a     PLLE2_ADV/CLKOUT2  n/a            160.000       4.000       156.000    PLLE2_ADV_X0Y0  pll/pll/CLKOUT2



---------------------------------------------------------------------------------------------------
From Clock:  pll_pwm_clk
  To Clock:  pll_pwm_clk

Setup :            3  Failing Endpoints,  Worst Slack       -0.219ns,  Total Violation       -0.436ns
Hold  :            0  Failing Endpoints,  Worst Slack        0.168ns,  Total Violation        0.000ns
PW    :            0  Failing Endpoints,  Worst Slack        1.500ns,  Total Violation        0.000ns
---------------------------------------------------------------------------------------------------


Max Delay Paths
--------------------------------------------------------------------------------------
Slack (VIOLATED) :        -0.219ns  (required time - arrival time)
  Source:                 pwm[1]/vcnt_r_reg[0]/C
                            (rising edge-triggered cell FDRE clocked by pll_pwm_clk  {rise@0.000ns fall@2.000ns period=4.000ns})
  Destination:            pwm[1]/pwm_o_reg/D
                            (rising edge-triggered cell FDRE clocked by pll_pwm_clk  {rise@0.000ns fall@2.000ns period=4.000ns})
  Path Group:             pll_pwm_clk
  Path Type:              Setup (Max at Slow Process Corner)
  Requirement:            4.000ns  (pll_pwm_clk rise@4.000ns - pll_pwm_clk rise@0.000ns)
  Data Path Delay:        3.239ns  (logic 1.106ns (34.141%)  route 2.133ns (65.859%))
  Logic Levels:           2  (CARRY4=1 LUT4=1)
  Clock Path Skew:        -0.083ns (DCD - SCD + CPR)
    Destination Clock Delay (DCD):    5.447ns = ( 9.447 - 4.000 ) 
    Source Clock Delay      (SCD):    5.987ns
    Clock Pessimism Removal (CPR):    0.458ns
  Clock Uncertainty:      0.063ns  ((TSJ^2 + DJ^2)^1/2) / 2 + PE
    Total System Jitter     (TSJ):    0.071ns
    Discrete Jitter          (DJ):    0.104ns
    Phase Error              (PE):    0.000ns

    Location             Delay type                Incr(ns)  Path(ns)    Netlist Resource(s)
  -------------------------------------------------------------------    -------------------
                         (clock pll_pwm_clk rise edge)
                                                      0.000     0.000 r  
    U18                                               0.000     0.000 r  adc_clk_i[1] (IN)
                         net (fo=0)                   0.000     0.000    adc_clk_i[1]
    U18                  IBUFDS (Prop_ibufds_I_O)     0.983     0.983 r  i_clk/O
                         net (fo=1, routed)           1.306     2.289    pll/adc_clk_in
    PLLE2_ADV_X0Y0       PLLE2_ADV (Prop_plle2_adv_CLKIN1_CLKOUT5)
                                                      0.089     2.378 r  pll/pll/CLKOUT5
                         net (fo=1, routed)           1.754     4.132    pll_pwm_clk
    BUFGCTRL_X0Y2        BUFG (Prop_bufg_I_O)         0.101     4.233 r  bufg_pwm_clk/O
                         net (fo=160, routed)         1.754     5.987    pwm[1]/CLK
    SLICE_X40Y45         FDRE                                         r  pwm[1]/vcnt_r_reg[0]/C
  -------------------------------------------------------------------    -------------------
    SLICE_X40Y45         FDRE (Prop_fdre_C_Q)         0.456     6.443 f  pwm[1]/vcnt_r_reg[0]/Q
                         net (fo=2, routed)           0.673     7.116    pwm[1]/vcnt_r[0]
    SLICE_X40Y45         LUT4 (Prop_lut4_I1_O)        0.124     7.240 r  pwm[1]/pwm_o_i_5/O
                         net (fo=1, routed)           0.642     7.882    pwm[1]/pwm_o_i_5_n_0
    SLICE_X43Y47         CARRY4 (Prop_carry4_DI[0]_CO[3])
                                                      0.526     8.408 r  pwm[1]/pwm_o_reg_i_1/CO[3]
                         net (fo=1, routed)           0.819     9.227    pwm[1]/p_1_in
    OLOGIC_X0Y48         FDRE                                         r  pwm[1]/pwm_o_reg/D
  -------------------------------------------------------------------    -------------------

                         (clock pll_pwm_clk rise edge)
                                                      4.000     4.000 r  
    U18                                               0.000     4.000 r  adc_clk_i[1] (IN)
                         net (fo=0)                   0.000     4.000    adc_clk_i[1]
    U18                  IBUFDS (Prop_ibufds_I_O)     0.940     4.940 r  i_clk/O
                         net (fo=1, routed)           1.181     6.121    pll/adc_clk_in
    PLLE2_ADV_X0Y0       PLLE2_ADV (Prop_plle2_adv_CLKIN1_CLKOUT5)
                                                      0.084     6.205 r  pll/pll/CLKOUT5
                         net (fo=1, routed)           1.594     7.799    pll_pwm_clk
    BUFGCTRL_X0Y2        BUFG (Prop_bufg_I_O)         0.091     7.890 r  bufg_pwm_clk/O
                         net (fo=160, routed)         1.557     9.447    pwm[1]/CLK
    OLOGIC_X0Y48         FDRE                                         r  pwm[1]/pwm_o_reg/C
                         clock pessimism              0.458     9.905    
                         clock uncertainty           -0.063     9.842    
    OLOGIC_X0Y48         FDRE (Setup_fdre_C_D)       -0.834     9.008    pwm[1]/pwm_o_reg
  -------------------------------------------------------------------
                         required time                          9.008    
                         arrival time                          -9.227    
  -------------------------------------------------------------------
                         slack                                 -0.219    

Slack (VIOLATED) :        -0.121ns  (required time - arrival time)
  Source:                 pwm[2]/v_r_reg[4]/C
                            (rising edge-triggered cell FDRE clocked by pll_pwm_clk  {rise@0.000ns fall@2.000ns period=4.000ns})
  Destination:            pwm[2]/pwm_o_reg/D
                            (rising edge-triggered cell FDRE clocked by pll_pwm_clk  {rise@0.000ns fall@2.000ns period=4.000ns})
  Path Group:             pll_pwm_clk
  Path Type:              Setup (Max at Slow Process Corner)
  Requirement:            4.000ns  (pll_pwm_clk rise@4.000ns - pll_pwm_clk rise@0.000ns)
  Data Path Delay:        3.140ns  (logic 1.164ns (37.067%)  route 1.976ns (62.933%))
  Logic Levels:           2  (CARRY4=1 LUT4=1)
  Clock Path Skew:        -0.084ns (DCD - SCD + CPR)
    Destination Clock Delay (DCD):    5.447ns = ( 9.447 - 4.000 ) 
    Source Clock Delay      (SCD):    5.988ns
    Clock Pessimism Removal (CPR):    0.458ns
  Clock Uncertainty:      0.063ns  ((TSJ^2 + DJ^2)^1/2) / 2 + PE
    Total System Jitter     (TSJ):    0.071ns
    Discrete Jitter          (DJ):    0.104ns
    Phase Error              (PE):    0.000ns

    Location             Delay type                Incr(ns)  Path(ns)    Netlist Resource(s)
  -------------------------------------------------------------------    -------------------
                         (clock pll_pwm_clk rise edge)
                                                      0.000     0.000 r  
    U18                                               0.000     0.000 r  adc_clk_i[1] (IN)
                         net (fo=0)                   0.000     0.000    adc_clk_i[1]
    U18                  IBUFDS (Prop_ibufds_I_O)     0.983     0.983 r  i_clk/O
                         net (fo=1, routed)           1.306     2.289    pll/adc_clk_in
    PLLE2_ADV_X0Y0       PLLE2_ADV (Prop_plle2_adv_CLKIN1_CLKOUT5)
                                                      0.089     2.378 r  pll/pll/CLKOUT5
                         net (fo=1, routed)           1.754     4.132    pll_pwm_clk
    BUFGCTRL_X0Y2        BUFG (Prop_bufg_I_O)         0.101     4.233 r  bufg_pwm_clk/O
                         net (fo=160, routed)         1.755     5.988    pwm[2]/CLK
    SLICE_X42Y0          FDRE                                         r  pwm[2]/v_r_reg[4]/C
  -------------------------------------------------------------------    -------------------
    SLICE_X42Y0          FDRE (Prop_fdre_C_Q)         0.518     6.506 r  pwm[2]/v_r_reg[4]/Q
                         net (fo=2, routed)           0.678     7.184    pwm[2]/v_r[4]
    SLICE_X42Y0          LUT4 (Prop_lut4_I0_O)        0.124     7.308 r  pwm[2]/pwm_o_i_7/O
                         net (fo=1, routed)           0.479     7.788    pwm[2]/pwm_o_i_7_n_0
    SLICE_X43Y1          CARRY4 (Prop_carry4_S[2]_CO[3])
                                                      0.522     8.310 r  pwm[2]/pwm_o_reg_i_1/CO[3]
                         net (fo=1, routed)           0.819     9.128    pwm[2]/p_1_in
    OLOGIC_X0Y2          FDRE                                         r  pwm[2]/pwm_o_reg/D
  -------------------------------------------------------------------    -------------------

                         (clock pll_pwm_clk rise edge)
                                                      4.000     4.000 r  
    U18                                               0.000     4.000 r  adc_clk_i[1] (IN)
                         net (fo=0)                   0.000     4.000    adc_clk_i[1]
    U18                  IBUFDS (Prop_ibufds_I_O)     0.940     4.940 r  i_clk/O
                         net (fo=1, routed)           1.181     6.121    pll/adc_clk_in
    PLLE2_ADV_X0Y0       PLLE2_ADV (Prop_plle2_adv_CLKIN1_CLKOUT5)
                                                      0.084     6.205 r  pll/pll/CLKOUT5
                         net (fo=1, routed)           1.594     7.799    pll_pwm_clk
    BUFGCTRL_X0Y2        BUFG (Prop_bufg_I_O)         0.091     7.890 r  bufg_pwm_clk/O
                         net (fo=160, routed)         1.557     9.447    pwm[2]/CLK
    OLOGIC_X0Y2          FDRE                                         r  pwm[2]/pwm_o_reg/C
                         clock pessimism              0.458     9.905    
                         clock uncertainty           -0.063     9.842    
    OLOGIC_X0Y2          FDRE (Setup_fdre_C_D)       -0.834     9.008    pwm[2]/pwm_o_reg
  -------------------------------------------------------------------
                         required time                          9.008    
                         arrival time                          -9.128    
  -------------------------------------------------------------------
                         slack                                 -0.121    

Slack (VIOLATED) :        -0.097ns  (required time - arrival time)
  Source:                 pwm[3]/v_r_reg[2]/C
                            (rising edge-triggered cell FDRE clocked by pll_pwm_clk  {rise@0.000ns fall@2.000ns period=4.000ns})
  Destination:            pwm[3]/pwm_o_reg/D
                            (rising edge-triggered cell FDRE clocked by pll_pwm_clk  {rise@0.000ns fall@2.000ns period=4.000ns})
  Path Group:             pll_pwm_clk
  Path Type:              Setup (Max at Slow Process Corner)
  Requirement:            4.000ns  (pll_pwm_clk rise@4.000ns - pll_pwm_clk rise@0.000ns)
  Data Path Delay:        3.117ns  (logic 1.162ns (37.275%)  route 1.955ns (62.725%))
  Logic Levels:           2  (CARRY4=1 LUT4=1)
  Clock Path Skew:        -0.083ns (DCD - SCD + CPR)
    Destination Clock Delay (DCD):    5.445ns = ( 9.445 - 4.000 ) 
    Source Clock Delay      (SCD):    5.985ns
    Clock Pessimism Removal (CPR):    0.458ns
  Clock Uncertainty:      0.063ns  ((TSJ^2 + DJ^2)^1/2) / 2 + PE
    Total System Jitter     (TSJ):    0.071ns
    Discrete Jitter          (DJ):    0.104ns
    Phase Error              (PE):    0.000ns

    Location             Delay type                Incr(ns)  Path(ns)    Netlist Resource(s)
  -------------------------------------------------------------------    -------------------
                         (clock pll_pwm_clk rise edge)
                                                      0.000     0.000 r  
    U18                                               0.000     0.000 r  adc_clk_i[1] (IN)
                         net (fo=0)                   0.000     0.000    adc_clk_i[1]
    U18                  IBUFDS (Prop_ibufds_I_O)     0.983     0.983 r  i_clk/O
                         net (fo=1, routed)           1.306     2.289    pll/adc_clk_in
    PLLE2_ADV_X0Y0       PLLE2_ADV (Prop_plle2_adv_CLKIN1_CLKOUT5)
                                                      0.089     2.378 r  pll/pll/CLKOUT5
                         net (fo=1, routed)           1.754     4.132    pll_pwm_clk
    BUFGCTRL_X0Y2        BUFG (Prop_bufg_I_O)         0.101     4.233 r  bufg_pwm_clk/O
                         net (fo=160, routed)         1.752     5.985    pwm[3]/CLK
    SLICE_X42Y40         FDRE                                         r  pwm[3]/v_r_reg[2]/C
  -------------------------------------------------------------------    -------------------
    SLICE_X42Y40         FDRE (Prop_fdre_C_Q)         0.518     6.503 r  pwm[3]/v_r_reg[2]/Q
                         net (fo=2, routed)           0.670     7.174    pwm[3]/v_r[2]
    SLICE_X42Y40         LUT4 (Prop_lut4_I0_O)        0.124     7.298 r  pwm[3]/pwm_o_i_4/O
                         net (fo=1, routed)           0.471     7.768    pwm[3]/pwm_o_i_4_n_0
    SLICE_X42Y42         CARRY4 (Prop_carry4_DI[1]_CO[3])
                                                      0.520     8.288 r  pwm[3]/pwm_o_reg_i_1/CO[3]
                         net (fo=1, routed)           0.814     9.103    pwm[3]/p_1_in
    OLOGIC_X0Y44         FDRE                                         r  pwm[3]/pwm_o_reg/D
  -------------------------------------------------------------------    -------------------

                         (clock pll_pwm_clk rise edge)
                                                      4.000     4.000 r  
    U18                                               0.000     4.000 r  adc_clk_i[1] (IN)
                         net (fo=0)                   0.000     4.000    adc_clk_i[1]
    U18                  IBUFDS (Prop_ibufds_I_O)     0.940     4.940 r  i_clk/O
                         net (fo=1, routed)           1.181     6.121    pll/adc_clk_in
    PLLE2_ADV_X0Y0       PLLE2_ADV (Prop_plle2_adv_CLKIN1_CLKOUT5)
                                                      0.084     6.205 r  pll/pll/CLKOUT5
                         net (fo=1, routed)           1.594     7.799    pll_pwm_clk
    BUFGCTRL_X0Y2        BUFG (Prop_bufg_I_O)         0.091     7.890 r  bufg_pwm_clk/O
                         net (fo=160, routed)         1.555     9.445    pwm[3]/CLK
    OLOGIC_X0Y44         FDRE                                         r  pwm[3]/pwm_o_reg/C
                         clock pessimism              0.458     9.903    
                         clock uncertainty           -0.063     9.840    
    OLOGIC_X0Y44         FDRE (Setup_fdre_C_D)       -0.834     9.006    pwm[3]/pwm_o_reg
  -------------------------------------------------------------------
                         required time                          9.006    
                         arrival time                          -9.103    
  -------------------------------------------------------------------
                         slack                                 -0.097    

Slack (MET) :             0.471ns  (required time - arrival time)
  Source:                 pwm_rstn_reg/C
                            (rising edge-triggered cell FDRE clocked by pll_pwm_clk  {rise@0.000ns fall@2.000ns period=4.000ns})
  Destination:            pwm[2]/pwm_o_reg/R
                            (rising edge-triggered cell FDRE clocked by pll_pwm_clk  {rise@0.000ns fall@2.000ns period=4.000ns})
  Path Group:             pll_pwm_clk
  Path Type:              Setup (Max at Slow Process Corner)
  Requirement:            4.000ns  (pll_pwm_clk rise@4.000ns - pll_pwm_clk rise@0.000ns)
  Data Path Delay:        2.592ns  (logic 0.580ns (22.374%)  route 2.012ns (77.626%))
  Logic Levels:           1  (LUT1=1)
  Clock Path Skew:        -0.076ns (DCD - SCD + CPR)
    Destination Clock Delay (DCD):    5.447ns = ( 9.447 - 4.000 ) 
    Source Clock Delay      (SCD):    5.980ns
    Clock Pessimism Removal (CPR):    0.458ns
  Clock Uncertainty:      0.063ns  ((TSJ^2 + DJ^2)^1/2) / 2 + PE
    Total System Jitter     (TSJ):    0.071ns
    Discrete Jitter          (DJ):    0.104ns
    Phase Error              (PE):    0.000ns

    Location             Delay type                Incr(ns)  Path(ns)    Netlist Resource(s)
  -------------------------------------------------------------------    -------------------
                         (clock pll_pwm_clk rise edge)
                                                      0.000     0.000 r  
    U18                                               0.000     0.000 r  adc_clk_i[1] (IN)
                         net (fo=0)                   0.000     0.000    adc_clk_i[1]
    U18                  IBUFDS (Prop_ibufds_I_O)     0.983     0.983 r  i_clk/O
                         net (fo=1, routed)           1.306     2.289    pll/adc_clk_in
    PLLE2_ADV_X0Y0       PLLE2_ADV (Prop_plle2_adv_CLKIN1_CLKOUT5)
                                                      0.089     2.378 r  pll/pll/CLKOUT5
                         net (fo=1, routed)           1.754     4.132    pll_pwm_clk
    BUFGCTRL_X0Y2        BUFG (Prop_bufg_I_O)         0.101     4.233 r  bufg_pwm_clk/O
                         net (fo=160, routed)         1.747     5.980    pwm_clk
    SLICE_X39Y36         FDRE                                         r  pwm_rstn_reg/C
  -------------------------------------------------------------------    -------------------
    SLICE_X39Y36         FDRE (Prop_fdre_C_Q)         0.456     6.436 f  pwm_rstn_reg/Q
                         net (fo=52, routed)          0.475     6.911    pwm[1]/pwm_rstn
    SLICE_X39Y34         LUT1 (Prop_lut1_I0_O)        0.124     7.035 r  pwm[1]/vcnt[7]_i_1/O
                         net (fo=39, routed)          1.537     8.572    pwm[2]/SR[0]
    OLOGIC_X0Y2          FDRE                                         r  pwm[2]/pwm_o_reg/R
  -------------------------------------------------------------------    -------------------

                         (clock pll_pwm_clk rise edge)
                                                      4.000     4.000 r  
    U18                                               0.000     4.000 r  adc_clk_i[1] (IN)
                         net (fo=0)                   0.000     4.000    adc_clk_i[1]
    U18                  IBUFDS (Prop_ibufds_I_O)     0.940     4.940 r  i_clk/O
                         net (fo=1, routed)           1.181     6.121    pll/adc_clk_in
    PLLE2_ADV_X0Y0       PLLE2_ADV (Prop_plle2_adv_CLKIN1_CLKOUT5)
                                                      0.084     6.205 r  pll/pll/CLKOUT5
                         net (fo=1, routed)           1.594     7.799    pll_pwm_clk
    BUFGCTRL_X0Y2        BUFG (Prop_bufg_I_O)         0.091     7.890 r  bufg_pwm_clk/O
                         net (fo=160, routed)         1.557     9.447    pwm[2]/CLK
    OLOGIC_X0Y2          FDRE                                         r  pwm[2]/pwm_o_reg/C
                         clock pessimism              0.458     9.905    
                         clock uncertainty           -0.063     9.842    
    OLOGIC_X0Y2          FDRE (Setup_fdre_C_R)       -0.798     9.044    pwm[2]/pwm_o_reg
  -------------------------------------------------------------------
                         required time                          9.044    
                         arrival time                          -8.572    
  -------------------------------------------------------------------
                         slack                                  0.471    

Slack (MET) :             0.520ns  (required time - arrival time)
  Source:                 pwm[3]/vcnt_reg[5]/C
                            (rising edge-triggered cell FDRE clocked by pll_pwm_clk  {rise@0.000ns fall@2.000ns period=4.000ns})
  Destination:            pwm[3]/v_reg[0]/CE
                            (rising edge-triggered cell FDRE clocked by pll_pwm_clk  {rise@0.000ns fall@2.000ns period=4.000ns})
  Path Group:             pll_pwm_clk
  Path Type:              Setup (Max at Slow Process Corner)
  Requirement:            4.000ns  (pll_pwm_clk rise@4.000ns - pll_pwm_clk rise@0.000ns)
  Data Path Delay:        3.148ns  (logic 0.828ns (26.306%)  route 2.320ns (73.694%))
  Logic Levels:           3  (LUT3=1 LUT5=2)
  Clock Path Skew:        -0.065ns (DCD - SCD + CPR)
    Destination Clock Delay (DCD):    5.463ns = ( 9.463 - 4.000 ) 
    Source Clock Delay      (SCD):    5.986ns
    Clock Pessimism Removal (CPR):    0.458ns
  Clock Uncertainty:      0.063ns  ((TSJ^2 + DJ^2)^1/2) / 2 + PE
    Total System Jitter     (TSJ):    0.071ns
    Discrete Jitter          (DJ):    0.104ns
    Phase Error              (PE):    0.000ns

    Location             Delay type                Incr(ns)  Path(ns)    Netlist Resource(s)
  -------------------------------------------------------------------    -------------------
                         (clock pll_pwm_clk rise edge)
                                                      0.000     0.000 r  
    U18                                               0.000     0.000 r  adc_clk_i[1] (IN)
                         net (fo=0)                   0.000     0.000    adc_clk_i[1]
    U18                  IBUFDS (Prop_ibufds_I_O)     0.983     0.983 r  i_clk/O
                         net (fo=1, routed)           1.306     2.289    pll/adc_clk_in
    PLLE2_ADV_X0Y0       PLLE2_ADV (Prop_plle2_adv_CLKIN1_CLKOUT5)
                                                      0.089     2.378 r  pll/pll/CLKOUT5
                         net (fo=1, routed)           1.754     4.132    pll_pwm_clk
    BUFGCTRL_X0Y2        BUFG (Prop_bufg_I_O)         0.101     4.233 r  bufg_pwm_clk/O
                         net (fo=160, routed)         1.753     5.986    pwm[3]/CLK
    SLICE_X41Y41         FDRE                                         r  pwm[3]/vcnt_reg[5]/C
  -------------------------------------------------------------------    -------------------
    SLICE_X41Y41         FDRE (Prop_fdre_C_Q)         0.456     6.442 f  pwm[3]/vcnt_reg[5]/Q
                         net (fo=6, routed)           0.692     7.134    pwm[3]/vcnt[5]
    SLICE_X41Y41         LUT3 (Prop_lut3_I1_O)        0.124     7.258 f  pwm[3]/vcnt[4]_i_2/O
                         net (fo=4, routed)           0.525     7.782    pwm[3]/vcnt[4]_i_2_n_0
    SLICE_X40Y41         LUT5 (Prop_lut5_I0_O)        0.124     7.906 r  pwm[3]/b[15]_i_1/O
                         net (fo=17, routed)          0.492     8.398    pwm[3]/b
    SLICE_X38Y39         LUT5 (Prop_lut5_I0_O)        0.124     8.522 r  pwm[3]/v[7]_i_1/O
                         net (fo=8, routed)           0.612     9.134    pwm[3]/v[7]_i_1_n_0
    SLICE_X39Y39         FDRE                                         r  pwm[3]/v_reg[0]/CE
  -------------------------------------------------------------------    -------------------

                         (clock pll_pwm_clk rise edge)
                                                      4.000     4.000 r  
    U18                                               0.000     4.000 r  adc_clk_i[1] (IN)
                         net (fo=0)                   0.000     4.000    adc_clk_i[1]
    U18                  IBUFDS (Prop_ibufds_I_O)     0.940     4.940 r  i_clk/O
                         net (fo=1, routed)           1.181     6.121    pll/adc_clk_in
    PLLE2_ADV_X0Y0       PLLE2_ADV (Prop_plle2_adv_CLKIN1_CLKOUT5)
                                                      0.084     6.205 r  pll/pll/CLKOUT5
                         net (fo=1, routed)           1.594     7.799    pll_pwm_clk
    BUFGCTRL_X0Y2        BUFG (Prop_bufg_I_O)         0.091     7.890 r  bufg_pwm_clk/O
                         net (fo=160, routed)         1.573     9.463    pwm[3]/CLK
    SLICE_X39Y39         FDRE                                         r  pwm[3]/v_reg[0]/C
                         clock pessimism              0.458     9.921    
                         clock uncertainty           -0.063     9.858    
    SLICE_X39Y39         FDRE (Setup_fdre_C_CE)      -0.205     9.653    pwm[3]/v_reg[0]
  -------------------------------------------------------------------
                         required time                          9.653    
                         arrival time                          -9.134    
  -------------------------------------------------------------------
                         slack                                  0.520    

Slack (MET) :             0.520ns  (required time - arrival time)
  Source:                 pwm[3]/vcnt_reg[5]/C
                            (rising edge-triggered cell FDRE clocked by pll_pwm_clk  {rise@0.000ns fall@2.000ns period=4.000ns})
  Destination:            pwm[3]/v_reg[1]/CE
                            (rising edge-triggered cell FDRE clocked by pll_pwm_clk  {rise@0.000ns fall@2.000ns period=4.000ns})
  Path Group:             pll_pwm_clk
  Path Type:              Setup (Max at Slow Process Corner)
  Requirement:            4.000ns  (pll_pwm_clk rise@4.000ns - pll_pwm_clk rise@0.000ns)
  Data Path Delay:        3.148ns  (logic 0.828ns (26.306%)  route 2.320ns (73.694%))
  Logic Levels:           3  (LUT3=1 LUT5=2)
  Clock Path Skew:        -0.065ns (DCD - SCD + CPR)
    Destination Clock Delay (DCD):    5.463ns = ( 9.463 - 4.000 ) 
    Source Clock Delay      (SCD):    5.986ns
    Clock Pessimism Removal (CPR):    0.458ns
  Clock Uncertainty:      0.063ns  ((TSJ^2 + DJ^2)^1/2) / 2 + PE
    Total System Jitter     (TSJ):    0.071ns
    Discrete Jitter          (DJ):    0.104ns
    Phase Error              (PE):    0.000ns

    Location             Delay type                Incr(ns)  Path(ns)    Netlist Resource(s)
  -------------------------------------------------------------------    -------------------
                         (clock pll_pwm_clk rise edge)
                                                      0.000     0.000 r  
    U18                                               0.000     0.000 r  adc_clk_i[1] (IN)
                         net (fo=0)                   0.000     0.000    adc_clk_i[1]
    U18                  IBUFDS (Prop_ibufds_I_O)     0.983     0.983 r  i_clk/O
                         net (fo=1, routed)           1.306     2.289    pll/adc_clk_in
    PLLE2_ADV_X0Y0       PLLE2_ADV (Prop_plle2_adv_CLKIN1_CLKOUT5)
                                                      0.089     2.378 r  pll/pll/CLKOUT5
                         net (fo=1, routed)           1.754     4.132    pll_pwm_clk
    BUFGCTRL_X0Y2        BUFG (Prop_bufg_I_O)         0.101     4.233 r  bufg_pwm_clk/O
                         net (fo=160, routed)         1.753     5.986    pwm[3]/CLK
    SLICE_X41Y41         FDRE                                         r  pwm[3]/vcnt_reg[5]/C
  -------------------------------------------------------------------    -------------------
    SLICE_X41Y41         FDRE (Prop_fdre_C_Q)         0.456     6.442 f  pwm[3]/vcnt_reg[5]/Q
                         net (fo=6, routed)           0.692     7.134    pwm[3]/vcnt[5]
    SLICE_X41Y41         LUT3 (Prop_lut3_I1_O)        0.124     7.258 f  pwm[3]/vcnt[4]_i_2/O
                         net (fo=4, routed)           0.525     7.782    pwm[3]/vcnt[4]_i_2_n_0
    SLICE_X40Y41         LUT5 (Prop_lut5_I0_O)        0.124     7.906 r  pwm[3]/b[15]_i_1/O
                         net (fo=17, routed)          0.492     8.398    pwm[3]/b
    SLICE_X38Y39         LUT5 (Prop_lut5_I0_O)        0.124     8.522 r  pwm[3]/v[7]_i_1/O
                         net (fo=8, routed)           0.612     9.134    pwm[3]/v[7]_i_1_n_0
    SLICE_X39Y39         FDRE                                         r  pwm[3]/v_reg[1]/CE
  -------------------------------------------------------------------    -------------------

                         (clock pll_pwm_clk rise edge)
                                                      4.000     4.000 r  
    U18                                               0.000     4.000 r  adc_clk_i[1] (IN)
                         net (fo=0)                   0.000     4.000    adc_clk_i[1]
    U18                  IBUFDS (Prop_ibufds_I_O)     0.940     4.940 r  i_clk/O
                         net (fo=1, routed)           1.181     6.121    pll/adc_clk_in
    PLLE2_ADV_X0Y0       PLLE2_ADV (Prop_plle2_adv_CLKIN1_CLKOUT5)
                                                      0.084     6.205 r  pll/pll/CLKOUT5
                         net (fo=1, routed)           1.594     7.799    pll_pwm_clk
    BUFGCTRL_X0Y2        BUFG (Prop_bufg_I_O)         0.091     7.890 r  bufg_pwm_clk/O
                         net (fo=160, routed)         1.573     9.463    pwm[3]/CLK
    SLICE_X39Y39         FDRE                                         r  pwm[3]/v_reg[1]/C
                         clock pessimism              0.458     9.921    
                         clock uncertainty           -0.063     9.858    
    SLICE_X39Y39         FDRE (Setup_fdre_C_CE)      -0.205     9.653    pwm[3]/v_reg[1]
  -------------------------------------------------------------------
                         required time                          9.653    
                         arrival time                          -9.134    
  -------------------------------------------------------------------
                         slack                                  0.520    

Slack (MET) :             0.520ns  (required time - arrival time)
  Source:                 pwm[3]/vcnt_reg[5]/C
                            (rising edge-triggered cell FDRE clocked by pll_pwm_clk  {rise@0.000ns fall@2.000ns period=4.000ns})
  Destination:            pwm[3]/v_reg[2]/CE
                            (rising edge-triggered cell FDRE clocked by pll_pwm_clk  {rise@0.000ns fall@2.000ns period=4.000ns})
  Path Group:             pll_pwm_clk
  Path Type:              Setup (Max at Slow Process Corner)
  Requirement:            4.000ns  (pll_pwm_clk rise@4.000ns - pll_pwm_clk rise@0.000ns)
  Data Path Delay:        3.148ns  (logic 0.828ns (26.306%)  route 2.320ns (73.694%))
  Logic Levels:           3  (LUT3=1 LUT5=2)
  Clock Path Skew:        -0.065ns (DCD - SCD + CPR)
    Destination Clock Delay (DCD):    5.463ns = ( 9.463 - 4.000 ) 
    Source Clock Delay      (SCD):    5.986ns
    Clock Pessimism Removal (CPR):    0.458ns
  Clock Uncertainty:      0.063ns  ((TSJ^2 + DJ^2)^1/2) / 2 + PE
    Total System Jitter     (TSJ):    0.071ns
    Discrete Jitter          (DJ):    0.104ns
    Phase Error              (PE):    0.000ns

    Location             Delay type                Incr(ns)  Path(ns)    Netlist Resource(s)
  -------------------------------------------------------------------    -------------------
                         (clock pll_pwm_clk rise edge)
                                                      0.000     0.000 r  
    U18                                               0.000     0.000 r  adc_clk_i[1] (IN)
                         net (fo=0)                   0.000     0.000    adc_clk_i[1]
    U18                  IBUFDS (Prop_ibufds_I_O)     0.983     0.983 r  i_clk/O
                         net (fo=1, routed)           1.306     2.289    pll/adc_clk_in
    PLLE2_ADV_X0Y0       PLLE2_ADV (Prop_plle2_adv_CLKIN1_CLKOUT5)
                                                      0.089     2.378 r  pll/pll/CLKOUT5
                         net (fo=1, routed)           1.754     4.132    pll_pwm_clk
    BUFGCTRL_X0Y2        BUFG (Prop_bufg_I_O)         0.101     4.233 r  bufg_pwm_clk/O
                         net (fo=160, routed)         1.753     5.986    pwm[3]/CLK
    SLICE_X41Y41         FDRE                                         r  pwm[3]/vcnt_reg[5]/C
  -------------------------------------------------------------------    -------------------
    SLICE_X41Y41         FDRE (Prop_fdre_C_Q)         0.456     6.442 f  pwm[3]/vcnt_reg[5]/Q
                         net (fo=6, routed)           0.692     7.134    pwm[3]/vcnt[5]
    SLICE_X41Y41         LUT3 (Prop_lut3_I1_O)        0.124     7.258 f  pwm[3]/vcnt[4]_i_2/O
                         net (fo=4, routed)           0.525     7.782    pwm[3]/vcnt[4]_i_2_n_0
    SLICE_X40Y41         LUT5 (Prop_lut5_I0_O)        0.124     7.906 r  pwm[3]/b[15]_i_1/O
                         net (fo=17, routed)          0.492     8.398    pwm[3]/b
    SLICE_X38Y39         LUT5 (Prop_lut5_I0_O)        0.124     8.522 r  pwm[3]/v[7]_i_1/O
                         net (fo=8, routed)           0.612     9.134    pwm[3]/v[7]_i_1_n_0
    SLICE_X39Y39         FDRE                                         r  pwm[3]/v_reg[2]/CE
  -------------------------------------------------------------------    -------------------

                         (clock pll_pwm_clk rise edge)
                                                      4.000     4.000 r  
    U18                                               0.000     4.000 r  adc_clk_i[1] (IN)
                         net (fo=0)                   0.000     4.000    adc_clk_i[1]
    U18                  IBUFDS (Prop_ibufds_I_O)     0.940     4.940 r  i_clk/O
                         net (fo=1, routed)           1.181     6.121    pll/adc_clk_in
    PLLE2_ADV_X0Y0       PLLE2_ADV (Prop_plle2_adv_CLKIN1_CLKOUT5)
                                                      0.084     6.205 r  pll/pll/CLKOUT5
                         net (fo=1, routed)           1.594     7.799    pll_pwm_clk
    BUFGCTRL_X0Y2        BUFG (Prop_bufg_I_O)         0.091     7.890 r  bufg_pwm_clk/O
                         net (fo=160, routed)         1.573     9.463    pwm[3]/CLK
    SLICE_X39Y39         FDRE                                         r  pwm[3]/v_reg[2]/C
                         clock pessimism              0.458     9.921    
                         clock uncertainty           -0.063     9.858    
    SLICE_X39Y39         FDRE (Setup_fdre_C_CE)      -0.205     9.653    pwm[3]/v_reg[2]
  -------------------------------------------------------------------
                         required time                          9.653    
                         arrival time                          -9.134    
  -------------------------------------------------------------------
                         slack                                  0.520    

Slack (MET) :             0.520ns  (required time - arrival time)
  Source:                 pwm[3]/vcnt_reg[5]/C
                            (rising edge-triggered cell FDRE clocked by pll_pwm_clk  {rise@0.000ns fall@2.000ns period=4.000ns})
  Destination:            pwm[3]/v_reg[3]/CE
                            (rising edge-triggered cell FDRE clocked by pll_pwm_clk  {rise@0.000ns fall@2.000ns period=4.000ns})
  Path Group:             pll_pwm_clk
  Path Type:              Setup (Max at Slow Process Corner)
  Requirement:            4.000ns  (pll_pwm_clk rise@4.000ns - pll_pwm_clk rise@0.000ns)
  Data Path Delay:        3.148ns  (logic 0.828ns (26.306%)  route 2.320ns (73.694%))
  Logic Levels:           3  (LUT3=1 LUT5=2)
  Clock Path Skew:        -0.065ns (DCD - SCD + CPR)
    Destination Clock Delay (DCD):    5.463ns = ( 9.463 - 4.000 ) 
    Source Clock Delay      (SCD):    5.986ns
    Clock Pessimism Removal (CPR):    0.458ns
  Clock Uncertainty:      0.063ns  ((TSJ^2 + DJ^2)^1/2) / 2 + PE
    Total System Jitter     (TSJ):    0.071ns
    Discrete Jitter          (DJ):    0.104ns
    Phase Error              (PE):    0.000ns

    Location             Delay type                Incr(ns)  Path(ns)    Netlist Resource(s)
  -------------------------------------------------------------------    -------------------
                         (clock pll_pwm_clk rise edge)
                                                      0.000     0.000 r  
    U18                                               0.000     0.000 r  adc_clk_i[1] (IN)
                         net (fo=0)                   0.000     0.000    adc_clk_i[1]
    U18                  IBUFDS (Prop_ibufds_I_O)     0.983     0.983 r  i_clk/O
                         net (fo=1, routed)           1.306     2.289    pll/adc_clk_in
    PLLE2_ADV_X0Y0       PLLE2_ADV (Prop_plle2_adv_CLKIN1_CLKOUT5)
                                                      0.089     2.378 r  pll/pll/CLKOUT5
                         net (fo=1, routed)           1.754     4.132    pll_pwm_clk
    BUFGCTRL_X0Y2        BUFG (Prop_bufg_I_O)         0.101     4.233 r  bufg_pwm_clk/O
                         net (fo=160, routed)         1.753     5.986    pwm[3]/CLK
    SLICE_X41Y41         FDRE                                         r  pwm[3]/vcnt_reg[5]/C
  -------------------------------------------------------------------    -------------------
    SLICE_X41Y41         FDRE (Prop_fdre_C_Q)         0.456     6.442 f  pwm[3]/vcnt_reg[5]/Q
                         net (fo=6, routed)           0.692     7.134    pwm[3]/vcnt[5]
    SLICE_X41Y41         LUT3 (Prop_lut3_I1_O)        0.124     7.258 f  pwm[3]/vcnt[4]_i_2/O
                         net (fo=4, routed)           0.525     7.782    pwm[3]/vcnt[4]_i_2_n_0
    SLICE_X40Y41         LUT5 (Prop_lut5_I0_O)        0.124     7.906 r  pwm[3]/b[15]_i_1/O
                         net (fo=17, routed)          0.492     8.398    pwm[3]/b
    SLICE_X38Y39         LUT5 (Prop_lut5_I0_O)        0.124     8.522 r  pwm[3]/v[7]_i_1/O
                         net (fo=8, routed)           0.612     9.134    pwm[3]/v[7]_i_1_n_0
    SLICE_X39Y39         FDRE                                         r  pwm[3]/v_reg[3]/CE
  -------------------------------------------------------------------    -------------------

                         (clock pll_pwm_clk rise edge)
                                                      4.000     4.000 r  
    U18                                               0.000     4.000 r  adc_clk_i[1] (IN)
                         net (fo=0)                   0.000     4.000    adc_clk_i[1]
    U18                  IBUFDS (Prop_ibufds_I_O)     0.940     4.940 r  i_clk/O
                         net (fo=1, routed)           1.181     6.121    pll/adc_clk_in
    PLLE2_ADV_X0Y0       PLLE2_ADV (Prop_plle2_adv_CLKIN1_CLKOUT5)
                                                      0.084     6.205 r  pll/pll/CLKOUT5
                         net (fo=1, routed)           1.594     7.799    pll_pwm_clk
    BUFGCTRL_X0Y2        BUFG (Prop_bufg_I_O)         0.091     7.890 r  bufg_pwm_clk/O
                         net (fo=160, routed)         1.573     9.463    pwm[3]/CLK
    SLICE_X39Y39         FDRE                                         r  pwm[3]/v_reg[3]/C
                         clock pessimism              0.458     9.921    
                         clock uncertainty           -0.063     9.858    
    SLICE_X39Y39         FDRE (Setup_fdre_C_CE)      -0.205     9.653    pwm[3]/v_reg[3]
  -------------------------------------------------------------------
                         required time                          9.653    
                         arrival time                          -9.134    
  -------------------------------------------------------------------
                         slack                                  0.520    

Slack (MET) :             0.520ns  (required time - arrival time)
  Source:                 pwm[3]/vcnt_reg[5]/C
                            (rising edge-triggered cell FDRE clocked by pll_pwm_clk  {rise@0.000ns fall@2.000ns period=4.000ns})
  Destination:            pwm[3]/v_reg[4]/CE
                            (rising edge-triggered cell FDRE clocked by pll_pwm_clk  {rise@0.000ns fall@2.000ns period=4.000ns})
  Path Group:             pll_pwm_clk
  Path Type:              Setup (Max at Slow Process Corner)
  Requirement:            4.000ns  (pll_pwm_clk rise@4.000ns - pll_pwm_clk rise@0.000ns)
  Data Path Delay:        3.148ns  (logic 0.828ns (26.306%)  route 2.320ns (73.694%))
  Logic Levels:           3  (LUT3=1 LUT5=2)
  Clock Path Skew:        -0.065ns (DCD - SCD + CPR)
    Destination Clock Delay (DCD):    5.463ns = ( 9.463 - 4.000 ) 
    Source Clock Delay      (SCD):    5.986ns
    Clock Pessimism Removal (CPR):    0.458ns
  Clock Uncertainty:      0.063ns  ((TSJ^2 + DJ^2)^1/2) / 2 + PE
    Total System Jitter     (TSJ):    0.071ns
    Discrete Jitter          (DJ):    0.104ns
    Phase Error              (PE):    0.000ns

    Location             Delay type                Incr(ns)  Path(ns)    Netlist Resource(s)
  -------------------------------------------------------------------    -------------------
                         (clock pll_pwm_clk rise edge)
                                                      0.000     0.000 r  
    U18                                               0.000     0.000 r  adc_clk_i[1] (IN)
                         net (fo=0)                   0.000     0.000    adc_clk_i[1]
    U18                  IBUFDS (Prop_ibufds_I_O)     0.983     0.983 r  i_clk/O
                         net (fo=1, routed)           1.306     2.289    pll/adc_clk_in
    PLLE2_ADV_X0Y0       PLLE2_ADV (Prop_plle2_adv_CLKIN1_CLKOUT5)
                                                      0.089     2.378 r  pll/pll/CLKOUT5
                         net (fo=1, routed)           1.754     4.132    pll_pwm_clk
    BUFGCTRL_X0Y2        BUFG (Prop_bufg_I_O)         0.101     4.233 r  bufg_pwm_clk/O
                         net (fo=160, routed)         1.753     5.986    pwm[3]/CLK
    SLICE_X41Y41         FDRE                                         r  pwm[3]/vcnt_reg[5]/C
  -------------------------------------------------------------------    -------------------
    SLICE_X41Y41         FDRE (Prop_fdre_C_Q)         0.456     6.442 f  pwm[3]/vcnt_reg[5]/Q
                         net (fo=6, routed)           0.692     7.134    pwm[3]/vcnt[5]
    SLICE_X41Y41         LUT3 (Prop_lut3_I1_O)        0.124     7.258 f  pwm[3]/vcnt[4]_i_2/O
                         net (fo=4, routed)           0.525     7.782    pwm[3]/vcnt[4]_i_2_n_0
    SLICE_X40Y41         LUT5 (Prop_lut5_I0_O)        0.124     7.906 r  pwm[3]/b[15]_i_1/O
                         net (fo=17, routed)          0.492     8.398    pwm[3]/b
    SLICE_X38Y39         LUT5 (Prop_lut5_I0_O)        0.124     8.522 r  pwm[3]/v[7]_i_1/O
                         net (fo=8, routed)           0.612     9.134    pwm[3]/v[7]_i_1_n_0
    SLICE_X39Y39         FDRE                                         r  pwm[3]/v_reg[4]/CE
  -------------------------------------------------------------------    -------------------

                         (clock pll_pwm_clk rise edge)
                                                      4.000     4.000 r  
    U18                                               0.000     4.000 r  adc_clk_i[1] (IN)
                         net (fo=0)                   0.000     4.000    adc_clk_i[1]
    U18                  IBUFDS (Prop_ibufds_I_O)     0.940     4.940 r  i_clk/O
                         net (fo=1, routed)           1.181     6.121    pll/adc_clk_in
    PLLE2_ADV_X0Y0       PLLE2_ADV (Prop_plle2_adv_CLKIN1_CLKOUT5)
                                                      0.084     6.205 r  pll/pll/CLKOUT5
                         net (fo=1, routed)           1.594     7.799    pll_pwm_clk
    BUFGCTRL_X0Y2        BUFG (Prop_bufg_I_O)         0.091     7.890 r  bufg_pwm_clk/O
                         net (fo=160, routed)         1.573     9.463    pwm[3]/CLK
    SLICE_X39Y39         FDRE                                         r  pwm[3]/v_reg[4]/C
                         clock pessimism              0.458     9.921    
                         clock uncertainty           -0.063     9.858    
    SLICE_X39Y39         FDRE (Setup_fdre_C_CE)      -0.205     9.653    pwm[3]/v_reg[4]
  -------------------------------------------------------------------
                         required time                          9.653    
                         arrival time                          -9.134    
  -------------------------------------------------------------------
                         slack                                  0.520    

Slack (MET) :             0.520ns  (required time - arrival time)
  Source:                 pwm[3]/vcnt_reg[5]/C
                            (rising edge-triggered cell FDRE clocked by pll_pwm_clk  {rise@0.000ns fall@2.000ns period=4.000ns})
  Destination:            pwm[3]/v_reg[5]/CE
                            (rising edge-triggered cell FDRE clocked by pll_pwm_clk  {rise@0.000ns fall@2.000ns period=4.000ns})
  Path Group:             pll_pwm_clk
  Path Type:              Setup (Max at Slow Process Corner)
  Requirement:            4.000ns  (pll_pwm_clk rise@4.000ns - pll_pwm_clk rise@0.000ns)
  Data Path Delay:        3.148ns  (logic 0.828ns (26.306%)  route 2.320ns (73.694%))
  Logic Levels:           3  (LUT3=1 LUT5=2)
  Clock Path Skew:        -0.065ns (DCD - SCD + CPR)
    Destination Clock Delay (DCD):    5.463ns = ( 9.463 - 4.000 ) 
    Source Clock Delay      (SCD):    5.986ns
    Clock Pessimism Removal (CPR):    0.458ns
  Clock Uncertainty:      0.063ns  ((TSJ^2 + DJ^2)^1/2) / 2 + PE
    Total System Jitter     (TSJ):    0.071ns
    Discrete Jitter          (DJ):    0.104ns
    Phase Error              (PE):    0.000ns

    Location             Delay type                Incr(ns)  Path(ns)    Netlist Resource(s)
  -------------------------------------------------------------------    -------------------
                         (clock pll_pwm_clk rise edge)
                                                      0.000     0.000 r  
    U18                                               0.000     0.000 r  adc_clk_i[1] (IN)
                         net (fo=0)                   0.000     0.000    adc_clk_i[1]
    U18                  IBUFDS (Prop_ibufds_I_O)     0.983     0.983 r  i_clk/O
                         net (fo=1, routed)           1.306     2.289    pll/adc_clk_in
    PLLE2_ADV_X0Y0       PLLE2_ADV (Prop_plle2_adv_CLKIN1_CLKOUT5)
                                                      0.089     2.378 r  pll/pll/CLKOUT5
                         net (fo=1, routed)           1.754     4.132    pll_pwm_clk
    BUFGCTRL_X0Y2        BUFG (Prop_bufg_I_O)         0.101     4.233 r  bufg_pwm_clk/O
                         net (fo=160, routed)         1.753     5.986    pwm[3]/CLK
    SLICE_X41Y41         FDRE                                         r  pwm[3]/vcnt_reg[5]/C
  -------------------------------------------------------------------    -------------------
    SLICE_X41Y41         FDRE (Prop_fdre_C_Q)         0.456     6.442 f  pwm[3]/vcnt_reg[5]/Q
                         net (fo=6, routed)           0.692     7.134    pwm[3]/vcnt[5]
    SLICE_X41Y41         LUT3 (Prop_lut3_I1_O)        0.124     7.258 f  pwm[3]/vcnt[4]_i_2/O
                         net (fo=4, routed)           0.525     7.782    pwm[3]/vcnt[4]_i_2_n_0
    SLICE_X40Y41         LUT5 (Prop_lut5_I0_O)        0.124     7.906 r  pwm[3]/b[15]_i_1/O
                         net (fo=17, routed)          0.492     8.398    pwm[3]/b
    SLICE_X38Y39         LUT5 (Prop_lut5_I0_O)        0.124     8.522 r  pwm[3]/v[7]_i_1/O
                         net (fo=8, routed)           0.612     9.134    pwm[3]/v[7]_i_1_n_0
    SLICE_X39Y39         FDRE                                         r  pwm[3]/v_reg[5]/CE
  -------------------------------------------------------------------    -------------------

                         (clock pll_pwm_clk rise edge)
                                                      4.000     4.000 r  
    U18                                               0.000     4.000 r  adc_clk_i[1] (IN)
                         net (fo=0)                   0.000     4.000    adc_clk_i[1]
    U18                  IBUFDS (Prop_ibufds_I_O)     0.940     4.940 r  i_clk/O
                         net (fo=1, routed)           1.181     6.121    pll/adc_clk_in
    PLLE2_ADV_X0Y0       PLLE2_ADV (Prop_plle2_adv_CLKIN1_CLKOUT5)
                                                      0.084     6.205 r  pll/pll/CLKOUT5
                         net (fo=1, routed)           1.594     7.799    pll_pwm_clk
    BUFGCTRL_X0Y2        BUFG (Prop_bufg_I_O)         0.091     7.890 r  bufg_pwm_clk/O
                         net (fo=160, routed)         1.573     9.463    pwm[3]/CLK
    SLICE_X39Y39         FDRE                                         r  pwm[3]/v_reg[5]/C
                         clock pessimism              0.458     9.921    
                         clock uncertainty           -0.063     9.858    
    SLICE_X39Y39         FDRE (Setup_fdre_C_CE)      -0.205     9.653    pwm[3]/v_reg[5]
  -------------------------------------------------------------------
                         required time                          9.653    
                         arrival time                          -9.134    
  -------------------------------------------------------------------
                         slack                                  0.520    





Min Delay Paths
--------------------------------------------------------------------------------------
Slack (MET) :             0.168ns  (arrival time - required time)
  Source:                 pwm[1]/b_reg[1]/C
                            (rising edge-triggered cell FDRE clocked by pll_pwm_clk  {rise@0.000ns fall@2.000ns period=4.000ns})
  Destination:            pwm[1]/b_reg[0]/D
                            (rising edge-triggered cell FDRE clocked by pll_pwm_clk  {rise@0.000ns fall@2.000ns period=4.000ns})
  Path Group:             pll_pwm_clk
  Path Type:              Hold (Min at Fast Process Corner)
  Requirement:            0.000ns  (pll_pwm_clk rise@0.000ns - pll_pwm_clk rise@0.000ns)
  Data Path Delay:        0.272ns  (logic 0.186ns (68.463%)  route 0.086ns (31.537%))
  Logic Levels:           1  (LUT6=1)
  Clock Path Skew:        0.013ns (DCD - SCD - CPR)
    Destination Clock Delay (DCD):    2.399ns
    Source Clock Delay      (SCD):    2.004ns
    Clock Pessimism Removal (CPR):    0.382ns

    Location             Delay type                Incr(ns)  Path(ns)    Netlist Resource(s)
  -------------------------------------------------------------------    -------------------
                         (clock pll_pwm_clk rise edge)
                                                      0.000     0.000 r  
    U18                                               0.000     0.000 r  adc_clk_i[1] (IN)
                         net (fo=0)                   0.000     0.000    adc_clk_i[1]
    U18                  IBUFDS (Prop_ibufds_I_O)     0.401     0.401 r  i_clk/O
                         net (fo=1, routed)           0.440     0.842    pll/adc_clk_in
    PLLE2_ADV_X0Y0       PLLE2_ADV (Prop_plle2_adv_CLKIN1_CLKOUT5)
                                                      0.051     0.893 r  pll/pll/CLKOUT5
                         net (fo=1, routed)           0.497     1.390    pll_pwm_clk
    BUFGCTRL_X0Y2        BUFG (Prop_bufg_I_O)         0.026     1.416 r  bufg_pwm_clk/O
                         net (fo=160, routed)         0.589     2.004    pwm[1]/CLK
    SLICE_X36Y41         FDRE                                         r  pwm[1]/b_reg[1]/C
  -------------------------------------------------------------------    -------------------
    SLICE_X36Y41         FDRE (Prop_fdre_C_Q)         0.141     2.145 r  pwm[1]/b_reg[1]/Q
                         net (fo=1, routed)           0.086     2.231    pwm[1]/b_reg_n_0_[1]
    SLICE_X37Y41         LUT6 (Prop_lut6_I0_O)        0.045     2.276 r  pwm[1]/b[0]_i_1__1/O
                         net (fo=1, routed)           0.000     2.276    pwm[1]/p_0_in[0]
    SLICE_X37Y41         FDRE                                         r  pwm[1]/b_reg[0]/D
  -------------------------------------------------------------------    -------------------

                         (clock pll_pwm_clk rise edge)
                                                      0.000     0.000 r  
    U18                                               0.000     0.000 r  adc_clk_i[1] (IN)
                         net (fo=0)                   0.000     0.000    adc_clk_i[1]
    U18                  IBUFDS (Prop_ibufds_I_O)     0.433     0.433 r  i_clk/O
                         net (fo=1, routed)           0.481     0.914    pll/adc_clk_in
    PLLE2_ADV_X0Y0       PLLE2_ADV (Prop_plle2_adv_CLKIN1_CLKOUT5)
                                                      0.054     0.968 r  pll/pll/CLKOUT5
                         net (fo=1, routed)           0.544     1.512    pll_pwm_clk
    BUFGCTRL_X0Y2        BUFG (Prop_bufg_I_O)         0.029     1.541 r  bufg_pwm_clk/O
                         net (fo=160, routed)         0.858     2.399    pwm[1]/CLK
    SLICE_X37Y41         FDRE                                         r  pwm[1]/b_reg[0]/C
                         clock pessimism             -0.382     2.017    
    SLICE_X37Y41         FDRE (Hold_fdre_C_D)         0.091     2.108    pwm[1]/b_reg[0]
  -------------------------------------------------------------------
                         required time                         -2.108    
                         arrival time                           2.276    
  -------------------------------------------------------------------
                         slack                                  0.168    

Slack (MET) :             0.168ns  (arrival time - required time)
  Source:                 pwm[2]/b_reg[2]/C
                            (rising edge-triggered cell FDRE clocked by pll_pwm_clk  {rise@0.000ns fall@2.000ns period=4.000ns})
  Destination:            pwm[2]/b_reg[1]/D
                            (rising edge-triggered cell FDRE clocked by pll_pwm_clk  {rise@0.000ns fall@2.000ns period=4.000ns})
  Path Group:             pll_pwm_clk
  Path Type:              Hold (Min at Fast Process Corner)
  Requirement:            0.000ns  (pll_pwm_clk rise@0.000ns - pll_pwm_clk rise@0.000ns)
  Data Path Delay:        0.272ns  (logic 0.186ns (68.463%)  route 0.086ns (31.537%))
  Logic Levels:           1  (LUT6=1)
  Clock Path Skew:        0.013ns (DCD - SCD - CPR)
    Destination Clock Delay (DCD):    2.395ns
    Source Clock Delay      (SCD):    2.001ns
    Clock Pessimism Removal (CPR):    0.381ns

    Location             Delay type                Incr(ns)  Path(ns)    Netlist Resource(s)
  -------------------------------------------------------------------    -------------------
                         (clock pll_pwm_clk rise edge)
                                                      0.000     0.000 r  
    U18                                               0.000     0.000 r  adc_clk_i[1] (IN)
                         net (fo=0)                   0.000     0.000    adc_clk_i[1]
    U18                  IBUFDS (Prop_ibufds_I_O)     0.401     0.401 r  i_clk/O
                         net (fo=1, routed)           0.440     0.842    pll/adc_clk_in
    PLLE2_ADV_X0Y0       PLLE2_ADV (Prop_plle2_adv_CLKIN1_CLKOUT5)
                                                      0.051     0.893 r  pll/pll/CLKOUT5
                         net (fo=1, routed)           0.497     1.390    pll_pwm_clk
    BUFGCTRL_X0Y2        BUFG (Prop_bufg_I_O)         0.026     1.416 r  bufg_pwm_clk/O
                         net (fo=160, routed)         0.586     2.001    pwm[2]/CLK
    SLICE_X36Y35         FDRE                                         r  pwm[2]/b_reg[2]/C
  -------------------------------------------------------------------    -------------------
    SLICE_X36Y35         FDRE (Prop_fdre_C_Q)         0.141     2.142 r  pwm[2]/b_reg[2]/Q
                         net (fo=1, routed)           0.086     2.228    pwm[2]/b_reg_n_0_[2]
    SLICE_X37Y35         LUT6 (Prop_lut6_I0_O)        0.045     2.273 r  pwm[2]/b[1]_i_1__0/O
                         net (fo=1, routed)           0.000     2.273    pwm[2]/p_0_in[1]
    SLICE_X37Y35         FDRE                                         r  pwm[2]/b_reg[1]/D
  -------------------------------------------------------------------    -------------------

                         (clock pll_pwm_clk rise edge)
                                                      0.000     0.000 r  
    U18                                               0.000     0.000 r  adc_clk_i[1] (IN)
                         net (fo=0)                   0.000     0.000    adc_clk_i[1]
    U18                  IBUFDS (Prop_ibufds_I_O)     0.433     0.433 r  i_clk/O
                         net (fo=1, routed)           0.481     0.914    pll/adc_clk_in
    PLLE2_ADV_X0Y0       PLLE2_ADV (Prop_plle2_adv_CLKIN1_CLKOUT5)
                                                      0.054     0.968 r  pll/pll/CLKOUT5
                         net (fo=1, routed)           0.544     1.512    pll_pwm_clk
    BUFGCTRL_X0Y2        BUFG (Prop_bufg_I_O)         0.029     1.541 r  bufg_pwm_clk/O
                         net (fo=160, routed)         0.854     2.395    pwm[2]/CLK
    SLICE_X37Y35         FDRE                                         r  pwm[2]/b_reg[1]/C
                         clock pessimism             -0.381     2.014    
    SLICE_X37Y35         FDRE (Hold_fdre_C_D)         0.091     2.105    pwm[2]/b_reg[1]
  -------------------------------------------------------------------
                         required time                         -2.105    
                         arrival time                           2.273    
  -------------------------------------------------------------------
                         slack                                  0.168    

Slack (MET) :             0.182ns  (arrival time - required time)
  Source:                 pwm[3]/b_reg[8]/C
                            (rising edge-triggered cell FDRE clocked by pll_pwm_clk  {rise@0.000ns fall@2.000ns period=4.000ns})
  Destination:            pwm[3]/b_reg[7]/D
                            (rising edge-triggered cell FDRE clocked by pll_pwm_clk  {rise@0.000ns fall@2.000ns period=4.000ns})
  Path Group:             pll_pwm_clk
  Path Type:              Hold (Min at Fast Process Corner)
  Requirement:            0.000ns  (pll_pwm_clk rise@0.000ns - pll_pwm_clk rise@0.000ns)
  Data Path Delay:        0.291ns  (logic 0.186ns (63.880%)  route 0.105ns (36.120%))
  Logic Levels:           1  (LUT6=1)
  Clock Path Skew:        0.017ns (DCD - SCD - CPR)
    Destination Clock Delay (DCD):    2.398ns
    Source Clock Delay      (SCD):    2.002ns
    Clock Pessimism Removal (CPR):    0.379ns

    Location             Delay type                Incr(ns)  Path(ns)    Netlist Resource(s)
  -------------------------------------------------------------------    -------------------
                         (clock pll_pwm_clk rise edge)
                                                      0.000     0.000 r  
    U18                                               0.000     0.000 r  adc_clk_i[1] (IN)
                         net (fo=0)                   0.000     0.000    adc_clk_i[1]
    U18                  IBUFDS (Prop_ibufds_I_O)     0.401     0.401 r  i_clk/O
                         net (fo=1, routed)           0.440     0.842    pll/adc_clk_in
    PLLE2_ADV_X0Y0       PLLE2_ADV (Prop_plle2_adv_CLKIN1_CLKOUT5)
                                                      0.051     0.893 r  pll/pll/CLKOUT5
                         net (fo=1, routed)           0.497     1.390    pll_pwm_clk
    BUFGCTRL_X0Y2        BUFG (Prop_bufg_I_O)         0.026     1.416 r  bufg_pwm_clk/O
                         net (fo=160, routed)         0.587     2.002    pwm[3]/CLK
    SLICE_X37Y37         FDRE                                         r  pwm[3]/b_reg[8]/C
  -------------------------------------------------------------------    -------------------
    SLICE_X37Y37         FDRE (Prop_fdre_C_Q)         0.141     2.143 r  pwm[3]/b_reg[8]/Q
                         net (fo=1, routed)           0.105     2.248    pwm[3]/b_reg_n_0_[8]
    SLICE_X37Y38         LUT6 (Prop_lut6_I0_O)        0.045     2.293 r  pwm[3]/b[7]_i_1/O
                         net (fo=1, routed)           0.000     2.293    pwm[3]/p_0_in[7]
    SLICE_X37Y38         FDRE                                         r  pwm[3]/b_reg[7]/D
  -------------------------------------------------------------------    -------------------

                         (clock pll_pwm_clk rise edge)
                                                      0.000     0.000 r  
    U18                                               0.000     0.000 r  adc_clk_i[1] (IN)
                         net (fo=0)                   0.000     0.000    adc_clk_i[1]
    U18                  IBUFDS (Prop_ibufds_I_O)     0.433     0.433 r  i_clk/O
                         net (fo=1, routed)           0.481     0.914    pll/adc_clk_in
    PLLE2_ADV_X0Y0       PLLE2_ADV (Prop_plle2_adv_CLKIN1_CLKOUT5)
                                                      0.054     0.968 r  pll/pll/CLKOUT5
                         net (fo=1, routed)           0.544     1.512    pll_pwm_clk
    BUFGCTRL_X0Y2        BUFG (Prop_bufg_I_O)         0.029     1.541 r  bufg_pwm_clk/O
                         net (fo=160, routed)         0.857     2.398    pwm[3]/CLK
    SLICE_X37Y38         FDRE                                         r  pwm[3]/b_reg[7]/C
                         clock pessimism             -0.379     2.019    
    SLICE_X37Y38         FDRE (Hold_fdre_C_D)         0.092     2.111    pwm[3]/b_reg[7]
  -------------------------------------------------------------------
                         required time                         -2.111    
                         arrival time                           2.293    
  -------------------------------------------------------------------
                         slack                                  0.182    

Slack (MET) :             0.185ns  (arrival time - required time)
  Source:                 pwm[1]/b_reg[9]/C
                            (rising edge-triggered cell FDRE clocked by pll_pwm_clk  {rise@0.000ns fall@2.000ns period=4.000ns})
  Destination:            pwm[1]/b_reg[8]/D
                            (rising edge-triggered cell FDRE clocked by pll_pwm_clk  {rise@0.000ns fall@2.000ns period=4.000ns})
  Path Group:             pll_pwm_clk
  Path Type:              Hold (Min at Fast Process Corner)
  Requirement:            0.000ns  (pll_pwm_clk rise@0.000ns - pll_pwm_clk rise@0.000ns)
  Data Path Delay:        0.293ns  (logic 0.186ns (63.444%)  route 0.107ns (36.556%))
  Logic Levels:           1  (LUT6=1)
  Clock Path Skew:        0.017ns (DCD - SCD - CPR)
    Destination Clock Delay (DCD):    2.398ns
    Source Clock Delay      (SCD):    2.002ns
    Clock Pessimism Removal (CPR):    0.379ns

    Location             Delay type                Incr(ns)  Path(ns)    Netlist Resource(s)
  -------------------------------------------------------------------    -------------------
                         (clock pll_pwm_clk rise edge)
                                                      0.000     0.000 r  
    U18                                               0.000     0.000 r  adc_clk_i[1] (IN)
                         net (fo=0)                   0.000     0.000    adc_clk_i[1]
    U18                  IBUFDS (Prop_ibufds_I_O)     0.401     0.401 r  i_clk/O
                         net (fo=1, routed)           0.440     0.842    pll/adc_clk_in
    PLLE2_ADV_X0Y0       PLLE2_ADV (Prop_plle2_adv_CLKIN1_CLKOUT5)
                                                      0.051     0.893 r  pll/pll/CLKOUT5
                         net (fo=1, routed)           0.497     1.390    pll_pwm_clk
    BUFGCTRL_X0Y2        BUFG (Prop_bufg_I_O)         0.026     1.416 r  bufg_pwm_clk/O
                         net (fo=160, routed)         0.587     2.002    pwm[1]/CLK
    SLICE_X39Y37         FDRE                                         r  pwm[1]/b_reg[9]/C
  -------------------------------------------------------------------    -------------------
    SLICE_X39Y37         FDRE (Prop_fdre_C_Q)         0.141     2.143 r  pwm[1]/b_reg[9]/Q
                         net (fo=1, routed)           0.107     2.250    pwm[1]/b_reg_n_0_[9]
    SLICE_X39Y38         LUT6 (Prop_lut6_I0_O)        0.045     2.295 r  pwm[1]/b[8]_i_1__1/O
                         net (fo=1, routed)           0.000     2.295    pwm[1]/p_0_in[8]
    SLICE_X39Y38         FDRE                                         r  pwm[1]/b_reg[8]/D
  -------------------------------------------------------------------    -------------------

                         (clock pll_pwm_clk rise edge)
                                                      0.000     0.000 r  
    U18                                               0.000     0.000 r  adc_clk_i[1] (IN)
                         net (fo=0)                   0.000     0.000    adc_clk_i[1]
    U18                  IBUFDS (Prop_ibufds_I_O)     0.433     0.433 r  i_clk/O
                         net (fo=1, routed)           0.481     0.914    pll/adc_clk_in
    PLLE2_ADV_X0Y0       PLLE2_ADV (Prop_plle2_adv_CLKIN1_CLKOUT5)
                                                      0.054     0.968 r  pll/pll/CLKOUT5
                         net (fo=1, routed)           0.544     1.512    pll_pwm_clk
    BUFGCTRL_X0Y2        BUFG (Prop_bufg_I_O)         0.029     1.541 r  bufg_pwm_clk/O
                         net (fo=160, routed)         0.857     2.398    pwm[1]/CLK
    SLICE_X39Y38         FDRE                                         r  pwm[1]/b_reg[8]/C
                         clock pessimism             -0.379     2.019    
    SLICE_X39Y38         FDRE (Hold_fdre_C_D)         0.091     2.110    pwm[1]/b_reg[8]
  -------------------------------------------------------------------
                         required time                         -2.110    
                         arrival time                           2.295    
  -------------------------------------------------------------------
                         slack                                  0.185    

Slack (MET) :             0.191ns  (arrival time - required time)
  Source:                 pwm[2]/vcnt_reg[4]/C
                            (rising edge-triggered cell FDRE clocked by pll_pwm_clk  {rise@0.000ns fall@2.000ns period=4.000ns})
  Destination:            pwm[2]/vcnt_reg[5]/D
                            (rising edge-triggered cell FDRE clocked by pll_pwm_clk  {rise@0.000ns fall@2.000ns period=4.000ns})
  Path Group:             pll_pwm_clk
  Path Type:              Hold (Min at Fast Process Corner)
  Requirement:            0.000ns  (pll_pwm_clk rise@0.000ns - pll_pwm_clk rise@0.000ns)
  Data Path Delay:        0.296ns  (logic 0.186ns (62.943%)  route 0.110ns (37.057%))
  Logic Levels:           1  (LUT6=1)
  Clock Path Skew:        0.013ns (DCD - SCD - CPR)
    Destination Clock Delay (DCD):    2.390ns
    Source Clock Delay      (SCD):    1.997ns
    Clock Pessimism Removal (CPR):    0.380ns

    Location             Delay type                Incr(ns)  Path(ns)    Netlist Resource(s)
  -------------------------------------------------------------------    -------------------
                         (clock pll_pwm_clk rise edge)
                                                      0.000     0.000 r  
    U18                                               0.000     0.000 r  adc_clk_i[1] (IN)
                         net (fo=0)                   0.000     0.000    adc_clk_i[1]
    U18                  IBUFDS (Prop_ibufds_I_O)     0.401     0.401 r  i_clk/O
                         net (fo=1, routed)           0.440     0.842    pll/adc_clk_in
    PLLE2_ADV_X0Y0       PLLE2_ADV (Prop_plle2_adv_CLKIN1_CLKOUT5)
                                                      0.051     0.893 r  pll/pll/CLKOUT5
                         net (fo=1, routed)           0.497     1.390    pll_pwm_clk
    BUFGCTRL_X0Y2        BUFG (Prop_bufg_I_O)         0.026     1.416 r  bufg_pwm_clk/O
                         net (fo=160, routed)         0.582     1.997    pwm[2]/CLK
    SLICE_X40Y28         FDRE                                         r  pwm[2]/vcnt_reg[4]/C
  -------------------------------------------------------------------    -------------------
    SLICE_X40Y28         FDRE (Prop_fdre_C_Q)         0.141     2.138 r  pwm[2]/vcnt_reg[4]/Q
                         net (fo=6, routed)           0.110     2.248    pwm[2]/vcnt[4]
    SLICE_X41Y28         LUT6 (Prop_lut6_I0_O)        0.045     2.293 r  pwm[2]/vcnt[5]_i_1__0/O
                         net (fo=1, routed)           0.000     2.293    pwm[2]/vcnt[5]_i_1__0_n_0
    SLICE_X41Y28         FDRE                                         r  pwm[2]/vcnt_reg[5]/D
  -------------------------------------------------------------------    -------------------

                         (clock pll_pwm_clk rise edge)
                                                      0.000     0.000 r  
    U18                                               0.000     0.000 r  adc_clk_i[1] (IN)
                         net (fo=0)                   0.000     0.000    adc_clk_i[1]
    U18                  IBUFDS (Prop_ibufds_I_O)     0.433     0.433 r  i_clk/O
                         net (fo=1, routed)           0.481     0.914    pll/adc_clk_in
    PLLE2_ADV_X0Y0       PLLE2_ADV (Prop_plle2_adv_CLKIN1_CLKOUT5)
                                                      0.054     0.968 r  pll/pll/CLKOUT5
                         net (fo=1, routed)           0.544     1.512    pll_pwm_clk
    BUFGCTRL_X0Y2        BUFG (Prop_bufg_I_O)         0.029     1.541 r  bufg_pwm_clk/O
                         net (fo=160, routed)         0.849     2.390    pwm[2]/CLK
    SLICE_X41Y28         FDRE                                         r  pwm[2]/vcnt_reg[5]/C
                         clock pessimism             -0.380     2.010    
    SLICE_X41Y28         FDRE (Hold_fdre_C_D)         0.092     2.102    pwm[2]/vcnt_reg[5]
  -------------------------------------------------------------------
                         required time                         -2.102    
                         arrival time                           2.293    
  -------------------------------------------------------------------
                         slack                                  0.191    

Slack (MET) :             0.194ns  (arrival time - required time)
  Source:                 pwm[1]/vcnt_reg[5]/C
                            (rising edge-triggered cell FDRE clocked by pll_pwm_clk  {rise@0.000ns fall@2.000ns period=4.000ns})
  Destination:            pwm[1]/vcnt_r_reg[5]/D
                            (rising edge-triggered cell FDRE clocked by pll_pwm_clk  {rise@0.000ns fall@2.000ns period=4.000ns})
  Path Group:             pll_pwm_clk
  Path Type:              Hold (Min at Fast Process Corner)
  Requirement:            0.000ns  (pll_pwm_clk rise@0.000ns - pll_pwm_clk rise@0.000ns)
  Data Path Delay:        0.276ns  (logic 0.141ns (51.164%)  route 0.135ns (48.836%))
  Logic Levels:           0  
  Clock Path Skew:        0.016ns (DCD - SCD - CPR)
    Destination Clock Delay (DCD):    2.402ns
    Source Clock Delay      (SCD):    2.007ns
    Clock Pessimism Removal (CPR):    0.379ns

    Location             Delay type                Incr(ns)  Path(ns)    Netlist Resource(s)
  -------------------------------------------------------------------    -------------------
                         (clock pll_pwm_clk rise edge)
                                                      0.000     0.000 r  
    U18                                               0.000     0.000 r  adc_clk_i[1] (IN)
                         net (fo=0)                   0.000     0.000    adc_clk_i[1]
    U18                  IBUFDS (Prop_ibufds_I_O)     0.401     0.401 r  i_clk/O
                         net (fo=1, routed)           0.440     0.842    pll/adc_clk_in
    PLLE2_ADV_X0Y0       PLLE2_ADV (Prop_plle2_adv_CLKIN1_CLKOUT5)
                                                      0.051     0.893 r  pll/pll/CLKOUT5
                         net (fo=1, routed)           0.497     1.390    pll_pwm_clk
    BUFGCTRL_X0Y2        BUFG (Prop_bufg_I_O)         0.026     1.416 r  bufg_pwm_clk/O
                         net (fo=160, routed)         0.592     2.007    pwm[1]/CLK
    SLICE_X41Y45         FDRE                                         r  pwm[1]/vcnt_reg[5]/C
  -------------------------------------------------------------------    -------------------
    SLICE_X41Y45         FDRE (Prop_fdre_C_Q)         0.141     2.148 r  pwm[1]/vcnt_reg[5]/Q
                         net (fo=6, routed)           0.135     2.283    pwm[1]/vcnt[5]
    SLICE_X43Y46         FDRE                                         r  pwm[1]/vcnt_r_reg[5]/D
  -------------------------------------------------------------------    -------------------

                         (clock pll_pwm_clk rise edge)
                                                      0.000     0.000 r  
    U18                                               0.000     0.000 r  adc_clk_i[1] (IN)
                         net (fo=0)                   0.000     0.000    adc_clk_i[1]
    U18                  IBUFDS (Prop_ibufds_I_O)     0.433     0.433 r  i_clk/O
                         net (fo=1, routed)           0.481     0.914    pll/adc_clk_in
    PLLE2_ADV_X0Y0       PLLE2_ADV (Prop_plle2_adv_CLKIN1_CLKOUT5)
                                                      0.054     0.968 r  pll/pll/CLKOUT5
                         net (fo=1, routed)           0.544     1.512    pll_pwm_clk
    BUFGCTRL_X0Y2        BUFG (Prop_bufg_I_O)         0.029     1.541 r  bufg_pwm_clk/O
                         net (fo=160, routed)         0.861     2.402    pwm[1]/CLK
    SLICE_X43Y46         FDRE                                         r  pwm[1]/vcnt_r_reg[5]/C
                         clock pessimism             -0.379     2.023    
    SLICE_X43Y46         FDRE (Hold_fdre_C_D)         0.066     2.089    pwm[1]/vcnt_r_reg[5]
  -------------------------------------------------------------------
                         required time                         -2.089    
                         arrival time                           2.283    
  -------------------------------------------------------------------
                         slack                                  0.194    

Slack (MET) :             0.200ns  (arrival time - required time)
  Source:                 pwm[1]/vcnt_reg[7]/C
                            (rising edge-triggered cell FDRE clocked by pll_pwm_clk  {rise@0.000ns fall@2.000ns period=4.000ns})
  Destination:            pwm[1]/vcnt_r_reg[7]/D
                            (rising edge-triggered cell FDRE clocked by pll_pwm_clk  {rise@0.000ns fall@2.000ns period=4.000ns})
  Path Group:             pll_pwm_clk
  Path Type:              Hold (Min at Fast Process Corner)
  Requirement:            0.000ns  (pll_pwm_clk rise@0.000ns - pll_pwm_clk rise@0.000ns)
  Data Path Delay:        0.313ns  (logic 0.164ns (52.477%)  route 0.149ns (47.523%))
  Logic Levels:           0  
  Clock Path Skew:        0.038ns (DCD - SCD - CPR)
    Destination Clock Delay (DCD):    2.402ns
    Source Clock Delay      (SCD):    2.005ns
    Clock Pessimism Removal (CPR):    0.359ns

    Location             Delay type                Incr(ns)  Path(ns)    Netlist Resource(s)
  -------------------------------------------------------------------    -------------------
                         (clock pll_pwm_clk rise edge)
                                                      0.000     0.000 r  
    U18                                               0.000     0.000 r  adc_clk_i[1] (IN)
                         net (fo=0)                   0.000     0.000    adc_clk_i[1]
    U18                  IBUFDS (Prop_ibufds_I_O)     0.401     0.401 r  i_clk/O
                         net (fo=1, routed)           0.440     0.842    pll/adc_clk_in
    PLLE2_ADV_X0Y0       PLLE2_ADV (Prop_plle2_adv_CLKIN1_CLKOUT5)
                                                      0.051     0.893 r  pll/pll/CLKOUT5
                         net (fo=1, routed)           0.497     1.390    pll_pwm_clk
    BUFGCTRL_X0Y2        BUFG (Prop_bufg_I_O)         0.026     1.416 r  bufg_pwm_clk/O
                         net (fo=160, routed)         0.590     2.005    pwm[1]/CLK
    SLICE_X38Y45         FDRE                                         r  pwm[1]/vcnt_reg[7]/C
  -------------------------------------------------------------------    -------------------
    SLICE_X38Y45         FDRE (Prop_fdre_C_Q)         0.164     2.169 r  pwm[1]/vcnt_reg[7]/Q
                         net (fo=4, routed)           0.149     2.318    pwm[1]/vcnt[7]
    SLICE_X41Y46         FDRE                                         r  pwm[1]/vcnt_r_reg[7]/D
  -------------------------------------------------------------------    -------------------

                         (clock pll_pwm_clk rise edge)
                                                      0.000     0.000 r  
    U18                                               0.000     0.000 r  adc_clk_i[1] (IN)
                         net (fo=0)                   0.000     0.000    adc_clk_i[1]
    U18                  IBUFDS (Prop_ibufds_I_O)     0.433     0.433 r  i_clk/O
                         net (fo=1, routed)           0.481     0.914    pll/adc_clk_in
    PLLE2_ADV_X0Y0       PLLE2_ADV (Prop_plle2_adv_CLKIN1_CLKOUT5)
                                                      0.054     0.968 r  pll/pll/CLKOUT5
                         net (fo=1, routed)           0.544     1.512    pll_pwm_clk
    BUFGCTRL_X0Y2        BUFG (Prop_bufg_I_O)         0.029     1.541 r  bufg_pwm_clk/O
                         net (fo=160, routed)         0.861     2.402    pwm[1]/CLK
    SLICE_X41Y46         FDRE                                         r  pwm[1]/vcnt_r_reg[7]/C
                         clock pessimism             -0.359     2.043    
    SLICE_X41Y46         FDRE (Hold_fdre_C_D)         0.075     2.118    pwm[1]/vcnt_r_reg[7]
  -------------------------------------------------------------------
                         required time                         -2.118    
                         arrival time                           2.318    
  -------------------------------------------------------------------
                         slack                                  0.200    

Slack (MET) :             0.203ns  (arrival time - required time)
  Source:                 pwm[3]/vcnt_reg[4]/C
                            (rising edge-triggered cell FDRE clocked by pll_pwm_clk  {rise@0.000ns fall@2.000ns period=4.000ns})
  Destination:            pwm[3]/vcnt_reg[5]/D
                            (rising edge-triggered cell FDRE clocked by pll_pwm_clk  {rise@0.000ns fall@2.000ns period=4.000ns})
  Path Group:             pll_pwm_clk
  Path Type:              Hold (Min at Fast Process Corner)
  Requirement:            0.000ns  (pll_pwm_clk rise@0.000ns - pll_pwm_clk rise@0.000ns)
  Data Path Delay:        0.308ns  (logic 0.186ns (60.367%)  route 0.122ns (39.633%))
  Logic Levels:           1  (LUT6=1)
  Clock Path Skew:        0.013ns (DCD - SCD - CPR)
    Destination Clock Delay (DCD):    2.401ns
    Source Clock Delay      (SCD):    2.006ns
    Clock Pessimism Removal (CPR):    0.382ns

    Location             Delay type                Incr(ns)  Path(ns)    Netlist Resource(s)
  -------------------------------------------------------------------    -------------------
                         (clock pll_pwm_clk rise edge)
                                                      0.000     0.000 r  
    U18                                               0.000     0.000 r  adc_clk_i[1] (IN)
                         net (fo=0)                   0.000     0.000    adc_clk_i[1]
    U18                  IBUFDS (Prop_ibufds_I_O)     0.401     0.401 r  i_clk/O
                         net (fo=1, routed)           0.440     0.842    pll/adc_clk_in
    PLLE2_ADV_X0Y0       PLLE2_ADV (Prop_plle2_adv_CLKIN1_CLKOUT5)
                                                      0.051     0.893 r  pll/pll/CLKOUT5
                         net (fo=1, routed)           0.497     1.390    pll_pwm_clk
    BUFGCTRL_X0Y2        BUFG (Prop_bufg_I_O)         0.026     1.416 r  bufg_pwm_clk/O
                         net (fo=160, routed)         0.591     2.006    pwm[3]/CLK
    SLICE_X40Y41         FDRE                                         r  pwm[3]/vcnt_reg[4]/C
  -------------------------------------------------------------------    -------------------
    SLICE_X40Y41         FDRE (Prop_fdre_C_Q)         0.141     2.147 r  pwm[3]/vcnt_reg[4]/Q
                         net (fo=6, routed)           0.122     2.269    pwm[3]/vcnt[4]
    SLICE_X41Y41         LUT6 (Prop_lut6_I0_O)        0.045     2.314 r  pwm[3]/vcnt[5]_i_1/O
                         net (fo=1, routed)           0.000     2.314    pwm[3]/vcnt[5]_i_1_n_0
    SLICE_X41Y41         FDRE                                         r  pwm[3]/vcnt_reg[5]/D
  -------------------------------------------------------------------    -------------------

                         (clock pll_pwm_clk rise edge)
                                                      0.000     0.000 r  
    U18                                               0.000     0.000 r  adc_clk_i[1] (IN)
                         net (fo=0)                   0.000     0.000    adc_clk_i[1]
    U18                  IBUFDS (Prop_ibufds_I_O)     0.433     0.433 r  i_clk/O
                         net (fo=1, routed)           0.481     0.914    pll/adc_clk_in
    PLLE2_ADV_X0Y0       PLLE2_ADV (Prop_plle2_adv_CLKIN1_CLKOUT5)
                                                      0.054     0.968 r  pll/pll/CLKOUT5
                         net (fo=1, routed)           0.544     1.512    pll_pwm_clk
    BUFGCTRL_X0Y2        BUFG (Prop_bufg_I_O)         0.029     1.541 r  bufg_pwm_clk/O
                         net (fo=160, routed)         0.860     2.401    pwm[3]/CLK
    SLICE_X41Y41         FDRE                                         r  pwm[3]/vcnt_reg[5]/C
                         clock pessimism             -0.382     2.019    
    SLICE_X41Y41         FDRE (Hold_fdre_C_D)         0.092     2.111    pwm[3]/vcnt_reg[5]
  -------------------------------------------------------------------
                         required time                         -2.111    
                         arrival time                           2.314    
  -------------------------------------------------------------------
                         slack                                  0.203    

Slack (MET) :             0.203ns  (arrival time - required time)
  Source:                 pwm[3]/b_reg[10]/C
                            (rising edge-triggered cell FDRE clocked by pll_pwm_clk  {rise@0.000ns fall@2.000ns period=4.000ns})
  Destination:            pwm[3]/b_reg[9]/D
                            (rising edge-triggered cell FDRE clocked by pll_pwm_clk  {rise@0.000ns fall@2.000ns period=4.000ns})
  Path Group:             pll_pwm_clk
  Path Type:              Hold (Min at Fast Process Corner)
  Requirement:            0.000ns  (pll_pwm_clk rise@0.000ns - pll_pwm_clk rise@0.000ns)
  Data Path Delay:        0.295ns  (logic 0.186ns (62.970%)  route 0.109ns (37.030%))
  Logic Levels:           1  (LUT6=1)
  Clock Path Skew:        0.000ns (DCD - SCD - CPR)
    Destination Clock Delay (DCD):    2.395ns
    Source Clock Delay      (SCD):    2.001ns
    Clock Pessimism Removal (CPR):    0.394ns

    Location             Delay type                Incr(ns)  Path(ns)    Netlist Resource(s)
  -------------------------------------------------------------------    -------------------
                         (clock pll_pwm_clk rise edge)
                                                      0.000     0.000 r  
    U18                                               0.000     0.000 r  adc_clk_i[1] (IN)
                         net (fo=0)                   0.000     0.000    adc_clk_i[1]
    U18                  IBUFDS (Prop_ibufds_I_O)     0.401     0.401 r  i_clk/O
                         net (fo=1, routed)           0.440     0.842    pll/adc_clk_in
    PLLE2_ADV_X0Y0       PLLE2_ADV (Prop_plle2_adv_CLKIN1_CLKOUT5)
                                                      0.051     0.893 r  pll/pll/CLKOUT5
                         net (fo=1, routed)           0.497     1.390    pll_pwm_clk
    BUFGCTRL_X0Y2        BUFG (Prop_bufg_I_O)         0.026     1.416 r  bufg_pwm_clk/O
                         net (fo=160, routed)         0.586     2.001    pwm[3]/CLK
    SLICE_X37Y36         FDRE                                         r  pwm[3]/b_reg[10]/C
  -------------------------------------------------------------------    -------------------
    SLICE_X37Y36         FDRE (Prop_fdre_C_Q)         0.141     2.142 r  pwm[3]/b_reg[10]/Q
                         net (fo=1, routed)           0.109     2.252    pwm[3]/b_reg_n_0_[10]
    SLICE_X37Y36         LUT6 (Prop_lut6_I0_O)        0.045     2.297 r  pwm[3]/b[9]_i_1/O
                         net (fo=1, routed)           0.000     2.297    pwm[3]/p_0_in[9]
    SLICE_X37Y36         FDRE                                         r  pwm[3]/b_reg[9]/D
  -------------------------------------------------------------------    -------------------

                         (clock pll_pwm_clk rise edge)
                                                      0.000     0.000 r  
    U18                                               0.000     0.000 r  adc_clk_i[1] (IN)
                         net (fo=0)                   0.000     0.000    adc_clk_i[1]
    U18                  IBUFDS (Prop_ibufds_I_O)     0.433     0.433 r  i_clk/O
                         net (fo=1, routed)           0.481     0.914    pll/adc_clk_in
    PLLE2_ADV_X0Y0       PLLE2_ADV (Prop_plle2_adv_CLKIN1_CLKOUT5)
                                                      0.054     0.968 r  pll/pll/CLKOUT5
                         net (fo=1, routed)           0.544     1.512    pll_pwm_clk
    BUFGCTRL_X0Y2        BUFG (Prop_bufg_I_O)         0.029     1.541 r  bufg_pwm_clk/O
                         net (fo=160, routed)         0.854     2.395    pwm[3]/CLK
    SLICE_X37Y36         FDRE                                         r  pwm[3]/b_reg[9]/C
                         clock pessimism             -0.394     2.001    
    SLICE_X37Y36         FDRE (Hold_fdre_C_D)         0.092     2.093    pwm[3]/b_reg[9]
  -------------------------------------------------------------------
                         required time                         -2.093    
                         arrival time                           2.297    
  -------------------------------------------------------------------
                         slack                                  0.203    

Slack (MET) :             0.206ns  (arrival time - required time)
  Source:                 pwm[1]/b_reg[11]/C
                            (rising edge-triggered cell FDRE clocked by pll_pwm_clk  {rise@0.000ns fall@2.000ns period=4.000ns})
  Destination:            pwm[1]/b_reg[10]/D
                            (rising edge-triggered cell FDRE clocked by pll_pwm_clk  {rise@0.000ns fall@2.000ns period=4.000ns})
  Path Group:             pll_pwm_clk
  Path Type:              Hold (Min at Fast Process Corner)
  Requirement:            0.000ns  (pll_pwm_clk rise@0.000ns - pll_pwm_clk rise@0.000ns)
  Data Path Delay:        0.297ns  (logic 0.186ns (62.546%)  route 0.111ns (37.454%))
  Logic Levels:           1  (LUT6=1)
  Clock Path Skew:        0.000ns (DCD - SCD - CPR)
    Destination Clock Delay (DCD):    2.396ns
    Source Clock Delay      (SCD):    2.002ns
    Clock Pessimism Removal (CPR):    0.394ns

    Location             Delay type                Incr(ns)  Path(ns)    Netlist Resource(s)
  -------------------------------------------------------------------    -------------------
                         (clock pll_pwm_clk rise edge)
                                                      0.000     0.000 r  
    U18                                               0.000     0.000 r  adc_clk_i[1] (IN)
                         net (fo=0)                   0.000     0.000    adc_clk_i[1]
    U18                  IBUFDS (Prop_ibufds_I_O)     0.401     0.401 r  i_clk/O
                         net (fo=1, routed)           0.440     0.842    pll/adc_clk_in
    PLLE2_ADV_X0Y0       PLLE2_ADV (Prop_plle2_adv_CLKIN1_CLKOUT5)
                                                      0.051     0.893 r  pll/pll/CLKOUT5
                         net (fo=1, routed)           0.497     1.390    pll_pwm_clk
    BUFGCTRL_X0Y2        BUFG (Prop_bufg_I_O)         0.026     1.416 r  bufg_pwm_clk/O
                         net (fo=160, routed)         0.587     2.002    pwm[1]/CLK
    SLICE_X39Y37         FDRE                                         r  pwm[1]/b_reg[11]/C
  -------------------------------------------------------------------    -------------------
    SLICE_X39Y37         FDRE (Prop_fdre_C_Q)         0.141     2.143 r  pwm[1]/b_reg[11]/Q
                         net (fo=1, routed)           0.111     2.255    pwm[1]/b_reg_n_0_[11]
    SLICE_X39Y37         LUT6 (Prop_lut6_I0_O)        0.045     2.300 r  pwm[1]/b[10]_i_1__1/O
                         net (fo=1, routed)           0.000     2.300    pwm[1]/p_0_in[10]
    SLICE_X39Y37         FDRE                                         r  pwm[1]/b_reg[10]/D
  -------------------------------------------------------------------    -------------------

                         (clock pll_pwm_clk rise edge)
                                                      0.000     0.000 r  
    U18                                               0.000     0.000 r  adc_clk_i[1] (IN)
                         net (fo=0)                   0.000     0.000    adc_clk_i[1]
    U18                  IBUFDS (Prop_ibufds_I_O)     0.433     0.433 r  i_clk/O
                         net (fo=1, routed)           0.481     0.914    pll/adc_clk_in
    PLLE2_ADV_X0Y0       PLLE2_ADV (Prop_plle2_adv_CLKIN1_CLKOUT5)
                                                      0.054     0.968 r  pll/pll/CLKOUT5
                         net (fo=1, routed)           0.544     1.512    pll_pwm_clk
    BUFGCTRL_X0Y2        BUFG (Prop_bufg_I_O)         0.029     1.541 r  bufg_pwm_clk/O
                         net (fo=160, routed)         0.855     2.396    pwm[1]/CLK
    SLICE_X39Y37         FDRE                                         r  pwm[1]/b_reg[10]/C
                         clock pessimism             -0.394     2.002    
    SLICE_X39Y37         FDRE (Hold_fdre_C_D)         0.091     2.093    pwm[1]/b_reg[10]
  -------------------------------------------------------------------
                         required time                         -2.093    
                         arrival time                           2.300    
  -------------------------------------------------------------------
                         slack                                  0.206    





Pulse Width Checks
--------------------------------------------------------------------------------------
Clock Name:         pll_pwm_clk
Waveform(ns):       { 0.000 2.000 }
Period(ns):         4.000
Sources:            { pll/pll/CLKOUT5 }

Check Type        Corner  Lib Pin            Reference Pin  Required(ns)  Actual(ns)  Slack(ns)  Location        Pin
Min Period        n/a     BUFG/I             n/a            2.155         4.000       1.845      BUFGCTRL_X0Y2   bufg_pwm_clk/I
Min Period        n/a     FDRE/C             n/a            1.474         4.000       2.526      OLOGIC_X0Y48    pwm[1]/pwm_o_reg/C
Min Period        n/a     FDRE/C             n/a            1.474         4.000       2.526      OLOGIC_X0Y2     pwm[2]/pwm_o_reg/C
Min Period        n/a     FDRE/C             n/a            1.474         4.000       2.526      OLOGIC_X0Y44    pwm[3]/pwm_o_reg/C
Min Period        n/a     PLLE2_ADV/CLKOUT5  n/a            1.249         4.000       2.751      PLLE2_ADV_X0Y0  pll/pll/CLKOUT5
Min Period        n/a     FDRE/C             n/a            1.000         4.000       3.000      SLICE_X37Y41    pwm[1]/b_reg[0]/C
Min Period        n/a     FDRE/C             n/a            1.000         4.000       3.000      SLICE_X39Y37    pwm[1]/b_reg[10]/C
Min Period        n/a     FDRE/C             n/a            1.000         4.000       3.000      SLICE_X39Y37    pwm[1]/b_reg[11]/C
Min Period        n/a     FDRE/C             n/a            1.000         4.000       3.000      SLICE_X36Y38    pwm[1]/b_reg[12]/C
Min Period        n/a     FDRE/C             n/a            1.000         4.000       3.000      SLICE_X36Y38    pwm[1]/b_reg[13]/C
Max Period        n/a     PLLE2_ADV/CLKOUT5  n/a            160.000       4.000       156.000    PLLE2_ADV_X0Y0  pll/pll/CLKOUT5
Low Pulse Width   Slow    FDRE/C             n/a            0.500         2.000       1.500      SLICE_X37Y35    pwm[2]/b_reg[0]/C
Low Pulse Width   Slow    FDRE/C             n/a            0.500         2.000       1.500      SLICE_X38Y35    pwm[2]/b_reg[10]/C
Low Pulse Width   Slow    FDRE/C             n/a            0.500         2.000       1.500      SLICE_X37Y33    pwm[2]/b_reg[11]/C
Low Pulse Width   Slow    FDRE/C             n/a            0.500         2.000       1.500      SLICE_X37Y34    pwm[2]/b_reg[12]/C
Low Pulse Width   Slow    FDRE/C             n/a            0.500         2.000       1.500      SLICE_X37Y34    pwm[2]/b_reg[13]/C
Low Pulse Width   Slow    FDRE/C             n/a            0.500         2.000       1.500      SLICE_X37Y34    pwm[2]/b_reg[14]/C
Low Pulse Width   Slow    FDRE/C             n/a            0.500         2.000       1.500      SLICE_X37Y34    pwm[2]/b_reg[15]/C
Low Pulse Width   Slow    FDRE/C             n/a            0.500         2.000       1.500      SLICE_X37Y35    pwm[2]/b_reg[1]/C
Low Pulse Width   Slow    FDRE/C             n/a            0.500         2.000       1.500      SLICE_X36Y35    pwm[2]/b_reg[2]/C
Low Pulse Width   Slow    FDRE/C             n/a            0.500         2.000       1.500      SLICE_X36Y34    pwm[2]/b_reg[3]/C
High Pulse Width  Slow    FDRE/C             n/a            0.500         2.000       1.500      SLICE_X39Y37    pwm[1]/b_reg[10]/C
High Pulse Width  Slow    FDRE/C             n/a            0.500         2.000       1.500      SLICE_X39Y37    pwm[1]/b_reg[11]/C
High Pulse Width  Slow    FDRE/C             n/a            0.500         2.000       1.500      SLICE_X36Y38    pwm[1]/b_reg[12]/C
High Pulse Width  Slow    FDRE/C             n/a            0.500         2.000       1.500      SLICE_X36Y38    pwm[1]/b_reg[13]/C
High Pulse Width  Slow    FDRE/C             n/a            0.500         2.000       1.500      SLICE_X36Y38    pwm[1]/b_reg[14]/C
High Pulse Width  Slow    FDRE/C             n/a            0.500         2.000       1.500      SLICE_X36Y38    pwm[1]/b_reg[15]/C
High Pulse Width  Slow    FDRE/C             n/a            0.500         2.000       1.500      SLICE_X39Y40    pwm[1]/b_reg[5]/C
High Pulse Width  Slow    FDRE/C             n/a            0.500         2.000       1.500      SLICE_X39Y40    pwm[1]/b_reg[6]/C
High Pulse Width  Slow    FDRE/C             n/a            0.500         2.000       1.500      SLICE_X39Y40    pwm[1]/b_reg[7]/C
High Pulse Width  Slow    FDRE/C             n/a            0.500         2.000       1.500      SLICE_X39Y38    pwm[1]/b_reg[8]/C



---------------------------------------------------------------------------------------------------
From Clock:  clk_fpga_3
  To Clock:  clk_fpga_3

Setup :            0  Failing Endpoints,  Worst Slack        0.312ns,  Total Violation        0.000ns
Hold  :            0  Failing Endpoints,  Worst Slack        0.095ns,  Total Violation        0.000ns
PW    :            0  Failing Endpoints,  Worst Slack        1.000ns,  Total Violation        0.000ns
---------------------------------------------------------------------------------------------------


Max Delay Paths
--------------------------------------------------------------------------------------
Slack (MET) :             0.312ns  (required time - arrival time)
  Source:                 ps/system_i/axi_protocol_converter_0/inst/gen_axilite.gen_b2s_conv.axilite_b2s/SI_REG/aw.aw_pipe/m_payload_i_reg[39]/C
                            (rising edge-triggered cell FDRE clocked by clk_fpga_3  {rise@0.000ns fall@2.500ns period=5.000ns})
  Destination:            ps/system_i/xadc/inst/AXI_XADC_CORE_I/XADC_INST/DADDR[4]
                            (rising edge-triggered cell XADC clocked by clk_fpga_3  {rise@0.000ns fall@2.500ns period=5.000ns})
  Path Group:             clk_fpga_3
  Path Type:              Setup (Max at Slow Process Corner)
  Requirement:            5.000ns  (clk_fpga_3 rise@5.000ns - clk_fpga_3 rise@0.000ns)
  Data Path Delay:        3.838ns  (logic 0.963ns (25.092%)  route 2.875ns (74.908%))
  Logic Levels:           3  (LUT3=1 LUT4=1 LUT6=1)
  Clock Path Skew:        -0.068ns (DCD - SCD + CPR)
    Destination Clock Delay (DCD):    2.666ns = ( 7.666 - 5.000 ) 
    Source Clock Delay      (SCD):    2.964ns
    Clock Pessimism Removal (CPR):    0.230ns
  Clock Uncertainty:      0.083ns  ((TSJ^2 + TIJ^2)^1/2 + DJ) / 2 + PE
    Total System Jitter     (TSJ):    0.071ns
    Total Input Jitter      (TIJ):    0.150ns
    Discrete Jitter          (DJ):    0.000ns
    Phase Error              (PE):    0.000ns

    Location             Delay type                Incr(ns)  Path(ns)    Netlist Resource(s)
  -------------------------------------------------------------------    -------------------
                         (clock clk_fpga_3 rise edge)
                                                      0.000     0.000 r  
    PS7_X0Y0             PS7                          0.000     0.000 r  ps/system_i/processing_system7/inst/PS7_i/FCLKCLK[3]
                         net (fo=1, routed)           1.207     1.207    ps/system_i/processing_system7/inst/FCLK_CLK_unbuffered[3]
    BUFGCTRL_X0Y1        BUFG (Prop_bufg_I_O)         0.101     1.308 r  ps/system_i/processing_system7/inst/buffer_fclk_clk_3.FCLK_CLK_3_BUFG/O
                         net (fo=769, routed)         1.656     2.964    ps/system_i/axi_protocol_converter_0/inst/gen_axilite.gen_b2s_conv.axilite_b2s/SI_REG/aw.aw_pipe/aclk
    SLICE_X7Y71          FDRE                                         r  ps/system_i/axi_protocol_converter_0/inst/gen_axilite.gen_b2s_conv.axilite_b2s/SI_REG/aw.aw_pipe/m_payload_i_reg[39]/C
  -------------------------------------------------------------------    -------------------
    SLICE_X7Y71          FDRE (Prop_fdre_C_Q)         0.419     3.383 r  ps/system_i/axi_protocol_converter_0/inst/gen_axilite.gen_b2s_conv.axilite_b2s/SI_REG/aw.aw_pipe/m_payload_i_reg[39]/Q
                         net (fo=6, routed)           0.853     4.236    ps/system_i/axi_protocol_converter_0/inst/gen_axilite.gen_b2s_conv.axilite_b2s/WR.aw_channel_0/cmd_translator_0/incr_cmd_0/axlen_cnt_reg[2]_1[14]
    SLICE_X9Y71          LUT4 (Prop_lut4_I2_O)        0.296     4.532 r  ps/system_i/axi_protocol_converter_0/inst/gen_axilite.gen_b2s_conv.axilite_b2s/WR.aw_channel_0/cmd_translator_0/incr_cmd_0/m_axi_awaddr[11]_INST_0_i_3/O
                         net (fo=8, routed)           0.642     5.173    ps/system_i/axi_protocol_converter_0/inst/gen_axilite.gen_b2s_conv.axilite_b2s/WR.aw_channel_0/cmd_translator_0/incr_cmd_0/sel_first_reg_1
    SLICE_X6Y71          LUT6 (Prop_lut6_I5_O)        0.124     5.297 r  ps/system_i/axi_protocol_converter_0/inst/gen_axilite.gen_b2s_conv.axilite_b2s/WR.aw_channel_0/cmd_translator_0/incr_cmd_0/m_axi_awaddr[6]_INST_0/O
                         net (fo=1, routed)           0.592     5.890    ps/system_i/xadc/inst/AXI_LITE_IPIF_I/I_SLAVE_ATTACHMENT/I_DECODER/s_axi_awaddr[4]
    SLICE_X9Y72          LUT3 (Prop_lut3_I2_O)        0.124     6.014 r  ps/system_i/xadc/inst/AXI_LITE_IPIF_I/I_SLAVE_ATTACHMENT/I_DECODER/XADC_INST_i_6/O
                         net (fo=25, routed)          0.788     6.802    ps/system_i/xadc/inst/AXI_XADC_CORE_I/status_reg_reg[7]_0[2]
    XADC_X0Y0            XADC                                         r  ps/system_i/xadc/inst/AXI_XADC_CORE_I/XADC_INST/DADDR[4]
  -------------------------------------------------------------------    -------------------

                         (clock clk_fpga_3 rise edge)
                                                      5.000     5.000 r  
    PS7_X0Y0             PS7                          0.000     5.000 r  ps/system_i/processing_system7/inst/PS7_i/FCLKCLK[3]
                         net (fo=1, routed)           1.101     6.101    ps/system_i/processing_system7/inst/FCLK_CLK_unbuffered[3]
    BUFGCTRL_X0Y1        BUFG (Prop_bufg_I_O)         0.091     6.192 r  ps/system_i/processing_system7/inst/buffer_fclk_clk_3.FCLK_CLK_3_BUFG/O
                         net (fo=769, routed)         1.474     7.666    ps/system_i/xadc/inst/AXI_XADC_CORE_I/s_axi_aclk
    XADC_X0Y0            XADC                                         r  ps/system_i/xadc/inst/AXI_XADC_CORE_I/XADC_INST/DCLK
                         clock pessimism              0.230     7.896    
                         clock uncertainty           -0.083     7.813    
    XADC_X0Y0            XADC (Setup_xadc_DCLK_DADDR[4])
                                                     -0.699     7.114    ps/system_i/xadc/inst/AXI_XADC_CORE_I/XADC_INST
  -------------------------------------------------------------------
                         required time                          7.114    
                         arrival time                          -6.802    
  -------------------------------------------------------------------
                         slack                                  0.312    

Slack (MET) :             0.323ns  (required time - arrival time)
  Source:                 ps/system_i/axi_protocol_converter_0/inst/gen_axilite.gen_b2s_conv.axilite_b2s/SI_REG/ar.ar_pipe/m_payload_i_reg[39]/C
                            (rising edge-triggered cell FDRE clocked by clk_fpga_3  {rise@0.000ns fall@2.500ns period=5.000ns})
  Destination:            ps/system_i/xadc/inst/AXI_LITE_IPIF_I/I_SLAVE_ATTACHMENT/I_DECODER/GEN_BKEND_CE_REGISTERS[0].ce_out_i_reg[0]/D
                            (rising edge-triggered cell FDRE clocked by clk_fpga_3  {rise@0.000ns fall@2.500ns period=5.000ns})
  Path Group:             clk_fpga_3
  Path Type:              Setup (Max at Slow Process Corner)
  Requirement:            5.000ns  (clk_fpga_3 rise@5.000ns - clk_fpga_3 rise@0.000ns)
  Data Path Delay:        4.608ns  (logic 1.088ns (23.609%)  route 3.520ns (76.391%))
  Logic Levels:           4  (LUT3=1 LUT5=1 LUT6=2)
  Clock Path Skew:        -0.018ns (DCD - SCD + CPR)
    Destination Clock Delay (DCD):    2.682ns = ( 7.682 - 5.000 ) 
    Source Clock Delay      (SCD):    2.964ns
    Clock Pessimism Removal (CPR):    0.264ns
  Clock Uncertainty:      0.083ns  ((TSJ^2 + TIJ^2)^1/2 + DJ) / 2 + PE
    Total System Jitter     (TSJ):    0.071ns
    Total Input Jitter      (TIJ):    0.150ns
    Discrete Jitter          (DJ):    0.000ns
    Phase Error              (PE):    0.000ns

    Location             Delay type                Incr(ns)  Path(ns)    Netlist Resource(s)
  -------------------------------------------------------------------    -------------------
                         (clock clk_fpga_3 rise edge)
                                                      0.000     0.000 r  
    PS7_X0Y0             PS7                          0.000     0.000 r  ps/system_i/processing_system7/inst/PS7_i/FCLKCLK[3]
                         net (fo=1, routed)           1.207     1.207    ps/system_i/processing_system7/inst/FCLK_CLK_unbuffered[3]
    BUFGCTRL_X0Y1        BUFG (Prop_bufg_I_O)         0.101     1.308 r  ps/system_i/processing_system7/inst/buffer_fclk_clk_3.FCLK_CLK_3_BUFG/O
                         net (fo=769, routed)         1.656     2.964    ps/system_i/axi_protocol_converter_0/inst/gen_axilite.gen_b2s_conv.axilite_b2s/SI_REG/ar.ar_pipe/aclk
    SLICE_X9Y71          FDRE                                         r  ps/system_i/axi_protocol_converter_0/inst/gen_axilite.gen_b2s_conv.axilite_b2s/SI_REG/ar.ar_pipe/m_payload_i_reg[39]/C
  -------------------------------------------------------------------    -------------------
    SLICE_X9Y71          FDRE (Prop_fdre_C_Q)         0.419     3.383 r  ps/system_i/axi_protocol_converter_0/inst/gen_axilite.gen_b2s_conv.axilite_b2s/SI_REG/ar.ar_pipe/m_payload_i_reg[39]/Q
                         net (fo=7, routed)           0.616     3.999    ps/system_i/axi_protocol_converter_0/inst/gen_axilite.gen_b2s_conv.axilite_b2s/SI_REG/ar.ar_pipe/Q[38]
    SLICE_X11Y71         LUT3 (Prop_lut3_I2_O)        0.297     4.296 f  ps/system_i/axi_protocol_converter_0/inst/gen_axilite.gen_b2s_conv.axilite_b2s/SI_REG/ar.ar_pipe/m_axi_araddr[11]_INST_0_i_2/O
                         net (fo=8, routed)           0.915     5.211    ps/system_i/axi_protocol_converter_0/inst/gen_axilite.gen_b2s_conv.axilite_b2s/RD.ar_channel_0/cmd_translator_0/incr_cmd_0/m_axi_araddr[0]_0
    SLICE_X8Y71          LUT6 (Prop_lut6_I2_O)        0.124     5.335 f  ps/system_i/axi_protocol_converter_0/inst/gen_axilite.gen_b2s_conv.axilite_b2s/RD.ar_channel_0/cmd_translator_0/incr_cmd_0/m_axi_araddr[3]_INST_0/O
                         net (fo=5, routed)           0.838     6.173    ps/system_i/xadc/inst/AXI_LITE_IPIF_I/I_SLAVE_ATTACHMENT/I_DECODER/s_axi_araddr[1]
    SLICE_X11Y69         LUT5 (Prop_lut5_I1_O)        0.124     6.297 r  ps/system_i/xadc/inst/AXI_LITE_IPIF_I/I_SLAVE_ATTACHMENT/I_DECODER/GEN_BKEND_CE_REGISTERS[20].ce_out_i[20]_i_2/O
                         net (fo=6, routed)           1.152     7.448    ps/system_i/xadc/inst/AXI_LITE_IPIF_I/I_SLAVE_ATTACHMENT/I_DECODER/GEN_BKEND_CE_REGISTERS[20].ce_out_i[20]_i_2_n_0
    SLICE_X9Y66          LUT6 (Prop_lut6_I0_O)        0.124     7.572 r  ps/system_i/xadc/inst/AXI_LITE_IPIF_I/I_SLAVE_ATTACHMENT/I_DECODER/GEN_BKEND_CE_REGISTERS[0].ce_out_i[0]_i_1/O
                         net (fo=1, routed)           0.000     7.572    ps/system_i/xadc/inst/AXI_LITE_IPIF_I/I_SLAVE_ATTACHMENT/I_DECODER/p_7_out
    SLICE_X9Y66          FDRE                                         r  ps/system_i/xadc/inst/AXI_LITE_IPIF_I/I_SLAVE_ATTACHMENT/I_DECODER/GEN_BKEND_CE_REGISTERS[0].ce_out_i_reg[0]/D
  -------------------------------------------------------------------    -------------------

                         (clock clk_fpga_3 rise edge)
                                                      5.000     5.000 r  
    PS7_X0Y0             PS7                          0.000     5.000 r  ps/system_i/processing_system7/inst/PS7_i/FCLKCLK[3]
                         net (fo=1, routed)           1.101     6.101    ps/system_i/processing_system7/inst/FCLK_CLK_unbuffered[3]
    BUFGCTRL_X0Y1        BUFG (Prop_bufg_I_O)         0.091     6.192 r  ps/system_i/processing_system7/inst/buffer_fclk_clk_3.FCLK_CLK_3_BUFG/O
                         net (fo=769, routed)         1.490     7.682    ps/system_i/xadc/inst/AXI_LITE_IPIF_I/I_SLAVE_ATTACHMENT/I_DECODER/s_axi_aclk
    SLICE_X9Y66          FDRE                                         r  ps/system_i/xadc/inst/AXI_LITE_IPIF_I/I_SLAVE_ATTACHMENT/I_DECODER/GEN_BKEND_CE_REGISTERS[0].ce_out_i_reg[0]/C
                         clock pessimism              0.264     7.946    
                         clock uncertainty           -0.083     7.863    
    SLICE_X9Y66          FDRE (Setup_fdre_C_D)        0.032     7.895    ps/system_i/xadc/inst/AXI_LITE_IPIF_I/I_SLAVE_ATTACHMENT/I_DECODER/GEN_BKEND_CE_REGISTERS[0].ce_out_i_reg[0]
  -------------------------------------------------------------------
                         required time                          7.895    
                         arrival time                          -7.572    
  -------------------------------------------------------------------
                         slack                                  0.323    

Slack (MET) :             0.372ns  (required time - arrival time)
  Source:                 ps/system_i/axi_protocol_converter_0/inst/gen_axilite.gen_b2s_conv.axilite_b2s/SI_REG/aw.aw_pipe/m_payload_i_reg[39]/C
                            (rising edge-triggered cell FDRE clocked by clk_fpga_3  {rise@0.000ns fall@2.500ns period=5.000ns})
  Destination:            ps/system_i/xadc/inst/AXI_LITE_IPIF_I/I_SLAVE_ATTACHMENT/I_DECODER/GEN_BKEND_CE_REGISTERS[22].ce_out_i_reg[22]/D
                            (rising edge-triggered cell FDRE clocked by clk_fpga_3  {rise@0.000ns fall@2.500ns period=5.000ns})
  Path Group:             clk_fpga_3
  Path Type:              Setup (Max at Slow Process Corner)
  Requirement:            5.000ns  (clk_fpga_3 rise@5.000ns - clk_fpga_3 rise@0.000ns)
  Data Path Delay:        4.523ns  (logic 1.343ns (29.695%)  route 3.180ns (70.305%))
  Logic Levels:           4  (LUT4=1 LUT5=1 LUT6=2)
  Clock Path Skew:        -0.053ns (DCD - SCD + CPR)
    Destination Clock Delay (DCD):    2.681ns = ( 7.681 - 5.000 ) 
    Source Clock Delay      (SCD):    2.964ns
    Clock Pessimism Removal (CPR):    0.230ns
  Clock Uncertainty:      0.083ns  ((TSJ^2 + TIJ^2)^1/2 + DJ) / 2 + PE
    Total System Jitter     (TSJ):    0.071ns
    Total Input Jitter      (TIJ):    0.150ns
    Discrete Jitter          (DJ):    0.000ns
    Phase Error              (PE):    0.000ns

    Location             Delay type                Incr(ns)  Path(ns)    Netlist Resource(s)
  -------------------------------------------------------------------    -------------------
                         (clock clk_fpga_3 rise edge)
                                                      0.000     0.000 r  
    PS7_X0Y0             PS7                          0.000     0.000 r  ps/system_i/processing_system7/inst/PS7_i/FCLKCLK[3]
                         net (fo=1, routed)           1.207     1.207    ps/system_i/processing_system7/inst/FCLK_CLK_unbuffered[3]
    BUFGCTRL_X0Y1        BUFG (Prop_bufg_I_O)         0.101     1.308 r  ps/system_i/processing_system7/inst/buffer_fclk_clk_3.FCLK_CLK_3_BUFG/O
                         net (fo=769, routed)         1.656     2.964    ps/system_i/axi_protocol_converter_0/inst/gen_axilite.gen_b2s_conv.axilite_b2s/SI_REG/aw.aw_pipe/aclk
    SLICE_X7Y71          FDRE                                         r  ps/system_i/axi_protocol_converter_0/inst/gen_axilite.gen_b2s_conv.axilite_b2s/SI_REG/aw.aw_pipe/m_payload_i_reg[39]/C
  -------------------------------------------------------------------    -------------------
    SLICE_X7Y71          FDRE (Prop_fdre_C_Q)         0.419     3.383 r  ps/system_i/axi_protocol_converter_0/inst/gen_axilite.gen_b2s_conv.axilite_b2s/SI_REG/aw.aw_pipe/m_payload_i_reg[39]/Q
                         net (fo=6, routed)           0.853     4.236    ps/system_i/axi_protocol_converter_0/inst/gen_axilite.gen_b2s_conv.axilite_b2s/WR.aw_channel_0/cmd_translator_0/incr_cmd_0/axlen_cnt_reg[2]_1[14]
    SLICE_X9Y71          LUT4 (Prop_lut4_I2_O)        0.296     4.532 f  ps/system_i/axi_protocol_converter_0/inst/gen_axilite.gen_b2s_conv.axilite_b2s/WR.aw_channel_0/cmd_translator_0/incr_cmd_0/m_axi_awaddr[11]_INST_0_i_3/O
                         net (fo=8, routed)           0.648     5.180    ps/system_i/axi_protocol_converter_0/inst/gen_axilite.gen_b2s_conv.axilite_b2s/WR.aw_channel_0/cmd_translator_0/incr_cmd_0/sel_first_reg_1
    SLICE_X6Y70          LUT6 (Prop_lut6_I5_O)        0.124     5.304 f  ps/system_i/axi_protocol_converter_0/inst/gen_axilite.gen_b2s_conv.axilite_b2s/WR.aw_channel_0/cmd_translator_0/incr_cmd_0/m_axi_awaddr[2]_INST_0/O
                         net (fo=5, routed)           0.650     5.954    ps/system_i/xadc/inst/AXI_LITE_IPIF_I/I_SLAVE_ATTACHMENT/I_DECODER/s_axi_awaddr[0]
    SLICE_X8Y70          LUT5 (Prop_lut5_I2_O)        0.149     6.103 r  ps/system_i/xadc/inst/AXI_LITE_IPIF_I/I_SLAVE_ATTACHMENT/I_DECODER/GEN_BKEND_CE_REGISTERS[22].ce_out_i[22]_i_2/O
                         net (fo=6, routed)           1.029     7.132    ps/system_i/xadc/inst/AXI_LITE_IPIF_I/I_SLAVE_ATTACHMENT/I_DECODER/GEN_BKEND_CE_REGISTERS[22].ce_out_i[22]_i_2_n_0
    SLICE_X9Y67          LUT6 (Prop_lut6_I4_O)        0.355     7.487 r  ps/system_i/xadc/inst/AXI_LITE_IPIF_I/I_SLAVE_ATTACHMENT/I_DECODER/GEN_BKEND_CE_REGISTERS[22].ce_out_i[22]_i_1/O
                         net (fo=1, routed)           0.000     7.487    ps/system_i/xadc/inst/AXI_LITE_IPIF_I/I_SLAVE_ATTACHMENT/I_DECODER/GEN_BKEND_CE_REGISTERS[22].ce_out_i[22]_i_1_n_0
    SLICE_X9Y67          FDRE                                         r  ps/system_i/xadc/inst/AXI_LITE_IPIF_I/I_SLAVE_ATTACHMENT/I_DECODER/GEN_BKEND_CE_REGISTERS[22].ce_out_i_reg[22]/D
  -------------------------------------------------------------------    -------------------

                         (clock clk_fpga_3 rise edge)
                                                      5.000     5.000 r  
    PS7_X0Y0             PS7                          0.000     5.000 r  ps/system_i/processing_system7/inst/PS7_i/FCLKCLK[3]
                         net (fo=1, routed)           1.101     6.101    ps/system_i/processing_system7/inst/FCLK_CLK_unbuffered[3]
    BUFGCTRL_X0Y1        BUFG (Prop_bufg_I_O)         0.091     6.192 r  ps/system_i/processing_system7/inst/buffer_fclk_clk_3.FCLK_CLK_3_BUFG/O
                         net (fo=769, routed)         1.489     7.681    ps/system_i/xadc/inst/AXI_LITE_IPIF_I/I_SLAVE_ATTACHMENT/I_DECODER/s_axi_aclk
    SLICE_X9Y67          FDRE                                         r  ps/system_i/xadc/inst/AXI_LITE_IPIF_I/I_SLAVE_ATTACHMENT/I_DECODER/GEN_BKEND_CE_REGISTERS[22].ce_out_i_reg[22]/C
                         clock pessimism              0.230     7.911    
                         clock uncertainty           -0.083     7.828    
    SLICE_X9Y67          FDRE (Setup_fdre_C_D)        0.031     7.859    ps/system_i/xadc/inst/AXI_LITE_IPIF_I/I_SLAVE_ATTACHMENT/I_DECODER/GEN_BKEND_CE_REGISTERS[22].ce_out_i_reg[22]
  -------------------------------------------------------------------
                         required time                          7.859    
                         arrival time                          -7.487    
  -------------------------------------------------------------------
                         slack                                  0.372    

Slack (MET) :             0.384ns  (required time - arrival time)
  Source:                 ps/system_i/axi_protocol_converter_0/inst/gen_axilite.gen_b2s_conv.axilite_b2s/SI_REG/aw.aw_pipe/m_payload_i_reg[39]/C
                            (rising edge-triggered cell FDRE clocked by clk_fpga_3  {rise@0.000ns fall@2.500ns period=5.000ns})
  Destination:            ps/system_i/axi_protocol_converter_0/inst/gen_axilite.gen_b2s_conv.axilite_b2s/WR.aw_channel_0/cmd_translator_0/incr_cmd_0/axaddr_incr_reg[5]/D
                            (rising edge-triggered cell FDRE clocked by clk_fpga_3  {rise@0.000ns fall@2.500ns period=5.000ns})
  Path Group:             clk_fpga_3
  Path Type:              Setup (Max at Slow Process Corner)
  Requirement:            5.000ns  (clk_fpga_3 rise@5.000ns - clk_fpga_3 rise@0.000ns)
  Data Path Delay:        4.549ns  (logic 2.150ns (47.259%)  route 2.399ns (52.741%))
  Logic Levels:           6  (CARRY4=2 LUT3=2 LUT4=1 LUT5=1)
  Clock Path Skew:        -0.015ns (DCD - SCD + CPR)
    Destination Clock Delay (DCD):    2.719ns = ( 7.719 - 5.000 ) 
    Source Clock Delay      (SCD):    2.964ns
    Clock Pessimism Removal (CPR):    0.230ns
  Clock Uncertainty:      0.083ns  ((TSJ^2 + TIJ^2)^1/2 + DJ) / 2 + PE
    Total System Jitter     (TSJ):    0.071ns
    Total Input Jitter      (TIJ):    0.150ns
    Discrete Jitter          (DJ):    0.000ns
    Phase Error              (PE):    0.000ns

    Location             Delay type                Incr(ns)  Path(ns)    Netlist Resource(s)
  -------------------------------------------------------------------    -------------------
                         (clock clk_fpga_3 rise edge)
                                                      0.000     0.000 r  
    PS7_X0Y0             PS7                          0.000     0.000 r  ps/system_i/processing_system7/inst/PS7_i/FCLKCLK[3]
                         net (fo=1, routed)           1.207     1.207    ps/system_i/processing_system7/inst/FCLK_CLK_unbuffered[3]
    BUFGCTRL_X0Y1        BUFG (Prop_bufg_I_O)         0.101     1.308 r  ps/system_i/processing_system7/inst/buffer_fclk_clk_3.FCLK_CLK_3_BUFG/O
                         net (fo=769, routed)         1.656     2.964    ps/system_i/axi_protocol_converter_0/inst/gen_axilite.gen_b2s_conv.axilite_b2s/SI_REG/aw.aw_pipe/aclk
    SLICE_X7Y71          FDRE                                         r  ps/system_i/axi_protocol_converter_0/inst/gen_axilite.gen_b2s_conv.axilite_b2s/SI_REG/aw.aw_pipe/m_payload_i_reg[39]/C
  -------------------------------------------------------------------    -------------------
    SLICE_X7Y71          FDRE (Prop_fdre_C_Q)         0.419     3.383 r  ps/system_i/axi_protocol_converter_0/inst/gen_axilite.gen_b2s_conv.axilite_b2s/SI_REG/aw.aw_pipe/m_payload_i_reg[39]/Q
                         net (fo=6, routed)           0.927     4.310    ps/system_i/axi_protocol_converter_0/inst/gen_axilite.gen_b2s_conv.axilite_b2s/WR.aw_channel_0/cmd_translator_0/axlen_cnt_reg[2]_1[15]
    SLICE_X3Y67          LUT3 (Prop_lut3_I1_O)        0.296     4.606 f  ps/system_i/axi_protocol_converter_0/inst/gen_axilite.gen_b2s_conv.axilite_b2s/WR.aw_channel_0/cmd_translator_0/memory_reg[3][0]_srl4_i_3/O
                         net (fo=4, routed)           0.446     5.052    ps/system_i/axi_protocol_converter_0/inst/gen_axilite.gen_b2s_conv.axilite_b2s/WR.aw_channel_0/aw_cmd_fsm_0/next_pending
    SLICE_X3Y67          LUT5 (Prop_lut5_I0_O)        0.124     5.176 r  ps/system_i/axi_protocol_converter_0/inst/gen_axilite.gen_b2s_conv.axilite_b2s/WR.aw_channel_0/aw_cmd_fsm_0/next_pending_r_i_4__0/O
                         net (fo=24, routed)          0.476     5.651    ps/system_i/axi_protocol_converter_0/inst/gen_axilite.gen_b2s_conv.axilite_b2s/WR.aw_channel_0/cmd_translator_0/incr_cmd_0/next
    SLICE_X5Y68          LUT4 (Prop_lut4_I3_O)        0.124     5.775 r  ps/system_i/axi_protocol_converter_0/inst/gen_axilite.gen_b2s_conv.axilite_b2s/WR.aw_channel_0/cmd_translator_0/incr_cmd_0/axaddr_incr[3]_i_10/O
                         net (fo=1, routed)           0.000     5.775    ps/system_i/axi_protocol_converter_0/inst/gen_axilite.gen_b2s_conv.axilite_b2s/SI_REG/aw.aw_pipe/S[1]
    SLICE_X5Y68          CARRY4 (Prop_carry4_S[1]_CO[3])
                                                      0.550     6.325 r  ps/system_i/axi_protocol_converter_0/inst/gen_axilite.gen_b2s_conv.axilite_b2s/SI_REG/aw.aw_pipe/axaddr_incr_reg[3]_i_2/CO[3]
                         net (fo=1, routed)           0.000     6.325    ps/system_i/axi_protocol_converter_0/inst/gen_axilite.gen_b2s_conv.axilite_b2s/SI_REG/aw.aw_pipe/axaddr_incr_reg[3]_i_2_n_0
    SLICE_X5Y69          CARRY4 (Prop_carry4_CI_O[1])
                                                      0.334     6.659 r  ps/system_i/axi_protocol_converter_0/inst/gen_axilite.gen_b2s_conv.axilite_b2s/SI_REG/aw.aw_pipe/axaddr_incr_reg[7]_i_2/O[1]
                         net (fo=1, routed)           0.551     7.210    ps/system_i/axi_protocol_converter_0/inst/gen_axilite.gen_b2s_conv.axilite_b2s/WR.aw_channel_0/cmd_translator_0/incr_cmd_0/axaddr_incr[5]
    SLICE_X5Y72          LUT3 (Prop_lut3_I0_O)        0.303     7.513 r  ps/system_i/axi_protocol_converter_0/inst/gen_axilite.gen_b2s_conv.axilite_b2s/WR.aw_channel_0/cmd_translator_0/incr_cmd_0/axaddr_incr[5]_i_1/O
                         net (fo=1, routed)           0.000     7.513    ps/system_i/axi_protocol_converter_0/inst/gen_axilite.gen_b2s_conv.axilite_b2s/WR.aw_channel_0/cmd_translator_0/incr_cmd_0/p_1_in[5]
    SLICE_X5Y72          FDRE                                         r  ps/system_i/axi_protocol_converter_0/inst/gen_axilite.gen_b2s_conv.axilite_b2s/WR.aw_channel_0/cmd_translator_0/incr_cmd_0/axaddr_incr_reg[5]/D
  -------------------------------------------------------------------    -------------------

                         (clock clk_fpga_3 rise edge)
                                                      5.000     5.000 r  
    PS7_X0Y0             PS7                          0.000     5.000 r  ps/system_i/processing_system7/inst/PS7_i/FCLKCLK[3]
                         net (fo=1, routed)           1.101     6.101    ps/system_i/processing_system7/inst/FCLK_CLK_unbuffered[3]
    BUFGCTRL_X0Y1        BUFG (Prop_bufg_I_O)         0.091     6.192 r  ps/system_i/processing_system7/inst/buffer_fclk_clk_3.FCLK_CLK_3_BUFG/O
                         net (fo=769, routed)         1.527     7.719    ps/system_i/axi_protocol_converter_0/inst/gen_axilite.gen_b2s_conv.axilite_b2s/WR.aw_channel_0/cmd_translator_0/incr_cmd_0/aclk
    SLICE_X5Y72          FDRE                                         r  ps/system_i/axi_protocol_converter_0/inst/gen_axilite.gen_b2s_conv.axilite_b2s/WR.aw_channel_0/cmd_translator_0/incr_cmd_0/axaddr_incr_reg[5]/C
                         clock pessimism              0.230     7.949    
                         clock uncertainty           -0.083     7.866    
    SLICE_X5Y72          FDRE (Setup_fdre_C_D)        0.031     7.897    ps/system_i/axi_protocol_converter_0/inst/gen_axilite.gen_b2s_conv.axilite_b2s/WR.aw_channel_0/cmd_translator_0/incr_cmd_0/axaddr_incr_reg[5]
  -------------------------------------------------------------------
                         required time                          7.897    
                         arrival time                          -7.513    
  -------------------------------------------------------------------
                         slack                                  0.384    

Slack (MET) :             0.398ns  (required time - arrival time)
  Source:                 ps/system_i/axi_protocol_converter_0/inst/gen_axilite.gen_b2s_conv.axilite_b2s/SI_REG/ar.ar_pipe/m_payload_i_reg[38]/C
                            (rising edge-triggered cell FDRE clocked by clk_fpga_3  {rise@0.000ns fall@2.500ns period=5.000ns})
  Destination:            ps/system_i/xadc/inst/AXI_XADC_CORE_I/XADC_INST/DADDR[3]
                            (rising edge-triggered cell XADC clocked by clk_fpga_3  {rise@0.000ns fall@2.500ns period=5.000ns})
  Path Group:             clk_fpga_3
  Path Type:              Setup (Max at Slow Process Corner)
  Requirement:            5.000ns  (clk_fpga_3 rise@5.000ns - clk_fpga_3 rise@0.000ns)
  Data Path Delay:        3.550ns  (logic 0.856ns (24.111%)  route 2.694ns (75.889%))
  Logic Levels:           3  (LUT3=1 LUT4=1 LUT6=1)
  Clock Path Skew:        -0.068ns (DCD - SCD + CPR)
    Destination Clock Delay (DCD):    2.666ns = ( 7.666 - 5.000 ) 
    Source Clock Delay      (SCD):    2.964ns
    Clock Pessimism Removal (CPR):    0.230ns
  Clock Uncertainty:      0.083ns  ((TSJ^2 + TIJ^2)^1/2 + DJ) / 2 + PE
    Total System Jitter     (TSJ):    0.071ns
    Total Input Jitter      (TIJ):    0.150ns
    Discrete Jitter          (DJ):    0.000ns
    Phase Error              (PE):    0.000ns

    Location             Delay type                Incr(ns)  Path(ns)    Netlist Resource(s)
  -------------------------------------------------------------------    -------------------
                         (clock clk_fpga_3 rise edge)
                                                      0.000     0.000 r  
    PS7_X0Y0             PS7                          0.000     0.000 r  ps/system_i/processing_system7/inst/PS7_i/FCLKCLK[3]
                         net (fo=1, routed)           1.207     1.207    ps/system_i/processing_system7/inst/FCLK_CLK_unbuffered[3]
    BUFGCTRL_X0Y1        BUFG (Prop_bufg_I_O)         0.101     1.308 r  ps/system_i/processing_system7/inst/buffer_fclk_clk_3.FCLK_CLK_3_BUFG/O
                         net (fo=769, routed)         1.656     2.964    ps/system_i/axi_protocol_converter_0/inst/gen_axilite.gen_b2s_conv.axilite_b2s/SI_REG/ar.ar_pipe/aclk
    SLICE_X9Y71          FDRE                                         r  ps/system_i/axi_protocol_converter_0/inst/gen_axilite.gen_b2s_conv.axilite_b2s/SI_REG/ar.ar_pipe/m_payload_i_reg[38]/C
  -------------------------------------------------------------------    -------------------
    SLICE_X9Y71          FDRE (Prop_fdre_C_Q)         0.456     3.420 f  ps/system_i/axi_protocol_converter_0/inst/gen_axilite.gen_b2s_conv.axilite_b2s/SI_REG/ar.ar_pipe/m_payload_i_reg[38]/Q
                         net (fo=2, routed)           0.821     4.241    ps/system_i/axi_protocol_converter_0/inst/gen_axilite.gen_b2s_conv.axilite_b2s/RD.ar_channel_0/cmd_translator_0/incr_cmd_0/axlen_cnt_reg[2]_1[13]
    SLICE_X10Y72         LUT4 (Prop_lut4_I1_O)        0.124     4.365 r  ps/system_i/axi_protocol_converter_0/inst/gen_axilite.gen_b2s_conv.axilite_b2s/RD.ar_channel_0/cmd_translator_0/incr_cmd_0/m_axi_araddr[11]_INST_0_i_3/O
                         net (fo=8, routed)           0.570     4.935    ps/system_i/axi_protocol_converter_0/inst/gen_axilite.gen_b2s_conv.axilite_b2s/RD.ar_channel_0/cmd_translator_0/incr_cmd_0/sel_first_reg_1
    SLICE_X9Y72          LUT6 (Prop_lut6_I5_O)        0.124     5.059 r  ps/system_i/axi_protocol_converter_0/inst/gen_axilite.gen_b2s_conv.axilite_b2s/RD.ar_channel_0/cmd_translator_0/incr_cmd_0/m_axi_araddr[5]_INST_0/O
                         net (fo=1, routed)           0.665     5.724    ps/system_i/xadc/inst/AXI_LITE_IPIF_I/I_SLAVE_ATTACHMENT/I_DECODER/s_axi_araddr[3]
    SLICE_X9Y72          LUT3 (Prop_lut3_I0_O)        0.152     5.876 r  ps/system_i/xadc/inst/AXI_LITE_IPIF_I/I_SLAVE_ATTACHMENT/I_DECODER/XADC_INST_i_7/O
                         net (fo=25, routed)          0.638     6.514    ps/system_i/xadc/inst/AXI_XADC_CORE_I/status_reg_reg[7]_0[1]
    XADC_X0Y0            XADC                                         r  ps/system_i/xadc/inst/AXI_XADC_CORE_I/XADC_INST/DADDR[3]
  -------------------------------------------------------------------    -------------------

                         (clock clk_fpga_3 rise edge)
                                                      5.000     5.000 r  
    PS7_X0Y0             PS7                          0.000     5.000 r  ps/system_i/processing_system7/inst/PS7_i/FCLKCLK[3]
                         net (fo=1, routed)           1.101     6.101    ps/system_i/processing_system7/inst/FCLK_CLK_unbuffered[3]
    BUFGCTRL_X0Y1        BUFG (Prop_bufg_I_O)         0.091     6.192 r  ps/system_i/processing_system7/inst/buffer_fclk_clk_3.FCLK_CLK_3_BUFG/O
                         net (fo=769, routed)         1.474     7.666    ps/system_i/xadc/inst/AXI_XADC_CORE_I/s_axi_aclk
    XADC_X0Y0            XADC                                         r  ps/system_i/xadc/inst/AXI_XADC_CORE_I/XADC_INST/DCLK
                         clock pessimism              0.230     7.896    
                         clock uncertainty           -0.083     7.813    
    XADC_X0Y0            XADC (Setup_xadc_DCLK_DADDR[3])
                                                     -0.901     6.912    ps/system_i/xadc/inst/AXI_XADC_CORE_I/XADC_INST
  -------------------------------------------------------------------
                         required time                          6.912    
                         arrival time                          -6.514    
  -------------------------------------------------------------------
                         slack                                  0.398    

Slack (MET) :             0.399ns  (required time - arrival time)
  Source:                 ps/system_i/axi_protocol_converter_0/inst/gen_axilite.gen_b2s_conv.axilite_b2s/SI_REG/ar.ar_pipe/m_payload_i_reg[39]/C
                            (rising edge-triggered cell FDRE clocked by clk_fpga_3  {rise@0.000ns fall@2.500ns period=5.000ns})
  Destination:            ps/system_i/xadc/inst/AXI_XADC_CORE_I/XADC_INST/DADDR[1]
                            (rising edge-triggered cell XADC clocked by clk_fpga_3  {rise@0.000ns fall@2.500ns period=5.000ns})
  Path Group:             clk_fpga_3
  Path Type:              Setup (Max at Slow Process Corner)
  Requirement:            5.000ns  (clk_fpga_3 rise@5.000ns - clk_fpga_3 rise@0.000ns)
  Data Path Delay:        3.751ns  (logic 0.964ns (25.697%)  route 2.787ns (74.303%))
  Logic Levels:           3  (LUT3=2 LUT6=1)
  Clock Path Skew:        -0.068ns (DCD - SCD + CPR)
    Destination Clock Delay (DCD):    2.666ns = ( 7.666 - 5.000 ) 
    Source Clock Delay      (SCD):    2.964ns
    Clock Pessimism Removal (CPR):    0.230ns
  Clock Uncertainty:      0.083ns  ((TSJ^2 + TIJ^2)^1/2 + DJ) / 2 + PE
    Total System Jitter     (TSJ):    0.071ns
    Total Input Jitter      (TIJ):    0.150ns
    Discrete Jitter          (DJ):    0.000ns
    Phase Error              (PE):    0.000ns

    Location             Delay type                Incr(ns)  Path(ns)    Netlist Resource(s)
  -------------------------------------------------------------------    -------------------
                         (clock clk_fpga_3 rise edge)
                                                      0.000     0.000 r  
    PS7_X0Y0             PS7                          0.000     0.000 r  ps/system_i/processing_system7/inst/PS7_i/FCLKCLK[3]
                         net (fo=1, routed)           1.207     1.207    ps/system_i/processing_system7/inst/FCLK_CLK_unbuffered[3]
    BUFGCTRL_X0Y1        BUFG (Prop_bufg_I_O)         0.101     1.308 r  ps/system_i/processing_system7/inst/buffer_fclk_clk_3.FCLK_CLK_3_BUFG/O
                         net (fo=769, routed)         1.656     2.964    ps/system_i/axi_protocol_converter_0/inst/gen_axilite.gen_b2s_conv.axilite_b2s/SI_REG/ar.ar_pipe/aclk
    SLICE_X9Y71          FDRE                                         r  ps/system_i/axi_protocol_converter_0/inst/gen_axilite.gen_b2s_conv.axilite_b2s/SI_REG/ar.ar_pipe/m_payload_i_reg[39]/C
  -------------------------------------------------------------------    -------------------
    SLICE_X9Y71          FDRE (Prop_fdre_C_Q)         0.419     3.383 f  ps/system_i/axi_protocol_converter_0/inst/gen_axilite.gen_b2s_conv.axilite_b2s/SI_REG/ar.ar_pipe/m_payload_i_reg[39]/Q
                         net (fo=7, routed)           0.616     3.999    ps/system_i/axi_protocol_converter_0/inst/gen_axilite.gen_b2s_conv.axilite_b2s/SI_REG/ar.ar_pipe/Q[38]
    SLICE_X11Y71         LUT3 (Prop_lut3_I2_O)        0.297     4.296 r  ps/system_i/axi_protocol_converter_0/inst/gen_axilite.gen_b2s_conv.axilite_b2s/SI_REG/ar.ar_pipe/m_axi_araddr[11]_INST_0_i_2/O
                         net (fo=8, routed)           0.915     5.211    ps/system_i/axi_protocol_converter_0/inst/gen_axilite.gen_b2s_conv.axilite_b2s/RD.ar_channel_0/cmd_translator_0/incr_cmd_0/m_axi_araddr[0]_0
    SLICE_X8Y71          LUT6 (Prop_lut6_I2_O)        0.124     5.335 r  ps/system_i/axi_protocol_converter_0/inst/gen_axilite.gen_b2s_conv.axilite_b2s/RD.ar_channel_0/cmd_translator_0/incr_cmd_0/m_axi_araddr[3]_INST_0/O
                         net (fo=5, routed)           0.722     6.057    ps/system_i/xadc/inst/AXI_XADC_CORE_I/s_axi_araddr[1]
    SLICE_X13Y71         LUT3 (Prop_lut3_I0_O)        0.124     6.181 r  ps/system_i/xadc/inst/AXI_XADC_CORE_I/XADC_INST_i_9/O
                         net (fo=1, routed)           0.534     6.715    ps/system_i/xadc/inst/AXI_XADC_CORE_I/bus2ip_addr[3]
    XADC_X0Y0            XADC                                         r  ps/system_i/xadc/inst/AXI_XADC_CORE_I/XADC_INST/DADDR[1]
  -------------------------------------------------------------------    -------------------

                         (clock clk_fpga_3 rise edge)
                                                      5.000     5.000 r  
    PS7_X0Y0             PS7                          0.000     5.000 r  ps/system_i/processing_system7/inst/PS7_i/FCLKCLK[3]
                         net (fo=1, routed)           1.101     6.101    ps/system_i/processing_system7/inst/FCLK_CLK_unbuffered[3]
    BUFGCTRL_X0Y1        BUFG (Prop_bufg_I_O)         0.091     6.192 r  ps/system_i/processing_system7/inst/buffer_fclk_clk_3.FCLK_CLK_3_BUFG/O
                         net (fo=769, routed)         1.474     7.666    ps/system_i/xadc/inst/AXI_XADC_CORE_I/s_axi_aclk
    XADC_X0Y0            XADC                                         r  ps/system_i/xadc/inst/AXI_XADC_CORE_I/XADC_INST/DCLK
                         clock pessimism              0.230     7.896    
                         clock uncertainty           -0.083     7.813    
    XADC_X0Y0            XADC (Setup_xadc_DCLK_DADDR[1])
                                                     -0.699     7.114    ps/system_i/xadc/inst/AXI_XADC_CORE_I/XADC_INST
  -------------------------------------------------------------------
                         required time                          7.114    
                         arrival time                          -6.715    
  -------------------------------------------------------------------
                         slack                                  0.399    

Slack (MET) :             0.405ns  (required time - arrival time)
  Source:                 ps/system_i/axi_protocol_converter_0/inst/gen_axilite.gen_b2s_conv.axilite_b2s/SI_REG/aw.aw_pipe/m_payload_i_reg[39]/C
                            (rising edge-triggered cell FDRE clocked by clk_fpga_3  {rise@0.000ns fall@2.500ns period=5.000ns})
  Destination:            ps/system_i/xadc/inst/AXI_LITE_IPIF_I/I_SLAVE_ATTACHMENT/I_DECODER/GEN_BKEND_CE_REGISTERS[21].ce_out_i_reg[21]/D
                            (rising edge-triggered cell FDRE clocked by clk_fpga_3  {rise@0.000ns fall@2.500ns period=5.000ns})
  Path Group:             clk_fpga_3
  Path Type:              Setup (Max at Slow Process Corner)
  Requirement:            5.000ns  (clk_fpga_3 rise@5.000ns - clk_fpga_3 rise@0.000ns)
  Data Path Delay:        4.488ns  (logic 1.087ns (24.222%)  route 3.401ns (75.778%))
  Logic Levels:           4  (LUT3=1 LUT4=1 LUT6=2)
  Clock Path Skew:        -0.053ns (DCD - SCD + CPR)
    Destination Clock Delay (DCD):    2.681ns = ( 7.681 - 5.000 ) 
    Source Clock Delay      (SCD):    2.964ns
    Clock Pessimism Removal (CPR):    0.230ns
  Clock Uncertainty:      0.083ns  ((TSJ^2 + TIJ^2)^1/2 + DJ) / 2 + PE
    Total System Jitter     (TSJ):    0.071ns
    Total Input Jitter      (TIJ):    0.150ns
    Discrete Jitter          (DJ):    0.000ns
    Phase Error              (PE):    0.000ns

    Location             Delay type                Incr(ns)  Path(ns)    Netlist Resource(s)
  -------------------------------------------------------------------    -------------------
                         (clock clk_fpga_3 rise edge)
                                                      0.000     0.000 r  
    PS7_X0Y0             PS7                          0.000     0.000 r  ps/system_i/processing_system7/inst/PS7_i/FCLKCLK[3]
                         net (fo=1, routed)           1.207     1.207    ps/system_i/processing_system7/inst/FCLK_CLK_unbuffered[3]
    BUFGCTRL_X0Y1        BUFG (Prop_bufg_I_O)         0.101     1.308 r  ps/system_i/processing_system7/inst/buffer_fclk_clk_3.FCLK_CLK_3_BUFG/O
                         net (fo=769, routed)         1.656     2.964    ps/system_i/axi_protocol_converter_0/inst/gen_axilite.gen_b2s_conv.axilite_b2s/SI_REG/aw.aw_pipe/aclk
    SLICE_X7Y71          FDRE                                         r  ps/system_i/axi_protocol_converter_0/inst/gen_axilite.gen_b2s_conv.axilite_b2s/SI_REG/aw.aw_pipe/m_payload_i_reg[39]/C
  -------------------------------------------------------------------    -------------------
    SLICE_X7Y71          FDRE (Prop_fdre_C_Q)         0.419     3.383 r  ps/system_i/axi_protocol_converter_0/inst/gen_axilite.gen_b2s_conv.axilite_b2s/SI_REG/aw.aw_pipe/m_payload_i_reg[39]/Q
                         net (fo=6, routed)           0.853     4.236    ps/system_i/axi_protocol_converter_0/inst/gen_axilite.gen_b2s_conv.axilite_b2s/WR.aw_channel_0/cmd_translator_0/incr_cmd_0/axlen_cnt_reg[2]_1[14]
    SLICE_X9Y71          LUT4 (Prop_lut4_I2_O)        0.296     4.532 r  ps/system_i/axi_protocol_converter_0/inst/gen_axilite.gen_b2s_conv.axilite_b2s/WR.aw_channel_0/cmd_translator_0/incr_cmd_0/m_axi_awaddr[11]_INST_0_i_3/O
                         net (fo=8, routed)           0.642     5.173    ps/system_i/axi_protocol_converter_0/inst/gen_axilite.gen_b2s_conv.axilite_b2s/WR.aw_channel_0/cmd_translator_0/incr_cmd_0/sel_first_reg_1
    SLICE_X6Y71          LUT6 (Prop_lut6_I5_O)        0.124     5.297 r  ps/system_i/axi_protocol_converter_0/inst/gen_axilite.gen_b2s_conv.axilite_b2s/WR.aw_channel_0/cmd_translator_0/incr_cmd_0/m_axi_awaddr[6]_INST_0/O
                         net (fo=1, routed)           0.592     5.890    ps/system_i/xadc/inst/AXI_LITE_IPIF_I/I_SLAVE_ATTACHMENT/I_DECODER/s_axi_awaddr[4]
    SLICE_X9Y72          LUT3 (Prop_lut3_I2_O)        0.124     6.014 r  ps/system_i/xadc/inst/AXI_LITE_IPIF_I/I_SLAVE_ATTACHMENT/I_DECODER/XADC_INST_i_6/O
                         net (fo=25, routed)          1.314     7.328    ps/system_i/xadc/inst/AXI_LITE_IPIF_I/I_SLAVE_ATTACHMENT/I_DECODER/s_axi_araddr_6_sn_1
    SLICE_X9Y67          LUT6 (Prop_lut6_I1_O)        0.124     7.452 r  ps/system_i/xadc/inst/AXI_LITE_IPIF_I/I_SLAVE_ATTACHMENT/I_DECODER/GEN_BKEND_CE_REGISTERS[21].ce_out_i[21]_i_1/O
                         net (fo=1, routed)           0.000     7.452    ps/system_i/xadc/inst/AXI_LITE_IPIF_I/I_SLAVE_ATTACHMENT/I_DECODER/GEN_BKEND_CE_REGISTERS[21].ce_out_i[21]_i_1_n_0
    SLICE_X9Y67          FDRE                                         r  ps/system_i/xadc/inst/AXI_LITE_IPIF_I/I_SLAVE_ATTACHMENT/I_DECODER/GEN_BKEND_CE_REGISTERS[21].ce_out_i_reg[21]/D
  -------------------------------------------------------------------    -------------------

                         (clock clk_fpga_3 rise edge)
                                                      5.000     5.000 r  
    PS7_X0Y0             PS7                          0.000     5.000 r  ps/system_i/processing_system7/inst/PS7_i/FCLKCLK[3]
                         net (fo=1, routed)           1.101     6.101    ps/system_i/processing_system7/inst/FCLK_CLK_unbuffered[3]
    BUFGCTRL_X0Y1        BUFG (Prop_bufg_I_O)         0.091     6.192 r  ps/system_i/processing_system7/inst/buffer_fclk_clk_3.FCLK_CLK_3_BUFG/O
                         net (fo=769, routed)         1.489     7.681    ps/system_i/xadc/inst/AXI_LITE_IPIF_I/I_SLAVE_ATTACHMENT/I_DECODER/s_axi_aclk
    SLICE_X9Y67          FDRE                                         r  ps/system_i/xadc/inst/AXI_LITE_IPIF_I/I_SLAVE_ATTACHMENT/I_DECODER/GEN_BKEND_CE_REGISTERS[21].ce_out_i_reg[21]/C
                         clock pessimism              0.230     7.911    
                         clock uncertainty           -0.083     7.828    
    SLICE_X9Y67          FDRE (Setup_fdre_C_D)        0.029     7.857    ps/system_i/xadc/inst/AXI_LITE_IPIF_I/I_SLAVE_ATTACHMENT/I_DECODER/GEN_BKEND_CE_REGISTERS[21].ce_out_i_reg[21]
  -------------------------------------------------------------------
                         required time                          7.857    
                         arrival time                          -7.452    
  -------------------------------------------------------------------
                         slack                                  0.405    

Slack (MET) :             0.417ns  (required time - arrival time)
  Source:                 ps/system_i/axi_protocol_converter_0/inst/gen_axilite.gen_b2s_conv.axilite_b2s/SI_REG/aw.aw_pipe/m_payload_i_reg[39]/C
                            (rising edge-triggered cell FDRE clocked by clk_fpga_3  {rise@0.000ns fall@2.500ns period=5.000ns})
  Destination:            ps/system_i/axi_protocol_converter_0/inst/gen_axilite.gen_b2s_conv.axilite_b2s/WR.aw_channel_0/cmd_translator_0/incr_cmd_0/axaddr_incr_reg[9]/D
                            (rising edge-triggered cell FDRE clocked by clk_fpga_3  {rise@0.000ns fall@2.500ns period=5.000ns})
  Path Group:             clk_fpga_3
  Path Type:              Setup (Max at Slow Process Corner)
  Requirement:            5.000ns  (clk_fpga_3 rise@5.000ns - clk_fpga_3 rise@0.000ns)
  Data Path Delay:        4.519ns  (logic 2.264ns (50.096%)  route 2.255ns (49.904%))
  Logic Levels:           7  (CARRY4=3 LUT3=2 LUT4=1 LUT5=1)
  Clock Path Skew:        -0.013ns (DCD - SCD + CPR)
    Destination Clock Delay (DCD):    2.721ns = ( 7.721 - 5.000 ) 
    Source Clock Delay      (SCD):    2.964ns
    Clock Pessimism Removal (CPR):    0.230ns
  Clock Uncertainty:      0.083ns  ((TSJ^2 + TIJ^2)^1/2 + DJ) / 2 + PE
    Total System Jitter     (TSJ):    0.071ns
    Total Input Jitter      (TIJ):    0.150ns
    Discrete Jitter          (DJ):    0.000ns
    Phase Error              (PE):    0.000ns

    Location             Delay type                Incr(ns)  Path(ns)    Netlist Resource(s)
  -------------------------------------------------------------------    -------------------
                         (clock clk_fpga_3 rise edge)
                                                      0.000     0.000 r  
    PS7_X0Y0             PS7                          0.000     0.000 r  ps/system_i/processing_system7/inst/PS7_i/FCLKCLK[3]
                         net (fo=1, routed)           1.207     1.207    ps/system_i/processing_system7/inst/FCLK_CLK_unbuffered[3]
    BUFGCTRL_X0Y1        BUFG (Prop_bufg_I_O)         0.101     1.308 r  ps/system_i/processing_system7/inst/buffer_fclk_clk_3.FCLK_CLK_3_BUFG/O
                         net (fo=769, routed)         1.656     2.964    ps/system_i/axi_protocol_converter_0/inst/gen_axilite.gen_b2s_conv.axilite_b2s/SI_REG/aw.aw_pipe/aclk
    SLICE_X7Y71          FDRE                                         r  ps/system_i/axi_protocol_converter_0/inst/gen_axilite.gen_b2s_conv.axilite_b2s/SI_REG/aw.aw_pipe/m_payload_i_reg[39]/C
  -------------------------------------------------------------------    -------------------
    SLICE_X7Y71          FDRE (Prop_fdre_C_Q)         0.419     3.383 r  ps/system_i/axi_protocol_converter_0/inst/gen_axilite.gen_b2s_conv.axilite_b2s/SI_REG/aw.aw_pipe/m_payload_i_reg[39]/Q
                         net (fo=6, routed)           0.927     4.310    ps/system_i/axi_protocol_converter_0/inst/gen_axilite.gen_b2s_conv.axilite_b2s/WR.aw_channel_0/cmd_translator_0/axlen_cnt_reg[2]_1[15]
    SLICE_X3Y67          LUT3 (Prop_lut3_I1_O)        0.296     4.606 f  ps/system_i/axi_protocol_converter_0/inst/gen_axilite.gen_b2s_conv.axilite_b2s/WR.aw_channel_0/cmd_translator_0/memory_reg[3][0]_srl4_i_3/O
                         net (fo=4, routed)           0.446     5.052    ps/system_i/axi_protocol_converter_0/inst/gen_axilite.gen_b2s_conv.axilite_b2s/WR.aw_channel_0/aw_cmd_fsm_0/next_pending
    SLICE_X3Y67          LUT5 (Prop_lut5_I0_O)        0.124     5.176 r  ps/system_i/axi_protocol_converter_0/inst/gen_axilite.gen_b2s_conv.axilite_b2s/WR.aw_channel_0/aw_cmd_fsm_0/next_pending_r_i_4__0/O
                         net (fo=24, routed)          0.476     5.651    ps/system_i/axi_protocol_converter_0/inst/gen_axilite.gen_b2s_conv.axilite_b2s/WR.aw_channel_0/cmd_translator_0/incr_cmd_0/next
    SLICE_X5Y68          LUT4 (Prop_lut4_I3_O)        0.124     5.775 r  ps/system_i/axi_protocol_converter_0/inst/gen_axilite.gen_b2s_conv.axilite_b2s/WR.aw_channel_0/cmd_translator_0/incr_cmd_0/axaddr_incr[3]_i_10/O
                         net (fo=1, routed)           0.000     5.775    ps/system_i/axi_protocol_converter_0/inst/gen_axilite.gen_b2s_conv.axilite_b2s/SI_REG/aw.aw_pipe/S[1]
    SLICE_X5Y68          CARRY4 (Prop_carry4_S[1]_CO[3])
                                                      0.550     6.325 r  ps/system_i/axi_protocol_converter_0/inst/gen_axilite.gen_b2s_conv.axilite_b2s/SI_REG/aw.aw_pipe/axaddr_incr_reg[3]_i_2/CO[3]
                         net (fo=1, routed)           0.000     6.325    ps/system_i/axi_protocol_converter_0/inst/gen_axilite.gen_b2s_conv.axilite_b2s/SI_REG/aw.aw_pipe/axaddr_incr_reg[3]_i_2_n_0
    SLICE_X5Y69          CARRY4 (Prop_carry4_CI_CO[3])
                                                      0.114     6.439 r  ps/system_i/axi_protocol_converter_0/inst/gen_axilite.gen_b2s_conv.axilite_b2s/SI_REG/aw.aw_pipe/axaddr_incr_reg[7]_i_2/CO[3]
                         net (fo=1, routed)           0.000     6.439    ps/system_i/axi_protocol_converter_0/inst/gen_axilite.gen_b2s_conv.axilite_b2s/SI_REG/aw.aw_pipe/axaddr_incr_reg[7]_i_2_n_0
    SLICE_X5Y70          CARRY4 (Prop_carry4_CI_O[1])
                                                      0.334     6.773 r  ps/system_i/axi_protocol_converter_0/inst/gen_axilite.gen_b2s_conv.axilite_b2s/SI_REG/aw.aw_pipe/axaddr_incr_reg[11]_i_3/O[1]
                         net (fo=1, routed)           0.407     7.180    ps/system_i/axi_protocol_converter_0/inst/gen_axilite.gen_b2s_conv.axilite_b2s/WR.aw_channel_0/cmd_translator_0/incr_cmd_0/axaddr_incr[9]
    SLICE_X5Y71          LUT3 (Prop_lut3_I0_O)        0.303     7.483 r  ps/system_i/axi_protocol_converter_0/inst/gen_axilite.gen_b2s_conv.axilite_b2s/WR.aw_channel_0/cmd_translator_0/incr_cmd_0/axaddr_incr[9]_i_1/O
                         net (fo=1, routed)           0.000     7.483    ps/system_i/axi_protocol_converter_0/inst/gen_axilite.gen_b2s_conv.axilite_b2s/WR.aw_channel_0/cmd_translator_0/incr_cmd_0/p_1_in[9]
    SLICE_X5Y71          FDRE                                         r  ps/system_i/axi_protocol_converter_0/inst/gen_axilite.gen_b2s_conv.axilite_b2s/WR.aw_channel_0/cmd_translator_0/incr_cmd_0/axaddr_incr_reg[9]/D
  -------------------------------------------------------------------    -------------------

                         (clock clk_fpga_3 rise edge)
                                                      5.000     5.000 r  
    PS7_X0Y0             PS7                          0.000     5.000 r  ps/system_i/processing_system7/inst/PS7_i/FCLKCLK[3]
                         net (fo=1, routed)           1.101     6.101    ps/system_i/processing_system7/inst/FCLK_CLK_unbuffered[3]
    BUFGCTRL_X0Y1        BUFG (Prop_bufg_I_O)         0.091     6.192 r  ps/system_i/processing_system7/inst/buffer_fclk_clk_3.FCLK_CLK_3_BUFG/O
                         net (fo=769, routed)         1.529     7.721    ps/system_i/axi_protocol_converter_0/inst/gen_axilite.gen_b2s_conv.axilite_b2s/WR.aw_channel_0/cmd_translator_0/incr_cmd_0/aclk
    SLICE_X5Y71          FDRE                                         r  ps/system_i/axi_protocol_converter_0/inst/gen_axilite.gen_b2s_conv.axilite_b2s/WR.aw_channel_0/cmd_translator_0/incr_cmd_0/axaddr_incr_reg[9]/C
                         clock pessimism              0.230     7.951    
                         clock uncertainty           -0.083     7.868    
    SLICE_X5Y71          FDRE (Setup_fdre_C_D)        0.032     7.900    ps/system_i/axi_protocol_converter_0/inst/gen_axilite.gen_b2s_conv.axilite_b2s/WR.aw_channel_0/cmd_translator_0/incr_cmd_0/axaddr_incr_reg[9]
  -------------------------------------------------------------------
                         required time                          7.900    
                         arrival time                          -7.483    
  -------------------------------------------------------------------
                         slack                                  0.417    

Slack (MET) :             0.421ns  (required time - arrival time)
  Source:                 ps/system_i/processing_system7/inst/PS7_i/MAXIGP1ACLK
                            (rising edge-triggered cell PS7 clocked by clk_fpga_3  {rise@0.000ns fall@2.500ns period=5.000ns})
  Destination:            ps/system_i/xadc/inst/AXI_LITE_IPIF_I/I_SLAVE_ATTACHMENT/I_DECODER/GEN_BKEND_CE_REGISTERS[14].ce_out_i_reg[14]/D
                            (rising edge-triggered cell FDRE clocked by clk_fpga_3  {rise@0.000ns fall@2.500ns period=5.000ns})
  Path Group:             clk_fpga_3
  Path Type:              Setup (Max at Slow Process Corner)
  Requirement:            5.000ns  (clk_fpga_3 rise@5.000ns - clk_fpga_3 rise@0.000ns)
  Data Path Delay:        4.375ns  (logic 1.675ns (38.284%)  route 2.700ns (61.716%))
  Logic Levels:           3  (LUT4=1 LUT6=2)
  Clock Path Skew:        -0.152ns (DCD - SCD + CPR)
    Destination Clock Delay (DCD):    2.680ns = ( 7.680 - 5.000 ) 
    Source Clock Delay      (SCD):    3.062ns
    Clock Pessimism Removal (CPR):    0.230ns
  Clock Uncertainty:      0.083ns  ((TSJ^2 + TIJ^2)^1/2 + DJ) / 2 + PE
    Total System Jitter     (TSJ):    0.071ns
    Total Input Jitter      (TIJ):    0.150ns
    Discrete Jitter          (DJ):    0.000ns
    Phase Error              (PE):    0.000ns

    Location             Delay type                Incr(ns)  Path(ns)    Netlist Resource(s)
  -------------------------------------------------------------------    -------------------
                         (clock clk_fpga_3 rise edge)
                                                      0.000     0.000 r  
    PS7_X0Y0             PS7                          0.000     0.000 r  ps/system_i/processing_system7/inst/PS7_i/FCLKCLK[3]
                         net (fo=1, routed)           1.207     1.207    ps/system_i/processing_system7/inst/FCLK_CLK_unbuffered[3]
    BUFGCTRL_X0Y1        BUFG (Prop_bufg_I_O)         0.101     1.308 r  ps/system_i/processing_system7/inst/buffer_fclk_clk_3.FCLK_CLK_3_BUFG/O
                         net (fo=769, routed)         1.754     3.062    ps/system_i/processing_system7/inst/M_AXI_GP1_ACLK
    PS7_X0Y0             PS7                                          r  ps/system_i/processing_system7/inst/PS7_i/MAXIGP1ACLK
  -------------------------------------------------------------------    -------------------
    PS7_X0Y0             PS7 (Prop_ps7_MAXIGP1ACLK_MAXIGP1WVALID)
                                                      1.303     4.365 r  ps/system_i/processing_system7/inst/PS7_i/MAXIGP1WVALID
                         net (fo=5, routed)           1.172     5.537    ps/system_i/xadc/inst/AXI_LITE_IPIF_I/I_SLAVE_ATTACHMENT/I_DECODER/s_axi_wvalid
    SLICE_X7Y67          LUT4 (Prop_lut4_I1_O)        0.124     5.661 r  ps/system_i/xadc/inst/AXI_LITE_IPIF_I/I_SLAVE_ATTACHMENT/I_DECODER/GEN_BKEND_CE_REGISTERS[24].ce_out_i[24]_i_2/O
                         net (fo=26, routed)          0.710     6.372    ps/system_i/xadc/inst/AXI_LITE_IPIF_I/I_SLAVE_ATTACHMENT/I_DECODER/start
    SLICE_X6Y67          LUT6 (Prop_lut6_I0_O)        0.124     6.496 r  ps/system_i/xadc/inst/AXI_LITE_IPIF_I/I_SLAVE_ATTACHMENT/I_DECODER/GEN_BKEND_CE_REGISTERS[23].ce_out_i[23]_i_2/O
                         net (fo=24, routed)          0.817     7.313    ps/system_i/xadc/inst/AXI_LITE_IPIF_I/I_SLAVE_ATTACHMENT/I_DECODER/GEN_BKEND_CE_REGISTERS[23].ce_out_i[23]_i_2_n_0
    SLICE_X7Y67          LUT6 (Prop_lut6_I2_O)        0.124     7.437 r  ps/system_i/xadc/inst/AXI_LITE_IPIF_I/I_SLAVE_ATTACHMENT/I_DECODER/GEN_BKEND_CE_REGISTERS[14].ce_out_i[14]_i_1/O
                         net (fo=1, routed)           0.000     7.437    ps/system_i/xadc/inst/AXI_LITE_IPIF_I/I_SLAVE_ATTACHMENT/I_DECODER/p_9_out
    SLICE_X7Y67          FDRE                                         r  ps/system_i/xadc/inst/AXI_LITE_IPIF_I/I_SLAVE_ATTACHMENT/I_DECODER/GEN_BKEND_CE_REGISTERS[14].ce_out_i_reg[14]/D
  -------------------------------------------------------------------    -------------------

                         (clock clk_fpga_3 rise edge)
                                                      5.000     5.000 r  
    PS7_X0Y0             PS7                          0.000     5.000 r  ps/system_i/processing_system7/inst/PS7_i/FCLKCLK[3]
                         net (fo=1, routed)           1.101     6.101    ps/system_i/processing_system7/inst/FCLK_CLK_unbuffered[3]
    BUFGCTRL_X0Y1        BUFG (Prop_bufg_I_O)         0.091     6.192 r  ps/system_i/processing_system7/inst/buffer_fclk_clk_3.FCLK_CLK_3_BUFG/O
                         net (fo=769, routed)         1.488     7.680    ps/system_i/xadc/inst/AXI_LITE_IPIF_I/I_SLAVE_ATTACHMENT/I_DECODER/s_axi_aclk
    SLICE_X7Y67          FDRE                                         r  ps/system_i/xadc/inst/AXI_LITE_IPIF_I/I_SLAVE_ATTACHMENT/I_DECODER/GEN_BKEND_CE_REGISTERS[14].ce_out_i_reg[14]/C
                         clock pessimism              0.230     7.910    
                         clock uncertainty           -0.083     7.827    
    SLICE_X7Y67          FDRE (Setup_fdre_C_D)        0.031     7.858    ps/system_i/xadc/inst/AXI_LITE_IPIF_I/I_SLAVE_ATTACHMENT/I_DECODER/GEN_BKEND_CE_REGISTERS[14].ce_out_i_reg[14]
  -------------------------------------------------------------------
                         required time                          7.858    
                         arrival time                          -7.437    
  -------------------------------------------------------------------
                         slack                                  0.421    

Slack (MET) :             0.427ns  (required time - arrival time)
  Source:                 ps/system_i/processing_system7/inst/PS7_i/MAXIGP1ACLK
                            (rising edge-triggered cell PS7 clocked by clk_fpga_3  {rise@0.000ns fall@2.500ns period=5.000ns})
  Destination:            ps/system_i/xadc/inst/AXI_LITE_IPIF_I/I_SLAVE_ATTACHMENT/I_DECODER/GEN_BKEND_CE_REGISTERS[12].ce_out_i_reg[12]/D
                            (rising edge-triggered cell FDRE clocked by clk_fpga_3  {rise@0.000ns fall@2.500ns period=5.000ns})
  Path Group:             clk_fpga_3
  Path Type:              Setup (Max at Slow Process Corner)
  Requirement:            5.000ns  (clk_fpga_3 rise@5.000ns - clk_fpga_3 rise@0.000ns)
  Data Path Delay:        4.370ns  (logic 1.675ns (38.328%)  route 2.695ns (61.672%))
  Logic Levels:           3  (LUT4=1 LUT6=2)
  Clock Path Skew:        -0.152ns (DCD - SCD + CPR)
    Destination Clock Delay (DCD):    2.680ns = ( 7.680 - 5.000 ) 
    Source Clock Delay      (SCD):    3.062ns
    Clock Pessimism Removal (CPR):    0.230ns
  Clock Uncertainty:      0.083ns  ((TSJ^2 + TIJ^2)^1/2 + DJ) / 2 + PE
    Total System Jitter     (TSJ):    0.071ns
    Total Input Jitter      (TIJ):    0.150ns
    Discrete Jitter          (DJ):    0.000ns
    Phase Error              (PE):    0.000ns

    Location             Delay type                Incr(ns)  Path(ns)    Netlist Resource(s)
  -------------------------------------------------------------------    -------------------
                         (clock clk_fpga_3 rise edge)
                                                      0.000     0.000 r  
    PS7_X0Y0             PS7                          0.000     0.000 r  ps/system_i/processing_system7/inst/PS7_i/FCLKCLK[3]
                         net (fo=1, routed)           1.207     1.207    ps/system_i/processing_system7/inst/FCLK_CLK_unbuffered[3]
    BUFGCTRL_X0Y1        BUFG (Prop_bufg_I_O)         0.101     1.308 r  ps/system_i/processing_system7/inst/buffer_fclk_clk_3.FCLK_CLK_3_BUFG/O
                         net (fo=769, routed)         1.754     3.062    ps/system_i/processing_system7/inst/M_AXI_GP1_ACLK
    PS7_X0Y0             PS7                                          r  ps/system_i/processing_system7/inst/PS7_i/MAXIGP1ACLK
  -------------------------------------------------------------------    -------------------
    PS7_X0Y0             PS7 (Prop_ps7_MAXIGP1ACLK_MAXIGP1WVALID)
                                                      1.303     4.365 r  ps/system_i/processing_system7/inst/PS7_i/MAXIGP1WVALID
                         net (fo=5, routed)           1.172     5.537    ps/system_i/xadc/inst/AXI_LITE_IPIF_I/I_SLAVE_ATTACHMENT/I_DECODER/s_axi_wvalid
    SLICE_X7Y67          LUT4 (Prop_lut4_I1_O)        0.124     5.661 r  ps/system_i/xadc/inst/AXI_LITE_IPIF_I/I_SLAVE_ATTACHMENT/I_DECODER/GEN_BKEND_CE_REGISTERS[24].ce_out_i[24]_i_2/O
                         net (fo=26, routed)          0.710     6.372    ps/system_i/xadc/inst/AXI_LITE_IPIF_I/I_SLAVE_ATTACHMENT/I_DECODER/start
    SLICE_X6Y67          LUT6 (Prop_lut6_I0_O)        0.124     6.496 r  ps/system_i/xadc/inst/AXI_LITE_IPIF_I/I_SLAVE_ATTACHMENT/I_DECODER/GEN_BKEND_CE_REGISTERS[23].ce_out_i[23]_i_2/O
                         net (fo=24, routed)          0.812     7.308    ps/system_i/xadc/inst/AXI_LITE_IPIF_I/I_SLAVE_ATTACHMENT/I_DECODER/GEN_BKEND_CE_REGISTERS[23].ce_out_i[23]_i_2_n_0
    SLICE_X7Y67          LUT6 (Prop_lut6_I2_O)        0.124     7.432 r  ps/system_i/xadc/inst/AXI_LITE_IPIF_I/I_SLAVE_ATTACHMENT/I_DECODER/GEN_BKEND_CE_REGISTERS[12].ce_out_i[12]_i_1/O
                         net (fo=1, routed)           0.000     7.432    ps/system_i/xadc/inst/AXI_LITE_IPIF_I/I_SLAVE_ATTACHMENT/I_DECODER/p_11_out
    SLICE_X7Y67          FDRE                                         r  ps/system_i/xadc/inst/AXI_LITE_IPIF_I/I_SLAVE_ATTACHMENT/I_DECODER/GEN_BKEND_CE_REGISTERS[12].ce_out_i_reg[12]/D
  -------------------------------------------------------------------    -------------------

                         (clock clk_fpga_3 rise edge)
                                                      5.000     5.000 r  
    PS7_X0Y0             PS7                          0.000     5.000 r  ps/system_i/processing_system7/inst/PS7_i/FCLKCLK[3]
                         net (fo=1, routed)           1.101     6.101    ps/system_i/processing_system7/inst/FCLK_CLK_unbuffered[3]
    BUFGCTRL_X0Y1        BUFG (Prop_bufg_I_O)         0.091     6.192 r  ps/system_i/processing_system7/inst/buffer_fclk_clk_3.FCLK_CLK_3_BUFG/O
                         net (fo=769, routed)         1.488     7.680    ps/system_i/xadc/inst/AXI_LITE_IPIF_I/I_SLAVE_ATTACHMENT/I_DECODER/s_axi_aclk
    SLICE_X7Y67          FDRE                                         r  ps/system_i/xadc/inst/AXI_LITE_IPIF_I/I_SLAVE_ATTACHMENT/I_DECODER/GEN_BKEND_CE_REGISTERS[12].ce_out_i_reg[12]/C
                         clock pessimism              0.230     7.910    
                         clock uncertainty           -0.083     7.827    
    SLICE_X7Y67          FDRE (Setup_fdre_C_D)        0.032     7.859    ps/system_i/xadc/inst/AXI_LITE_IPIF_I/I_SLAVE_ATTACHMENT/I_DECODER/GEN_BKEND_CE_REGISTERS[12].ce_out_i_reg[12]
  -------------------------------------------------------------------
                         required time                          7.859    
                         arrival time                          -7.432    
  -------------------------------------------------------------------
                         slack                                  0.427    





Min Delay Paths
--------------------------------------------------------------------------------------
Slack (MET) :             0.095ns  (arrival time - required time)
  Source:                 ps/system_i/axi_protocol_converter_0/inst/gen_axilite.gen_b2s_conv.axilite_b2s/WR.aw_channel_0/s_awid_r_reg[7]/C
                            (rising edge-triggered cell FDRE clocked by clk_fpga_3  {rise@0.000ns fall@2.500ns period=5.000ns})
  Destination:            ps/system_i/axi_protocol_converter_0/inst/gen_axilite.gen_b2s_conv.axilite_b2s/WR.b_channel_0/bid_fifo_0/memory_reg[3][15]_srl4/D
                            (rising edge-triggered cell SRL16E clocked by clk_fpga_3  {rise@0.000ns fall@2.500ns period=5.000ns})
  Path Group:             clk_fpga_3
  Path Type:              Hold (Min at Fast Process Corner)
  Requirement:            0.000ns  (clk_fpga_3 rise@0.000ns - clk_fpga_3 rise@0.000ns)
  Data Path Delay:        0.242ns  (logic 0.128ns (52.946%)  route 0.114ns (47.054%))
  Logic Levels:           0  
  Clock Path Skew:        0.017ns (DCD - SCD - CPR)
    Destination Clock Delay (DCD):    1.221ns
    Source Clock Delay      (SCD):    0.922ns
    Clock Pessimism Removal (CPR):    0.282ns

    Location             Delay type                Incr(ns)  Path(ns)    Netlist Resource(s)
  -------------------------------------------------------------------    -------------------
                         (clock clk_fpga_3 rise edge)
                                                      0.000     0.000 r  
    PS7_X0Y0             PS7                          0.000     0.000 r  ps/system_i/processing_system7/inst/PS7_i/FCLKCLK[3]
                         net (fo=1, routed)           0.315     0.315    ps/system_i/processing_system7/inst/FCLK_CLK_unbuffered[3]
    BUFGCTRL_X0Y1        BUFG (Prop_bufg_I_O)         0.026     0.341 r  ps/system_i/processing_system7/inst/buffer_fclk_clk_3.FCLK_CLK_3_BUFG/O
                         net (fo=769, routed)         0.581     0.922    ps/system_i/axi_protocol_converter_0/inst/gen_axilite.gen_b2s_conv.axilite_b2s/WR.aw_channel_0/aclk
    SLICE_X5Y60          FDRE                                         r  ps/system_i/axi_protocol_converter_0/inst/gen_axilite.gen_b2s_conv.axilite_b2s/WR.aw_channel_0/s_awid_r_reg[7]/C
  -------------------------------------------------------------------    -------------------
    SLICE_X5Y60          FDRE (Prop_fdre_C_Q)         0.128     1.050 r  ps/system_i/axi_protocol_converter_0/inst/gen_axilite.gen_b2s_conv.axilite_b2s/WR.aw_channel_0/s_awid_r_reg[7]/Q
                         net (fo=1, routed)           0.114     1.163    ps/system_i/axi_protocol_converter_0/inst/gen_axilite.gen_b2s_conv.axilite_b2s/WR.b_channel_0/bid_fifo_0/in[11]
    SLICE_X4Y59          SRL16E                                       r  ps/system_i/axi_protocol_converter_0/inst/gen_axilite.gen_b2s_conv.axilite_b2s/WR.b_channel_0/bid_fifo_0/memory_reg[3][15]_srl4/D
  -------------------------------------------------------------------    -------------------

                         (clock clk_fpga_3 rise edge)
                                                      0.000     0.000 r  
    PS7_X0Y0             PS7                          0.000     0.000 r  ps/system_i/processing_system7/inst/PS7_i/FCLKCLK[3]
                         net (fo=1, routed)           0.341     0.341    ps/system_i/processing_system7/inst/FCLK_CLK_unbuffered[3]
    BUFGCTRL_X0Y1        BUFG (Prop_bufg_I_O)         0.029     0.370 r  ps/system_i/processing_system7/inst/buffer_fclk_clk_3.FCLK_CLK_3_BUFG/O
                         net (fo=769, routed)         0.851     1.221    ps/system_i/axi_protocol_converter_0/inst/gen_axilite.gen_b2s_conv.axilite_b2s/WR.b_channel_0/bid_fifo_0/aclk
    SLICE_X4Y59          SRL16E                                       r  ps/system_i/axi_protocol_converter_0/inst/gen_axilite.gen_b2s_conv.axilite_b2s/WR.b_channel_0/bid_fifo_0/memory_reg[3][15]_srl4/CLK
                         clock pessimism             -0.282     0.939    
    SLICE_X4Y59          SRL16E (Hold_srl16e_CLK_D)
                                                      0.130     1.069    ps/system_i/axi_protocol_converter_0/inst/gen_axilite.gen_b2s_conv.axilite_b2s/WR.b_channel_0/bid_fifo_0/memory_reg[3][15]_srl4
  -------------------------------------------------------------------
                         required time                         -1.069    
                         arrival time                           1.163    
  -------------------------------------------------------------------
                         slack                                  0.095    

Slack (MET) :             0.098ns  (arrival time - required time)
  Source:                 ps/system_i/axi_protocol_converter_0/inst/gen_axilite.gen_b2s_conv.axilite_b2s/RD.r_channel_0/r_arid_r_reg[7]/C
                            (rising edge-triggered cell FDRE clocked by clk_fpga_3  {rise@0.000ns fall@2.500ns period=5.000ns})
  Destination:            ps/system_i/axi_protocol_converter_0/inst/gen_axilite.gen_b2s_conv.axilite_b2s/RD.r_channel_0/transaction_fifo_0/memory_reg[31][8]_srl32/D
                            (rising edge-triggered cell SRLC32E clocked by clk_fpga_3  {rise@0.000ns fall@2.500ns period=5.000ns})
  Path Group:             clk_fpga_3
  Path Type:              Hold (Min at Fast Process Corner)
  Requirement:            0.000ns  (clk_fpga_3 rise@0.000ns - clk_fpga_3 rise@0.000ns)
  Data Path Delay:        0.241ns  (logic 0.128ns (53.025%)  route 0.113ns (46.975%))
  Logic Levels:           0  
  Clock Path Skew:        0.013ns (DCD - SCD - CPR)
    Destination Clock Delay (DCD):    1.223ns
    Source Clock Delay      (SCD):    0.925ns
    Clock Pessimism Removal (CPR):    0.285ns

    Location             Delay type                Incr(ns)  Path(ns)    Netlist Resource(s)
  -------------------------------------------------------------------    -------------------
                         (clock clk_fpga_3 rise edge)
                                                      0.000     0.000 r  
    PS7_X0Y0             PS7                          0.000     0.000 r  ps/system_i/processing_system7/inst/PS7_i/FCLKCLK[3]
                         net (fo=1, routed)           0.315     0.315    ps/system_i/processing_system7/inst/FCLK_CLK_unbuffered[3]
    BUFGCTRL_X0Y1        BUFG (Prop_bufg_I_O)         0.026     0.341 r  ps/system_i/processing_system7/inst/buffer_fclk_clk_3.FCLK_CLK_3_BUFG/O
                         net (fo=769, routed)         0.584     0.925    ps/system_i/axi_protocol_converter_0/inst/gen_axilite.gen_b2s_conv.axilite_b2s/RD.r_channel_0/aclk
    SLICE_X5Y51          FDRE                                         r  ps/system_i/axi_protocol_converter_0/inst/gen_axilite.gen_b2s_conv.axilite_b2s/RD.r_channel_0/r_arid_r_reg[7]/C
  -------------------------------------------------------------------    -------------------
    SLICE_X5Y51          FDRE (Prop_fdre_C_Q)         0.128     1.053 r  ps/system_i/axi_protocol_converter_0/inst/gen_axilite.gen_b2s_conv.axilite_b2s/RD.r_channel_0/r_arid_r_reg[7]/Q
                         net (fo=1, routed)           0.113     1.166    ps/system_i/axi_protocol_converter_0/inst/gen_axilite.gen_b2s_conv.axilite_b2s/RD.r_channel_0/transaction_fifo_0/in[8]
    SLICE_X4Y51          SRLC32E                                      r  ps/system_i/axi_protocol_converter_0/inst/gen_axilite.gen_b2s_conv.axilite_b2s/RD.r_channel_0/transaction_fifo_0/memory_reg[31][8]_srl32/D
  -------------------------------------------------------------------    -------------------

                         (clock clk_fpga_3 rise edge)
                                                      0.000     0.000 r  
    PS7_X0Y0             PS7                          0.000     0.000 r  ps/system_i/processing_system7/inst/PS7_i/FCLKCLK[3]
                         net (fo=1, routed)           0.341     0.341    ps/system_i/processing_system7/inst/FCLK_CLK_unbuffered[3]
    BUFGCTRL_X0Y1        BUFG (Prop_bufg_I_O)         0.029     0.370 r  ps/system_i/processing_system7/inst/buffer_fclk_clk_3.FCLK_CLK_3_BUFG/O
                         net (fo=769, routed)         0.853     1.223    ps/system_i/axi_protocol_converter_0/inst/gen_axilite.gen_b2s_conv.axilite_b2s/RD.r_channel_0/transaction_fifo_0/aclk
    SLICE_X4Y51          SRLC32E                                      r  ps/system_i/axi_protocol_converter_0/inst/gen_axilite.gen_b2s_conv.axilite_b2s/RD.r_channel_0/transaction_fifo_0/memory_reg[31][8]_srl32/CLK
                         clock pessimism             -0.285     0.938    
    SLICE_X4Y51          SRLC32E (Hold_srlc32e_CLK_D)
                                                      0.130     1.068    ps/system_i/axi_protocol_converter_0/inst/gen_axilite.gen_b2s_conv.axilite_b2s/RD.r_channel_0/transaction_fifo_0/memory_reg[31][8]_srl32
  -------------------------------------------------------------------
                         required time                         -1.068    
                         arrival time                           1.166    
  -------------------------------------------------------------------
                         slack                                  0.098    

Slack (MET) :             0.104ns  (arrival time - required time)
  Source:                 ps/system_i/xadc/inst/INTR_CTRLR_GEN_I.INTERRUPT_CONTROL_I/DO_IRPT_INPUT[7].GEN_POS_EDGE_DETECT.irpt_dly2_reg/C
                            (rising edge-triggered cell FDSE clocked by clk_fpga_3  {rise@0.000ns fall@2.500ns period=5.000ns})
  Destination:            ps/system_i/xadc/inst/INTR_CTRLR_GEN_I.INTERRUPT_CONTROL_I/GEN_IP_IRPT_STATUS_REG[7].GEN_REG_STATUS.ip_irpt_status_reg_reg[7]/D
                            (rising edge-triggered cell FDRE clocked by clk_fpga_3  {rise@0.000ns fall@2.500ns period=5.000ns})
  Path Group:             clk_fpga_3
  Path Type:              Hold (Min at Fast Process Corner)
  Requirement:            0.000ns  (clk_fpga_3 rise@0.000ns - clk_fpga_3 rise@0.000ns)
  Data Path Delay:        0.238ns  (logic 0.186ns (78.117%)  route 0.052ns (21.883%))
  Logic Levels:           1  (LUT5=1)
  Clock Path Skew:        0.013ns (DCD - SCD - CPR)
    Destination Clock Delay (DCD):    1.191ns
    Source Clock Delay      (SCD):    0.895ns
    Clock Pessimism Removal (CPR):    0.283ns

    Location             Delay type                Incr(ns)  Path(ns)    Netlist Resource(s)
  -------------------------------------------------------------------    -------------------
                         (clock clk_fpga_3 rise edge)
                                                      0.000     0.000 r  
    PS7_X0Y0             PS7                          0.000     0.000 r  ps/system_i/processing_system7/inst/PS7_i/FCLKCLK[3]
                         net (fo=1, routed)           0.315     0.315    ps/system_i/processing_system7/inst/FCLK_CLK_unbuffered[3]
    BUFGCTRL_X0Y1        BUFG (Prop_bufg_I_O)         0.026     0.341 r  ps/system_i/processing_system7/inst/buffer_fclk_clk_3.FCLK_CLK_3_BUFG/O
                         net (fo=769, routed)         0.554     0.895    ps/system_i/xadc/inst/INTR_CTRLR_GEN_I.INTERRUPT_CONTROL_I/s_axi_aclk
    SLICE_X17Y68         FDSE                                         r  ps/system_i/xadc/inst/INTR_CTRLR_GEN_I.INTERRUPT_CONTROL_I/DO_IRPT_INPUT[7].GEN_POS_EDGE_DETECT.irpt_dly2_reg/C
  -------------------------------------------------------------------    -------------------
    SLICE_X17Y68         FDSE (Prop_fdse_C_Q)         0.141     1.036 f  ps/system_i/xadc/inst/INTR_CTRLR_GEN_I.INTERRUPT_CONTROL_I/DO_IRPT_INPUT[7].GEN_POS_EDGE_DETECT.irpt_dly2_reg/Q
                         net (fo=1, routed)           0.052     1.088    ps/system_i/xadc/inst/INTR_CTRLR_GEN_I.INTERRUPT_CONTROL_I/DO_IRPT_INPUT[7].GEN_POS_EDGE_DETECT.irpt_dly2_reg_n_0
    SLICE_X16Y68         LUT5 (Prop_lut5_I4_O)        0.045     1.133 r  ps/system_i/xadc/inst/INTR_CTRLR_GEN_I.INTERRUPT_CONTROL_I/GEN_IP_IRPT_STATUS_REG[7].GEN_REG_STATUS.ip_irpt_status_reg[7]_i_1/O
                         net (fo=1, routed)           0.000     1.133    ps/system_i/xadc/inst/INTR_CTRLR_GEN_I.INTERRUPT_CONTROL_I/GEN_IP_IRPT_STATUS_REG[7].GEN_REG_STATUS.ip_irpt_status_reg[7]_i_1_n_0
    SLICE_X16Y68         FDRE                                         r  ps/system_i/xadc/inst/INTR_CTRLR_GEN_I.INTERRUPT_CONTROL_I/GEN_IP_IRPT_STATUS_REG[7].GEN_REG_STATUS.ip_irpt_status_reg_reg[7]/D
  -------------------------------------------------------------------    -------------------

                         (clock clk_fpga_3 rise edge)
                                                      0.000     0.000 r  
    PS7_X0Y0             PS7                          0.000     0.000 r  ps/system_i/processing_system7/inst/PS7_i/FCLKCLK[3]
                         net (fo=1, routed)           0.341     0.341    ps/system_i/processing_system7/inst/FCLK_CLK_unbuffered[3]
    BUFGCTRL_X0Y1        BUFG (Prop_bufg_I_O)         0.029     0.370 r  ps/system_i/processing_system7/inst/buffer_fclk_clk_3.FCLK_CLK_3_BUFG/O
                         net (fo=769, routed)         0.821     1.191    ps/system_i/xadc/inst/INTR_CTRLR_GEN_I.INTERRUPT_CONTROL_I/s_axi_aclk
    SLICE_X16Y68         FDRE                                         r  ps/system_i/xadc/inst/INTR_CTRLR_GEN_I.INTERRUPT_CONTROL_I/GEN_IP_IRPT_STATUS_REG[7].GEN_REG_STATUS.ip_irpt_status_reg_reg[7]/C
                         clock pessimism             -0.283     0.908    
    SLICE_X16Y68         FDRE (Hold_fdre_C_D)         0.121     1.029    ps/system_i/xadc/inst/INTR_CTRLR_GEN_I.INTERRUPT_CONTROL_I/GEN_IP_IRPT_STATUS_REG[7].GEN_REG_STATUS.ip_irpt_status_reg_reg[7]
  -------------------------------------------------------------------
                         required time                         -1.029    
                         arrival time                           1.133    
  -------------------------------------------------------------------
                         slack                                  0.104    

Slack (MET) :             0.105ns  (arrival time - required time)
  Source:                 ps/system_i/axi_protocol_converter_0/inst/gen_axilite.gen_b2s_conv.axilite_b2s/RD.r_channel_0/r_arid_r_reg[8]/C
                            (rising edge-triggered cell FDRE clocked by clk_fpga_3  {rise@0.000ns fall@2.500ns period=5.000ns})
  Destination:            ps/system_i/axi_protocol_converter_0/inst/gen_axilite.gen_b2s_conv.axilite_b2s/RD.r_channel_0/transaction_fifo_0/memory_reg[31][9]_srl32/D
                            (rising edge-triggered cell SRLC32E clocked by clk_fpga_3  {rise@0.000ns fall@2.500ns period=5.000ns})
  Path Group:             clk_fpga_3
  Path Type:              Hold (Min at Fast Process Corner)
  Requirement:            0.000ns  (clk_fpga_3 rise@0.000ns - clk_fpga_3 rise@0.000ns)
  Data Path Delay:        0.321ns  (logic 0.141ns (43.908%)  route 0.180ns (56.092%))
  Logic Levels:           0  
  Clock Path Skew:        0.033ns (DCD - SCD - CPR)
    Destination Clock Delay (DCD):    1.221ns
    Source Clock Delay      (SCD):    0.925ns
    Clock Pessimism Removal (CPR):    0.263ns

    Location             Delay type                Incr(ns)  Path(ns)    Netlist Resource(s)
  -------------------------------------------------------------------    -------------------
                         (clock clk_fpga_3 rise edge)
                                                      0.000     0.000 r  
    PS7_X0Y0             PS7                          0.000     0.000 r  ps/system_i/processing_system7/inst/PS7_i/FCLKCLK[3]
                         net (fo=1, routed)           0.315     0.315    ps/system_i/processing_system7/inst/FCLK_CLK_unbuffered[3]
    BUFGCTRL_X0Y1        BUFG (Prop_bufg_I_O)         0.026     0.341 r  ps/system_i/processing_system7/inst/buffer_fclk_clk_3.FCLK_CLK_3_BUFG/O
                         net (fo=769, routed)         0.584     0.925    ps/system_i/axi_protocol_converter_0/inst/gen_axilite.gen_b2s_conv.axilite_b2s/RD.r_channel_0/aclk
    SLICE_X2Y50          FDRE                                         r  ps/system_i/axi_protocol_converter_0/inst/gen_axilite.gen_b2s_conv.axilite_b2s/RD.r_channel_0/r_arid_r_reg[8]/C
  -------------------------------------------------------------------    -------------------
    SLICE_X2Y50          FDRE (Prop_fdre_C_Q)         0.141     1.066 r  ps/system_i/axi_protocol_converter_0/inst/gen_axilite.gen_b2s_conv.axilite_b2s/RD.r_channel_0/r_arid_r_reg[8]/Q
                         net (fo=1, routed)           0.180     1.246    ps/system_i/axi_protocol_converter_0/inst/gen_axilite.gen_b2s_conv.axilite_b2s/RD.r_channel_0/transaction_fifo_0/in[9]
    SLICE_X0Y51          SRLC32E                                      r  ps/system_i/axi_protocol_converter_0/inst/gen_axilite.gen_b2s_conv.axilite_b2s/RD.r_channel_0/transaction_fifo_0/memory_reg[31][9]_srl32/D
  -------------------------------------------------------------------    -------------------

                         (clock clk_fpga_3 rise edge)
                                                      0.000     0.000 r  
    PS7_X0Y0             PS7                          0.000     0.000 r  ps/system_i/processing_system7/inst/PS7_i/FCLKCLK[3]
                         net (fo=1, routed)           0.341     0.341    ps/system_i/processing_system7/inst/FCLK_CLK_unbuffered[3]
    BUFGCTRL_X0Y1        BUFG (Prop_bufg_I_O)         0.029     0.370 r  ps/system_i/processing_system7/inst/buffer_fclk_clk_3.FCLK_CLK_3_BUFG/O
                         net (fo=769, routed)         0.851     1.221    ps/system_i/axi_protocol_converter_0/inst/gen_axilite.gen_b2s_conv.axilite_b2s/RD.r_channel_0/transaction_fifo_0/aclk
    SLICE_X0Y51          SRLC32E                                      r  ps/system_i/axi_protocol_converter_0/inst/gen_axilite.gen_b2s_conv.axilite_b2s/RD.r_channel_0/transaction_fifo_0/memory_reg[31][9]_srl32/CLK
                         clock pessimism             -0.263     0.958    
    SLICE_X0Y51          SRLC32E (Hold_srlc32e_CLK_D)
                                                      0.183     1.141    ps/system_i/axi_protocol_converter_0/inst/gen_axilite.gen_b2s_conv.axilite_b2s/RD.r_channel_0/transaction_fifo_0/memory_reg[31][9]_srl32
  -------------------------------------------------------------------
                         required time                         -1.141    
                         arrival time                           1.246    
  -------------------------------------------------------------------
                         slack                                  0.105    

Slack (MET) :             0.106ns  (arrival time - required time)
  Source:                 ps/system_i/axi_protocol_converter_0/inst/gen_axilite.gen_b2s_conv.axilite_b2s/SI_REG/r.r_pipe/skid_buffer_reg[17]/C
                            (rising edge-triggered cell FDRE clocked by clk_fpga_3  {rise@0.000ns fall@2.500ns period=5.000ns})
  Destination:            ps/system_i/axi_protocol_converter_0/inst/gen_axilite.gen_b2s_conv.axilite_b2s/SI_REG/r.r_pipe/m_payload_i_reg[17]/D
                            (rising edge-triggered cell FDRE clocked by clk_fpga_3  {rise@0.000ns fall@2.500ns period=5.000ns})
  Path Group:             clk_fpga_3
  Path Type:              Hold (Min at Fast Process Corner)
  Requirement:            0.000ns  (clk_fpga_3 rise@0.000ns - clk_fpga_3 rise@0.000ns)
  Data Path Delay:        0.240ns  (logic 0.186ns (77.466%)  route 0.054ns (22.534%))
  Logic Levels:           1  (LUT3=1)
  Clock Path Skew:        0.013ns (DCD - SCD - CPR)
    Destination Clock Delay (DCD):    1.204ns
    Source Clock Delay      (SCD):    0.906ns
    Clock Pessimism Removal (CPR):    0.285ns

    Location             Delay type                Incr(ns)  Path(ns)    Netlist Resource(s)
  -------------------------------------------------------------------    -------------------
                         (clock clk_fpga_3 rise edge)
                                                      0.000     0.000 r  
    PS7_X0Y0             PS7                          0.000     0.000 r  ps/system_i/processing_system7/inst/PS7_i/FCLKCLK[3]
                         net (fo=1, routed)           0.315     0.315    ps/system_i/processing_system7/inst/FCLK_CLK_unbuffered[3]
    BUFGCTRL_X0Y1        BUFG (Prop_bufg_I_O)         0.026     0.341 r  ps/system_i/processing_system7/inst/buffer_fclk_clk_3.FCLK_CLK_3_BUFG/O
                         net (fo=769, routed)         0.565     0.906    ps/system_i/axi_protocol_converter_0/inst/gen_axilite.gen_b2s_conv.axilite_b2s/SI_REG/r.r_pipe/aclk
    SLICE_X7Y52          FDRE                                         r  ps/system_i/axi_protocol_converter_0/inst/gen_axilite.gen_b2s_conv.axilite_b2s/SI_REG/r.r_pipe/skid_buffer_reg[17]/C
  -------------------------------------------------------------------    -------------------
    SLICE_X7Y52          FDRE (Prop_fdre_C_Q)         0.141     1.047 r  ps/system_i/axi_protocol_converter_0/inst/gen_axilite.gen_b2s_conv.axilite_b2s/SI_REG/r.r_pipe/skid_buffer_reg[17]/Q
                         net (fo=1, routed)           0.054     1.101    ps/system_i/axi_protocol_converter_0/inst/gen_axilite.gen_b2s_conv.axilite_b2s/SI_REG/r.r_pipe/skid_buffer_reg_n_0_[17]
    SLICE_X6Y52          LUT3 (Prop_lut3_I2_O)        0.045     1.146 r  ps/system_i/axi_protocol_converter_0/inst/gen_axilite.gen_b2s_conv.axilite_b2s/SI_REG/r.r_pipe/m_payload_i[17]_i_1__1/O
                         net (fo=1, routed)           0.000     1.146    ps/system_i/axi_protocol_converter_0/inst/gen_axilite.gen_b2s_conv.axilite_b2s/SI_REG/r.r_pipe/m_payload_i[17]_i_1__1_n_0
    SLICE_X6Y52          FDRE                                         r  ps/system_i/axi_protocol_converter_0/inst/gen_axilite.gen_b2s_conv.axilite_b2s/SI_REG/r.r_pipe/m_payload_i_reg[17]/D
  -------------------------------------------------------------------    -------------------

                         (clock clk_fpga_3 rise edge)
                                                      0.000     0.000 r  
    PS7_X0Y0             PS7                          0.000     0.000 r  ps/system_i/processing_system7/inst/PS7_i/FCLKCLK[3]
                         net (fo=1, routed)           0.341     0.341    ps/system_i/processing_system7/inst/FCLK_CLK_unbuffered[3]
    BUFGCTRL_X0Y1        BUFG (Prop_bufg_I_O)         0.029     0.370 r  ps/system_i/processing_system7/inst/buffer_fclk_clk_3.FCLK_CLK_3_BUFG/O
                         net (fo=769, routed)         0.834     1.204    ps/system_i/axi_protocol_converter_0/inst/gen_axilite.gen_b2s_conv.axilite_b2s/SI_REG/r.r_pipe/aclk
    SLICE_X6Y52          FDRE                                         r  ps/system_i/axi_protocol_converter_0/inst/gen_axilite.gen_b2s_conv.axilite_b2s/SI_REG/r.r_pipe/m_payload_i_reg[17]/C
                         clock pessimism             -0.285     0.919    
    SLICE_X6Y52          FDRE (Hold_fdre_C_D)         0.121     1.040    ps/system_i/axi_protocol_converter_0/inst/gen_axilite.gen_b2s_conv.axilite_b2s/SI_REG/r.r_pipe/m_payload_i_reg[17]
  -------------------------------------------------------------------
                         required time                         -1.040    
                         arrival time                           1.146    
  -------------------------------------------------------------------
                         slack                                  0.106    

Slack (MET) :             0.110ns  (arrival time - required time)
  Source:                 ps/system_i/axi_protocol_converter_0/inst/gen_axilite.gen_b2s_conv.axilite_b2s/RD.r_channel_0/r_arid_r_reg[1]/C
                            (rising edge-triggered cell FDRE clocked by clk_fpga_3  {rise@0.000ns fall@2.500ns period=5.000ns})
  Destination:            ps/system_i/axi_protocol_converter_0/inst/gen_axilite.gen_b2s_conv.axilite_b2s/RD.r_channel_0/transaction_fifo_0/memory_reg[31][2]_srl32/D
                            (rising edge-triggered cell SRLC32E clocked by clk_fpga_3  {rise@0.000ns fall@2.500ns period=5.000ns})
  Path Group:             clk_fpga_3
  Path Type:              Hold (Min at Fast Process Corner)
  Requirement:            0.000ns  (clk_fpga_3 rise@0.000ns - clk_fpga_3 rise@0.000ns)
  Data Path Delay:        0.258ns  (logic 0.141ns (54.681%)  route 0.117ns (45.319%))
  Logic Levels:           0  
  Clock Path Skew:        0.033ns (DCD - SCD - CPR)
    Destination Clock Delay (DCD):    1.221ns
    Source Clock Delay      (SCD):    0.925ns
    Clock Pessimism Removal (CPR):    0.263ns

    Location             Delay type                Incr(ns)  Path(ns)    Netlist Resource(s)
  -------------------------------------------------------------------    -------------------
                         (clock clk_fpga_3 rise edge)
                                                      0.000     0.000 r  
    PS7_X0Y0             PS7                          0.000     0.000 r  ps/system_i/processing_system7/inst/PS7_i/FCLKCLK[3]
                         net (fo=1, routed)           0.315     0.315    ps/system_i/processing_system7/inst/FCLK_CLK_unbuffered[3]
    BUFGCTRL_X0Y1        BUFG (Prop_bufg_I_O)         0.026     0.341 r  ps/system_i/processing_system7/inst/buffer_fclk_clk_3.FCLK_CLK_3_BUFG/O
                         net (fo=769, routed)         0.584     0.925    ps/system_i/axi_protocol_converter_0/inst/gen_axilite.gen_b2s_conv.axilite_b2s/RD.r_channel_0/aclk
    SLICE_X2Y50          FDRE                                         r  ps/system_i/axi_protocol_converter_0/inst/gen_axilite.gen_b2s_conv.axilite_b2s/RD.r_channel_0/r_arid_r_reg[1]/C
  -------------------------------------------------------------------    -------------------
    SLICE_X2Y50          FDRE (Prop_fdre_C_Q)         0.141     1.066 r  ps/system_i/axi_protocol_converter_0/inst/gen_axilite.gen_b2s_conv.axilite_b2s/RD.r_channel_0/r_arid_r_reg[1]/Q
                         net (fo=1, routed)           0.117     1.182    ps/system_i/axi_protocol_converter_0/inst/gen_axilite.gen_b2s_conv.axilite_b2s/RD.r_channel_0/transaction_fifo_0/in[2]
    SLICE_X0Y51          SRLC32E                                      r  ps/system_i/axi_protocol_converter_0/inst/gen_axilite.gen_b2s_conv.axilite_b2s/RD.r_channel_0/transaction_fifo_0/memory_reg[31][2]_srl32/D
  -------------------------------------------------------------------    -------------------

                         (clock clk_fpga_3 rise edge)
                                                      0.000     0.000 r  
    PS7_X0Y0             PS7                          0.000     0.000 r  ps/system_i/processing_system7/inst/PS7_i/FCLKCLK[3]
                         net (fo=1, routed)           0.341     0.341    ps/system_i/processing_system7/inst/FCLK_CLK_unbuffered[3]
    BUFGCTRL_X0Y1        BUFG (Prop_bufg_I_O)         0.029     0.370 r  ps/system_i/processing_system7/inst/buffer_fclk_clk_3.FCLK_CLK_3_BUFG/O
                         net (fo=769, routed)         0.851     1.221    ps/system_i/axi_protocol_converter_0/inst/gen_axilite.gen_b2s_conv.axilite_b2s/RD.r_channel_0/transaction_fifo_0/aclk
    SLICE_X0Y51          SRLC32E                                      r  ps/system_i/axi_protocol_converter_0/inst/gen_axilite.gen_b2s_conv.axilite_b2s/RD.r_channel_0/transaction_fifo_0/memory_reg[31][2]_srl32/CLK
                         clock pessimism             -0.263     0.958    
    SLICE_X0Y51          SRLC32E (Hold_srlc32e_CLK_D)
                                                      0.115     1.073    ps/system_i/axi_protocol_converter_0/inst/gen_axilite.gen_b2s_conv.axilite_b2s/RD.r_channel_0/transaction_fifo_0/memory_reg[31][2]_srl32
  -------------------------------------------------------------------
                         required time                         -1.073    
                         arrival time                           1.182    
  -------------------------------------------------------------------
                         slack                                  0.110    

Slack (MET) :             0.111ns  (arrival time - required time)
  Source:                 ps/system_i/axi_protocol_converter_0/inst/gen_axilite.gen_b2s_conv.axilite_b2s/RD.r_channel_0/r_arid_r_reg[0]/C
                            (rising edge-triggered cell FDRE clocked by clk_fpga_3  {rise@0.000ns fall@2.500ns period=5.000ns})
  Destination:            ps/system_i/axi_protocol_converter_0/inst/gen_axilite.gen_b2s_conv.axilite_b2s/RD.r_channel_0/transaction_fifo_0/memory_reg[31][1]_srl32/D
                            (rising edge-triggered cell SRLC32E clocked by clk_fpga_3  {rise@0.000ns fall@2.500ns period=5.000ns})
  Path Group:             clk_fpga_3
  Path Type:              Hold (Min at Fast Process Corner)
  Requirement:            0.000ns  (clk_fpga_3 rise@0.000ns - clk_fpga_3 rise@0.000ns)
  Data Path Delay:        0.244ns  (logic 0.141ns (57.830%)  route 0.103ns (42.170%))
  Logic Levels:           0  
  Clock Path Skew:        0.016ns (DCD - SCD - CPR)
    Destination Clock Delay (DCD):    1.223ns
    Source Clock Delay      (SCD):    0.925ns
    Clock Pessimism Removal (CPR):    0.282ns

    Location             Delay type                Incr(ns)  Path(ns)    Netlist Resource(s)
  -------------------------------------------------------------------    -------------------
                         (clock clk_fpga_3 rise edge)
                                                      0.000     0.000 r  
    PS7_X0Y0             PS7                          0.000     0.000 r  ps/system_i/processing_system7/inst/PS7_i/FCLKCLK[3]
                         net (fo=1, routed)           0.315     0.315    ps/system_i/processing_system7/inst/FCLK_CLK_unbuffered[3]
    BUFGCTRL_X0Y1        BUFG (Prop_bufg_I_O)         0.026     0.341 r  ps/system_i/processing_system7/inst/buffer_fclk_clk_3.FCLK_CLK_3_BUFG/O
                         net (fo=769, routed)         0.584     0.925    ps/system_i/axi_protocol_converter_0/inst/gen_axilite.gen_b2s_conv.axilite_b2s/RD.r_channel_0/aclk
    SLICE_X2Y50          FDRE                                         r  ps/system_i/axi_protocol_converter_0/inst/gen_axilite.gen_b2s_conv.axilite_b2s/RD.r_channel_0/r_arid_r_reg[0]/C
  -------------------------------------------------------------------    -------------------
    SLICE_X2Y50          FDRE (Prop_fdre_C_Q)         0.141     1.066 r  ps/system_i/axi_protocol_converter_0/inst/gen_axilite.gen_b2s_conv.axilite_b2s/RD.r_channel_0/r_arid_r_reg[0]/Q
                         net (fo=1, routed)           0.103     1.168    ps/system_i/axi_protocol_converter_0/inst/gen_axilite.gen_b2s_conv.axilite_b2s/RD.r_channel_0/transaction_fifo_0/in[1]
    SLICE_X4Y51          SRLC32E                                      r  ps/system_i/axi_protocol_converter_0/inst/gen_axilite.gen_b2s_conv.axilite_b2s/RD.r_channel_0/transaction_fifo_0/memory_reg[31][1]_srl32/D
  -------------------------------------------------------------------    -------------------

                         (clock clk_fpga_3 rise edge)
                                                      0.000     0.000 r  
    PS7_X0Y0             PS7                          0.000     0.000 r  ps/system_i/processing_system7/inst/PS7_i/FCLKCLK[3]
                         net (fo=1, routed)           0.341     0.341    ps/system_i/processing_system7/inst/FCLK_CLK_unbuffered[3]
    BUFGCTRL_X0Y1        BUFG (Prop_bufg_I_O)         0.029     0.370 r  ps/system_i/processing_system7/inst/buffer_fclk_clk_3.FCLK_CLK_3_BUFG/O
                         net (fo=769, routed)         0.853     1.223    ps/system_i/axi_protocol_converter_0/inst/gen_axilite.gen_b2s_conv.axilite_b2s/RD.r_channel_0/transaction_fifo_0/aclk
    SLICE_X4Y51          SRLC32E                                      r  ps/system_i/axi_protocol_converter_0/inst/gen_axilite.gen_b2s_conv.axilite_b2s/RD.r_channel_0/transaction_fifo_0/memory_reg[31][1]_srl32/CLK
                         clock pessimism             -0.282     0.941    
    SLICE_X4Y51          SRLC32E (Hold_srlc32e_CLK_D)
                                                      0.117     1.058    ps/system_i/axi_protocol_converter_0/inst/gen_axilite.gen_b2s_conv.axilite_b2s/RD.r_channel_0/transaction_fifo_0/memory_reg[31][1]_srl32
  -------------------------------------------------------------------
                         required time                         -1.058    
                         arrival time                           1.168    
  -------------------------------------------------------------------
                         slack                                  0.111    

Slack (MET) :             0.114ns  (arrival time - required time)
  Source:                 ps/system_i/xadc/inst/AXI_LITE_IPIF_I/I_SLAVE_ATTACHMENT/s_axi_rdata_i_reg[31]/C
                            (rising edge-triggered cell FDRE clocked by clk_fpga_3  {rise@0.000ns fall@2.500ns period=5.000ns})
  Destination:            ps/system_i/axi_protocol_converter_0/inst/gen_axilite.gen_b2s_conv.axilite_b2s/RD.r_channel_0/rd_data_fifo_0/memory_reg[31][31]_srl32/D
                            (rising edge-triggered cell SRLC32E clocked by clk_fpga_3  {rise@0.000ns fall@2.500ns period=5.000ns})
  Path Group:             clk_fpga_3
  Path Type:              Hold (Min at Fast Process Corner)
  Requirement:            0.000ns  (clk_fpga_3 rise@0.000ns - clk_fpga_3 rise@0.000ns)
  Data Path Delay:        0.313ns  (logic 0.141ns (45.009%)  route 0.172ns (54.991%))
  Logic Levels:           0  
  Clock Path Skew:        0.016ns (DCD - SCD - CPR)
    Destination Clock Delay (DCD):    1.202ns
    Source Clock Delay      (SCD):    0.904ns
    Clock Pessimism Removal (CPR):    0.282ns

    Location             Delay type                Incr(ns)  Path(ns)    Netlist Resource(s)
  -------------------------------------------------------------------    -------------------
                         (clock clk_fpga_3 rise edge)
                                                      0.000     0.000 r  
    PS7_X0Y0             PS7                          0.000     0.000 r  ps/system_i/processing_system7/inst/PS7_i/FCLKCLK[3]
                         net (fo=1, routed)           0.315     0.315    ps/system_i/processing_system7/inst/FCLK_CLK_unbuffered[3]
    BUFGCTRL_X0Y1        BUFG (Prop_bufg_I_O)         0.026     0.341 r  ps/system_i/processing_system7/inst/buffer_fclk_clk_3.FCLK_CLK_3_BUFG/O
                         net (fo=769, routed)         0.563     0.904    ps/system_i/xadc/inst/AXI_LITE_IPIF_I/I_SLAVE_ATTACHMENT/s_axi_aclk
    SLICE_X11Y58         FDRE                                         r  ps/system_i/xadc/inst/AXI_LITE_IPIF_I/I_SLAVE_ATTACHMENT/s_axi_rdata_i_reg[31]/C
  -------------------------------------------------------------------    -------------------
    SLICE_X11Y58         FDRE (Prop_fdre_C_Q)         0.141     1.045 r  ps/system_i/xadc/inst/AXI_LITE_IPIF_I/I_SLAVE_ATTACHMENT/s_axi_rdata_i_reg[31]/Q
                         net (fo=1, routed)           0.172     1.217    ps/system_i/axi_protocol_converter_0/inst/gen_axilite.gen_b2s_conv.axilite_b2s/RD.r_channel_0/rd_data_fifo_0/in[31]
    SLICE_X10Y57         SRLC32E                                      r  ps/system_i/axi_protocol_converter_0/inst/gen_axilite.gen_b2s_conv.axilite_b2s/RD.r_channel_0/rd_data_fifo_0/memory_reg[31][31]_srl32/D
  -------------------------------------------------------------------    -------------------

                         (clock clk_fpga_3 rise edge)
                                                      0.000     0.000 r  
    PS7_X0Y0             PS7                          0.000     0.000 r  ps/system_i/processing_system7/inst/PS7_i/FCLKCLK[3]
                         net (fo=1, routed)           0.341     0.341    ps/system_i/processing_system7/inst/FCLK_CLK_unbuffered[3]
    BUFGCTRL_X0Y1        BUFG (Prop_bufg_I_O)         0.029     0.370 r  ps/system_i/processing_system7/inst/buffer_fclk_clk_3.FCLK_CLK_3_BUFG/O
                         net (fo=769, routed)         0.832     1.202    ps/system_i/axi_protocol_converter_0/inst/gen_axilite.gen_b2s_conv.axilite_b2s/RD.r_channel_0/rd_data_fifo_0/aclk
    SLICE_X10Y57         SRLC32E                                      r  ps/system_i/axi_protocol_converter_0/inst/gen_axilite.gen_b2s_conv.axilite_b2s/RD.r_channel_0/rd_data_fifo_0/memory_reg[31][31]_srl32/CLK
                         clock pessimism             -0.282     0.920    
    SLICE_X10Y57         SRLC32E (Hold_srlc32e_CLK_D)
                                                      0.183     1.103    ps/system_i/axi_protocol_converter_0/inst/gen_axilite.gen_b2s_conv.axilite_b2s/RD.r_channel_0/rd_data_fifo_0/memory_reg[31][31]_srl32
  -------------------------------------------------------------------
                         required time                         -1.103    
                         arrival time                           1.217    
  -------------------------------------------------------------------
                         slack                                  0.114    

Slack (MET) :             0.117ns  (arrival time - required time)
  Source:                 ps/system_i/xadc/inst/AXI_LITE_IPIF_I/I_SLAVE_ATTACHMENT/s_axi_rdata_i_reg[0]/C
                            (rising edge-triggered cell FDRE clocked by clk_fpga_3  {rise@0.000ns fall@2.500ns period=5.000ns})
  Destination:            ps/system_i/axi_protocol_converter_0/inst/gen_axilite.gen_b2s_conv.axilite_b2s/RD.r_channel_0/rd_data_fifo_0/memory_reg[31][0]_srl32/D
                            (rising edge-triggered cell SRLC32E clocked by clk_fpga_3  {rise@0.000ns fall@2.500ns period=5.000ns})
  Path Group:             clk_fpga_3
  Path Type:              Hold (Min at Fast Process Corner)
  Requirement:            0.000ns  (clk_fpga_3 rise@0.000ns - clk_fpga_3 rise@0.000ns)
  Data Path Delay:        0.251ns  (logic 0.141ns (56.174%)  route 0.110ns (43.826%))
  Logic Levels:           0  
  Clock Path Skew:        0.017ns (DCD - SCD - CPR)
    Destination Clock Delay (DCD):    1.202ns
    Source Clock Delay      (SCD):    0.903ns
    Clock Pessimism Removal (CPR):    0.282ns

    Location             Delay type                Incr(ns)  Path(ns)    Netlist Resource(s)
  -------------------------------------------------------------------    -------------------
                         (clock clk_fpga_3 rise edge)
                                                      0.000     0.000 r  
    PS7_X0Y0             PS7                          0.000     0.000 r  ps/system_i/processing_system7/inst/PS7_i/FCLKCLK[3]
                         net (fo=1, routed)           0.315     0.315    ps/system_i/processing_system7/inst/FCLK_CLK_unbuffered[3]
    BUFGCTRL_X0Y1        BUFG (Prop_bufg_I_O)         0.026     0.341 r  ps/system_i/processing_system7/inst/buffer_fclk_clk_3.FCLK_CLK_3_BUFG/O
                         net (fo=769, routed)         0.562     0.903    ps/system_i/xadc/inst/AXI_LITE_IPIF_I/I_SLAVE_ATTACHMENT/s_axi_aclk
    SLICE_X11Y60         FDRE                                         r  ps/system_i/xadc/inst/AXI_LITE_IPIF_I/I_SLAVE_ATTACHMENT/s_axi_rdata_i_reg[0]/C
  -------------------------------------------------------------------    -------------------
    SLICE_X11Y60         FDRE (Prop_fdre_C_Q)         0.141     1.044 r  ps/system_i/xadc/inst/AXI_LITE_IPIF_I/I_SLAVE_ATTACHMENT/s_axi_rdata_i_reg[0]/Q
                         net (fo=1, routed)           0.110     1.154    ps/system_i/axi_protocol_converter_0/inst/gen_axilite.gen_b2s_conv.axilite_b2s/RD.r_channel_0/rd_data_fifo_0/in[0]
    SLICE_X10Y59         SRLC32E                                      r  ps/system_i/axi_protocol_converter_0/inst/gen_axilite.gen_b2s_conv.axilite_b2s/RD.r_channel_0/rd_data_fifo_0/memory_reg[31][0]_srl32/D
  -------------------------------------------------------------------    -------------------

                         (clock clk_fpga_3 rise edge)
                                                      0.000     0.000 r  
    PS7_X0Y0             PS7                          0.000     0.000 r  ps/system_i/processing_system7/inst/PS7_i/FCLKCLK[3]
                         net (fo=1, routed)           0.341     0.341    ps/system_i/processing_system7/inst/FCLK_CLK_unbuffered[3]
    BUFGCTRL_X0Y1        BUFG (Prop_bufg_I_O)         0.029     0.370 r  ps/system_i/processing_system7/inst/buffer_fclk_clk_3.FCLK_CLK_3_BUFG/O
                         net (fo=769, routed)         0.832     1.202    ps/system_i/axi_protocol_converter_0/inst/gen_axilite.gen_b2s_conv.axilite_b2s/RD.r_channel_0/rd_data_fifo_0/aclk
    SLICE_X10Y59         SRLC32E                                      r  ps/system_i/axi_protocol_converter_0/inst/gen_axilite.gen_b2s_conv.axilite_b2s/RD.r_channel_0/rd_data_fifo_0/memory_reg[31][0]_srl32/CLK
                         clock pessimism             -0.282     0.920    
    SLICE_X10Y59         SRLC32E (Hold_srlc32e_CLK_D)
                                                      0.117     1.037    ps/system_i/axi_protocol_converter_0/inst/gen_axilite.gen_b2s_conv.axilite_b2s/RD.r_channel_0/rd_data_fifo_0/memory_reg[31][0]_srl32
  -------------------------------------------------------------------
                         required time                         -1.037    
                         arrival time                           1.154    
  -------------------------------------------------------------------
                         slack                                  0.117    

Slack (MET) :             0.118ns  (arrival time - required time)
  Source:                 ps/system_i/axi_protocol_converter_0/inst/gen_axilite.gen_b2s_conv.axilite_b2s/WR.aw_channel_0/s_awid_r_reg[9]/C
                            (rising edge-triggered cell FDRE clocked by clk_fpga_3  {rise@0.000ns fall@2.500ns period=5.000ns})
  Destination:            ps/system_i/axi_protocol_converter_0/inst/gen_axilite.gen_b2s_conv.axilite_b2s/WR.b_channel_0/bid_fifo_0/memory_reg[3][17]_srl4/D
                            (rising edge-triggered cell SRL16E clocked by clk_fpga_3  {rise@0.000ns fall@2.500ns period=5.000ns})
  Path Group:             clk_fpga_3
  Path Type:              Hold (Min at Fast Process Corner)
  Requirement:            0.000ns  (clk_fpga_3 rise@0.000ns - clk_fpga_3 rise@0.000ns)
  Data Path Delay:        0.187ns  (logic 0.128ns (68.470%)  route 0.059ns (31.530%))
  Logic Levels:           0  
  Clock Path Skew:        0.013ns (DCD - SCD - CPR)
    Destination Clock Delay (DCD):    1.220ns
    Source Clock Delay      (SCD):    0.922ns
    Clock Pessimism Removal (CPR):    0.285ns

    Location             Delay type                Incr(ns)  Path(ns)    Netlist Resource(s)
  -------------------------------------------------------------------    -------------------
                         (clock clk_fpga_3 rise edge)
                                                      0.000     0.000 r  
    PS7_X0Y0             PS7                          0.000     0.000 r  ps/system_i/processing_system7/inst/PS7_i/FCLKCLK[3]
                         net (fo=1, routed)           0.315     0.315    ps/system_i/processing_system7/inst/FCLK_CLK_unbuffered[3]
    BUFGCTRL_X0Y1        BUFG (Prop_bufg_I_O)         0.026     0.341 r  ps/system_i/processing_system7/inst/buffer_fclk_clk_3.FCLK_CLK_3_BUFG/O
                         net (fo=769, routed)         0.581     0.922    ps/system_i/axi_protocol_converter_0/inst/gen_axilite.gen_b2s_conv.axilite_b2s/WR.aw_channel_0/aclk
    SLICE_X5Y60          FDRE                                         r  ps/system_i/axi_protocol_converter_0/inst/gen_axilite.gen_b2s_conv.axilite_b2s/WR.aw_channel_0/s_awid_r_reg[9]/C
  -------------------------------------------------------------------    -------------------
    SLICE_X5Y60          FDRE (Prop_fdre_C_Q)         0.128     1.050 r  ps/system_i/axi_protocol_converter_0/inst/gen_axilite.gen_b2s_conv.axilite_b2s/WR.aw_channel_0/s_awid_r_reg[9]/Q
                         net (fo=1, routed)           0.059     1.109    ps/system_i/axi_protocol_converter_0/inst/gen_axilite.gen_b2s_conv.axilite_b2s/WR.b_channel_0/bid_fifo_0/in[13]
    SLICE_X4Y60          SRL16E                                       r  ps/system_i/axi_protocol_converter_0/inst/gen_axilite.gen_b2s_conv.axilite_b2s/WR.b_channel_0/bid_fifo_0/memory_reg[3][17]_srl4/D
  -------------------------------------------------------------------    -------------------

                         (clock clk_fpga_3 rise edge)
                                                      0.000     0.000 r  
    PS7_X0Y0             PS7                          0.000     0.000 r  ps/system_i/processing_system7/inst/PS7_i/FCLKCLK[3]
                         net (fo=1, routed)           0.341     0.341    ps/system_i/processing_system7/inst/FCLK_CLK_unbuffered[3]
    BUFGCTRL_X0Y1        BUFG (Prop_bufg_I_O)         0.029     0.370 r  ps/system_i/processing_system7/inst/buffer_fclk_clk_3.FCLK_CLK_3_BUFG/O
                         net (fo=769, routed)         0.850     1.220    ps/system_i/axi_protocol_converter_0/inst/gen_axilite.gen_b2s_conv.axilite_b2s/WR.b_channel_0/bid_fifo_0/aclk
    SLICE_X4Y60          SRL16E                                       r  ps/system_i/axi_protocol_converter_0/inst/gen_axilite.gen_b2s_conv.axilite_b2s/WR.b_channel_0/bid_fifo_0/memory_reg[3][17]_srl4/CLK
                         clock pessimism             -0.285     0.935    
    SLICE_X4Y60          SRL16E (Hold_srl16e_CLK_D)
                                                      0.056     0.991    ps/system_i/axi_protocol_converter_0/inst/gen_axilite.gen_b2s_conv.axilite_b2s/WR.b_channel_0/bid_fifo_0/memory_reg[3][17]_srl4
  -------------------------------------------------------------------
                         required time                         -0.991    
                         arrival time                           1.109    
  -------------------------------------------------------------------
                         slack                                  0.118    





Pulse Width Checks
--------------------------------------------------------------------------------------
Clock Name:         clk_fpga_3
Waveform(ns):       { 0.000 2.500 }
Period(ns):         5.000
Sources:            { ps/system_i/processing_system7/inst/PS7_i/FCLKCLK[3] }

Check Type        Corner  Lib Pin      Reference Pin  Required(ns)  Actual(ns)  Slack(ns)  Location       Pin
Min Period        n/a     XADC/DCLK    n/a            4.000         5.000       1.000      XADC_X0Y0      ps/system_i/xadc/inst/AXI_XADC_CORE_I/XADC_INST/DCLK
Min Period        n/a     BUFG/I       n/a            2.155         5.000       2.845      BUFGCTRL_X0Y1  ps/system_i/processing_system7/inst/buffer_fclk_clk_3.FCLK_CLK_3_BUFG/I
Min Period        n/a     FDSE/C       n/a            1.000         5.000       4.000      SLICE_X11Y63   ps/system_i/axi_protocol_converter_0/inst/gen_axilite.gen_b2s_conv.axilite_b2s/RD.ar_channel_0/ar_cmd_fsm_0/FSM_sequential_state_reg[0]/C
Min Period        n/a     FDRE/C       n/a            1.000         5.000       4.000      SLICE_X9Y63    ps/system_i/axi_protocol_converter_0/inst/gen_axilite.gen_b2s_conv.axilite_b2s/RD.ar_channel_0/ar_cmd_fsm_0/FSM_sequential_state_reg[1]/C
Min Period        n/a     FDRE/C       n/a            1.000         5.000       4.000      SLICE_X8Y73    ps/system_i/axi_protocol_converter_0/inst/gen_axilite.gen_b2s_conv.axilite_b2s/RD.ar_channel_0/cmd_translator_0/incr_cmd_0/axaddr_incr_reg[0]/C
Min Period        n/a     FDRE/C       n/a            1.000         5.000       4.000      SLICE_X8Y73    ps/system_i/axi_protocol_converter_0/inst/gen_axilite.gen_b2s_conv.axilite_b2s/RD.ar_channel_0/cmd_translator_0/incr_cmd_0/axaddr_incr_reg[10]/C
Min Period        n/a     FDRE/C       n/a            1.000         5.000       4.000      SLICE_X8Y73    ps/system_i/axi_protocol_converter_0/inst/gen_axilite.gen_b2s_conv.axilite_b2s/RD.ar_channel_0/cmd_translator_0/incr_cmd_0/axaddr_incr_reg[11]/C
Min Period        n/a     FDRE/C       n/a            1.000         5.000       4.000      SLICE_X9Y74    ps/system_i/axi_protocol_converter_0/inst/gen_axilite.gen_b2s_conv.axilite_b2s/RD.ar_channel_0/cmd_translator_0/incr_cmd_0/axaddr_incr_reg[1]/C
Min Period        n/a     FDRE/C       n/a            1.000         5.000       4.000      SLICE_X8Y73    ps/system_i/axi_protocol_converter_0/inst/gen_axilite.gen_b2s_conv.axilite_b2s/RD.ar_channel_0/cmd_translator_0/incr_cmd_0/axaddr_incr_reg[2]/C
Min Period        n/a     FDRE/C       n/a            1.000         5.000       4.000      SLICE_X9Y73    ps/system_i/axi_protocol_converter_0/inst/gen_axilite.gen_b2s_conv.axilite_b2s/RD.ar_channel_0/cmd_translator_0/incr_cmd_0/axaddr_incr_reg[3]/C
Low Pulse Width   Slow    SRLC32E/CLK  n/a            0.980         2.500       1.520      SLICE_X4Y51    ps/system_i/axi_protocol_converter_0/inst/gen_axilite.gen_b2s_conv.axilite_b2s/RD.r_channel_0/transaction_fifo_0/memory_reg[31][1]_srl32/CLK
Low Pulse Width   Slow    SRLC32E/CLK  n/a            0.980         2.500       1.520      SLICE_X4Y51    ps/system_i/axi_protocol_converter_0/inst/gen_axilite.gen_b2s_conv.axilite_b2s/RD.r_channel_0/transaction_fifo_0/memory_reg[31][3]_srl32/CLK
Low Pulse Width   Slow    SRLC32E/CLK  n/a            0.980         2.500       1.520      SLICE_X4Y51    ps/system_i/axi_protocol_converter_0/inst/gen_axilite.gen_b2s_conv.axilite_b2s/RD.r_channel_0/transaction_fifo_0/memory_reg[31][4]_srl32/CLK
Low Pulse Width   Slow    SRLC32E/CLK  n/a            0.980         2.500       1.520      SLICE_X4Y51    ps/system_i/axi_protocol_converter_0/inst/gen_axilite.gen_b2s_conv.axilite_b2s/RD.r_channel_0/transaction_fifo_0/memory_reg[31][8]_srl32/CLK
Low Pulse Width   Slow    SRLC32E/CLK  n/a            0.980         2.500       1.520      SLICE_X10Y59   ps/system_i/axi_protocol_converter_0/inst/gen_axilite.gen_b2s_conv.axilite_b2s/RD.r_channel_0/rd_data_fifo_0/memory_reg[31][0]_srl32/CLK
Low Pulse Width   Slow    SRLC32E/CLK  n/a            0.980         2.500       1.520      SLICE_X10Y54   ps/system_i/axi_protocol_converter_0/inst/gen_axilite.gen_b2s_conv.axilite_b2s/RD.r_channel_0/rd_data_fifo_0/memory_reg[31][10]_srl32/CLK
Low Pulse Width   Slow    SRLC32E/CLK  n/a            0.980         2.500       1.520      SLICE_X10Y57   ps/system_i/axi_protocol_converter_0/inst/gen_axilite.gen_b2s_conv.axilite_b2s/RD.r_channel_0/rd_data_fifo_0/memory_reg[31][11]_srl32/CLK
Low Pulse Width   Slow    SRLC32E/CLK  n/a            0.980         2.500       1.520      SLICE_X12Y54   ps/system_i/axi_protocol_converter_0/inst/gen_axilite.gen_b2s_conv.axilite_b2s/RD.r_channel_0/rd_data_fifo_0/memory_reg[31][12]_srl32/CLK
Low Pulse Width   Slow    SRLC32E/CLK  n/a            0.980         2.500       1.520      SLICE_X10Y54   ps/system_i/axi_protocol_converter_0/inst/gen_axilite.gen_b2s_conv.axilite_b2s/RD.r_channel_0/rd_data_fifo_0/memory_reg[31][13]_srl32/CLK
Low Pulse Width   Slow    SRLC32E/CLK  n/a            0.980         2.500       1.520      SLICE_X10Y56   ps/system_i/axi_protocol_converter_0/inst/gen_axilite.gen_b2s_conv.axilite_b2s/RD.r_channel_0/rd_data_fifo_0/memory_reg[31][14]_srl32/CLK
High Pulse Width  Fast    SRLC32E/CLK  n/a            0.980         2.500       1.520      SLICE_X10Y59   ps/system_i/axi_protocol_converter_0/inst/gen_axilite.gen_b2s_conv.axilite_b2s/RD.r_channel_0/rd_data_fifo_0/memory_reg[31][0]_srl32/CLK
High Pulse Width  Fast    SRLC32E/CLK  n/a            0.980         2.500       1.520      SLICE_X10Y54   ps/system_i/axi_protocol_converter_0/inst/gen_axilite.gen_b2s_conv.axilite_b2s/RD.r_channel_0/rd_data_fifo_0/memory_reg[31][10]_srl32/CLK
High Pulse Width  Fast    SRLC32E/CLK  n/a            0.980         2.500       1.520      SLICE_X10Y57   ps/system_i/axi_protocol_converter_0/inst/gen_axilite.gen_b2s_conv.axilite_b2s/RD.r_channel_0/rd_data_fifo_0/memory_reg[31][11]_srl32/CLK
High Pulse Width  Fast    SRLC32E/CLK  n/a            0.980         2.500       1.520      SLICE_X12Y54   ps/system_i/axi_protocol_converter_0/inst/gen_axilite.gen_b2s_conv.axilite_b2s/RD.r_channel_0/rd_data_fifo_0/memory_reg[31][12]_srl32/CLK
High Pulse Width  Fast    SRLC32E/CLK  n/a            0.980         2.500       1.520      SLICE_X10Y54   ps/system_i/axi_protocol_converter_0/inst/gen_axilite.gen_b2s_conv.axilite_b2s/RD.r_channel_0/rd_data_fifo_0/memory_reg[31][13]_srl32/CLK
High Pulse Width  Fast    SRLC32E/CLK  n/a            0.980         2.500       1.520      SLICE_X10Y56   ps/system_i/axi_protocol_converter_0/inst/gen_axilite.gen_b2s_conv.axilite_b2s/RD.r_channel_0/rd_data_fifo_0/memory_reg[31][14]_srl32/CLK
High Pulse Width  Fast    SRLC32E/CLK  n/a            0.980         2.500       1.520      SLICE_X10Y57   ps/system_i/axi_protocol_converter_0/inst/gen_axilite.gen_b2s_conv.axilite_b2s/RD.r_channel_0/rd_data_fifo_0/memory_reg[31][15]_srl32/CLK
High Pulse Width  Fast    SRLC32E/CLK  n/a            0.980         2.500       1.520      SLICE_X10Y57   ps/system_i/axi_protocol_converter_0/inst/gen_axilite.gen_b2s_conv.axilite_b2s/RD.r_channel_0/rd_data_fifo_0/memory_reg[31][16]_srl32/CLK
High Pulse Width  Fast    SRLC32E/CLK  n/a            0.980         2.500       1.520      SLICE_X12Y54   ps/system_i/axi_protocol_converter_0/inst/gen_axilite.gen_b2s_conv.axilite_b2s/RD.r_channel_0/rd_data_fifo_0/memory_reg[31][17]_srl32/CLK
High Pulse Width  Fast    SRLC32E/CLK  n/a            0.980         2.500       1.520      SLICE_X12Y54   ps/system_i/axi_protocol_converter_0/inst/gen_axilite.gen_b2s_conv.axilite_b2s/RD.r_channel_0/rd_data_fifo_0/memory_reg[31][1]_srl32/CLK



---------------------------------------------------------------------------------------------------
From Clock:  adc_clk
  To Clock:  pll_adc_clk

Setup :            0  Failing Endpoints,  Worst Slack        5.939ns,  Total Violation        0.000ns
Hold  :           28  Failing Endpoints,  Worst Slack       -2.162ns,  Total Violation      -58.825ns
---------------------------------------------------------------------------------------------------


Max Delay Paths
--------------------------------------------------------------------------------------
Slack (MET) :             5.939ns  (required time - arrival time)
  Source:                 adc_dat_i[0][7]
                            (input port clocked by adc_clk  {rise@0.000ns fall@4.000ns period=8.000ns})
  Destination:            adc_dat_raw_reg[0][5]/D
                            (rising edge-triggered cell FDRE clocked by pll_adc_clk  {rise@0.000ns fall@4.000ns period=8.000ns})
  Path Group:             pll_adc_clk
  Path Type:              Setup (Max at Fast Process Corner)
  Requirement:            8.000ns  (pll_adc_clk rise@8.000ns - adc_clk rise@0.000ns)
  Data Path Delay:        0.488ns  (logic 0.488ns (100.000%)  route 0.000ns (0.000%))
  Logic Levels:           1  (IBUF=1)
  Input Delay:            3.400ns
  Clock Path Skew:        1.995ns (DCD - SCD + CPR)
    Destination Clock Delay (DCD):    1.995ns = ( 9.995 - 8.000 ) 
    Source Clock Delay      (SCD):    0.000ns
    Clock Pessimism Removal (CPR):    0.000ns
  Clock Uncertainty:      0.166ns  ((TSJ^2 + DJ^2)^1/2) / 2 + PE
    Total System Jitter     (TSJ):    0.071ns
    Discrete Jitter          (DJ):    0.118ns
    Phase Error              (PE):    0.097ns

    Location             Delay type                Incr(ns)  Path(ns)    Netlist Resource(s)
  -------------------------------------------------------------------    -------------------
                         (clock adc_clk rise edge)    0.000     0.000 r  
                         input delay                  3.400     3.400    
    Y14                                               0.000     3.400 r  adc_dat_i[0][7] (IN)
                         net (fo=0)                   0.000     3.400    adc_dat_i[0][7]
    Y14                  IBUF (Prop_ibuf_I_O)         0.488     3.888 r  adc_dat_raw_reg[0][5]_i_1/O
                         net (fo=1, routed)           0.000     3.888    adc_dat_raw_reg[0][5]_i_1_n_0
    ILOGIC_X0Y33         FDRE                                         r  adc_dat_raw_reg[0][5]/D
  -------------------------------------------------------------------    -------------------

                         (clock pll_adc_clk rise edge)
                                                      8.000     8.000 r  
    U18                                               0.000     8.000 r  adc_clk_i[1] (IN)
                         net (fo=0)                   0.000     8.000    adc_clk_i[1]
    U18                  IBUFDS (Prop_ibufds_I_O)     0.401     8.401 r  i_clk/O
                         net (fo=1, routed)           0.440     8.842    pll/adc_clk_in
    PLLE2_ADV_X0Y0       PLLE2_ADV (Prop_plle2_adv_CLKIN1_CLKOUT0)
                                                      0.051     8.893 r  pll/pll/CLKOUT0
                         net (fo=1, routed)           0.497     9.390    pll_adc_clk
    BUFGCTRL_X0Y0        BUFG (Prop_bufg_I_O)         0.026     9.416 r  bufg_adc_clk/O
                         net (fo=3948, routed)        0.580     9.995    adc_clk
    ILOGIC_X0Y33         FDRE                                         r  adc_dat_raw_reg[0][5]/C
                         clock pessimism              0.000     9.995    
                         clock uncertainty           -0.166     9.829    
    ILOGIC_X0Y33         FDRE (Setup_fdre_C_D)       -0.002     9.827    adc_dat_raw_reg[0][5]
  -------------------------------------------------------------------
                         required time                          9.827    
                         arrival time                          -3.888    
  -------------------------------------------------------------------
                         slack                                  5.939    

Slack (MET) :             5.942ns  (required time - arrival time)
  Source:                 adc_dat_i[0][6]
                            (input port clocked by adc_clk  {rise@0.000ns fall@4.000ns period=8.000ns})
  Destination:            adc_dat_raw_reg[0][4]/D
                            (rising edge-triggered cell FDRE clocked by pll_adc_clk  {rise@0.000ns fall@4.000ns period=8.000ns})
  Path Group:             pll_adc_clk
  Path Type:              Setup (Max at Fast Process Corner)
  Requirement:            8.000ns  (pll_adc_clk rise@8.000ns - adc_clk rise@0.000ns)
  Data Path Delay:        0.486ns  (logic 0.486ns (100.000%)  route 0.000ns (0.000%))
  Logic Levels:           1  (IBUF=1)
  Input Delay:            3.400ns
  Clock Path Skew:        1.995ns (DCD - SCD + CPR)
    Destination Clock Delay (DCD):    1.995ns = ( 9.995 - 8.000 ) 
    Source Clock Delay      (SCD):    0.000ns
    Clock Pessimism Removal (CPR):    0.000ns
  Clock Uncertainty:      0.166ns  ((TSJ^2 + DJ^2)^1/2) / 2 + PE
    Total System Jitter     (TSJ):    0.071ns
    Discrete Jitter          (DJ):    0.118ns
    Phase Error              (PE):    0.097ns

    Location             Delay type                Incr(ns)  Path(ns)    Netlist Resource(s)
  -------------------------------------------------------------------    -------------------
                         (clock adc_clk rise edge)    0.000     0.000 r  
                         input delay                  3.400     3.400    
    W14                                               0.000     3.400 r  adc_dat_i[0][6] (IN)
                         net (fo=0)                   0.000     3.400    adc_dat_i[0][6]
    W14                  IBUF (Prop_ibuf_I_O)         0.486     3.886 r  adc_dat_raw_reg[0][4]_i_1/O
                         net (fo=1, routed)           0.000     3.886    adc_dat_raw_reg[0][4]_i_1_n_0
    ILOGIC_X0Y34         FDRE                                         r  adc_dat_raw_reg[0][4]/D
  -------------------------------------------------------------------    -------------------

                         (clock pll_adc_clk rise edge)
                                                      8.000     8.000 r  
    U18                                               0.000     8.000 r  adc_clk_i[1] (IN)
                         net (fo=0)                   0.000     8.000    adc_clk_i[1]
    U18                  IBUFDS (Prop_ibufds_I_O)     0.401     8.401 r  i_clk/O
                         net (fo=1, routed)           0.440     8.842    pll/adc_clk_in
    PLLE2_ADV_X0Y0       PLLE2_ADV (Prop_plle2_adv_CLKIN1_CLKOUT0)
                                                      0.051     8.893 r  pll/pll/CLKOUT0
                         net (fo=1, routed)           0.497     9.390    pll_adc_clk
    BUFGCTRL_X0Y0        BUFG (Prop_bufg_I_O)         0.026     9.416 r  bufg_adc_clk/O
                         net (fo=3948, routed)        0.580     9.995    adc_clk
    ILOGIC_X0Y34         FDRE                                         r  adc_dat_raw_reg[0][4]/C
                         clock pessimism              0.000     9.995    
                         clock uncertainty           -0.166     9.829    
    ILOGIC_X0Y34         FDRE (Setup_fdre_C_D)       -0.002     9.827    adc_dat_raw_reg[0][4]
  -------------------------------------------------------------------
                         required time                          9.827    
                         arrival time                          -3.886    
  -------------------------------------------------------------------
                         slack                                  5.942    

Slack (MET) :             5.952ns  (required time - arrival time)
  Source:                 adc_dat_i[0][13]
                            (input port clocked by adc_clk  {rise@0.000ns fall@4.000ns period=8.000ns})
  Destination:            adc_dat_raw_reg[0][11]/D
                            (rising edge-triggered cell FDRE clocked by pll_adc_clk  {rise@0.000ns fall@4.000ns period=8.000ns})
  Path Group:             pll_adc_clk
  Path Type:              Setup (Max at Fast Process Corner)
  Requirement:            8.000ns  (pll_adc_clk rise@8.000ns - adc_clk rise@0.000ns)
  Data Path Delay:        0.472ns  (logic 0.472ns (100.000%)  route 0.000ns (0.000%))
  Logic Levels:           1  (IBUF=1)
  Input Delay:            3.400ns
  Clock Path Skew:        1.991ns (DCD - SCD + CPR)
    Destination Clock Delay (DCD):    1.991ns = ( 9.991 - 8.000 ) 
    Source Clock Delay      (SCD):    0.000ns
    Clock Pessimism Removal (CPR):    0.000ns
  Clock Uncertainty:      0.166ns  ((TSJ^2 + DJ^2)^1/2) / 2 + PE
    Total System Jitter     (TSJ):    0.071ns
    Discrete Jitter          (DJ):    0.118ns
    Phase Error              (PE):    0.097ns

    Location             Delay type                Incr(ns)  Path(ns)    Netlist Resource(s)
  -------------------------------------------------------------------    -------------------
                         (clock adc_clk rise edge)    0.000     0.000 r  
                         input delay                  3.400     3.400    
    V15                                               0.000     3.400 r  adc_dat_i[0][13] (IN)
                         net (fo=0)                   0.000     3.400    adc_dat_i[0][13]
    V15                  IBUF (Prop_ibuf_I_O)         0.472     3.872 r  adc_dat_raw_reg[0][11]_i_1/O
                         net (fo=1, routed)           0.000     3.872    adc_dat_raw_reg[0][11]_i_1_n_0
    ILOGIC_X0Y30         FDRE                                         r  adc_dat_raw_reg[0][11]/D
  -------------------------------------------------------------------    -------------------

                         (clock pll_adc_clk rise edge)
                                                      8.000     8.000 r  
    U18                                               0.000     8.000 r  adc_clk_i[1] (IN)
                         net (fo=0)                   0.000     8.000    adc_clk_i[1]
    U18                  IBUFDS (Prop_ibufds_I_O)     0.401     8.401 r  i_clk/O
                         net (fo=1, routed)           0.440     8.842    pll/adc_clk_in
    PLLE2_ADV_X0Y0       PLLE2_ADV (Prop_plle2_adv_CLKIN1_CLKOUT0)
                                                      0.051     8.893 r  pll/pll/CLKOUT0
                         net (fo=1, routed)           0.497     9.390    pll_adc_clk
    BUFGCTRL_X0Y0        BUFG (Prop_bufg_I_O)         0.026     9.416 r  bufg_adc_clk/O
                         net (fo=3948, routed)        0.576     9.991    adc_clk
    ILOGIC_X0Y30         FDRE                                         r  adc_dat_raw_reg[0][11]/C
                         clock pessimism              0.000     9.991    
                         clock uncertainty           -0.166     9.825    
    ILOGIC_X0Y30         FDRE (Setup_fdre_C_D)       -0.002     9.823    adc_dat_raw_reg[0][11]
  -------------------------------------------------------------------
                         required time                          9.823    
                         arrival time                          -3.872    
  -------------------------------------------------------------------
                         slack                                  5.952    

Slack (MET) :             5.958ns  (required time - arrival time)
  Source:                 adc_dat_i[0][4]
                            (input port clocked by adc_clk  {rise@0.000ns fall@4.000ns period=8.000ns})
  Destination:            adc_dat_raw_reg[0][2]/D
                            (rising edge-triggered cell FDRE clocked by pll_adc_clk  {rise@0.000ns fall@4.000ns period=8.000ns})
  Path Group:             pll_adc_clk
  Path Type:              Setup (Max at Fast Process Corner)
  Requirement:            8.000ns  (pll_adc_clk rise@8.000ns - adc_clk rise@0.000ns)
  Data Path Delay:        0.470ns  (logic 0.470ns (100.000%)  route 0.000ns (0.000%))
  Logic Levels:           1  (IBUF=1)
  Input Delay:            3.400ns
  Clock Path Skew:        1.995ns (DCD - SCD + CPR)
    Destination Clock Delay (DCD):    1.995ns = ( 9.995 - 8.000 ) 
    Source Clock Delay      (SCD):    0.000ns
    Clock Pessimism Removal (CPR):    0.000ns
  Clock Uncertainty:      0.166ns  ((TSJ^2 + DJ^2)^1/2) / 2 + PE
    Total System Jitter     (TSJ):    0.071ns
    Discrete Jitter          (DJ):    0.118ns
    Phase Error              (PE):    0.097ns

    Location             Delay type                Incr(ns)  Path(ns)    Netlist Resource(s)
  -------------------------------------------------------------------    -------------------
                         (clock adc_clk rise edge)    0.000     0.000 r  
                         input delay                  3.400     3.400    
    Y16                                               0.000     3.400 r  adc_dat_i[0][4] (IN)
                         net (fo=0)                   0.000     3.400    adc_dat_i[0][4]
    Y16                  IBUF (Prop_ibuf_I_O)         0.470     3.870 r  adc_dat_raw_reg[0][2]_i_1/O
                         net (fo=1, routed)           0.000     3.870    adc_dat_raw_reg[0][2]_i_1_n_0
    ILOGIC_X0Y36         FDRE                                         r  adc_dat_raw_reg[0][2]/D
  -------------------------------------------------------------------    -------------------

                         (clock pll_adc_clk rise edge)
                                                      8.000     8.000 r  
    U18                                               0.000     8.000 r  adc_clk_i[1] (IN)
                         net (fo=0)                   0.000     8.000    adc_clk_i[1]
    U18                  IBUFDS (Prop_ibufds_I_O)     0.401     8.401 r  i_clk/O
                         net (fo=1, routed)           0.440     8.842    pll/adc_clk_in
    PLLE2_ADV_X0Y0       PLLE2_ADV (Prop_plle2_adv_CLKIN1_CLKOUT0)
                                                      0.051     8.893 r  pll/pll/CLKOUT0
                         net (fo=1, routed)           0.497     9.390    pll_adc_clk
    BUFGCTRL_X0Y0        BUFG (Prop_bufg_I_O)         0.026     9.416 r  bufg_adc_clk/O
                         net (fo=3948, routed)        0.580     9.995    adc_clk
    ILOGIC_X0Y36         FDRE                                         r  adc_dat_raw_reg[0][2]/C
                         clock pessimism              0.000     9.995    
                         clock uncertainty           -0.166     9.829    
    ILOGIC_X0Y36         FDRE (Setup_fdre_C_D)       -0.002     9.827    adc_dat_raw_reg[0][2]
  -------------------------------------------------------------------
                         required time                          9.827    
                         arrival time                          -3.870    
  -------------------------------------------------------------------
                         slack                                  5.958    

Slack (MET) :             5.958ns  (required time - arrival time)
  Source:                 adc_dat_i[0][5]
                            (input port clocked by adc_clk  {rise@0.000ns fall@4.000ns period=8.000ns})
  Destination:            adc_dat_raw_reg[0][3]/D
                            (rising edge-triggered cell FDRE clocked by pll_adc_clk  {rise@0.000ns fall@4.000ns period=8.000ns})
  Path Group:             pll_adc_clk
  Path Type:              Setup (Max at Fast Process Corner)
  Requirement:            8.000ns  (pll_adc_clk rise@8.000ns - adc_clk rise@0.000ns)
  Data Path Delay:        0.465ns  (logic 0.465ns (100.000%)  route 0.000ns (0.000%))
  Logic Levels:           1  (IBUF=1)
  Input Delay:            3.400ns
  Clock Path Skew:        1.991ns (DCD - SCD + CPR)
    Destination Clock Delay (DCD):    1.991ns = ( 9.991 - 8.000 ) 
    Source Clock Delay      (SCD):    0.000ns
    Clock Pessimism Removal (CPR):    0.000ns
  Clock Uncertainty:      0.166ns  ((TSJ^2 + DJ^2)^1/2) / 2 + PE
    Total System Jitter     (TSJ):    0.071ns
    Discrete Jitter          (DJ):    0.118ns
    Phase Error              (PE):    0.097ns

    Location             Delay type                Incr(ns)  Path(ns)    Netlist Resource(s)
  -------------------------------------------------------------------    -------------------
                         (clock adc_clk rise edge)    0.000     0.000 r  
                         input delay                  3.400     3.400    
    W15                                               0.000     3.400 r  adc_dat_i[0][5] (IN)
                         net (fo=0)                   0.000     3.400    adc_dat_i[0][5]
    W15                  IBUF (Prop_ibuf_I_O)         0.465     3.865 r  adc_dat_raw_reg[0][3]_i_1/O
                         net (fo=1, routed)           0.000     3.865    adc_dat_raw_reg[0][3]_i_1_n_0
    ILOGIC_X0Y29         FDRE                                         r  adc_dat_raw_reg[0][3]/D
  -------------------------------------------------------------------    -------------------

                         (clock pll_adc_clk rise edge)
                                                      8.000     8.000 r  
    U18                                               0.000     8.000 r  adc_clk_i[1] (IN)
                         net (fo=0)                   0.000     8.000    adc_clk_i[1]
    U18                  IBUFDS (Prop_ibufds_I_O)     0.401     8.401 r  i_clk/O
                         net (fo=1, routed)           0.440     8.842    pll/adc_clk_in
    PLLE2_ADV_X0Y0       PLLE2_ADV (Prop_plle2_adv_CLKIN1_CLKOUT0)
                                                      0.051     8.893 r  pll/pll/CLKOUT0
                         net (fo=1, routed)           0.497     9.390    pll_adc_clk
    BUFGCTRL_X0Y0        BUFG (Prop_bufg_I_O)         0.026     9.416 r  bufg_adc_clk/O
                         net (fo=3948, routed)        0.576     9.991    adc_clk
    ILOGIC_X0Y29         FDRE                                         r  adc_dat_raw_reg[0][3]/C
                         clock pessimism              0.000     9.991    
                         clock uncertainty           -0.166     9.825    
    ILOGIC_X0Y29         FDRE (Setup_fdre_C_D)       -0.002     9.823    adc_dat_raw_reg[0][3]
  -------------------------------------------------------------------
                         required time                          9.823    
                         arrival time                          -3.865    
  -------------------------------------------------------------------
                         slack                                  5.958    

Slack (MET) :             5.964ns  (required time - arrival time)
  Source:                 adc_dat_i[0][2]
                            (input port clocked by adc_clk  {rise@0.000ns fall@4.000ns period=8.000ns})
  Destination:            adc_dat_raw_reg[0][0]/D
                            (rising edge-triggered cell FDRE clocked by pll_adc_clk  {rise@0.000ns fall@4.000ns period=8.000ns})
  Path Group:             pll_adc_clk
  Path Type:              Setup (Max at Fast Process Corner)
  Requirement:            8.000ns  (pll_adc_clk rise@8.000ns - adc_clk rise@0.000ns)
  Data Path Delay:        0.463ns  (logic 0.463ns (100.000%)  route 0.000ns (0.000%))
  Logic Levels:           1  (IBUF=1)
  Input Delay:            3.400ns
  Clock Path Skew:        1.995ns (DCD - SCD + CPR)
    Destination Clock Delay (DCD):    1.995ns = ( 9.995 - 8.000 ) 
    Source Clock Delay      (SCD):    0.000ns
    Clock Pessimism Removal (CPR):    0.000ns
  Clock Uncertainty:      0.166ns  ((TSJ^2 + DJ^2)^1/2) / 2 + PE
    Total System Jitter     (TSJ):    0.071ns
    Discrete Jitter          (DJ):    0.118ns
    Phase Error              (PE):    0.097ns

    Location             Delay type                Incr(ns)  Path(ns)    Netlist Resource(s)
  -------------------------------------------------------------------    -------------------
                         (clock adc_clk rise edge)    0.000     0.000 r  
                         input delay                  3.400     3.400    
    Y17                                               0.000     3.400 r  adc_dat_i[0][2] (IN)
                         net (fo=0)                   0.000     3.400    adc_dat_i[0][2]
    Y17                  IBUF (Prop_ibuf_I_O)         0.463     3.863 r  adc_dat_raw_reg[0][0]_i_1/O
                         net (fo=1, routed)           0.000     3.863    adc_dat_raw_reg[0][0]_i_1_n_0
    ILOGIC_X0Y35         FDRE                                         r  adc_dat_raw_reg[0][0]/D
  -------------------------------------------------------------------    -------------------

                         (clock pll_adc_clk rise edge)
                                                      8.000     8.000 r  
    U18                                               0.000     8.000 r  adc_clk_i[1] (IN)
                         net (fo=0)                   0.000     8.000    adc_clk_i[1]
    U18                  IBUFDS (Prop_ibufds_I_O)     0.401     8.401 r  i_clk/O
                         net (fo=1, routed)           0.440     8.842    pll/adc_clk_in
    PLLE2_ADV_X0Y0       PLLE2_ADV (Prop_plle2_adv_CLKIN1_CLKOUT0)
                                                      0.051     8.893 r  pll/pll/CLKOUT0
                         net (fo=1, routed)           0.497     9.390    pll_adc_clk
    BUFGCTRL_X0Y0        BUFG (Prop_bufg_I_O)         0.026     9.416 r  bufg_adc_clk/O
                         net (fo=3948, routed)        0.580     9.995    adc_clk
    ILOGIC_X0Y35         FDRE                                         r  adc_dat_raw_reg[0][0]/C
                         clock pessimism              0.000     9.995    
                         clock uncertainty           -0.166     9.829    
    ILOGIC_X0Y35         FDRE (Setup_fdre_C_D)       -0.002     9.827    adc_dat_raw_reg[0][0]
  -------------------------------------------------------------------
                         required time                          9.827    
                         arrival time                          -3.863    
  -------------------------------------------------------------------
                         slack                                  5.964    

Slack (MET) :             5.987ns  (required time - arrival time)
  Source:                 adc_dat_i[0][8]
                            (input port clocked by adc_clk  {rise@0.000ns fall@4.000ns period=8.000ns})
  Destination:            adc_dat_raw_reg[0][6]/D
                            (rising edge-triggered cell FDRE clocked by pll_adc_clk  {rise@0.000ns fall@4.000ns period=8.000ns})
  Path Group:             pll_adc_clk
  Path Type:              Setup (Max at Fast Process Corner)
  Requirement:            8.000ns  (pll_adc_clk rise@8.000ns - adc_clk rise@0.000ns)
  Data Path Delay:        0.442ns  (logic 0.442ns (100.000%)  route 0.000ns (0.000%))
  Logic Levels:           1  (IBUF=1)
  Input Delay:            3.400ns
  Clock Path Skew:        1.997ns (DCD - SCD + CPR)
    Destination Clock Delay (DCD):    1.997ns = ( 9.997 - 8.000 ) 
    Source Clock Delay      (SCD):    0.000ns
    Clock Pessimism Removal (CPR):    0.000ns
  Clock Uncertainty:      0.166ns  ((TSJ^2 + DJ^2)^1/2) / 2 + PE
    Total System Jitter     (TSJ):    0.071ns
    Discrete Jitter          (DJ):    0.118ns
    Phase Error              (PE):    0.097ns

    Location             Delay type                Incr(ns)  Path(ns)    Netlist Resource(s)
  -------------------------------------------------------------------    -------------------
                         (clock adc_clk rise edge)    0.000     0.000 r  
                         input delay                  3.400     3.400    
    W13                                               0.000     3.400 r  adc_dat_i[0][8] (IN)
                         net (fo=0)                   0.000     3.400    adc_dat_i[0][8]
    W13                  IBUF (Prop_ibuf_I_O)         0.442     3.842 r  adc_dat_raw_reg[0][6]_i_1/O
                         net (fo=1, routed)           0.000     3.842    adc_dat_raw_reg[0][6]_i_1_n_0
    ILOGIC_X0Y41         FDRE                                         r  adc_dat_raw_reg[0][6]/D
  -------------------------------------------------------------------    -------------------

                         (clock pll_adc_clk rise edge)
                                                      8.000     8.000 r  
    U18                                               0.000     8.000 r  adc_clk_i[1] (IN)
                         net (fo=0)                   0.000     8.000    adc_clk_i[1]
    U18                  IBUFDS (Prop_ibufds_I_O)     0.401     8.401 r  i_clk/O
                         net (fo=1, routed)           0.440     8.842    pll/adc_clk_in
    PLLE2_ADV_X0Y0       PLLE2_ADV (Prop_plle2_adv_CLKIN1_CLKOUT0)
                                                      0.051     8.893 r  pll/pll/CLKOUT0
                         net (fo=1, routed)           0.497     9.390    pll_adc_clk
    BUFGCTRL_X0Y0        BUFG (Prop_bufg_I_O)         0.026     9.416 r  bufg_adc_clk/O
                         net (fo=3948, routed)        0.582     9.997    adc_clk
    ILOGIC_X0Y41         FDRE                                         r  adc_dat_raw_reg[0][6]/C
                         clock pessimism              0.000     9.997    
                         clock uncertainty           -0.166     9.831    
    ILOGIC_X0Y41         FDRE (Setup_fdre_C_D)       -0.002     9.829    adc_dat_raw_reg[0][6]
  -------------------------------------------------------------------
                         required time                          9.829    
                         arrival time                          -3.842    
  -------------------------------------------------------------------
                         slack                                  5.987    

Slack (MET) :             5.994ns  (required time - arrival time)
  Source:                 adc_dat_i[0][9]
                            (input port clocked by adc_clk  {rise@0.000ns fall@4.000ns period=8.000ns})
  Destination:            adc_dat_raw_reg[0][7]/D
                            (rising edge-triggered cell FDRE clocked by pll_adc_clk  {rise@0.000ns fall@4.000ns period=8.000ns})
  Path Group:             pll_adc_clk
  Path Type:              Setup (Max at Fast Process Corner)
  Requirement:            8.000ns  (pll_adc_clk rise@8.000ns - adc_clk rise@0.000ns)
  Data Path Delay:        0.435ns  (logic 0.435ns (100.000%)  route 0.000ns (0.000%))
  Logic Levels:           1  (IBUF=1)
  Input Delay:            3.400ns
  Clock Path Skew:        1.997ns (DCD - SCD + CPR)
    Destination Clock Delay (DCD):    1.997ns = ( 9.997 - 8.000 ) 
    Source Clock Delay      (SCD):    0.000ns
    Clock Pessimism Removal (CPR):    0.000ns
  Clock Uncertainty:      0.166ns  ((TSJ^2 + DJ^2)^1/2) / 2 + PE
    Total System Jitter     (TSJ):    0.071ns
    Discrete Jitter          (DJ):    0.118ns
    Phase Error              (PE):    0.097ns

    Location             Delay type                Incr(ns)  Path(ns)    Netlist Resource(s)
  -------------------------------------------------------------------    -------------------
                         (clock adc_clk rise edge)    0.000     0.000 r  
                         input delay                  3.400     3.400    
    V12                                               0.000     3.400 r  adc_dat_i[0][9] (IN)
                         net (fo=0)                   0.000     3.400    adc_dat_i[0][9]
    V12                  IBUF (Prop_ibuf_I_O)         0.435     3.835 r  adc_dat_raw_reg[0][7]_i_1/O
                         net (fo=1, routed)           0.000     3.835    adc_dat_raw_reg[0][7]_i_1_n_0
    ILOGIC_X0Y42         FDRE                                         r  adc_dat_raw_reg[0][7]/D
  -------------------------------------------------------------------    -------------------

                         (clock pll_adc_clk rise edge)
                                                      8.000     8.000 r  
    U18                                               0.000     8.000 r  adc_clk_i[1] (IN)
                         net (fo=0)                   0.000     8.000    adc_clk_i[1]
    U18                  IBUFDS (Prop_ibufds_I_O)     0.401     8.401 r  i_clk/O
                         net (fo=1, routed)           0.440     8.842    pll/adc_clk_in
    PLLE2_ADV_X0Y0       PLLE2_ADV (Prop_plle2_adv_CLKIN1_CLKOUT0)
                                                      0.051     8.893 r  pll/pll/CLKOUT0
                         net (fo=1, routed)           0.497     9.390    pll_adc_clk
    BUFGCTRL_X0Y0        BUFG (Prop_bufg_I_O)         0.026     9.416 r  bufg_adc_clk/O
                         net (fo=3948, routed)        0.582     9.997    adc_clk
    ILOGIC_X0Y42         FDRE                                         r  adc_dat_raw_reg[0][7]/C
                         clock pessimism              0.000     9.997    
                         clock uncertainty           -0.166     9.831    
    ILOGIC_X0Y42         FDRE (Setup_fdre_C_D)       -0.002     9.829    adc_dat_raw_reg[0][7]
  -------------------------------------------------------------------
                         required time                          9.829    
                         arrival time                          -3.835    
  -------------------------------------------------------------------
                         slack                                  5.994    

Slack (MET) :             5.994ns  (required time - arrival time)
  Source:                 adc_dat_i[0][14]
                            (input port clocked by adc_clk  {rise@0.000ns fall@4.000ns period=8.000ns})
  Destination:            adc_dat_raw_reg[0][12]/D
                            (rising edge-triggered cell FDRE clocked by pll_adc_clk  {rise@0.000ns fall@4.000ns period=8.000ns})
  Path Group:             pll_adc_clk
  Path Type:              Setup (Max at Fast Process Corner)
  Requirement:            8.000ns  (pll_adc_clk rise@8.000ns - adc_clk rise@0.000ns)
  Data Path Delay:        0.431ns  (logic 0.431ns (100.000%)  route 0.000ns (0.000%))
  Logic Levels:           1  (IBUF=1)
  Input Delay:            3.400ns
  Clock Path Skew:        1.993ns (DCD - SCD + CPR)
    Destination Clock Delay (DCD):    1.993ns = ( 9.993 - 8.000 ) 
    Source Clock Delay      (SCD):    0.000ns
    Clock Pessimism Removal (CPR):    0.000ns
  Clock Uncertainty:      0.166ns  ((TSJ^2 + DJ^2)^1/2) / 2 + PE
    Total System Jitter     (TSJ):    0.071ns
    Discrete Jitter          (DJ):    0.118ns
    Phase Error              (PE):    0.097ns

    Location             Delay type                Incr(ns)  Path(ns)    Netlist Resource(s)
  -------------------------------------------------------------------    -------------------
                         (clock adc_clk rise edge)    0.000     0.000 r  
                         input delay                  3.400     3.400    
    T16                                               0.000     3.400 r  adc_dat_i[0][14] (IN)
                         net (fo=0)                   0.000     3.400    adc_dat_i[0][14]
    T16                  IBUF (Prop_ibuf_I_O)         0.431     3.831 r  adc_dat_raw_reg[0][12]_i_1/O
                         net (fo=1, routed)           0.000     3.831    adc_dat_raw_reg[0][12]_i_1_n_0
    ILOGIC_X0Y32         FDRE                                         r  adc_dat_raw_reg[0][12]/D
  -------------------------------------------------------------------    -------------------

                         (clock pll_adc_clk rise edge)
                                                      8.000     8.000 r  
    U18                                               0.000     8.000 r  adc_clk_i[1] (IN)
                         net (fo=0)                   0.000     8.000    adc_clk_i[1]
    U18                  IBUFDS (Prop_ibufds_I_O)     0.401     8.401 r  i_clk/O
                         net (fo=1, routed)           0.440     8.842    pll/adc_clk_in
    PLLE2_ADV_X0Y0       PLLE2_ADV (Prop_plle2_adv_CLKIN1_CLKOUT0)
                                                      0.051     8.893 r  pll/pll/CLKOUT0
                         net (fo=1, routed)           0.497     9.390    pll_adc_clk
    BUFGCTRL_X0Y0        BUFG (Prop_bufg_I_O)         0.026     9.416 r  bufg_adc_clk/O
                         net (fo=3948, routed)        0.578     9.993    adc_clk
    ILOGIC_X0Y32         FDRE                                         r  adc_dat_raw_reg[0][12]/C
                         clock pessimism              0.000     9.993    
                         clock uncertainty           -0.166     9.827    
    ILOGIC_X0Y32         FDRE (Setup_fdre_C_D)       -0.002     9.825    adc_dat_raw_reg[0][12]
  -------------------------------------------------------------------
                         required time                          9.825    
                         arrival time                          -3.831    
  -------------------------------------------------------------------
                         slack                                  5.994    

Slack (MET) :             6.008ns  (required time - arrival time)
  Source:                 adc_dat_i[0][10]
                            (input port clocked by adc_clk  {rise@0.000ns fall@4.000ns period=8.000ns})
  Destination:            adc_dat_raw_reg[0][8]/D
                            (rising edge-triggered cell FDRE clocked by pll_adc_clk  {rise@0.000ns fall@4.000ns period=8.000ns})
  Path Group:             pll_adc_clk
  Path Type:              Setup (Max at Fast Process Corner)
  Requirement:            8.000ns  (pll_adc_clk rise@8.000ns - adc_clk rise@0.000ns)
  Data Path Delay:        0.422ns  (logic 0.422ns (100.000%)  route 0.000ns (0.000%))
  Logic Levels:           1  (IBUF=1)
  Input Delay:            3.400ns
  Clock Path Skew:        1.997ns (DCD - SCD + CPR)
    Destination Clock Delay (DCD):    1.997ns = ( 9.997 - 8.000 ) 
    Source Clock Delay      (SCD):    0.000ns
    Clock Pessimism Removal (CPR):    0.000ns
  Clock Uncertainty:      0.166ns  ((TSJ^2 + DJ^2)^1/2) / 2 + PE
    Total System Jitter     (TSJ):    0.071ns
    Discrete Jitter          (DJ):    0.118ns
    Phase Error              (PE):    0.097ns

    Location             Delay type                Incr(ns)  Path(ns)    Netlist Resource(s)
  -------------------------------------------------------------------    -------------------
                         (clock adc_clk rise edge)    0.000     0.000 r  
                         input delay                  3.400     3.400    
    V13                                               0.000     3.400 r  adc_dat_i[0][10] (IN)
                         net (fo=0)                   0.000     3.400    adc_dat_i[0][10]
    V13                  IBUF (Prop_ibuf_I_O)         0.422     3.822 r  adc_dat_raw_reg[0][8]_i_1/O
                         net (fo=1, routed)           0.000     3.822    adc_dat_raw_reg[0][8]_i_1_n_0
    ILOGIC_X0Y43         FDRE                                         r  adc_dat_raw_reg[0][8]/D
  -------------------------------------------------------------------    -------------------

                         (clock pll_adc_clk rise edge)
                                                      8.000     8.000 r  
    U18                                               0.000     8.000 r  adc_clk_i[1] (IN)
                         net (fo=0)                   0.000     8.000    adc_clk_i[1]
    U18                  IBUFDS (Prop_ibufds_I_O)     0.401     8.401 r  i_clk/O
                         net (fo=1, routed)           0.440     8.842    pll/adc_clk_in
    PLLE2_ADV_X0Y0       PLLE2_ADV (Prop_plle2_adv_CLKIN1_CLKOUT0)
                                                      0.051     8.893 r  pll/pll/CLKOUT0
                         net (fo=1, routed)           0.497     9.390    pll_adc_clk
    BUFGCTRL_X0Y0        BUFG (Prop_bufg_I_O)         0.026     9.416 r  bufg_adc_clk/O
                         net (fo=3948, routed)        0.582     9.997    adc_clk
    ILOGIC_X0Y43         FDRE                                         r  adc_dat_raw_reg[0][8]/C
                         clock pessimism              0.000     9.997    
                         clock uncertainty           -0.166     9.831    
    ILOGIC_X0Y43         FDRE (Setup_fdre_C_D)       -0.002     9.829    adc_dat_raw_reg[0][8]
  -------------------------------------------------------------------
                         required time                          9.829    
                         arrival time                          -3.822    
  -------------------------------------------------------------------
                         slack                                  6.008    





Min Delay Paths
--------------------------------------------------------------------------------------
Slack (VIOLATED) :        -2.162ns  (arrival time - required time)
  Source:                 adc_dat_i[1][3]
                            (input port clocked by adc_clk  {rise@0.000ns fall@4.000ns period=8.000ns})
  Destination:            adc_dat_raw_reg[1][1]/D
                            (rising edge-triggered cell FDRE clocked by pll_adc_clk  {rise@0.000ns fall@4.000ns period=8.000ns})
  Path Group:             pll_adc_clk
  Path Type:              Hold (Min at Slow Process Corner)
  Requirement:            0.000ns  (pll_adc_clk rise@0.000ns - adc_clk rise@0.000ns)
  Data Path Delay:        0.805ns  (logic 0.805ns (100.000%)  route 0.000ns (0.000%))
  Logic Levels:           1  (IBUF=1)
  Input Delay:            3.400ns
  Clock Path Skew:        6.011ns (DCD - SCD - CPR)
    Destination Clock Delay (DCD):    6.011ns
    Source Clock Delay      (SCD):    0.000ns
    Clock Pessimism Removal (CPR):    -0.000ns
  Clock Uncertainty:      0.166ns  ((TSJ^2 + DJ^2)^1/2) / 2 + PE
    Total System Jitter     (TSJ):    0.071ns
    Discrete Jitter          (DJ):    0.118ns
    Phase Error              (PE):    0.097ns

    Location             Delay type                Incr(ns)  Path(ns)    Netlist Resource(s)
  -------------------------------------------------------------------    -------------------
                         (clock adc_clk rise edge)    0.000     0.000 r  
                         input delay                  3.400     3.400    
    P16                                               0.000     3.400 r  adc_dat_i[1][3] (IN)
                         net (fo=0)                   0.000     3.400    adc_dat_i[1][3]
    P16                  IBUF (Prop_ibuf_I_O)         0.805     4.205 r  adc_dat_raw_reg[1][1]_i_1/O
                         net (fo=1, routed)           0.000     4.205    adc_dat_raw_reg[1][1]_i_1_n_0
    ILOGIC_X0Y1          FDRE                                         r  adc_dat_raw_reg[1][1]/D
  -------------------------------------------------------------------    -------------------

                         (clock pll_adc_clk rise edge)
                                                      0.000     0.000 r  
    U18                                               0.000     0.000 r  adc_clk_i[1] (IN)
                         net (fo=0)                   0.000     0.000    adc_clk_i[1]
    U18                  IBUFDS (Prop_ibufds_I_O)     0.983     0.983 r  i_clk/O
                         net (fo=1, routed)           1.306     2.289    pll/adc_clk_in
    PLLE2_ADV_X0Y0       PLLE2_ADV (Prop_plle2_adv_CLKIN1_CLKOUT0)
                                                      0.089     2.378 r  pll/pll/CLKOUT0
                         net (fo=1, routed)           1.754     4.132    pll_adc_clk
    BUFGCTRL_X0Y0        BUFG (Prop_bufg_I_O)         0.101     4.233 r  bufg_adc_clk/O
                         net (fo=3948, routed)        1.777     6.011    adc_clk
    ILOGIC_X0Y1          FDRE                                         r  adc_dat_raw_reg[1][1]/C
                         clock pessimism              0.000     6.011    
                         clock uncertainty            0.166     6.176    
    ILOGIC_X0Y1          FDRE (Hold_fdre_C_D)         0.191     6.367    adc_dat_raw_reg[1][1]
  -------------------------------------------------------------------
                         required time                         -6.367    
                         arrival time                           4.205    
  -------------------------------------------------------------------
                         slack                                 -2.162    

Slack (VIOLATED) :        -2.153ns  (arrival time - required time)
  Source:                 adc_dat_i[1][2]
                            (input port clocked by adc_clk  {rise@0.000ns fall@4.000ns period=8.000ns})
  Destination:            adc_dat_raw_reg[1][0]/D
                            (rising edge-triggered cell FDRE clocked by pll_adc_clk  {rise@0.000ns fall@4.000ns period=8.000ns})
  Path Group:             pll_adc_clk
  Path Type:              Hold (Min at Slow Process Corner)
  Requirement:            0.000ns  (pll_adc_clk rise@0.000ns - adc_clk rise@0.000ns)
  Data Path Delay:        0.811ns  (logic 0.811ns (100.000%)  route 0.000ns (0.000%))
  Logic Levels:           1  (IBUF=1)
  Input Delay:            3.400ns
  Clock Path Skew:        6.007ns (DCD - SCD - CPR)
    Destination Clock Delay (DCD):    6.007ns
    Source Clock Delay      (SCD):    0.000ns
    Clock Pessimism Removal (CPR):    -0.000ns
  Clock Uncertainty:      0.166ns  ((TSJ^2 + DJ^2)^1/2) / 2 + PE
    Total System Jitter     (TSJ):    0.071ns
    Discrete Jitter          (DJ):    0.118ns
    Phase Error              (PE):    0.097ns

    Location             Delay type                Incr(ns)  Path(ns)    Netlist Resource(s)
  -------------------------------------------------------------------    -------------------
                         (clock adc_clk rise edge)    0.000     0.000 r  
                         input delay                  3.400     3.400    
    R18                                               0.000     3.400 r  adc_dat_i[1][2] (IN)
                         net (fo=0)                   0.000     3.400    adc_dat_i[1][2]
    R18                  IBUF (Prop_ibuf_I_O)         0.811     4.211 r  adc_dat_raw_reg[1][0]_i_1/O
                         net (fo=1, routed)           0.000     4.211    adc_dat_raw_reg[1][0]_i_1_n_0
    ILOGIC_X0Y9          FDRE                                         r  adc_dat_raw_reg[1][0]/D
  -------------------------------------------------------------------    -------------------

                         (clock pll_adc_clk rise edge)
                                                      0.000     0.000 r  
    U18                                               0.000     0.000 r  adc_clk_i[1] (IN)
                         net (fo=0)                   0.000     0.000    adc_clk_i[1]
    U18                  IBUFDS (Prop_ibufds_I_O)     0.983     0.983 r  i_clk/O
                         net (fo=1, routed)           1.306     2.289    pll/adc_clk_in
    PLLE2_ADV_X0Y0       PLLE2_ADV (Prop_plle2_adv_CLKIN1_CLKOUT0)
                                                      0.089     2.378 r  pll/pll/CLKOUT0
                         net (fo=1, routed)           1.754     4.132    pll_adc_clk
    BUFGCTRL_X0Y0        BUFG (Prop_bufg_I_O)         0.101     4.233 r  bufg_adc_clk/O
                         net (fo=3948, routed)        1.773     6.007    adc_clk
    ILOGIC_X0Y9          FDRE                                         r  adc_dat_raw_reg[1][0]/C
                         clock pessimism              0.000     6.007    
                         clock uncertainty            0.166     6.172    
    ILOGIC_X0Y9          FDRE (Hold_fdre_C_D)         0.191     6.363    adc_dat_raw_reg[1][0]
  -------------------------------------------------------------------
                         required time                         -6.363    
                         arrival time                           4.211    
  -------------------------------------------------------------------
                         slack                                 -2.153    

Slack (VIOLATED) :        -2.151ns  (arrival time - required time)
  Source:                 adc_dat_i[1][8]
                            (input port clocked by adc_clk  {rise@0.000ns fall@4.000ns period=8.000ns})
  Destination:            adc_dat_raw_reg[1][6]/D
                            (rising edge-triggered cell FDRE clocked by pll_adc_clk  {rise@0.000ns fall@4.000ns period=8.000ns})
  Path Group:             pll_adc_clk
  Path Type:              Hold (Min at Slow Process Corner)
  Requirement:            0.000ns  (pll_adc_clk rise@0.000ns - adc_clk rise@0.000ns)
  Data Path Delay:        0.816ns  (logic 0.816ns (100.000%)  route 0.000ns (0.000%))
  Logic Levels:           1  (IBUF=1)
  Input Delay:            3.400ns
  Clock Path Skew:        6.011ns (DCD - SCD - CPR)
    Destination Clock Delay (DCD):    6.011ns
    Source Clock Delay      (SCD):    0.000ns
    Clock Pessimism Removal (CPR):    -0.000ns
  Clock Uncertainty:      0.166ns  ((TSJ^2 + DJ^2)^1/2) / 2 + PE
    Total System Jitter     (TSJ):    0.071ns
    Discrete Jitter          (DJ):    0.118ns
    Phase Error              (PE):    0.097ns

    Location             Delay type                Incr(ns)  Path(ns)    Netlist Resource(s)
  -------------------------------------------------------------------    -------------------
                         (clock adc_clk rise edge)    0.000     0.000 r  
                         input delay                  3.400     3.400    
    T19                                               0.000     3.400 r  adc_dat_i[1][8] (IN)
                         net (fo=0)                   0.000     3.400    adc_dat_i[1][8]
    T19                  IBUF (Prop_ibuf_I_O)         0.816     4.216 r  adc_dat_raw_reg[1][6]_i_1/O
                         net (fo=1, routed)           0.000     4.216    adc_dat_raw_reg[1][6]_i_1_n_0
    ILOGIC_X0Y0          FDRE                                         r  adc_dat_raw_reg[1][6]/D
  -------------------------------------------------------------------    -------------------

                         (clock pll_adc_clk rise edge)
                                                      0.000     0.000 r  
    U18                                               0.000     0.000 r  adc_clk_i[1] (IN)
                         net (fo=0)                   0.000     0.000    adc_clk_i[1]
    U18                  IBUFDS (Prop_ibufds_I_O)     0.983     0.983 r  i_clk/O
                         net (fo=1, routed)           1.306     2.289    pll/adc_clk_in
    PLLE2_ADV_X0Y0       PLLE2_ADV (Prop_plle2_adv_CLKIN1_CLKOUT0)
                                                      0.089     2.378 r  pll/pll/CLKOUT0
                         net (fo=1, routed)           1.754     4.132    pll_adc_clk
    BUFGCTRL_X0Y0        BUFG (Prop_bufg_I_O)         0.101     4.233 r  bufg_adc_clk/O
                         net (fo=3948, routed)        1.777     6.011    adc_clk
    ILOGIC_X0Y0          FDRE                                         r  adc_dat_raw_reg[1][6]/C
                         clock pessimism              0.000     6.011    
                         clock uncertainty            0.166     6.176    
    ILOGIC_X0Y0          FDRE (Hold_fdre_C_D)         0.191     6.367    adc_dat_raw_reg[1][6]
  -------------------------------------------------------------------
                         required time                         -6.367    
                         arrival time                           4.216    
  -------------------------------------------------------------------
                         slack                                 -2.151    

Slack (VIOLATED) :        -2.141ns  (arrival time - required time)
  Source:                 adc_dat_i[1][12]
                            (input port clocked by adc_clk  {rise@0.000ns fall@4.000ns period=8.000ns})
  Destination:            adc_dat_raw_reg[1][10]/D
                            (rising edge-triggered cell FDRE clocked by pll_adc_clk  {rise@0.000ns fall@4.000ns period=8.000ns})
  Path Group:             pll_adc_clk
  Path Type:              Hold (Min at Slow Process Corner)
  Requirement:            0.000ns  (pll_adc_clk rise@0.000ns - adc_clk rise@0.000ns)
  Data Path Delay:        0.823ns  (logic 0.823ns (100.000%)  route 0.000ns (0.000%))
  Logic Levels:           1  (IBUF=1)
  Input Delay:            3.400ns
  Clock Path Skew:        6.008ns (DCD - SCD - CPR)
    Destination Clock Delay (DCD):    6.008ns
    Source Clock Delay      (SCD):    0.000ns
    Clock Pessimism Removal (CPR):    -0.000ns
  Clock Uncertainty:      0.166ns  ((TSJ^2 + DJ^2)^1/2) / 2 + PE
    Total System Jitter     (TSJ):    0.071ns
    Discrete Jitter          (DJ):    0.118ns
    Phase Error              (PE):    0.097ns

    Location             Delay type                Incr(ns)  Path(ns)    Netlist Resource(s)
  -------------------------------------------------------------------    -------------------
                         (clock adc_clk rise edge)    0.000     0.000 r  
                         input delay                  3.400     3.400    
    W19                                               0.000     3.400 r  adc_dat_i[1][12] (IN)
                         net (fo=0)                   0.000     3.400    adc_dat_i[1][12]
    W19                  IBUF (Prop_ibuf_I_O)         0.823     4.223 r  adc_dat_raw_reg[1][10]_i_1/O
                         net (fo=1, routed)           0.000     4.223    adc_dat_raw_reg[1][10]_i_1_n_0
    ILOGIC_X0Y5          FDRE                                         r  adc_dat_raw_reg[1][10]/D
  -------------------------------------------------------------------    -------------------

                         (clock pll_adc_clk rise edge)
                                                      0.000     0.000 r  
    U18                                               0.000     0.000 r  adc_clk_i[1] (IN)
                         net (fo=0)                   0.000     0.000    adc_clk_i[1]
    U18                  IBUFDS (Prop_ibufds_I_O)     0.983     0.983 r  i_clk/O
                         net (fo=1, routed)           1.306     2.289    pll/adc_clk_in
    PLLE2_ADV_X0Y0       PLLE2_ADV (Prop_plle2_adv_CLKIN1_CLKOUT0)
                                                      0.089     2.378 r  pll/pll/CLKOUT0
                         net (fo=1, routed)           1.754     4.132    pll_adc_clk
    BUFGCTRL_X0Y0        BUFG (Prop_bufg_I_O)         0.101     4.233 r  bufg_adc_clk/O
                         net (fo=3948, routed)        1.774     6.008    adc_clk
    ILOGIC_X0Y5          FDRE                                         r  adc_dat_raw_reg[1][10]/C
                         clock pessimism              0.000     6.008    
                         clock uncertainty            0.166     6.173    
    ILOGIC_X0Y5          FDRE (Hold_fdre_C_D)         0.191     6.364    adc_dat_raw_reg[1][10]
  -------------------------------------------------------------------
                         required time                         -6.364    
                         arrival time                           4.223    
  -------------------------------------------------------------------
                         slack                                 -2.141    

Slack (VIOLATED) :        -2.140ns  (arrival time - required time)
  Source:                 adc_dat_i[1][14]
                            (input port clocked by adc_clk  {rise@0.000ns fall@4.000ns period=8.000ns})
  Destination:            adc_dat_raw_reg[1][12]/D
                            (rising edge-triggered cell FDRE clocked by pll_adc_clk  {rise@0.000ns fall@4.000ns period=8.000ns})
  Path Group:             pll_adc_clk
  Path Type:              Hold (Min at Slow Process Corner)
  Requirement:            0.000ns  (pll_adc_clk rise@0.000ns - adc_clk rise@0.000ns)
  Data Path Delay:        0.824ns  (logic 0.824ns (100.000%)  route 0.000ns (0.000%))
  Logic Levels:           1  (IBUF=1)
  Input Delay:            3.400ns
  Clock Path Skew:        6.008ns (DCD - SCD - CPR)
    Destination Clock Delay (DCD):    6.008ns
    Source Clock Delay      (SCD):    0.000ns
    Clock Pessimism Removal (CPR):    -0.000ns
  Clock Uncertainty:      0.166ns  ((TSJ^2 + DJ^2)^1/2) / 2 + PE
    Total System Jitter     (TSJ):    0.071ns
    Discrete Jitter          (DJ):    0.118ns
    Phase Error              (PE):    0.097ns

    Location             Delay type                Incr(ns)  Path(ns)    Netlist Resource(s)
  -------------------------------------------------------------------    -------------------
                         (clock adc_clk rise edge)    0.000     0.000 r  
                         input delay                  3.400     3.400    
    W18                                               0.000     3.400 r  adc_dat_i[1][14] (IN)
                         net (fo=0)                   0.000     3.400    adc_dat_i[1][14]
    W18                  IBUF (Prop_ibuf_I_O)         0.824     4.224 r  adc_dat_raw_reg[1][12]_i_1/O
                         net (fo=1, routed)           0.000     4.224    adc_dat_raw_reg[1][12]_i_1_n_0
    ILOGIC_X0Y6          FDRE                                         r  adc_dat_raw_reg[1][12]/D
  -------------------------------------------------------------------    -------------------

                         (clock pll_adc_clk rise edge)
                                                      0.000     0.000 r  
    U18                                               0.000     0.000 r  adc_clk_i[1] (IN)
                         net (fo=0)                   0.000     0.000    adc_clk_i[1]
    U18                  IBUFDS (Prop_ibufds_I_O)     0.983     0.983 r  i_clk/O
                         net (fo=1, routed)           1.306     2.289    pll/adc_clk_in
    PLLE2_ADV_X0Y0       PLLE2_ADV (Prop_plle2_adv_CLKIN1_CLKOUT0)
                                                      0.089     2.378 r  pll/pll/CLKOUT0
                         net (fo=1, routed)           1.754     4.132    pll_adc_clk
    BUFGCTRL_X0Y0        BUFG (Prop_bufg_I_O)         0.101     4.233 r  bufg_adc_clk/O
                         net (fo=3948, routed)        1.774     6.008    adc_clk
    ILOGIC_X0Y6          FDRE                                         r  adc_dat_raw_reg[1][12]/C
                         clock pessimism              0.000     6.008    
                         clock uncertainty            0.166     6.173    
    ILOGIC_X0Y6          FDRE (Hold_fdre_C_D)         0.191     6.364    adc_dat_raw_reg[1][12]
  -------------------------------------------------------------------
                         required time                         -6.364    
                         arrival time                           4.224    
  -------------------------------------------------------------------
                         slack                                 -2.140    

Slack (VIOLATED) :        -2.138ns  (arrival time - required time)
  Source:                 adc_dat_i[0][15]
                            (input port clocked by adc_clk  {rise@0.000ns fall@4.000ns period=8.000ns})
  Destination:            adc_dat_raw_reg[0][13]/D
                            (rising edge-triggered cell FDRE clocked by pll_adc_clk  {rise@0.000ns fall@4.000ns period=8.000ns})
  Path Group:             pll_adc_clk
  Path Type:              Hold (Min at Slow Process Corner)
  Requirement:            0.000ns  (pll_adc_clk rise@0.000ns - adc_clk rise@0.000ns)
  Data Path Delay:        0.823ns  (logic 0.823ns (100.000%)  route 0.000ns (0.000%))
  Logic Levels:           1  (IBUF=1)
  Input Delay:            3.400ns
  Clock Path Skew:        6.004ns (DCD - SCD - CPR)
    Destination Clock Delay (DCD):    6.004ns
    Source Clock Delay      (SCD):    0.000ns
    Clock Pessimism Removal (CPR):    -0.000ns
  Clock Uncertainty:      0.166ns  ((TSJ^2 + DJ^2)^1/2) / 2 + PE
    Total System Jitter     (TSJ):    0.071ns
    Discrete Jitter          (DJ):    0.118ns
    Phase Error              (PE):    0.097ns

    Location             Delay type                Incr(ns)  Path(ns)    Netlist Resource(s)
  -------------------------------------------------------------------    -------------------
                         (clock adc_clk rise edge)    0.000     0.000 r  
                         input delay                  3.400     3.400    
    V16                                               0.000     3.400 r  adc_dat_i[0][15] (IN)
                         net (fo=0)                   0.000     3.400    adc_dat_i[0][15]
    V16                  IBUF (Prop_ibuf_I_O)         0.823     4.223 r  adc_dat_raw_reg[0][13]_i_1/O
                         net (fo=1, routed)           0.000     4.223    adc_dat_raw_reg[0][13]_i_1_n_0
    ILOGIC_X0Y14         FDRE                                         r  adc_dat_raw_reg[0][13]/D
  -------------------------------------------------------------------    -------------------

                         (clock pll_adc_clk rise edge)
                                                      0.000     0.000 r  
    U18                                               0.000     0.000 r  adc_clk_i[1] (IN)
                         net (fo=0)                   0.000     0.000    adc_clk_i[1]
    U18                  IBUFDS (Prop_ibufds_I_O)     0.983     0.983 r  i_clk/O
                         net (fo=1, routed)           1.306     2.289    pll/adc_clk_in
    PLLE2_ADV_X0Y0       PLLE2_ADV (Prop_plle2_adv_CLKIN1_CLKOUT0)
                                                      0.089     2.378 r  pll/pll/CLKOUT0
                         net (fo=1, routed)           1.754     4.132    pll_adc_clk
    BUFGCTRL_X0Y0        BUFG (Prop_bufg_I_O)         0.101     4.233 r  bufg_adc_clk/O
                         net (fo=3948, routed)        1.770     6.004    adc_clk
    ILOGIC_X0Y14         FDRE                                         r  adc_dat_raw_reg[0][13]/C
                         clock pessimism              0.000     6.004    
                         clock uncertainty            0.166     6.169    
    ILOGIC_X0Y14         FDRE (Hold_fdre_C_D)         0.191     6.360    adc_dat_raw_reg[0][13]
  -------------------------------------------------------------------
                         required time                         -6.360    
                         arrival time                           4.223    
  -------------------------------------------------------------------
                         slack                                 -2.138    

Slack (VIOLATED) :        -2.133ns  (arrival time - required time)
  Source:                 adc_dat_i[0][3]
                            (input port clocked by adc_clk  {rise@0.000ns fall@4.000ns period=8.000ns})
  Destination:            adc_dat_raw_reg[0][1]/D
                            (rising edge-triggered cell FDRE clocked by pll_adc_clk  {rise@0.000ns fall@4.000ns period=8.000ns})
  Path Group:             pll_adc_clk
  Path Type:              Hold (Min at Slow Process Corner)
  Requirement:            0.000ns  (pll_adc_clk rise@0.000ns - adc_clk rise@0.000ns)
  Data Path Delay:        0.828ns  (logic 0.828ns (100.000%)  route 0.000ns (0.000%))
  Logic Levels:           1  (IBUF=1)
  Input Delay:            3.400ns
  Clock Path Skew:        6.004ns (DCD - SCD - CPR)
    Destination Clock Delay (DCD):    6.004ns
    Source Clock Delay      (SCD):    0.000ns
    Clock Pessimism Removal (CPR):    -0.000ns
  Clock Uncertainty:      0.166ns  ((TSJ^2 + DJ^2)^1/2) / 2 + PE
    Total System Jitter     (TSJ):    0.071ns
    Discrete Jitter          (DJ):    0.118ns
    Phase Error              (PE):    0.097ns

    Location             Delay type                Incr(ns)  Path(ns)    Netlist Resource(s)
  -------------------------------------------------------------------    -------------------
                         (clock adc_clk rise edge)    0.000     0.000 r  
                         input delay                  3.400     3.400    
    W16                                               0.000     3.400 r  adc_dat_i[0][3] (IN)
                         net (fo=0)                   0.000     3.400    adc_dat_i[0][3]
    W16                  IBUF (Prop_ibuf_I_O)         0.828     4.228 r  adc_dat_raw_reg[0][1]_i_1/O
                         net (fo=1, routed)           0.000     4.228    adc_dat_raw_reg[0][1]_i_1_n_0
    ILOGIC_X0Y13         FDRE                                         r  adc_dat_raw_reg[0][1]/D
  -------------------------------------------------------------------    -------------------

                         (clock pll_adc_clk rise edge)
                                                      0.000     0.000 r  
    U18                                               0.000     0.000 r  adc_clk_i[1] (IN)
                         net (fo=0)                   0.000     0.000    adc_clk_i[1]
    U18                  IBUFDS (Prop_ibufds_I_O)     0.983     0.983 r  i_clk/O
                         net (fo=1, routed)           1.306     2.289    pll/adc_clk_in
    PLLE2_ADV_X0Y0       PLLE2_ADV (Prop_plle2_adv_CLKIN1_CLKOUT0)
                                                      0.089     2.378 r  pll/pll/CLKOUT0
                         net (fo=1, routed)           1.754     4.132    pll_adc_clk
    BUFGCTRL_X0Y0        BUFG (Prop_bufg_I_O)         0.101     4.233 r  bufg_adc_clk/O
                         net (fo=3948, routed)        1.770     6.004    adc_clk
    ILOGIC_X0Y13         FDRE                                         r  adc_dat_raw_reg[0][1]/C
                         clock pessimism              0.000     6.004    
                         clock uncertainty            0.166     6.169    
    ILOGIC_X0Y13         FDRE (Hold_fdre_C_D)         0.191     6.360    adc_dat_raw_reg[0][1]
  -------------------------------------------------------------------
                         required time                         -6.360    
                         arrival time                           4.228    
  -------------------------------------------------------------------
                         slack                                 -2.133    

Slack (VIOLATED) :        -2.128ns  (arrival time - required time)
  Source:                 adc_dat_i[1][4]
                            (input port clocked by adc_clk  {rise@0.000ns fall@4.000ns period=8.000ns})
  Destination:            adc_dat_raw_reg[1][2]/D
                            (rising edge-triggered cell FDRE clocked by pll_adc_clk  {rise@0.000ns fall@4.000ns period=8.000ns})
  Path Group:             pll_adc_clk
  Path Type:              Hold (Min at Slow Process Corner)
  Requirement:            0.000ns  (pll_adc_clk rise@0.000ns - adc_clk rise@0.000ns)
  Data Path Delay:        0.838ns  (logic 0.838ns (100.000%)  route 0.000ns (0.000%))
  Logic Levels:           1  (IBUF=1)
  Input Delay:            3.400ns
  Clock Path Skew:        6.010ns (DCD - SCD - CPR)
    Destination Clock Delay (DCD):    6.010ns
    Source Clock Delay      (SCD):    0.000ns
    Clock Pessimism Removal (CPR):    -0.000ns
  Clock Uncertainty:      0.166ns  ((TSJ^2 + DJ^2)^1/2) / 2 + PE
    Total System Jitter     (TSJ):    0.071ns
    Discrete Jitter          (DJ):    0.118ns
    Phase Error              (PE):    0.097ns

    Location             Delay type                Incr(ns)  Path(ns)    Netlist Resource(s)
  -------------------------------------------------------------------    -------------------
                         (clock adc_clk rise edge)    0.000     0.000 r  
                         input delay                  3.400     3.400    
    P18                                               0.000     3.400 r  adc_dat_i[1][4] (IN)
                         net (fo=0)                   0.000     3.400    adc_dat_i[1][4]
    P18                  IBUF (Prop_ibuf_I_O)         0.838     4.238 r  adc_dat_raw_reg[1][2]_i_1/O
                         net (fo=1, routed)           0.000     4.238    adc_dat_raw_reg[1][2]_i_1_n_0
    ILOGIC_X0Y3          FDRE                                         r  adc_dat_raw_reg[1][2]/D
  -------------------------------------------------------------------    -------------------

                         (clock pll_adc_clk rise edge)
                                                      0.000     0.000 r  
    U18                                               0.000     0.000 r  adc_clk_i[1] (IN)
                         net (fo=0)                   0.000     0.000    adc_clk_i[1]
    U18                  IBUFDS (Prop_ibufds_I_O)     0.983     0.983 r  i_clk/O
                         net (fo=1, routed)           1.306     2.289    pll/adc_clk_in
    PLLE2_ADV_X0Y0       PLLE2_ADV (Prop_plle2_adv_CLKIN1_CLKOUT0)
                                                      0.089     2.378 r  pll/pll/CLKOUT0
                         net (fo=1, routed)           1.754     4.132    pll_adc_clk
    BUFGCTRL_X0Y0        BUFG (Prop_bufg_I_O)         0.101     4.233 r  bufg_adc_clk/O
                         net (fo=3948, routed)        1.776     6.010    adc_clk
    ILOGIC_X0Y3          FDRE                                         r  adc_dat_raw_reg[1][2]/C
                         clock pessimism              0.000     6.010    
                         clock uncertainty            0.166     6.175    
    ILOGIC_X0Y3          FDRE (Hold_fdre_C_D)         0.191     6.366    adc_dat_raw_reg[1][2]
  -------------------------------------------------------------------
                         required time                         -6.366    
                         arrival time                           4.238    
  -------------------------------------------------------------------
                         slack                                 -2.128    

Slack (VIOLATED) :        -2.122ns  (arrival time - required time)
  Source:                 adc_dat_i[1][9]
                            (input port clocked by adc_clk  {rise@0.000ns fall@4.000ns period=8.000ns})
  Destination:            adc_dat_raw_reg[1][7]/D
                            (rising edge-triggered cell FDRE clocked by pll_adc_clk  {rise@0.000ns fall@4.000ns period=8.000ns})
  Path Group:             pll_adc_clk
  Path Type:              Hold (Min at Slow Process Corner)
  Requirement:            0.000ns  (pll_adc_clk rise@0.000ns - adc_clk rise@0.000ns)
  Data Path Delay:        0.830ns  (logic 0.830ns (100.000%)  route 0.000ns (0.000%))
  Logic Levels:           1  (IBUF=1)
  Input Delay:            3.400ns
  Clock Path Skew:        5.996ns (DCD - SCD - CPR)
    Destination Clock Delay (DCD):    5.996ns
    Source Clock Delay      (SCD):    0.000ns
    Clock Pessimism Removal (CPR):    -0.000ns
  Clock Uncertainty:      0.166ns  ((TSJ^2 + DJ^2)^1/2) / 2 + PE
    Total System Jitter     (TSJ):    0.071ns
    Discrete Jitter          (DJ):    0.118ns
    Phase Error              (PE):    0.097ns

    Location             Delay type                Incr(ns)  Path(ns)    Netlist Resource(s)
  -------------------------------------------------------------------    -------------------
                         (clock adc_clk rise edge)    0.000     0.000 r  
                         input delay                  3.400     3.400    
    U20                                               0.000     3.400 r  adc_dat_i[1][9] (IN)
                         net (fo=0)                   0.000     3.400    adc_dat_i[1][9]
    U20                  IBUF (Prop_ibuf_I_O)         0.830     4.230 r  adc_dat_raw_reg[1][7]_i_1/O
                         net (fo=1, routed)           0.000     4.230    adc_dat_raw_reg[1][7]_i_1_n_0
    ILOGIC_X0Y19         FDRE                                         r  adc_dat_raw_reg[1][7]/D
  -------------------------------------------------------------------    -------------------

                         (clock pll_adc_clk rise edge)
                                                      0.000     0.000 r  
    U18                                               0.000     0.000 r  adc_clk_i[1] (IN)
                         net (fo=0)                   0.000     0.000    adc_clk_i[1]
    U18                  IBUFDS (Prop_ibufds_I_O)     0.983     0.983 r  i_clk/O
                         net (fo=1, routed)           1.306     2.289    pll/adc_clk_in
    PLLE2_ADV_X0Y0       PLLE2_ADV (Prop_plle2_adv_CLKIN1_CLKOUT0)
                                                      0.089     2.378 r  pll/pll/CLKOUT0
                         net (fo=1, routed)           1.754     4.132    pll_adc_clk
    BUFGCTRL_X0Y0        BUFG (Prop_bufg_I_O)         0.101     4.233 r  bufg_adc_clk/O
                         net (fo=3948, routed)        1.762     5.996    adc_clk
    ILOGIC_X0Y19         FDRE                                         r  adc_dat_raw_reg[1][7]/C
                         clock pessimism              0.000     5.996    
                         clock uncertainty            0.166     6.161    
    ILOGIC_X0Y19         FDRE (Hold_fdre_C_D)         0.191     6.352    adc_dat_raw_reg[1][7]
  -------------------------------------------------------------------
                         required time                         -6.352    
                         arrival time                           4.230    
  -------------------------------------------------------------------
                         slack                                 -2.122    

Slack (VIOLATED) :        -2.119ns  (arrival time - required time)
  Source:                 adc_dat_i[1][5]
                            (input port clocked by adc_clk  {rise@0.000ns fall@4.000ns period=8.000ns})
  Destination:            adc_dat_raw_reg[1][3]/D
                            (rising edge-triggered cell FDRE clocked by pll_adc_clk  {rise@0.000ns fall@4.000ns period=8.000ns})
  Path Group:             pll_adc_clk
  Path Type:              Hold (Min at Slow Process Corner)
  Requirement:            0.000ns  (pll_adc_clk rise@0.000ns - adc_clk rise@0.000ns)
  Data Path Delay:        0.847ns  (logic 0.847ns (100.000%)  route 0.000ns (0.000%))
  Logic Levels:           1  (IBUF=1)
  Input Delay:            3.400ns
  Clock Path Skew:        6.010ns (DCD - SCD - CPR)
    Destination Clock Delay (DCD):    6.010ns
    Source Clock Delay      (SCD):    0.000ns
    Clock Pessimism Removal (CPR):    -0.000ns
  Clock Uncertainty:      0.166ns  ((TSJ^2 + DJ^2)^1/2) / 2 + PE
    Total System Jitter     (TSJ):    0.071ns
    Discrete Jitter          (DJ):    0.118ns
    Phase Error              (PE):    0.097ns

    Location             Delay type                Incr(ns)  Path(ns)    Netlist Resource(s)
  -------------------------------------------------------------------    -------------------
                         (clock adc_clk rise edge)    0.000     0.000 r  
                         input delay                  3.400     3.400    
    N17                                               0.000     3.400 r  adc_dat_i[1][5] (IN)
                         net (fo=0)                   0.000     3.400    adc_dat_i[1][5]
    N17                  IBUF (Prop_ibuf_I_O)         0.847     4.247 r  adc_dat_raw_reg[1][3]_i_1/O
                         net (fo=1, routed)           0.000     4.247    adc_dat_raw_reg[1][3]_i_1_n_0
    ILOGIC_X0Y4          FDRE                                         r  adc_dat_raw_reg[1][3]/D
  -------------------------------------------------------------------    -------------------

                         (clock pll_adc_clk rise edge)
                                                      0.000     0.000 r  
    U18                                               0.000     0.000 r  adc_clk_i[1] (IN)
                         net (fo=0)                   0.000     0.000    adc_clk_i[1]
    U18                  IBUFDS (Prop_ibufds_I_O)     0.983     0.983 r  i_clk/O
                         net (fo=1, routed)           1.306     2.289    pll/adc_clk_in
    PLLE2_ADV_X0Y0       PLLE2_ADV (Prop_plle2_adv_CLKIN1_CLKOUT0)
                                                      0.089     2.378 r  pll/pll/CLKOUT0
                         net (fo=1, routed)           1.754     4.132    pll_adc_clk
    BUFGCTRL_X0Y0        BUFG (Prop_bufg_I_O)         0.101     4.233 r  bufg_adc_clk/O
                         net (fo=3948, routed)        1.776     6.010    adc_clk
    ILOGIC_X0Y4          FDRE                                         r  adc_dat_raw_reg[1][3]/C
                         clock pessimism              0.000     6.010    
                         clock uncertainty            0.166     6.175    
    ILOGIC_X0Y4          FDRE (Hold_fdre_C_D)         0.191     6.366    adc_dat_raw_reg[1][3]
  -------------------------------------------------------------------
                         required time                         -6.366    
                         arrival time                           4.247    
  -------------------------------------------------------------------
                         slack                                 -2.119    





---------------------------------------------------------------------------------------------------
From Clock:  pll_adc_clk
  To Clock:  pll_dac_clk_1x

Setup :            0  Failing Endpoints,  Worst Slack        3.689ns,  Total Violation        0.000ns
Hold  :            0  Failing Endpoints,  Worst Slack        0.071ns,  Total Violation        0.000ns
---------------------------------------------------------------------------------------------------


Max Delay Paths
--------------------------------------------------------------------------------------
Slack (MET) :             3.689ns  (required time - arrival time)
  Source:                 e_def/ch[0]/dac_trigr_reg/C
                            (rising edge-triggered cell FDRE clocked by pll_adc_clk  {rise@0.000ns fall@4.000ns period=8.000ns})
  Destination:            on_trg_cnt_a_reg/D
                            (rising edge-triggered cell FDRE clocked by pll_dac_clk_1x  {rise@0.000ns fall@4.000ns period=8.000ns})
  Path Group:             pll_dac_clk_1x
  Path Type:              Setup (Max at Slow Process Corner)
  Requirement:            8.000ns  (pll_dac_clk_1x rise@8.000ns - pll_adc_clk rise@0.000ns)
  Data Path Delay:        3.511ns  (logic 0.746ns (21.247%)  route 2.765ns (78.753%))
  Logic Levels:           1  (LUT3=1)
  Clock Path Skew:        -0.343ns (DCD - SCD + CPR)
    Destination Clock Delay (DCD):    5.385ns = ( 13.385 - 8.000 ) 
    Source Clock Delay      (SCD):    5.901ns
    Clock Pessimism Removal (CPR):    0.173ns
  Clock Uncertainty:      0.189ns  ((TSJ^2 + DJ^2)^1/2) / 2 + PE
    Total System Jitter     (TSJ):    0.071ns
    Discrete Jitter          (DJ):    0.118ns
    Phase Error              (PE):    0.120ns

    Location             Delay type                Incr(ns)  Path(ns)    Netlist Resource(s)
  -------------------------------------------------------------------    -------------------
                         (clock pll_adc_clk rise edge)
                                                      0.000     0.000 r  
    U18                                               0.000     0.000 r  adc_clk_i[1] (IN)
                         net (fo=0)                   0.000     0.000    adc_clk_i[1]
    U18                  IBUFDS (Prop_ibufds_I_O)     0.983     0.983 r  i_clk/O
                         net (fo=1, routed)           1.306     2.289    pll/adc_clk_in
    PLLE2_ADV_X0Y0       PLLE2_ADV (Prop_plle2_adv_CLKIN1_CLKOUT0)
                                                      0.089     2.378 r  pll/pll/CLKOUT0
                         net (fo=1, routed)           1.754     4.132    pll_adc_clk
    BUFGCTRL_X0Y0        BUFG (Prop_bufg_I_O)         0.101     4.233 r  bufg_adc_clk/O
                         net (fo=3948, routed)        1.668     5.901    e_def/ch[0]/adc_clk
    SLICE_X22Y42         FDRE                                         r  e_def/ch[0]/dac_trigr_reg/C
  -------------------------------------------------------------------    -------------------
    SLICE_X22Y42         FDRE (Prop_fdre_C_Q)         0.419     6.320 r  e_def/ch[0]/dac_trigr_reg/Q
                         net (fo=54, routed)          2.377     8.697    e_def/ch[0]/dac_trigr_reg_0
    SLICE_X23Y43         LUT3 (Prop_lut3_I2_O)        0.327     9.024 r  e_def/ch[0]/on_trg_cnt_a_i_1/O
                         net (fo=1, routed)           0.388     9.412    e_def_n_237
    SLICE_X22Y43         FDRE                                         r  on_trg_cnt_a_reg/D
  -------------------------------------------------------------------    -------------------

                         (clock pll_dac_clk_1x rise edge)
                                                      8.000     8.000 r  
    U18                                               0.000     8.000 r  adc_clk_i[1] (IN)
                         net (fo=0)                   0.000     8.000    adc_clk_i[1]
    U18                  IBUFDS (Prop_ibufds_I_O)     0.940     8.940 r  i_clk/O
                         net (fo=1, routed)           1.181    10.121    pll/adc_clk_in
    PLLE2_ADV_X0Y0       PLLE2_ADV (Prop_plle2_adv_CLKIN1_CLKOUT1)
                                                      0.084    10.205 r  pll/pll/CLKOUT1
                         net (fo=1, routed)           1.594    11.799    pll_dac_clk_1x
    BUFGCTRL_X0Y3        BUFG (Prop_bufg_I_O)         0.091    11.890 r  bufg_dac_clk_1x/O
                         net (fo=63, routed)          1.495    13.385    dac_clk_1x
    SLICE_X22Y43         FDRE                                         r  on_trg_cnt_a_reg/C
                         clock pessimism              0.173    13.559    
                         clock uncertainty           -0.189    13.370    
    SLICE_X22Y43         FDRE (Setup_fdre_C_D)       -0.269    13.101    on_trg_cnt_a_reg
  -------------------------------------------------------------------
                         required time                         13.101    
                         arrival time                          -9.412    
  -------------------------------------------------------------------
                         slack                                  3.689    

Slack (MET) :             4.335ns  (required time - arrival time)
  Source:                 e_def/ch[0]/dac_trigr_reg/C
                            (rising edge-triggered cell FDRE clocked by pll_adc_clk  {rise@0.000ns fall@4.000ns period=8.000ns})
  Destination:            trg_cnt_a_reg[12]/R
                            (rising edge-triggered cell FDRE clocked by pll_dac_clk_1x  {rise@0.000ns fall@4.000ns period=8.000ns})
  Path Group:             pll_dac_clk_1x
  Path Type:              Setup (Max at Slow Process Corner)
  Requirement:            8.000ns  (pll_dac_clk_1x rise@8.000ns - pll_adc_clk rise@0.000ns)
  Data Path Delay:        2.433ns  (logic 0.419ns (17.221%)  route 2.014ns (82.779%))
  Logic Levels:           0  
  Clock Path Skew:        -0.343ns (DCD - SCD + CPR)
    Destination Clock Delay (DCD):    5.384ns = ( 13.384 - 8.000 ) 
    Source Clock Delay      (SCD):    5.901ns
    Clock Pessimism Removal (CPR):    0.173ns
  Clock Uncertainty:      0.189ns  ((TSJ^2 + DJ^2)^1/2) / 2 + PE
    Total System Jitter     (TSJ):    0.071ns
    Discrete Jitter          (DJ):    0.118ns
    Phase Error              (PE):    0.120ns

    Location             Delay type                Incr(ns)  Path(ns)    Netlist Resource(s)
  -------------------------------------------------------------------    -------------------
                         (clock pll_adc_clk rise edge)
                                                      0.000     0.000 r  
    U18                                               0.000     0.000 r  adc_clk_i[1] (IN)
                         net (fo=0)                   0.000     0.000    adc_clk_i[1]
    U18                  IBUFDS (Prop_ibufds_I_O)     0.983     0.983 r  i_clk/O
                         net (fo=1, routed)           1.306     2.289    pll/adc_clk_in
    PLLE2_ADV_X0Y0       PLLE2_ADV (Prop_plle2_adv_CLKIN1_CLKOUT0)
                                                      0.089     2.378 r  pll/pll/CLKOUT0
                         net (fo=1, routed)           1.754     4.132    pll_adc_clk
    BUFGCTRL_X0Y0        BUFG (Prop_bufg_I_O)         0.101     4.233 r  bufg_adc_clk/O
                         net (fo=3948, routed)        1.668     5.901    e_def/ch[0]/adc_clk
    SLICE_X22Y42         FDRE                                         r  e_def/ch[0]/dac_trigr_reg/C
  -------------------------------------------------------------------    -------------------
    SLICE_X22Y42         FDRE (Prop_fdre_C_Q)         0.419     6.320 r  e_def/ch[0]/dac_trigr_reg/Q
                         net (fo=54, routed)          2.014     8.334    dac_trigr_a
    SLICE_X24Y42         FDRE                                         r  trg_cnt_a_reg[12]/R
  -------------------------------------------------------------------    -------------------

                         (clock pll_dac_clk_1x rise edge)
                                                      8.000     8.000 r  
    U18                                               0.000     8.000 r  adc_clk_i[1] (IN)
                         net (fo=0)                   0.000     8.000    adc_clk_i[1]
    U18                  IBUFDS (Prop_ibufds_I_O)     0.940     8.940 r  i_clk/O
                         net (fo=1, routed)           1.181    10.121    pll/adc_clk_in
    PLLE2_ADV_X0Y0       PLLE2_ADV (Prop_plle2_adv_CLKIN1_CLKOUT1)
                                                      0.084    10.205 r  pll/pll/CLKOUT1
                         net (fo=1, routed)           1.594    11.799    pll_dac_clk_1x
    BUFGCTRL_X0Y3        BUFG (Prop_bufg_I_O)         0.091    11.890 r  bufg_dac_clk_1x/O
                         net (fo=63, routed)          1.494    13.384    dac_clk_1x
    SLICE_X24Y42         FDRE                                         r  trg_cnt_a_reg[12]/C
                         clock pessimism              0.173    13.558    
                         clock uncertainty           -0.189    13.369    
    SLICE_X24Y42         FDRE (Setup_fdre_C_R)       -0.699    12.670    trg_cnt_a_reg[12]
  -------------------------------------------------------------------
                         required time                         12.670    
                         arrival time                          -8.334    
  -------------------------------------------------------------------
                         slack                                  4.335    

Slack (MET) :             4.335ns  (required time - arrival time)
  Source:                 e_def/ch[0]/dac_trigr_reg/C
                            (rising edge-triggered cell FDRE clocked by pll_adc_clk  {rise@0.000ns fall@4.000ns period=8.000ns})
  Destination:            trg_cnt_a_reg[13]/R
                            (rising edge-triggered cell FDRE clocked by pll_dac_clk_1x  {rise@0.000ns fall@4.000ns period=8.000ns})
  Path Group:             pll_dac_clk_1x
  Path Type:              Setup (Max at Slow Process Corner)
  Requirement:            8.000ns  (pll_dac_clk_1x rise@8.000ns - pll_adc_clk rise@0.000ns)
  Data Path Delay:        2.433ns  (logic 0.419ns (17.221%)  route 2.014ns (82.779%))
  Logic Levels:           0  
  Clock Path Skew:        -0.343ns (DCD - SCD + CPR)
    Destination Clock Delay (DCD):    5.384ns = ( 13.384 - 8.000 ) 
    Source Clock Delay      (SCD):    5.901ns
    Clock Pessimism Removal (CPR):    0.173ns
  Clock Uncertainty:      0.189ns  ((TSJ^2 + DJ^2)^1/2) / 2 + PE
    Total System Jitter     (TSJ):    0.071ns
    Discrete Jitter          (DJ):    0.118ns
    Phase Error              (PE):    0.120ns

    Location             Delay type                Incr(ns)  Path(ns)    Netlist Resource(s)
  -------------------------------------------------------------------    -------------------
                         (clock pll_adc_clk rise edge)
                                                      0.000     0.000 r  
    U18                                               0.000     0.000 r  adc_clk_i[1] (IN)
                         net (fo=0)                   0.000     0.000    adc_clk_i[1]
    U18                  IBUFDS (Prop_ibufds_I_O)     0.983     0.983 r  i_clk/O
                         net (fo=1, routed)           1.306     2.289    pll/adc_clk_in
    PLLE2_ADV_X0Y0       PLLE2_ADV (Prop_plle2_adv_CLKIN1_CLKOUT0)
                                                      0.089     2.378 r  pll/pll/CLKOUT0
                         net (fo=1, routed)           1.754     4.132    pll_adc_clk
    BUFGCTRL_X0Y0        BUFG (Prop_bufg_I_O)         0.101     4.233 r  bufg_adc_clk/O
                         net (fo=3948, routed)        1.668     5.901    e_def/ch[0]/adc_clk
    SLICE_X22Y42         FDRE                                         r  e_def/ch[0]/dac_trigr_reg/C
  -------------------------------------------------------------------    -------------------
    SLICE_X22Y42         FDRE (Prop_fdre_C_Q)         0.419     6.320 r  e_def/ch[0]/dac_trigr_reg/Q
                         net (fo=54, routed)          2.014     8.334    dac_trigr_a
    SLICE_X24Y42         FDRE                                         r  trg_cnt_a_reg[13]/R
  -------------------------------------------------------------------    -------------------

                         (clock pll_dac_clk_1x rise edge)
                                                      8.000     8.000 r  
    U18                                               0.000     8.000 r  adc_clk_i[1] (IN)
                         net (fo=0)                   0.000     8.000    adc_clk_i[1]
    U18                  IBUFDS (Prop_ibufds_I_O)     0.940     8.940 r  i_clk/O
                         net (fo=1, routed)           1.181    10.121    pll/adc_clk_in
    PLLE2_ADV_X0Y0       PLLE2_ADV (Prop_plle2_adv_CLKIN1_CLKOUT1)
                                                      0.084    10.205 r  pll/pll/CLKOUT1
                         net (fo=1, routed)           1.594    11.799    pll_dac_clk_1x
    BUFGCTRL_X0Y3        BUFG (Prop_bufg_I_O)         0.091    11.890 r  bufg_dac_clk_1x/O
                         net (fo=63, routed)          1.494    13.384    dac_clk_1x
    SLICE_X24Y42         FDRE                                         r  trg_cnt_a_reg[13]/C
                         clock pessimism              0.173    13.558    
                         clock uncertainty           -0.189    13.369    
    SLICE_X24Y42         FDRE (Setup_fdre_C_R)       -0.699    12.670    trg_cnt_a_reg[13]
  -------------------------------------------------------------------
                         required time                         12.670    
                         arrival time                          -8.334    
  -------------------------------------------------------------------
                         slack                                  4.335    

Slack (MET) :             4.335ns  (required time - arrival time)
  Source:                 e_def/ch[0]/dac_trigr_reg/C
                            (rising edge-triggered cell FDRE clocked by pll_adc_clk  {rise@0.000ns fall@4.000ns period=8.000ns})
  Destination:            trg_cnt_a_reg[14]/R
                            (rising edge-triggered cell FDRE clocked by pll_dac_clk_1x  {rise@0.000ns fall@4.000ns period=8.000ns})
  Path Group:             pll_dac_clk_1x
  Path Type:              Setup (Max at Slow Process Corner)
  Requirement:            8.000ns  (pll_dac_clk_1x rise@8.000ns - pll_adc_clk rise@0.000ns)
  Data Path Delay:        2.433ns  (logic 0.419ns (17.221%)  route 2.014ns (82.779%))
  Logic Levels:           0  
  Clock Path Skew:        -0.343ns (DCD - SCD + CPR)
    Destination Clock Delay (DCD):    5.384ns = ( 13.384 - 8.000 ) 
    Source Clock Delay      (SCD):    5.901ns
    Clock Pessimism Removal (CPR):    0.173ns
  Clock Uncertainty:      0.189ns  ((TSJ^2 + DJ^2)^1/2) / 2 + PE
    Total System Jitter     (TSJ):    0.071ns
    Discrete Jitter          (DJ):    0.118ns
    Phase Error              (PE):    0.120ns

    Location             Delay type                Incr(ns)  Path(ns)    Netlist Resource(s)
  -------------------------------------------------------------------    -------------------
                         (clock pll_adc_clk rise edge)
                                                      0.000     0.000 r  
    U18                                               0.000     0.000 r  adc_clk_i[1] (IN)
                         net (fo=0)                   0.000     0.000    adc_clk_i[1]
    U18                  IBUFDS (Prop_ibufds_I_O)     0.983     0.983 r  i_clk/O
                         net (fo=1, routed)           1.306     2.289    pll/adc_clk_in
    PLLE2_ADV_X0Y0       PLLE2_ADV (Prop_plle2_adv_CLKIN1_CLKOUT0)
                                                      0.089     2.378 r  pll/pll/CLKOUT0
                         net (fo=1, routed)           1.754     4.132    pll_adc_clk
    BUFGCTRL_X0Y0        BUFG (Prop_bufg_I_O)         0.101     4.233 r  bufg_adc_clk/O
                         net (fo=3948, routed)        1.668     5.901    e_def/ch[0]/adc_clk
    SLICE_X22Y42         FDRE                                         r  e_def/ch[0]/dac_trigr_reg/C
  -------------------------------------------------------------------    -------------------
    SLICE_X22Y42         FDRE (Prop_fdre_C_Q)         0.419     6.320 r  e_def/ch[0]/dac_trigr_reg/Q
                         net (fo=54, routed)          2.014     8.334    dac_trigr_a
    SLICE_X24Y42         FDRE                                         r  trg_cnt_a_reg[14]/R
  -------------------------------------------------------------------    -------------------

                         (clock pll_dac_clk_1x rise edge)
                                                      8.000     8.000 r  
    U18                                               0.000     8.000 r  adc_clk_i[1] (IN)
                         net (fo=0)                   0.000     8.000    adc_clk_i[1]
    U18                  IBUFDS (Prop_ibufds_I_O)     0.940     8.940 r  i_clk/O
                         net (fo=1, routed)           1.181    10.121    pll/adc_clk_in
    PLLE2_ADV_X0Y0       PLLE2_ADV (Prop_plle2_adv_CLKIN1_CLKOUT1)
                                                      0.084    10.205 r  pll/pll/CLKOUT1
                         net (fo=1, routed)           1.594    11.799    pll_dac_clk_1x
    BUFGCTRL_X0Y3        BUFG (Prop_bufg_I_O)         0.091    11.890 r  bufg_dac_clk_1x/O
                         net (fo=63, routed)          1.494    13.384    dac_clk_1x
    SLICE_X24Y42         FDRE                                         r  trg_cnt_a_reg[14]/C
                         clock pessimism              0.173    13.558    
                         clock uncertainty           -0.189    13.369    
    SLICE_X24Y42         FDRE (Setup_fdre_C_R)       -0.699    12.670    trg_cnt_a_reg[14]
  -------------------------------------------------------------------
                         required time                         12.670    
                         arrival time                          -8.334    
  -------------------------------------------------------------------
                         slack                                  4.335    

Slack (MET) :             4.335ns  (required time - arrival time)
  Source:                 e_def/ch[0]/dac_trigr_reg/C
                            (rising edge-triggered cell FDRE clocked by pll_adc_clk  {rise@0.000ns fall@4.000ns period=8.000ns})
  Destination:            trg_cnt_a_reg[15]/R
                            (rising edge-triggered cell FDRE clocked by pll_dac_clk_1x  {rise@0.000ns fall@4.000ns period=8.000ns})
  Path Group:             pll_dac_clk_1x
  Path Type:              Setup (Max at Slow Process Corner)
  Requirement:            8.000ns  (pll_dac_clk_1x rise@8.000ns - pll_adc_clk rise@0.000ns)
  Data Path Delay:        2.433ns  (logic 0.419ns (17.221%)  route 2.014ns (82.779%))
  Logic Levels:           0  
  Clock Path Skew:        -0.343ns (DCD - SCD + CPR)
    Destination Clock Delay (DCD):    5.384ns = ( 13.384 - 8.000 ) 
    Source Clock Delay      (SCD):    5.901ns
    Clock Pessimism Removal (CPR):    0.173ns
  Clock Uncertainty:      0.189ns  ((TSJ^2 + DJ^2)^1/2) / 2 + PE
    Total System Jitter     (TSJ):    0.071ns
    Discrete Jitter          (DJ):    0.118ns
    Phase Error              (PE):    0.120ns

    Location             Delay type                Incr(ns)  Path(ns)    Netlist Resource(s)
  -------------------------------------------------------------------    -------------------
                         (clock pll_adc_clk rise edge)
                                                      0.000     0.000 r  
    U18                                               0.000     0.000 r  adc_clk_i[1] (IN)
                         net (fo=0)                   0.000     0.000    adc_clk_i[1]
    U18                  IBUFDS (Prop_ibufds_I_O)     0.983     0.983 r  i_clk/O
                         net (fo=1, routed)           1.306     2.289    pll/adc_clk_in
    PLLE2_ADV_X0Y0       PLLE2_ADV (Prop_plle2_adv_CLKIN1_CLKOUT0)
                                                      0.089     2.378 r  pll/pll/CLKOUT0
                         net (fo=1, routed)           1.754     4.132    pll_adc_clk
    BUFGCTRL_X0Y0        BUFG (Prop_bufg_I_O)         0.101     4.233 r  bufg_adc_clk/O
                         net (fo=3948, routed)        1.668     5.901    e_def/ch[0]/adc_clk
    SLICE_X22Y42         FDRE                                         r  e_def/ch[0]/dac_trigr_reg/C
  -------------------------------------------------------------------    -------------------
    SLICE_X22Y42         FDRE (Prop_fdre_C_Q)         0.419     6.320 r  e_def/ch[0]/dac_trigr_reg/Q
                         net (fo=54, routed)          2.014     8.334    dac_trigr_a
    SLICE_X24Y42         FDRE                                         r  trg_cnt_a_reg[15]/R
  -------------------------------------------------------------------    -------------------

                         (clock pll_dac_clk_1x rise edge)
                                                      8.000     8.000 r  
    U18                                               0.000     8.000 r  adc_clk_i[1] (IN)
                         net (fo=0)                   0.000     8.000    adc_clk_i[1]
    U18                  IBUFDS (Prop_ibufds_I_O)     0.940     8.940 r  i_clk/O
                         net (fo=1, routed)           1.181    10.121    pll/adc_clk_in
    PLLE2_ADV_X0Y0       PLLE2_ADV (Prop_plle2_adv_CLKIN1_CLKOUT1)
                                                      0.084    10.205 r  pll/pll/CLKOUT1
                         net (fo=1, routed)           1.594    11.799    pll_dac_clk_1x
    BUFGCTRL_X0Y3        BUFG (Prop_bufg_I_O)         0.091    11.890 r  bufg_dac_clk_1x/O
                         net (fo=63, routed)          1.494    13.384    dac_clk_1x
    SLICE_X24Y42         FDRE                                         r  trg_cnt_a_reg[15]/C
                         clock pessimism              0.173    13.558    
                         clock uncertainty           -0.189    13.369    
    SLICE_X24Y42         FDRE (Setup_fdre_C_R)       -0.699    12.670    trg_cnt_a_reg[15]
  -------------------------------------------------------------------
                         required time                         12.670    
                         arrival time                          -8.334    
  -------------------------------------------------------------------
                         slack                                  4.335    

Slack (MET) :             4.484ns  (required time - arrival time)
  Source:                 e_def/ch[0]/dac_trigr_reg/C
                            (rising edge-triggered cell FDRE clocked by pll_adc_clk  {rise@0.000ns fall@4.000ns period=8.000ns})
  Destination:            trg_cnt_a_reg[16]/R
                            (rising edge-triggered cell FDRE clocked by pll_dac_clk_1x  {rise@0.000ns fall@4.000ns period=8.000ns})
  Path Group:             pll_dac_clk_1x
  Path Type:              Setup (Max at Slow Process Corner)
  Requirement:            8.000ns  (pll_dac_clk_1x rise@8.000ns - pll_adc_clk rise@0.000ns)
  Data Path Delay:        2.286ns  (logic 0.419ns (18.331%)  route 1.867ns (81.669%))
  Logic Levels:           0  
  Clock Path Skew:        -0.343ns (DCD - SCD + CPR)
    Destination Clock Delay (DCD):    5.385ns = ( 13.385 - 8.000 ) 
    Source Clock Delay      (SCD):    5.901ns
    Clock Pessimism Removal (CPR):    0.173ns
  Clock Uncertainty:      0.189ns  ((TSJ^2 + DJ^2)^1/2) / 2 + PE
    Total System Jitter     (TSJ):    0.071ns
    Discrete Jitter          (DJ):    0.118ns
    Phase Error              (PE):    0.120ns

    Location             Delay type                Incr(ns)  Path(ns)    Netlist Resource(s)
  -------------------------------------------------------------------    -------------------
                         (clock pll_adc_clk rise edge)
                                                      0.000     0.000 r  
    U18                                               0.000     0.000 r  adc_clk_i[1] (IN)
                         net (fo=0)                   0.000     0.000    adc_clk_i[1]
    U18                  IBUFDS (Prop_ibufds_I_O)     0.983     0.983 r  i_clk/O
                         net (fo=1, routed)           1.306     2.289    pll/adc_clk_in
    PLLE2_ADV_X0Y0       PLLE2_ADV (Prop_plle2_adv_CLKIN1_CLKOUT0)
                                                      0.089     2.378 r  pll/pll/CLKOUT0
                         net (fo=1, routed)           1.754     4.132    pll_adc_clk
    BUFGCTRL_X0Y0        BUFG (Prop_bufg_I_O)         0.101     4.233 r  bufg_adc_clk/O
                         net (fo=3948, routed)        1.668     5.901    e_def/ch[0]/adc_clk
    SLICE_X22Y42         FDRE                                         r  e_def/ch[0]/dac_trigr_reg/C
  -------------------------------------------------------------------    -------------------
    SLICE_X22Y42         FDRE (Prop_fdre_C_Q)         0.419     6.320 r  e_def/ch[0]/dac_trigr_reg/Q
                         net (fo=54, routed)          1.867     8.187    dac_trigr_a
    SLICE_X24Y43         FDRE                                         r  trg_cnt_a_reg[16]/R
  -------------------------------------------------------------------    -------------------

                         (clock pll_dac_clk_1x rise edge)
                                                      8.000     8.000 r  
    U18                                               0.000     8.000 r  adc_clk_i[1] (IN)
                         net (fo=0)                   0.000     8.000    adc_clk_i[1]
    U18                  IBUFDS (Prop_ibufds_I_O)     0.940     8.940 r  i_clk/O
                         net (fo=1, routed)           1.181    10.121    pll/adc_clk_in
    PLLE2_ADV_X0Y0       PLLE2_ADV (Prop_plle2_adv_CLKIN1_CLKOUT1)
                                                      0.084    10.205 r  pll/pll/CLKOUT1
                         net (fo=1, routed)           1.594    11.799    pll_dac_clk_1x
    BUFGCTRL_X0Y3        BUFG (Prop_bufg_I_O)         0.091    11.890 r  bufg_dac_clk_1x/O
                         net (fo=63, routed)          1.495    13.385    dac_clk_1x
    SLICE_X24Y43         FDRE                                         r  trg_cnt_a_reg[16]/C
                         clock pessimism              0.173    13.559    
                         clock uncertainty           -0.189    13.370    
    SLICE_X24Y43         FDRE (Setup_fdre_C_R)       -0.699    12.671    trg_cnt_a_reg[16]
  -------------------------------------------------------------------
                         required time                         12.671    
                         arrival time                          -8.187    
  -------------------------------------------------------------------
                         slack                                  4.484    

Slack (MET) :             4.703ns  (required time - arrival time)
  Source:                 e_def/ch[0]/dac_trigr_reg/C
                            (rising edge-triggered cell FDRE clocked by pll_adc_clk  {rise@0.000ns fall@4.000ns period=8.000ns})
  Destination:            trg_cnt_a_reg[10]/R
                            (rising edge-triggered cell FDRE clocked by pll_dac_clk_1x  {rise@0.000ns fall@4.000ns period=8.000ns})
  Path Group:             pll_dac_clk_1x
  Path Type:              Setup (Max at Slow Process Corner)
  Requirement:            8.000ns  (pll_dac_clk_1x rise@8.000ns - pll_adc_clk rise@0.000ns)
  Data Path Delay:        2.066ns  (logic 0.419ns (20.284%)  route 1.647ns (79.716%))
  Logic Levels:           0  
  Clock Path Skew:        -0.343ns (DCD - SCD + CPR)
    Destination Clock Delay (DCD):    5.384ns = ( 13.384 - 8.000 ) 
    Source Clock Delay      (SCD):    5.901ns
    Clock Pessimism Removal (CPR):    0.173ns
  Clock Uncertainty:      0.189ns  ((TSJ^2 + DJ^2)^1/2) / 2 + PE
    Total System Jitter     (TSJ):    0.071ns
    Discrete Jitter          (DJ):    0.118ns
    Phase Error              (PE):    0.120ns

    Location             Delay type                Incr(ns)  Path(ns)    Netlist Resource(s)
  -------------------------------------------------------------------    -------------------
                         (clock pll_adc_clk rise edge)
                                                      0.000     0.000 r  
    U18                                               0.000     0.000 r  adc_clk_i[1] (IN)
                         net (fo=0)                   0.000     0.000    adc_clk_i[1]
    U18                  IBUFDS (Prop_ibufds_I_O)     0.983     0.983 r  i_clk/O
                         net (fo=1, routed)           1.306     2.289    pll/adc_clk_in
    PLLE2_ADV_X0Y0       PLLE2_ADV (Prop_plle2_adv_CLKIN1_CLKOUT0)
                                                      0.089     2.378 r  pll/pll/CLKOUT0
                         net (fo=1, routed)           1.754     4.132    pll_adc_clk
    BUFGCTRL_X0Y0        BUFG (Prop_bufg_I_O)         0.101     4.233 r  bufg_adc_clk/O
                         net (fo=3948, routed)        1.668     5.901    e_def/ch[0]/adc_clk
    SLICE_X22Y42         FDRE                                         r  e_def/ch[0]/dac_trigr_reg/C
  -------------------------------------------------------------------    -------------------
    SLICE_X22Y42         FDRE (Prop_fdre_C_Q)         0.419     6.320 r  e_def/ch[0]/dac_trigr_reg/Q
                         net (fo=54, routed)          1.647     7.967    dac_trigr_a
    SLICE_X24Y41         FDRE                                         r  trg_cnt_a_reg[10]/R
  -------------------------------------------------------------------    -------------------

                         (clock pll_dac_clk_1x rise edge)
                                                      8.000     8.000 r  
    U18                                               0.000     8.000 r  adc_clk_i[1] (IN)
                         net (fo=0)                   0.000     8.000    adc_clk_i[1]
    U18                  IBUFDS (Prop_ibufds_I_O)     0.940     8.940 r  i_clk/O
                         net (fo=1, routed)           1.181    10.121    pll/adc_clk_in
    PLLE2_ADV_X0Y0       PLLE2_ADV (Prop_plle2_adv_CLKIN1_CLKOUT1)
                                                      0.084    10.205 r  pll/pll/CLKOUT1
                         net (fo=1, routed)           1.594    11.799    pll_dac_clk_1x
    BUFGCTRL_X0Y3        BUFG (Prop_bufg_I_O)         0.091    11.890 r  bufg_dac_clk_1x/O
                         net (fo=63, routed)          1.494    13.384    dac_clk_1x
    SLICE_X24Y41         FDRE                                         r  trg_cnt_a_reg[10]/C
                         clock pessimism              0.173    13.558    
                         clock uncertainty           -0.189    13.369    
    SLICE_X24Y41         FDRE (Setup_fdre_C_R)       -0.699    12.670    trg_cnt_a_reg[10]
  -------------------------------------------------------------------
                         required time                         12.670    
                         arrival time                          -7.967    
  -------------------------------------------------------------------
                         slack                                  4.703    

Slack (MET) :             4.703ns  (required time - arrival time)
  Source:                 e_def/ch[0]/dac_trigr_reg/C
                            (rising edge-triggered cell FDRE clocked by pll_adc_clk  {rise@0.000ns fall@4.000ns period=8.000ns})
  Destination:            trg_cnt_a_reg[11]/R
                            (rising edge-triggered cell FDRE clocked by pll_dac_clk_1x  {rise@0.000ns fall@4.000ns period=8.000ns})
  Path Group:             pll_dac_clk_1x
  Path Type:              Setup (Max at Slow Process Corner)
  Requirement:            8.000ns  (pll_dac_clk_1x rise@8.000ns - pll_adc_clk rise@0.000ns)
  Data Path Delay:        2.066ns  (logic 0.419ns (20.284%)  route 1.647ns (79.716%))
  Logic Levels:           0  
  Clock Path Skew:        -0.343ns (DCD - SCD + CPR)
    Destination Clock Delay (DCD):    5.384ns = ( 13.384 - 8.000 ) 
    Source Clock Delay      (SCD):    5.901ns
    Clock Pessimism Removal (CPR):    0.173ns
  Clock Uncertainty:      0.189ns  ((TSJ^2 + DJ^2)^1/2) / 2 + PE
    Total System Jitter     (TSJ):    0.071ns
    Discrete Jitter          (DJ):    0.118ns
    Phase Error              (PE):    0.120ns

    Location             Delay type                Incr(ns)  Path(ns)    Netlist Resource(s)
  -------------------------------------------------------------------    -------------------
                         (clock pll_adc_clk rise edge)
                                                      0.000     0.000 r  
    U18                                               0.000     0.000 r  adc_clk_i[1] (IN)
                         net (fo=0)                   0.000     0.000    adc_clk_i[1]
    U18                  IBUFDS (Prop_ibufds_I_O)     0.983     0.983 r  i_clk/O
                         net (fo=1, routed)           1.306     2.289    pll/adc_clk_in
    PLLE2_ADV_X0Y0       PLLE2_ADV (Prop_plle2_adv_CLKIN1_CLKOUT0)
                                                      0.089     2.378 r  pll/pll/CLKOUT0
                         net (fo=1, routed)           1.754     4.132    pll_adc_clk
    BUFGCTRL_X0Y0        BUFG (Prop_bufg_I_O)         0.101     4.233 r  bufg_adc_clk/O
                         net (fo=3948, routed)        1.668     5.901    e_def/ch[0]/adc_clk
    SLICE_X22Y42         FDRE                                         r  e_def/ch[0]/dac_trigr_reg/C
  -------------------------------------------------------------------    -------------------
    SLICE_X22Y42         FDRE (Prop_fdre_C_Q)         0.419     6.320 r  e_def/ch[0]/dac_trigr_reg/Q
                         net (fo=54, routed)          1.647     7.967    dac_trigr_a
    SLICE_X24Y41         FDRE                                         r  trg_cnt_a_reg[11]/R
  -------------------------------------------------------------------    -------------------

                         (clock pll_dac_clk_1x rise edge)
                                                      8.000     8.000 r  
    U18                                               0.000     8.000 r  adc_clk_i[1] (IN)
                         net (fo=0)                   0.000     8.000    adc_clk_i[1]
    U18                  IBUFDS (Prop_ibufds_I_O)     0.940     8.940 r  i_clk/O
                         net (fo=1, routed)           1.181    10.121    pll/adc_clk_in
    PLLE2_ADV_X0Y0       PLLE2_ADV (Prop_plle2_adv_CLKIN1_CLKOUT1)
                                                      0.084    10.205 r  pll/pll/CLKOUT1
                         net (fo=1, routed)           1.594    11.799    pll_dac_clk_1x
    BUFGCTRL_X0Y3        BUFG (Prop_bufg_I_O)         0.091    11.890 r  bufg_dac_clk_1x/O
                         net (fo=63, routed)          1.494    13.384    dac_clk_1x
    SLICE_X24Y41         FDRE                                         r  trg_cnt_a_reg[11]/C
                         clock pessimism              0.173    13.558    
                         clock uncertainty           -0.189    13.369    
    SLICE_X24Y41         FDRE (Setup_fdre_C_R)       -0.699    12.670    trg_cnt_a_reg[11]
  -------------------------------------------------------------------
                         required time                         12.670    
                         arrival time                          -7.967    
  -------------------------------------------------------------------
                         slack                                  4.703    

Slack (MET) :             4.703ns  (required time - arrival time)
  Source:                 e_def/ch[0]/dac_trigr_reg/C
                            (rising edge-triggered cell FDRE clocked by pll_adc_clk  {rise@0.000ns fall@4.000ns period=8.000ns})
  Destination:            trg_cnt_a_reg[8]/R
                            (rising edge-triggered cell FDRE clocked by pll_dac_clk_1x  {rise@0.000ns fall@4.000ns period=8.000ns})
  Path Group:             pll_dac_clk_1x
  Path Type:              Setup (Max at Slow Process Corner)
  Requirement:            8.000ns  (pll_dac_clk_1x rise@8.000ns - pll_adc_clk rise@0.000ns)
  Data Path Delay:        2.066ns  (logic 0.419ns (20.284%)  route 1.647ns (79.716%))
  Logic Levels:           0  
  Clock Path Skew:        -0.343ns (DCD - SCD + CPR)
    Destination Clock Delay (DCD):    5.384ns = ( 13.384 - 8.000 ) 
    Source Clock Delay      (SCD):    5.901ns
    Clock Pessimism Removal (CPR):    0.173ns
  Clock Uncertainty:      0.189ns  ((TSJ^2 + DJ^2)^1/2) / 2 + PE
    Total System Jitter     (TSJ):    0.071ns
    Discrete Jitter          (DJ):    0.118ns
    Phase Error              (PE):    0.120ns

    Location             Delay type                Incr(ns)  Path(ns)    Netlist Resource(s)
  -------------------------------------------------------------------    -------------------
                         (clock pll_adc_clk rise edge)
                                                      0.000     0.000 r  
    U18                                               0.000     0.000 r  adc_clk_i[1] (IN)
                         net (fo=0)                   0.000     0.000    adc_clk_i[1]
    U18                  IBUFDS (Prop_ibufds_I_O)     0.983     0.983 r  i_clk/O
                         net (fo=1, routed)           1.306     2.289    pll/adc_clk_in
    PLLE2_ADV_X0Y0       PLLE2_ADV (Prop_plle2_adv_CLKIN1_CLKOUT0)
                                                      0.089     2.378 r  pll/pll/CLKOUT0
                         net (fo=1, routed)           1.754     4.132    pll_adc_clk
    BUFGCTRL_X0Y0        BUFG (Prop_bufg_I_O)         0.101     4.233 r  bufg_adc_clk/O
                         net (fo=3948, routed)        1.668     5.901    e_def/ch[0]/adc_clk
    SLICE_X22Y42         FDRE                                         r  e_def/ch[0]/dac_trigr_reg/C
  -------------------------------------------------------------------    -------------------
    SLICE_X22Y42         FDRE (Prop_fdre_C_Q)         0.419     6.320 r  e_def/ch[0]/dac_trigr_reg/Q
                         net (fo=54, routed)          1.647     7.967    dac_trigr_a
    SLICE_X24Y41         FDRE                                         r  trg_cnt_a_reg[8]/R
  -------------------------------------------------------------------    -------------------

                         (clock pll_dac_clk_1x rise edge)
                                                      8.000     8.000 r  
    U18                                               0.000     8.000 r  adc_clk_i[1] (IN)
                         net (fo=0)                   0.000     8.000    adc_clk_i[1]
    U18                  IBUFDS (Prop_ibufds_I_O)     0.940     8.940 r  i_clk/O
                         net (fo=1, routed)           1.181    10.121    pll/adc_clk_in
    PLLE2_ADV_X0Y0       PLLE2_ADV (Prop_plle2_adv_CLKIN1_CLKOUT1)
                                                      0.084    10.205 r  pll/pll/CLKOUT1
                         net (fo=1, routed)           1.594    11.799    pll_dac_clk_1x
    BUFGCTRL_X0Y3        BUFG (Prop_bufg_I_O)         0.091    11.890 r  bufg_dac_clk_1x/O
                         net (fo=63, routed)          1.494    13.384    dac_clk_1x
    SLICE_X24Y41         FDRE                                         r  trg_cnt_a_reg[8]/C
                         clock pessimism              0.173    13.558    
                         clock uncertainty           -0.189    13.369    
    SLICE_X24Y41         FDRE (Setup_fdre_C_R)       -0.699    12.670    trg_cnt_a_reg[8]
  -------------------------------------------------------------------
                         required time                         12.670    
                         arrival time                          -7.967    
  -------------------------------------------------------------------
                         slack                                  4.703    

Slack (MET) :             4.703ns  (required time - arrival time)
  Source:                 e_def/ch[0]/dac_trigr_reg/C
                            (rising edge-triggered cell FDRE clocked by pll_adc_clk  {rise@0.000ns fall@4.000ns period=8.000ns})
  Destination:            trg_cnt_a_reg[9]/R
                            (rising edge-triggered cell FDRE clocked by pll_dac_clk_1x  {rise@0.000ns fall@4.000ns period=8.000ns})
  Path Group:             pll_dac_clk_1x
  Path Type:              Setup (Max at Slow Process Corner)
  Requirement:            8.000ns  (pll_dac_clk_1x rise@8.000ns - pll_adc_clk rise@0.000ns)
  Data Path Delay:        2.066ns  (logic 0.419ns (20.284%)  route 1.647ns (79.716%))
  Logic Levels:           0  
  Clock Path Skew:        -0.343ns (DCD - SCD + CPR)
    Destination Clock Delay (DCD):    5.384ns = ( 13.384 - 8.000 ) 
    Source Clock Delay      (SCD):    5.901ns
    Clock Pessimism Removal (CPR):    0.173ns
  Clock Uncertainty:      0.189ns  ((TSJ^2 + DJ^2)^1/2) / 2 + PE
    Total System Jitter     (TSJ):    0.071ns
    Discrete Jitter          (DJ):    0.118ns
    Phase Error              (PE):    0.120ns

    Location             Delay type                Incr(ns)  Path(ns)    Netlist Resource(s)
  -------------------------------------------------------------------    -------------------
                         (clock pll_adc_clk rise edge)
                                                      0.000     0.000 r  
    U18                                               0.000     0.000 r  adc_clk_i[1] (IN)
                         net (fo=0)                   0.000     0.000    adc_clk_i[1]
    U18                  IBUFDS (Prop_ibufds_I_O)     0.983     0.983 r  i_clk/O
                         net (fo=1, routed)           1.306     2.289    pll/adc_clk_in
    PLLE2_ADV_X0Y0       PLLE2_ADV (Prop_plle2_adv_CLKIN1_CLKOUT0)
                                                      0.089     2.378 r  pll/pll/CLKOUT0
                         net (fo=1, routed)           1.754     4.132    pll_adc_clk
    BUFGCTRL_X0Y0        BUFG (Prop_bufg_I_O)         0.101     4.233 r  bufg_adc_clk/O
                         net (fo=3948, routed)        1.668     5.901    e_def/ch[0]/adc_clk
    SLICE_X22Y42         FDRE                                         r  e_def/ch[0]/dac_trigr_reg/C
  -------------------------------------------------------------------    -------------------
    SLICE_X22Y42         FDRE (Prop_fdre_C_Q)         0.419     6.320 r  e_def/ch[0]/dac_trigr_reg/Q
                         net (fo=54, routed)          1.647     7.967    dac_trigr_a
    SLICE_X24Y41         FDRE                                         r  trg_cnt_a_reg[9]/R
  -------------------------------------------------------------------    -------------------

                         (clock pll_dac_clk_1x rise edge)
                                                      8.000     8.000 r  
    U18                                               0.000     8.000 r  adc_clk_i[1] (IN)
                         net (fo=0)                   0.000     8.000    adc_clk_i[1]
    U18                  IBUFDS (Prop_ibufds_I_O)     0.940     8.940 r  i_clk/O
                         net (fo=1, routed)           1.181    10.121    pll/adc_clk_in
    PLLE2_ADV_X0Y0       PLLE2_ADV (Prop_plle2_adv_CLKIN1_CLKOUT1)
                                                      0.084    10.205 r  pll/pll/CLKOUT1
                         net (fo=1, routed)           1.594    11.799    pll_dac_clk_1x
    BUFGCTRL_X0Y3        BUFG (Prop_bufg_I_O)         0.091    11.890 r  bufg_dac_clk_1x/O
                         net (fo=63, routed)          1.494    13.384    dac_clk_1x
    SLICE_X24Y41         FDRE                                         r  trg_cnt_a_reg[9]/C
                         clock pessimism              0.173    13.558    
                         clock uncertainty           -0.189    13.369    
    SLICE_X24Y41         FDRE (Setup_fdre_C_R)       -0.699    12.670    trg_cnt_a_reg[9]
  -------------------------------------------------------------------
                         required time                         12.670    
                         arrival time                          -7.967    
  -------------------------------------------------------------------
                         slack                                  4.703    





Min Delay Paths
--------------------------------------------------------------------------------------
Slack (MET) :             0.071ns  (arrival time - required time)
  Source:                 e_def/ch[0]/dac_o_reg[2]/C
                            (rising edge-triggered cell FDRE clocked by pll_adc_clk  {rise@0.000ns fall@4.000ns period=8.000ns})
  Destination:            dac_dat_a_reg[2]/D
                            (rising edge-triggered cell FDRE clocked by pll_dac_clk_1x  {rise@0.000ns fall@4.000ns period=8.000ns})
  Path Group:             pll_dac_clk_1x
  Path Type:              Hold (Min at Fast Process Corner)
  Requirement:            0.000ns  (pll_dac_clk_1x rise@0.000ns - pll_adc_clk rise@0.000ns)
  Data Path Delay:        0.633ns  (logic 0.141ns (22.289%)  route 0.492ns (77.711%))
  Logic Levels:           0  
  Clock Path Skew:        0.306ns (DCD - SCD - CPR)
    Destination Clock Delay (DCD):    2.386ns
    Source Clock Delay      (SCD):    2.004ns
    Clock Pessimism Removal (CPR):    0.075ns
  Clock Uncertainty:      0.189ns  ((TSJ^2 + DJ^2)^1/2) / 2 + PE
    Total System Jitter     (TSJ):    0.071ns
    Discrete Jitter          (DJ):    0.118ns
    Phase Error              (PE):    0.120ns

    Location             Delay type                Incr(ns)  Path(ns)    Netlist Resource(s)
  -------------------------------------------------------------------    -------------------
                         (clock pll_adc_clk rise edge)
                                                      0.000     0.000 r  
    U18                                               0.000     0.000 r  adc_clk_i[1] (IN)
                         net (fo=0)                   0.000     0.000    adc_clk_i[1]
    U18                  IBUFDS (Prop_ibufds_I_O)     0.401     0.401 r  i_clk/O
                         net (fo=1, routed)           0.440     0.842    pll/adc_clk_in
    PLLE2_ADV_X0Y0       PLLE2_ADV (Prop_plle2_adv_CLKIN1_CLKOUT0)
                                                      0.051     0.893 r  pll/pll/CLKOUT0
                         net (fo=1, routed)           0.497     1.390    pll_adc_clk
    BUFGCTRL_X0Y0        BUFG (Prop_bufg_I_O)         0.026     1.416 r  bufg_adc_clk/O
                         net (fo=3948, routed)        0.589     2.004    e_def/ch[0]/adc_clk
    SLICE_X37Y51         FDRE                                         r  e_def/ch[0]/dac_o_reg[2]/C
  -------------------------------------------------------------------    -------------------
    SLICE_X37Y51         FDRE (Prop_fdre_C_Q)         0.141     2.145 r  e_def/ch[0]/dac_o_reg[2]/Q
                         net (fo=2, routed)           0.492     2.637    asg_dat[0][2]
    SLICE_X43Y73         FDRE                                         r  dac_dat_a_reg[2]/D
  -------------------------------------------------------------------    -------------------

                         (clock pll_dac_clk_1x rise edge)
                                                      0.000     0.000 r  
    U18                                               0.000     0.000 r  adc_clk_i[1] (IN)
                         net (fo=0)                   0.000     0.000    adc_clk_i[1]
    U18                  IBUFDS (Prop_ibufds_I_O)     0.433     0.433 r  i_clk/O
                         net (fo=1, routed)           0.481     0.914    pll/adc_clk_in
    PLLE2_ADV_X0Y0       PLLE2_ADV (Prop_plle2_adv_CLKIN1_CLKOUT1)
                                                      0.054     0.968 r  pll/pll/CLKOUT1
                         net (fo=1, routed)           0.544     1.512    pll_dac_clk_1x
    BUFGCTRL_X0Y3        BUFG (Prop_bufg_I_O)         0.029     1.541 r  bufg_dac_clk_1x/O
                         net (fo=63, routed)          0.845     2.386    dac_clk_1x
    SLICE_X43Y73         FDRE                                         r  dac_dat_a_reg[2]/C
                         clock pessimism             -0.075     2.311    
                         clock uncertainty            0.189     2.500    
    SLICE_X43Y73         FDRE (Hold_fdre_C_D)         0.066     2.566    dac_dat_a_reg[2]
  -------------------------------------------------------------------
                         required time                         -2.566    
                         arrival time                           2.637    
  -------------------------------------------------------------------
                         slack                                  0.071    

Slack (MET) :             0.162ns  (arrival time - required time)
  Source:                 e_def/ch[0]/dac_o_reg[1]/C
                            (rising edge-triggered cell FDRE clocked by pll_adc_clk  {rise@0.000ns fall@4.000ns period=8.000ns})
  Destination:            dac_dat_a_reg[1]/D
                            (rising edge-triggered cell FDRE clocked by pll_dac_clk_1x  {rise@0.000ns fall@4.000ns period=8.000ns})
  Path Group:             pll_dac_clk_1x
  Path Type:              Hold (Min at Fast Process Corner)
  Requirement:            0.000ns  (pll_dac_clk_1x rise@0.000ns - pll_adc_clk rise@0.000ns)
  Data Path Delay:        0.755ns  (logic 0.141ns (18.674%)  route 0.614ns (81.326%))
  Logic Levels:           0  
  Clock Path Skew:        0.334ns (DCD - SCD - CPR)
    Destination Clock Delay (DCD):    2.386ns
    Source Clock Delay      (SCD):    1.976ns
    Clock Pessimism Removal (CPR):    0.075ns
  Clock Uncertainty:      0.189ns  ((TSJ^2 + DJ^2)^1/2) / 2 + PE
    Total System Jitter     (TSJ):    0.071ns
    Discrete Jitter          (DJ):    0.118ns
    Phase Error              (PE):    0.120ns

    Location             Delay type                Incr(ns)  Path(ns)    Netlist Resource(s)
  -------------------------------------------------------------------    -------------------
                         (clock pll_adc_clk rise edge)
                                                      0.000     0.000 r  
    U18                                               0.000     0.000 r  adc_clk_i[1] (IN)
                         net (fo=0)                   0.000     0.000    adc_clk_i[1]
    U18                  IBUFDS (Prop_ibufds_I_O)     0.401     0.401 r  i_clk/O
                         net (fo=1, routed)           0.440     0.842    pll/adc_clk_in
    PLLE2_ADV_X0Y0       PLLE2_ADV (Prop_plle2_adv_CLKIN1_CLKOUT0)
                                                      0.051     0.893 r  pll/pll/CLKOUT0
                         net (fo=1, routed)           0.497     1.390    pll_adc_clk
    BUFGCTRL_X0Y0        BUFG (Prop_bufg_I_O)         0.026     1.416 r  bufg_adc_clk/O
                         net (fo=3948, routed)        0.561     1.976    e_def/ch[0]/adc_clk
    SLICE_X26Y56         FDRE                                         r  e_def/ch[0]/dac_o_reg[1]/C
  -------------------------------------------------------------------    -------------------
    SLICE_X26Y56         FDRE (Prop_fdre_C_Q)         0.141     2.117 r  e_def/ch[0]/dac_o_reg[1]/Q
                         net (fo=2, routed)           0.614     2.731    asg_dat[0][1]
    SLICE_X43Y73         FDRE                                         r  dac_dat_a_reg[1]/D
  -------------------------------------------------------------------    -------------------

                         (clock pll_dac_clk_1x rise edge)
                                                      0.000     0.000 r  
    U18                                               0.000     0.000 r  adc_clk_i[1] (IN)
                         net (fo=0)                   0.000     0.000    adc_clk_i[1]
    U18                  IBUFDS (Prop_ibufds_I_O)     0.433     0.433 r  i_clk/O
                         net (fo=1, routed)           0.481     0.914    pll/adc_clk_in
    PLLE2_ADV_X0Y0       PLLE2_ADV (Prop_plle2_adv_CLKIN1_CLKOUT1)
                                                      0.054     0.968 r  pll/pll/CLKOUT1
                         net (fo=1, routed)           0.544     1.512    pll_dac_clk_1x
    BUFGCTRL_X0Y3        BUFG (Prop_bufg_I_O)         0.029     1.541 r  bufg_dac_clk_1x/O
                         net (fo=63, routed)          0.845     2.386    dac_clk_1x
    SLICE_X43Y73         FDRE                                         r  dac_dat_a_reg[1]/C
                         clock pessimism             -0.075     2.311    
                         clock uncertainty            0.189     2.500    
    SLICE_X43Y73         FDRE (Hold_fdre_C_D)         0.070     2.570    dac_dat_a_reg[1]
  -------------------------------------------------------------------
                         required time                         -2.570    
                         arrival time                           2.731    
  -------------------------------------------------------------------
                         slack                                  0.162    

Slack (MET) :             0.169ns  (arrival time - required time)
  Source:                 e_def/ch[1]/dac_o_reg[12]/C
                            (rising edge-triggered cell FDRE clocked by pll_adc_clk  {rise@0.000ns fall@4.000ns period=8.000ns})
  Destination:            dac_dat_b_reg[12]/D
                            (rising edge-triggered cell FDRE clocked by pll_dac_clk_1x  {rise@0.000ns fall@4.000ns period=8.000ns})
  Path Group:             pll_dac_clk_1x
  Path Type:              Hold (Min at Fast Process Corner)
  Requirement:            0.000ns  (pll_dac_clk_1x rise@0.000ns - pll_adc_clk rise@0.000ns)
  Data Path Delay:        0.715ns  (logic 0.141ns (19.723%)  route 0.574ns (80.277%))
  Logic Levels:           0  
  Clock Path Skew:        0.305ns (DCD - SCD - CPR)
    Destination Clock Delay (DCD):    2.383ns
    Source Clock Delay      (SCD):    2.002ns
    Clock Pessimism Removal (CPR):    0.075ns
  Clock Uncertainty:      0.189ns  ((TSJ^2 + DJ^2)^1/2) / 2 + PE
    Total System Jitter     (TSJ):    0.071ns
    Discrete Jitter          (DJ):    0.118ns
    Phase Error              (PE):    0.120ns

    Location             Delay type                Incr(ns)  Path(ns)    Netlist Resource(s)
  -------------------------------------------------------------------    -------------------
                         (clock pll_adc_clk rise edge)
                                                      0.000     0.000 r  
    U18                                               0.000     0.000 r  adc_clk_i[1] (IN)
                         net (fo=0)                   0.000     0.000    adc_clk_i[1]
    U18                  IBUFDS (Prop_ibufds_I_O)     0.401     0.401 r  i_clk/O
                         net (fo=1, routed)           0.440     0.842    pll/adc_clk_in
    PLLE2_ADV_X0Y0       PLLE2_ADV (Prop_plle2_adv_CLKIN1_CLKOUT0)
                                                      0.051     0.893 r  pll/pll/CLKOUT0
                         net (fo=1, routed)           0.497     1.390    pll_adc_clk
    BUFGCTRL_X0Y0        BUFG (Prop_bufg_I_O)         0.026     1.416 r  bufg_adc_clk/O
                         net (fo=3948, routed)        0.587     2.002    e_def/ch[1]/adc_clk
    SLICE_X37Y57         FDRE                                         r  e_def/ch[1]/dac_o_reg[12]/C
  -------------------------------------------------------------------    -------------------
    SLICE_X37Y57         FDRE (Prop_fdre_C_Q)         0.141     2.143 r  e_def/ch[1]/dac_o_reg[12]/Q
                         net (fo=1, routed)           0.574     2.717    asg_dat[1][12]
    SLICE_X38Y74         FDRE                                         r  dac_dat_b_reg[12]/D
  -------------------------------------------------------------------    -------------------

                         (clock pll_dac_clk_1x rise edge)
                                                      0.000     0.000 r  
    U18                                               0.000     0.000 r  adc_clk_i[1] (IN)
                         net (fo=0)                   0.000     0.000    adc_clk_i[1]
    U18                  IBUFDS (Prop_ibufds_I_O)     0.433     0.433 r  i_clk/O
                         net (fo=1, routed)           0.481     0.914    pll/adc_clk_in
    PLLE2_ADV_X0Y0       PLLE2_ADV (Prop_plle2_adv_CLKIN1_CLKOUT1)
                                                      0.054     0.968 r  pll/pll/CLKOUT1
                         net (fo=1, routed)           0.544     1.512    pll_dac_clk_1x
    BUFGCTRL_X0Y3        BUFG (Prop_bufg_I_O)         0.029     1.541 r  bufg_dac_clk_1x/O
                         net (fo=63, routed)          0.842     2.383    dac_clk_1x
    SLICE_X38Y74         FDRE                                         r  dac_dat_b_reg[12]/C
                         clock pessimism             -0.075     2.308    
                         clock uncertainty            0.189     2.497    
    SLICE_X38Y74         FDRE (Hold_fdre_C_D)         0.052     2.549    dac_dat_b_reg[12]
  -------------------------------------------------------------------
                         required time                         -2.549    
                         arrival time                           2.717    
  -------------------------------------------------------------------
                         slack                                  0.169    

Slack (MET) :             0.175ns  (arrival time - required time)
  Source:                 e_def/ch[0]/dac_o_reg[0]/C
                            (rising edge-triggered cell FDRE clocked by pll_adc_clk  {rise@0.000ns fall@4.000ns period=8.000ns})
  Destination:            dac_dat_a_reg[0]/D
                            (rising edge-triggered cell FDRE clocked by pll_dac_clk_1x  {rise@0.000ns fall@4.000ns period=8.000ns})
  Path Group:             pll_dac_clk_1x
  Path Type:              Hold (Min at Fast Process Corner)
  Requirement:            0.000ns  (pll_dac_clk_1x rise@0.000ns - pll_adc_clk rise@0.000ns)
  Data Path Delay:        0.761ns  (logic 0.141ns (18.536%)  route 0.620ns (81.464%))
  Logic Levels:           0  
  Clock Path Skew:        0.337ns (DCD - SCD - CPR)
    Destination Clock Delay (DCD):    2.389ns
    Source Clock Delay      (SCD):    1.976ns
    Clock Pessimism Removal (CPR):    0.075ns
  Clock Uncertainty:      0.189ns  ((TSJ^2 + DJ^2)^1/2) / 2 + PE
    Total System Jitter     (TSJ):    0.071ns
    Discrete Jitter          (DJ):    0.118ns
    Phase Error              (PE):    0.120ns

    Location             Delay type                Incr(ns)  Path(ns)    Netlist Resource(s)
  -------------------------------------------------------------------    -------------------
                         (clock pll_adc_clk rise edge)
                                                      0.000     0.000 r  
    U18                                               0.000     0.000 r  adc_clk_i[1] (IN)
                         net (fo=0)                   0.000     0.000    adc_clk_i[1]
    U18                  IBUFDS (Prop_ibufds_I_O)     0.401     0.401 r  i_clk/O
                         net (fo=1, routed)           0.440     0.842    pll/adc_clk_in
    PLLE2_ADV_X0Y0       PLLE2_ADV (Prop_plle2_adv_CLKIN1_CLKOUT0)
                                                      0.051     0.893 r  pll/pll/CLKOUT0
                         net (fo=1, routed)           0.497     1.390    pll_adc_clk
    BUFGCTRL_X0Y0        BUFG (Prop_bufg_I_O)         0.026     1.416 r  bufg_adc_clk/O
                         net (fo=3948, routed)        0.561     1.976    e_def/ch[0]/adc_clk
    SLICE_X27Y56         FDRE                                         r  e_def/ch[0]/dac_o_reg[0]/C
  -------------------------------------------------------------------    -------------------
    SLICE_X27Y56         FDRE (Prop_fdre_C_Q)         0.141     2.117 r  e_def/ch[0]/dac_o_reg[0]/Q
                         net (fo=1, routed)           0.620     2.737    asg_dat[0][0]
    SLICE_X38Y69         FDRE                                         r  dac_dat_a_reg[0]/D
  -------------------------------------------------------------------    -------------------

                         (clock pll_dac_clk_1x rise edge)
                                                      0.000     0.000 r  
    U18                                               0.000     0.000 r  adc_clk_i[1] (IN)
                         net (fo=0)                   0.000     0.000    adc_clk_i[1]
    U18                  IBUFDS (Prop_ibufds_I_O)     0.433     0.433 r  i_clk/O
                         net (fo=1, routed)           0.481     0.914    pll/adc_clk_in
    PLLE2_ADV_X0Y0       PLLE2_ADV (Prop_plle2_adv_CLKIN1_CLKOUT1)
                                                      0.054     0.968 r  pll/pll/CLKOUT1
                         net (fo=1, routed)           0.544     1.512    pll_dac_clk_1x
    BUFGCTRL_X0Y3        BUFG (Prop_bufg_I_O)         0.029     1.541 r  bufg_dac_clk_1x/O
                         net (fo=63, routed)          0.848     2.389    dac_clk_1x
    SLICE_X38Y69         FDRE                                         r  dac_dat_a_reg[0]/C
                         clock pessimism             -0.075     2.314    
                         clock uncertainty            0.189     2.503    
    SLICE_X38Y69         FDRE (Hold_fdre_C_D)         0.059     2.562    dac_dat_a_reg[0]
  -------------------------------------------------------------------
                         required time                         -2.562    
                         arrival time                           2.737    
  -------------------------------------------------------------------
                         slack                                  0.175    

Slack (MET) :             0.177ns  (arrival time - required time)
  Source:                 e_def/ch[0]/dac_o_reg[12]/C
                            (rising edge-triggered cell FDRE clocked by pll_adc_clk  {rise@0.000ns fall@4.000ns period=8.000ns})
  Destination:            dac_dat_a_reg[12]/D
                            (rising edge-triggered cell FDRE clocked by pll_dac_clk_1x  {rise@0.000ns fall@4.000ns period=8.000ns})
  Path Group:             pll_dac_clk_1x
  Path Type:              Hold (Min at Fast Process Corner)
  Requirement:            0.000ns  (pll_dac_clk_1x rise@0.000ns - pll_adc_clk rise@0.000ns)
  Data Path Delay:        0.741ns  (logic 0.141ns (19.040%)  route 0.600ns (80.960%))
  Logic Levels:           0  
  Clock Path Skew:        0.315ns (DCD - SCD - CPR)
    Destination Clock Delay (DCD):    2.360ns
    Source Clock Delay      (SCD):    1.969ns
    Clock Pessimism Removal (CPR):    0.075ns
  Clock Uncertainty:      0.189ns  ((TSJ^2 + DJ^2)^1/2) / 2 + PE
    Total System Jitter     (TSJ):    0.071ns
    Discrete Jitter          (DJ):    0.118ns
    Phase Error              (PE):    0.120ns

    Location             Delay type                Incr(ns)  Path(ns)    Netlist Resource(s)
  -------------------------------------------------------------------    -------------------
                         (clock pll_adc_clk rise edge)
                                                      0.000     0.000 r  
    U18                                               0.000     0.000 r  adc_clk_i[1] (IN)
                         net (fo=0)                   0.000     0.000    adc_clk_i[1]
    U18                  IBUFDS (Prop_ibufds_I_O)     0.401     0.401 r  i_clk/O
                         net (fo=1, routed)           0.440     0.842    pll/adc_clk_in
    PLLE2_ADV_X0Y0       PLLE2_ADV (Prop_plle2_adv_CLKIN1_CLKOUT0)
                                                      0.051     0.893 r  pll/pll/CLKOUT0
                         net (fo=1, routed)           0.497     1.390    pll_adc_clk
    BUFGCTRL_X0Y0        BUFG (Prop_bufg_I_O)         0.026     1.416 r  bufg_adc_clk/O
                         net (fo=3948, routed)        0.554     1.969    e_def/ch[0]/adc_clk
    SLICE_X22Y64         FDRE                                         r  e_def/ch[0]/dac_o_reg[12]/C
  -------------------------------------------------------------------    -------------------
    SLICE_X22Y64         FDRE (Prop_fdre_C_Q)         0.141     2.110 r  e_def/ch[0]/dac_o_reg[12]/Q
                         net (fo=1, routed)           0.600     2.710    asg_dat[0][12]
    SLICE_X34Y78         FDRE                                         r  dac_dat_a_reg[12]/D
  -------------------------------------------------------------------    -------------------

                         (clock pll_dac_clk_1x rise edge)
                                                      0.000     0.000 r  
    U18                                               0.000     0.000 r  adc_clk_i[1] (IN)
                         net (fo=0)                   0.000     0.000    adc_clk_i[1]
    U18                  IBUFDS (Prop_ibufds_I_O)     0.433     0.433 r  i_clk/O
                         net (fo=1, routed)           0.481     0.914    pll/adc_clk_in
    PLLE2_ADV_X0Y0       PLLE2_ADV (Prop_plle2_adv_CLKIN1_CLKOUT1)
                                                      0.054     0.968 r  pll/pll/CLKOUT1
                         net (fo=1, routed)           0.544     1.512    pll_dac_clk_1x
    BUFGCTRL_X0Y3        BUFG (Prop_bufg_I_O)         0.029     1.541 r  bufg_dac_clk_1x/O
                         net (fo=63, routed)          0.819     2.360    dac_clk_1x
    SLICE_X34Y78         FDRE                                         r  dac_dat_a_reg[12]/C
                         clock pessimism             -0.075     2.285    
                         clock uncertainty            0.189     2.474    
    SLICE_X34Y78         FDRE (Hold_fdre_C_D)         0.059     2.533    dac_dat_a_reg[12]
  -------------------------------------------------------------------
                         required time                         -2.533    
                         arrival time                           2.710    
  -------------------------------------------------------------------
                         slack                                  0.177    

Slack (MET) :             0.179ns  (arrival time - required time)
  Source:                 e_def/ch[1]/dac_o_reg[0]/C
                            (rising edge-triggered cell FDRE clocked by pll_adc_clk  {rise@0.000ns fall@4.000ns period=8.000ns})
  Destination:            dac_dat_b_reg[0]/D
                            (rising edge-triggered cell FDRE clocked by pll_dac_clk_1x  {rise@0.000ns fall@4.000ns period=8.000ns})
  Path Group:             pll_dac_clk_1x
  Path Type:              Hold (Min at Fast Process Corner)
  Requirement:            0.000ns  (pll_dac_clk_1x rise@0.000ns - pll_adc_clk rise@0.000ns)
  Data Path Delay:        0.732ns  (logic 0.141ns (19.256%)  route 0.591ns (80.744%))
  Logic Levels:           0  
  Clock Path Skew:        0.305ns (DCD - SCD - CPR)
    Destination Clock Delay (DCD):    2.383ns
    Source Clock Delay      (SCD):    2.002ns
    Clock Pessimism Removal (CPR):    0.075ns
  Clock Uncertainty:      0.189ns  ((TSJ^2 + DJ^2)^1/2) / 2 + PE
    Total System Jitter     (TSJ):    0.071ns
    Discrete Jitter          (DJ):    0.118ns
    Phase Error              (PE):    0.120ns

    Location             Delay type                Incr(ns)  Path(ns)    Netlist Resource(s)
  -------------------------------------------------------------------    -------------------
                         (clock pll_adc_clk rise edge)
                                                      0.000     0.000 r  
    U18                                               0.000     0.000 r  adc_clk_i[1] (IN)
                         net (fo=0)                   0.000     0.000    adc_clk_i[1]
    U18                  IBUFDS (Prop_ibufds_I_O)     0.401     0.401 r  i_clk/O
                         net (fo=1, routed)           0.440     0.842    pll/adc_clk_in
    PLLE2_ADV_X0Y0       PLLE2_ADV (Prop_plle2_adv_CLKIN1_CLKOUT0)
                                                      0.051     0.893 r  pll/pll/CLKOUT0
                         net (fo=1, routed)           0.497     1.390    pll_adc_clk
    BUFGCTRL_X0Y0        BUFG (Prop_bufg_I_O)         0.026     1.416 r  bufg_adc_clk/O
                         net (fo=3948, routed)        0.587     2.002    e_def/ch[1]/adc_clk
    SLICE_X37Y57         FDRE                                         r  e_def/ch[1]/dac_o_reg[0]/C
  -------------------------------------------------------------------    -------------------
    SLICE_X37Y57         FDRE (Prop_fdre_C_Q)         0.141     2.143 r  e_def/ch[1]/dac_o_reg[0]/Q
                         net (fo=1, routed)           0.591     2.735    asg_dat[1][0]
    SLICE_X38Y74         FDRE                                         r  dac_dat_b_reg[0]/D
  -------------------------------------------------------------------    -------------------

                         (clock pll_dac_clk_1x rise edge)
                                                      0.000     0.000 r  
    U18                                               0.000     0.000 r  adc_clk_i[1] (IN)
                         net (fo=0)                   0.000     0.000    adc_clk_i[1]
    U18                  IBUFDS (Prop_ibufds_I_O)     0.433     0.433 r  i_clk/O
                         net (fo=1, routed)           0.481     0.914    pll/adc_clk_in
    PLLE2_ADV_X0Y0       PLLE2_ADV (Prop_plle2_adv_CLKIN1_CLKOUT1)
                                                      0.054     0.968 r  pll/pll/CLKOUT1
                         net (fo=1, routed)           0.544     1.512    pll_dac_clk_1x
    BUFGCTRL_X0Y3        BUFG (Prop_bufg_I_O)         0.029     1.541 r  bufg_dac_clk_1x/O
                         net (fo=63, routed)          0.842     2.383    dac_clk_1x
    SLICE_X38Y74         FDRE                                         r  dac_dat_b_reg[0]/C
                         clock pessimism             -0.075     2.308    
                         clock uncertainty            0.189     2.497    
    SLICE_X38Y74         FDRE (Hold_fdre_C_D)         0.059     2.556    dac_dat_b_reg[0]
  -------------------------------------------------------------------
                         required time                         -2.556    
                         arrival time                           2.735    
  -------------------------------------------------------------------
                         slack                                  0.179    

Slack (MET) :             0.182ns  (arrival time - required time)
  Source:                 e_def/ch[1]/dac_o_reg[8]/C
                            (rising edge-triggered cell FDRE clocked by pll_adc_clk  {rise@0.000ns fall@4.000ns period=8.000ns})
  Destination:            dac_dat_b_reg[8]/D
                            (rising edge-triggered cell FDRE clocked by pll_dac_clk_1x  {rise@0.000ns fall@4.000ns period=8.000ns})
  Path Group:             pll_dac_clk_1x
  Path Type:              Hold (Min at Fast Process Corner)
  Requirement:            0.000ns  (pll_dac_clk_1x rise@0.000ns - pll_adc_clk rise@0.000ns)
  Data Path Delay:        0.763ns  (logic 0.141ns (18.472%)  route 0.622ns (81.528%))
  Logic Levels:           0  
  Clock Path Skew:        0.322ns (DCD - SCD - CPR)
    Destination Clock Delay (DCD):    2.401ns
    Source Clock Delay      (SCD):    2.003ns
    Clock Pessimism Removal (CPR):    0.075ns
  Clock Uncertainty:      0.189ns  ((TSJ^2 + DJ^2)^1/2) / 2 + PE
    Total System Jitter     (TSJ):    0.071ns
    Discrete Jitter          (DJ):    0.118ns
    Phase Error              (PE):    0.120ns

    Location             Delay type                Incr(ns)  Path(ns)    Netlist Resource(s)
  -------------------------------------------------------------------    -------------------
                         (clock pll_adc_clk rise edge)
                                                      0.000     0.000 r  
    U18                                               0.000     0.000 r  adc_clk_i[1] (IN)
                         net (fo=0)                   0.000     0.000    adc_clk_i[1]
    U18                  IBUFDS (Prop_ibufds_I_O)     0.401     0.401 r  i_clk/O
                         net (fo=1, routed)           0.440     0.842    pll/adc_clk_in
    PLLE2_ADV_X0Y0       PLLE2_ADV (Prop_plle2_adv_CLKIN1_CLKOUT0)
                                                      0.051     0.893 r  pll/pll/CLKOUT0
                         net (fo=1, routed)           0.497     1.390    pll_adc_clk
    BUFGCTRL_X0Y0        BUFG (Prop_bufg_I_O)         0.026     1.416 r  bufg_adc_clk/O
                         net (fo=3948, routed)        0.588     2.003    e_def/ch[1]/adc_clk
    SLICE_X36Y55         FDRE                                         r  e_def/ch[1]/dac_o_reg[8]/C
  -------------------------------------------------------------------    -------------------
    SLICE_X36Y55         FDRE (Prop_fdre_C_Q)         0.141     2.144 r  e_def/ch[1]/dac_o_reg[8]/Q
                         net (fo=1, routed)           0.622     2.767    asg_dat[1][8]
    SLICE_X40Y56         FDRE                                         r  dac_dat_b_reg[8]/D
  -------------------------------------------------------------------    -------------------

                         (clock pll_dac_clk_1x rise edge)
                                                      0.000     0.000 r  
    U18                                               0.000     0.000 r  adc_clk_i[1] (IN)
                         net (fo=0)                   0.000     0.000    adc_clk_i[1]
    U18                  IBUFDS (Prop_ibufds_I_O)     0.433     0.433 r  i_clk/O
                         net (fo=1, routed)           0.481     0.914    pll/adc_clk_in
    PLLE2_ADV_X0Y0       PLLE2_ADV (Prop_plle2_adv_CLKIN1_CLKOUT1)
                                                      0.054     0.968 r  pll/pll/CLKOUT1
                         net (fo=1, routed)           0.544     1.512    pll_dac_clk_1x
    BUFGCTRL_X0Y3        BUFG (Prop_bufg_I_O)         0.029     1.541 r  bufg_dac_clk_1x/O
                         net (fo=63, routed)          0.860     2.401    dac_clk_1x
    SLICE_X40Y56         FDRE                                         r  dac_dat_b_reg[8]/C
                         clock pessimism             -0.075     2.326    
                         clock uncertainty            0.189     2.515    
    SLICE_X40Y56         FDRE (Hold_fdre_C_D)         0.070     2.585    dac_dat_b_reg[8]
  -------------------------------------------------------------------
                         required time                         -2.585    
                         arrival time                           2.767    
  -------------------------------------------------------------------
                         slack                                  0.182    

Slack (MET) :             0.187ns  (arrival time - required time)
  Source:                 e_def/ch[0]/dac_o_reg[13]/C
                            (rising edge-triggered cell FDRE clocked by pll_adc_clk  {rise@0.000ns fall@4.000ns period=8.000ns})
  Destination:            dac_dat_a_reg[13]/D
                            (rising edge-triggered cell FDRE clocked by pll_dac_clk_1x  {rise@0.000ns fall@4.000ns period=8.000ns})
  Path Group:             pll_dac_clk_1x
  Path Type:              Hold (Min at Fast Process Corner)
  Requirement:            0.000ns  (pll_dac_clk_1x rise@0.000ns - pll_adc_clk rise@0.000ns)
  Data Path Delay:        0.757ns  (logic 0.164ns (21.662%)  route 0.593ns (78.338%))
  Logic Levels:           0  
  Clock Path Skew:        0.322ns (DCD - SCD - CPR)
    Destination Clock Delay (DCD):    2.364ns
    Source Clock Delay      (SCD):    1.966ns
    Clock Pessimism Removal (CPR):    0.075ns
  Clock Uncertainty:      0.189ns  ((TSJ^2 + DJ^2)^1/2) / 2 + PE
    Total System Jitter     (TSJ):    0.071ns
    Discrete Jitter          (DJ):    0.118ns
    Phase Error              (PE):    0.120ns

    Location             Delay type                Incr(ns)  Path(ns)    Netlist Resource(s)
  -------------------------------------------------------------------    -------------------
                         (clock pll_adc_clk rise edge)
                                                      0.000     0.000 r  
    U18                                               0.000     0.000 r  adc_clk_i[1] (IN)
                         net (fo=0)                   0.000     0.000    adc_clk_i[1]
    U18                  IBUFDS (Prop_ibufds_I_O)     0.401     0.401 r  i_clk/O
                         net (fo=1, routed)           0.440     0.842    pll/adc_clk_in
    PLLE2_ADV_X0Y0       PLLE2_ADV (Prop_plle2_adv_CLKIN1_CLKOUT0)
                                                      0.051     0.893 r  pll/pll/CLKOUT0
                         net (fo=1, routed)           0.497     1.390    pll_adc_clk
    BUFGCTRL_X0Y0        BUFG (Prop_bufg_I_O)         0.026     1.416 r  bufg_adc_clk/O
                         net (fo=3948, routed)        0.551     1.966    e_def/ch[0]/adc_clk
    SLICE_X24Y68         FDRE                                         r  e_def/ch[0]/dac_o_reg[13]/C
  -------------------------------------------------------------------    -------------------
    SLICE_X24Y68         FDRE (Prop_fdre_C_Q)         0.164     2.130 r  e_def/ch[0]/dac_o_reg[13]/Q
                         net (fo=1, routed)           0.593     2.723    asg_dat[0][13]
    SLICE_X34Y82         FDRE                                         r  dac_dat_a_reg[13]/D
  -------------------------------------------------------------------    -------------------

                         (clock pll_dac_clk_1x rise edge)
                                                      0.000     0.000 r  
    U18                                               0.000     0.000 r  adc_clk_i[1] (IN)
                         net (fo=0)                   0.000     0.000    adc_clk_i[1]
    U18                  IBUFDS (Prop_ibufds_I_O)     0.433     0.433 r  i_clk/O
                         net (fo=1, routed)           0.481     0.914    pll/adc_clk_in
    PLLE2_ADV_X0Y0       PLLE2_ADV (Prop_plle2_adv_CLKIN1_CLKOUT1)
                                                      0.054     0.968 r  pll/pll/CLKOUT1
                         net (fo=1, routed)           0.544     1.512    pll_dac_clk_1x
    BUFGCTRL_X0Y3        BUFG (Prop_bufg_I_O)         0.029     1.541 r  bufg_dac_clk_1x/O
                         net (fo=63, routed)          0.823     2.364    dac_clk_1x
    SLICE_X34Y82         FDRE                                         r  dac_dat_a_reg[13]/C
                         clock pessimism             -0.075     2.289    
                         clock uncertainty            0.189     2.478    
    SLICE_X34Y82         FDRE (Hold_fdre_C_D)         0.059     2.537    dac_dat_a_reg[13]
  -------------------------------------------------------------------
                         required time                         -2.537    
                         arrival time                           2.723    
  -------------------------------------------------------------------
                         slack                                  0.187    

Slack (MET) :             0.194ns  (arrival time - required time)
  Source:                 e_def/ch[0]/dac_o_reg[3]/C
                            (rising edge-triggered cell FDRE clocked by pll_adc_clk  {rise@0.000ns fall@4.000ns period=8.000ns})
  Destination:            dac_dat_a_reg[3]/D
                            (rising edge-triggered cell FDRE clocked by pll_dac_clk_1x  {rise@0.000ns fall@4.000ns period=8.000ns})
  Path Group:             pll_dac_clk_1x
  Path Type:              Hold (Min at Fast Process Corner)
  Requirement:            0.000ns  (pll_dac_clk_1x rise@0.000ns - pll_adc_clk rise@0.000ns)
  Data Path Delay:        0.763ns  (logic 0.141ns (18.487%)  route 0.622ns (81.513%))
  Logic Levels:           0  
  Clock Path Skew:        0.309ns (DCD - SCD - CPR)
    Destination Clock Delay (DCD):    2.389ns
    Source Clock Delay      (SCD):    2.004ns
    Clock Pessimism Removal (CPR):    0.075ns
  Clock Uncertainty:      0.189ns  ((TSJ^2 + DJ^2)^1/2) / 2 + PE
    Total System Jitter     (TSJ):    0.071ns
    Discrete Jitter          (DJ):    0.118ns
    Phase Error              (PE):    0.120ns

    Location             Delay type                Incr(ns)  Path(ns)    Netlist Resource(s)
  -------------------------------------------------------------------    -------------------
                         (clock pll_adc_clk rise edge)
                                                      0.000     0.000 r  
    U18                                               0.000     0.000 r  adc_clk_i[1] (IN)
                         net (fo=0)                   0.000     0.000    adc_clk_i[1]
    U18                  IBUFDS (Prop_ibufds_I_O)     0.401     0.401 r  i_clk/O
                         net (fo=1, routed)           0.440     0.842    pll/adc_clk_in
    PLLE2_ADV_X0Y0       PLLE2_ADV (Prop_plle2_adv_CLKIN1_CLKOUT0)
                                                      0.051     0.893 r  pll/pll/CLKOUT0
                         net (fo=1, routed)           0.497     1.390    pll_adc_clk
    BUFGCTRL_X0Y0        BUFG (Prop_bufg_I_O)         0.026     1.416 r  bufg_adc_clk/O
                         net (fo=3948, routed)        0.589     2.004    e_def/ch[0]/adc_clk
    SLICE_X36Y51         FDRE                                         r  e_def/ch[0]/dac_o_reg[3]/C
  -------------------------------------------------------------------    -------------------
    SLICE_X36Y51         FDRE (Prop_fdre_C_Q)         0.141     2.145 r  e_def/ch[0]/dac_o_reg[3]/Q
                         net (fo=2, routed)           0.622     2.767    asg_dat[0][3]
    SLICE_X43Y78         FDRE                                         r  dac_dat_a_reg[3]/D
  -------------------------------------------------------------------    -------------------

                         (clock pll_dac_clk_1x rise edge)
                                                      0.000     0.000 r  
    U18                                               0.000     0.000 r  adc_clk_i[1] (IN)
                         net (fo=0)                   0.000     0.000    adc_clk_i[1]
    U18                  IBUFDS (Prop_ibufds_I_O)     0.433     0.433 r  i_clk/O
                         net (fo=1, routed)           0.481     0.914    pll/adc_clk_in
    PLLE2_ADV_X0Y0       PLLE2_ADV (Prop_plle2_adv_CLKIN1_CLKOUT1)
                                                      0.054     0.968 r  pll/pll/CLKOUT1
                         net (fo=1, routed)           0.544     1.512    pll_dac_clk_1x
    BUFGCTRL_X0Y3        BUFG (Prop_bufg_I_O)         0.029     1.541 r  bufg_dac_clk_1x/O
                         net (fo=63, routed)          0.848     2.389    dac_clk_1x
    SLICE_X43Y78         FDRE                                         r  dac_dat_a_reg[3]/C
                         clock pessimism             -0.075     2.314    
                         clock uncertainty            0.189     2.503    
    SLICE_X43Y78         FDRE (Hold_fdre_C_D)         0.070     2.573    dac_dat_a_reg[3]
  -------------------------------------------------------------------
                         required time                         -2.573    
                         arrival time                           2.767    
  -------------------------------------------------------------------
                         slack                                  0.194    

Slack (MET) :             0.202ns  (arrival time - required time)
  Source:                 e_def/ch[0]/dac_o_reg[6]/C
                            (rising edge-triggered cell FDRE clocked by pll_adc_clk  {rise@0.000ns fall@4.000ns period=8.000ns})
  Destination:            dac_dat_a_reg[6]/D
                            (rising edge-triggered cell FDRE clocked by pll_dac_clk_1x  {rise@0.000ns fall@4.000ns period=8.000ns})
  Path Group:             pll_dac_clk_1x
  Path Type:              Hold (Min at Fast Process Corner)
  Requirement:            0.000ns  (pll_dac_clk_1x rise@0.000ns - pll_adc_clk rise@0.000ns)
  Data Path Delay:        0.782ns  (logic 0.141ns (18.033%)  route 0.641ns (81.967%))
  Logic Levels:           0  
  Clock Path Skew:        0.321ns (DCD - SCD - CPR)
    Destination Clock Delay (DCD):    2.401ns
    Source Clock Delay      (SCD):    2.004ns
    Clock Pessimism Removal (CPR):    0.075ns
  Clock Uncertainty:      0.189ns  ((TSJ^2 + DJ^2)^1/2) / 2 + PE
    Total System Jitter     (TSJ):    0.071ns
    Discrete Jitter          (DJ):    0.118ns
    Phase Error              (PE):    0.120ns

    Location             Delay type                Incr(ns)  Path(ns)    Netlist Resource(s)
  -------------------------------------------------------------------    -------------------
                         (clock pll_adc_clk rise edge)
                                                      0.000     0.000 r  
    U18                                               0.000     0.000 r  adc_clk_i[1] (IN)
                         net (fo=0)                   0.000     0.000    adc_clk_i[1]
    U18                  IBUFDS (Prop_ibufds_I_O)     0.401     0.401 r  i_clk/O
                         net (fo=1, routed)           0.440     0.842    pll/adc_clk_in
    PLLE2_ADV_X0Y0       PLLE2_ADV (Prop_plle2_adv_CLKIN1_CLKOUT0)
                                                      0.051     0.893 r  pll/pll/CLKOUT0
                         net (fo=1, routed)           0.497     1.390    pll_adc_clk
    BUFGCTRL_X0Y0        BUFG (Prop_bufg_I_O)         0.026     1.416 r  bufg_adc_clk/O
                         net (fo=3948, routed)        0.589     2.004    e_def/ch[0]/adc_clk
    SLICE_X36Y51         FDRE                                         r  e_def/ch[0]/dac_o_reg[6]/C
  -------------------------------------------------------------------    -------------------
    SLICE_X36Y51         FDRE (Prop_fdre_C_Q)         0.141     2.145 r  e_def/ch[0]/dac_o_reg[6]/Q
                         net (fo=2, routed)           0.641     2.786    asg_dat[0][6]
    SLICE_X43Y54         FDRE                                         r  dac_dat_a_reg[6]/D
  -------------------------------------------------------------------    -------------------

                         (clock pll_dac_clk_1x rise edge)
                                                      0.000     0.000 r  
    U18                                               0.000     0.000 r  adc_clk_i[1] (IN)
                         net (fo=0)                   0.000     0.000    adc_clk_i[1]
    U18                  IBUFDS (Prop_ibufds_I_O)     0.433     0.433 r  i_clk/O
                         net (fo=1, routed)           0.481     0.914    pll/adc_clk_in
    PLLE2_ADV_X0Y0       PLLE2_ADV (Prop_plle2_adv_CLKIN1_CLKOUT1)
                                                      0.054     0.968 r  pll/pll/CLKOUT1
                         net (fo=1, routed)           0.544     1.512    pll_dac_clk_1x
    BUFGCTRL_X0Y3        BUFG (Prop_bufg_I_O)         0.029     1.541 r  bufg_dac_clk_1x/O
                         net (fo=63, routed)          0.860     2.401    dac_clk_1x
    SLICE_X43Y54         FDRE                                         r  dac_dat_a_reg[6]/C
                         clock pessimism             -0.075     2.326    
                         clock uncertainty            0.189     2.515    
    SLICE_X43Y54         FDRE (Hold_fdre_C_D)         0.070     2.585    dac_dat_a_reg[6]
  -------------------------------------------------------------------
                         required time                         -2.585    
                         arrival time                           2.786    
  -------------------------------------------------------------------
                         slack                                  0.202    





---------------------------------------------------------------------------------------------------
From Clock:  pll_adc_clk
  To Clock:  pll_pwm_clk

Setup :            0  Failing Endpoints,  Worst Slack        0.698ns,  Total Violation        0.000ns
Hold  :            0  Failing Endpoints,  Worst Slack        0.085ns,  Total Violation        0.000ns
---------------------------------------------------------------------------------------------------


Max Delay Paths
--------------------------------------------------------------------------------------
Slack (MET) :             0.698ns  (required time - arrival time)
  Source:                 i_ams/dac_d_o_reg[2]/C
                            (rising edge-triggered cell FDRE clocked by pll_adc_clk  {rise@0.000ns fall@4.000ns period=8.000ns})
  Destination:            pwm[3]/b_reg[2]/D
                            (rising edge-triggered cell FDRE clocked by pll_pwm_clk  {rise@0.000ns fall@2.000ns period=4.000ns})
  Path Group:             pll_pwm_clk
  Path Type:              Setup (Max at Slow Process Corner)
  Requirement:            4.000ns  (pll_pwm_clk rise@4.000ns - pll_adc_clk rise@0.000ns)
  Data Path Delay:        2.799ns  (logic 0.642ns (22.940%)  route 2.157ns (77.060%))
  Logic Levels:           1  (LUT6=1)
  Clock Path Skew:        -0.344ns (DCD - SCD + CPR)
    Destination Clock Delay (DCD):    5.388ns = ( 9.388 - 4.000 ) 
    Source Clock Delay      (SCD):    5.905ns
    Clock Pessimism Removal (CPR):    0.173ns
  Clock Uncertainty:      0.189ns  ((TSJ^2 + DJ^2)^1/2) / 2 + PE
    Total System Jitter     (TSJ):    0.071ns
    Discrete Jitter          (DJ):    0.118ns
    Phase Error              (PE):    0.120ns

    Location             Delay type                Incr(ns)  Path(ns)    Netlist Resource(s)
  -------------------------------------------------------------------    -------------------
                         (clock pll_adc_clk rise edge)
                                                      0.000     0.000 r  
    U18                                               0.000     0.000 r  adc_clk_i[1] (IN)
                         net (fo=0)                   0.000     0.000    adc_clk_i[1]
    U18                  IBUFDS (Prop_ibufds_I_O)     0.983     0.983 r  i_clk/O
                         net (fo=1, routed)           1.306     2.289    pll/adc_clk_in
    PLLE2_ADV_X0Y0       PLLE2_ADV (Prop_plle2_adv_CLKIN1_CLKOUT0)
                                                      0.089     2.378 r  pll/pll/CLKOUT0
                         net (fo=1, routed)           1.754     4.132    pll_adc_clk
    BUFGCTRL_X0Y0        BUFG (Prop_bufg_I_O)         0.101     4.233 r  bufg_adc_clk/O
                         net (fo=3948, routed)        1.672     5.905    i_ams/adc_clk
    SLICE_X34Y39         FDRE                                         r  i_ams/dac_d_o_reg[2]/C
  -------------------------------------------------------------------    -------------------
    SLICE_X34Y39         FDRE (Prop_fdre_C_Q)         0.518     6.423 r  i_ams/dac_d_o_reg[2]/Q
                         net (fo=2, routed)           2.157     8.580    pwm[3]/Q[2]
    SLICE_X35Y39         LUT6 (Prop_lut6_I5_O)        0.124     8.704 r  pwm[3]/b[2]_i_1/O
                         net (fo=1, routed)           0.000     8.704    pwm[3]/p_0_in[2]
    SLICE_X35Y39         FDRE                                         r  pwm[3]/b_reg[2]/D
  -------------------------------------------------------------------    -------------------

                         (clock pll_pwm_clk rise edge)
                                                      4.000     4.000 r  
    U18                                               0.000     4.000 r  adc_clk_i[1] (IN)
                         net (fo=0)                   0.000     4.000    adc_clk_i[1]
    U18                  IBUFDS (Prop_ibufds_I_O)     0.940     4.940 r  i_clk/O
                         net (fo=1, routed)           1.181     6.121    pll/adc_clk_in
    PLLE2_ADV_X0Y0       PLLE2_ADV (Prop_plle2_adv_CLKIN1_CLKOUT5)
                                                      0.084     6.205 r  pll/pll/CLKOUT5
                         net (fo=1, routed)           1.594     7.799    pll_pwm_clk
    BUFGCTRL_X0Y2        BUFG (Prop_bufg_I_O)         0.091     7.890 r  bufg_pwm_clk/O
                         net (fo=160, routed)         1.498     9.388    pwm[3]/CLK
    SLICE_X35Y39         FDRE                                         r  pwm[3]/b_reg[2]/C
                         clock pessimism              0.173     9.562    
                         clock uncertainty           -0.189     9.373    
    SLICE_X35Y39         FDRE (Setup_fdre_C_D)        0.029     9.402    pwm[3]/b_reg[2]
  -------------------------------------------------------------------
                         required time                          9.402    
                         arrival time                          -8.704    
  -------------------------------------------------------------------
                         slack                                  0.698    

Slack (MET) :             0.850ns  (required time - arrival time)
  Source:                 i_ams/dac_b_o_reg[7]/C
                            (rising edge-triggered cell FDRE clocked by pll_adc_clk  {rise@0.000ns fall@4.000ns period=8.000ns})
  Destination:            pwm[1]/b_reg[7]/D
                            (rising edge-triggered cell FDRE clocked by pll_pwm_clk  {rise@0.000ns fall@2.000ns period=4.000ns})
  Path Group:             pll_pwm_clk
  Path Type:              Setup (Max at Slow Process Corner)
  Requirement:            4.000ns  (pll_pwm_clk rise@4.000ns - pll_adc_clk rise@0.000ns)
  Data Path Delay:        2.645ns  (logic 0.642ns (24.269%)  route 2.003ns (75.731%))
  Logic Levels:           1  (LUT6=1)
  Clock Path Skew:        -0.347ns (DCD - SCD + CPR)
    Destination Clock Delay (DCD):    5.463ns = ( 9.463 - 4.000 ) 
    Source Clock Delay      (SCD):    5.983ns
    Clock Pessimism Removal (CPR):    0.173ns
  Clock Uncertainty:      0.189ns  ((TSJ^2 + DJ^2)^1/2) / 2 + PE
    Total System Jitter     (TSJ):    0.071ns
    Discrete Jitter          (DJ):    0.118ns
    Phase Error              (PE):    0.120ns

    Location             Delay type                Incr(ns)  Path(ns)    Netlist Resource(s)
  -------------------------------------------------------------------    -------------------
                         (clock pll_adc_clk rise edge)
                                                      0.000     0.000 r  
    U18                                               0.000     0.000 r  adc_clk_i[1] (IN)
                         net (fo=0)                   0.000     0.000    adc_clk_i[1]
    U18                  IBUFDS (Prop_ibufds_I_O)     0.983     0.983 r  i_clk/O
                         net (fo=1, routed)           1.306     2.289    pll/adc_clk_in
    PLLE2_ADV_X0Y0       PLLE2_ADV (Prop_plle2_adv_CLKIN1_CLKOUT0)
                                                      0.089     2.378 r  pll/pll/CLKOUT0
                         net (fo=1, routed)           1.754     4.132    pll_adc_clk
    BUFGCTRL_X0Y0        BUFG (Prop_bufg_I_O)         0.101     4.233 r  bufg_adc_clk/O
                         net (fo=3948, routed)        1.750     5.983    i_ams/adc_clk
    SLICE_X38Y40         FDRE                                         r  i_ams/dac_b_o_reg[7]/C
  -------------------------------------------------------------------    -------------------
    SLICE_X38Y40         FDRE (Prop_fdre_C_Q)         0.518     6.501 r  i_ams/dac_b_o_reg[7]/Q
                         net (fo=2, routed)           2.003     8.504    pwm[1]/v_reg[7]_0[7]
    SLICE_X39Y40         LUT6 (Prop_lut6_I5_O)        0.124     8.628 r  pwm[1]/b[7]_i_1__1/O
                         net (fo=1, routed)           0.000     8.628    pwm[1]/p_0_in[7]
    SLICE_X39Y40         FDRE                                         r  pwm[1]/b_reg[7]/D
  -------------------------------------------------------------------    -------------------

                         (clock pll_pwm_clk rise edge)
                                                      4.000     4.000 r  
    U18                                               0.000     4.000 r  adc_clk_i[1] (IN)
                         net (fo=0)                   0.000     4.000    adc_clk_i[1]
    U18                  IBUFDS (Prop_ibufds_I_O)     0.940     4.940 r  i_clk/O
                         net (fo=1, routed)           1.181     6.121    pll/adc_clk_in
    PLLE2_ADV_X0Y0       PLLE2_ADV (Prop_plle2_adv_CLKIN1_CLKOUT5)
                                                      0.084     6.205 r  pll/pll/CLKOUT5
                         net (fo=1, routed)           1.594     7.799    pll_pwm_clk
    BUFGCTRL_X0Y2        BUFG (Prop_bufg_I_O)         0.091     7.890 r  bufg_pwm_clk/O
                         net (fo=160, routed)         1.573     9.463    pwm[1]/CLK
    SLICE_X39Y40         FDRE                                         r  pwm[1]/b_reg[7]/C
                         clock pessimism              0.173     9.637    
                         clock uncertainty           -0.189     9.448    
    SLICE_X39Y40         FDRE (Setup_fdre_C_D)        0.031     9.479    pwm[1]/b_reg[7]
  -------------------------------------------------------------------
                         required time                          9.479    
                         arrival time                          -8.628    
  -------------------------------------------------------------------
                         slack                                  0.850    

Slack (MET) :             0.873ns  (required time - arrival time)
  Source:                 i_ams/dac_c_o_reg[4]/C
                            (rising edge-triggered cell FDRE clocked by pll_adc_clk  {rise@0.000ns fall@4.000ns period=8.000ns})
  Destination:            pwm[2]/b_reg[4]/D
                            (rising edge-triggered cell FDRE clocked by pll_pwm_clk  {rise@0.000ns fall@2.000ns period=4.000ns})
  Path Group:             pll_pwm_clk
  Path Type:              Setup (Max at Slow Process Corner)
  Requirement:            4.000ns  (pll_pwm_clk rise@4.000ns - pll_adc_clk rise@0.000ns)
  Data Path Delay:        2.701ns  (logic 0.580ns (21.477%)  route 2.121ns (78.523%))
  Logic Levels:           1  (LUT6=1)
  Clock Path Skew:        -0.269ns (DCD - SCD + CPR)
    Destination Clock Delay (DCD):    5.460ns = ( 9.460 - 4.000 ) 
    Source Clock Delay      (SCD):    5.902ns
    Clock Pessimism Removal (CPR):    0.173ns
  Clock Uncertainty:      0.189ns  ((TSJ^2 + DJ^2)^1/2) / 2 + PE
    Total System Jitter     (TSJ):    0.071ns
    Discrete Jitter          (DJ):    0.118ns
    Phase Error              (PE):    0.120ns

    Location             Delay type                Incr(ns)  Path(ns)    Netlist Resource(s)
  -------------------------------------------------------------------    -------------------
                         (clock pll_adc_clk rise edge)
                                                      0.000     0.000 r  
    U18                                               0.000     0.000 r  adc_clk_i[1] (IN)
                         net (fo=0)                   0.000     0.000    adc_clk_i[1]
    U18                  IBUFDS (Prop_ibufds_I_O)     0.983     0.983 r  i_clk/O
                         net (fo=1, routed)           1.306     2.289    pll/adc_clk_in
    PLLE2_ADV_X0Y0       PLLE2_ADV (Prop_plle2_adv_CLKIN1_CLKOUT0)
                                                      0.089     2.378 r  pll/pll/CLKOUT0
                         net (fo=1, routed)           1.754     4.132    pll_adc_clk
    BUFGCTRL_X0Y0        BUFG (Prop_bufg_I_O)         0.101     4.233 r  bufg_adc_clk/O
                         net (fo=3948, routed)        1.669     5.902    i_ams/adc_clk
    SLICE_X35Y36         FDRE                                         r  i_ams/dac_c_o_reg[4]/C
  -------------------------------------------------------------------    -------------------
    SLICE_X35Y36         FDRE (Prop_fdre_C_Q)         0.456     6.358 r  i_ams/dac_c_o_reg[4]/Q
                         net (fo=2, routed)           2.121     8.479    pwm[2]/v_reg[7]_0[4]
    SLICE_X36Y35         LUT6 (Prop_lut6_I5_O)        0.124     8.603 r  pwm[2]/b[4]_i_1__0/O
                         net (fo=1, routed)           0.000     8.603    pwm[2]/p_0_in[4]
    SLICE_X36Y35         FDRE                                         r  pwm[2]/b_reg[4]/D
  -------------------------------------------------------------------    -------------------

                         (clock pll_pwm_clk rise edge)
                                                      4.000     4.000 r  
    U18                                               0.000     4.000 r  adc_clk_i[1] (IN)
                         net (fo=0)                   0.000     4.000    adc_clk_i[1]
    U18                  IBUFDS (Prop_ibufds_I_O)     0.940     4.940 r  i_clk/O
                         net (fo=1, routed)           1.181     6.121    pll/adc_clk_in
    PLLE2_ADV_X0Y0       PLLE2_ADV (Prop_plle2_adv_CLKIN1_CLKOUT5)
                                                      0.084     6.205 r  pll/pll/CLKOUT5
                         net (fo=1, routed)           1.594     7.799    pll_pwm_clk
    BUFGCTRL_X0Y2        BUFG (Prop_bufg_I_O)         0.091     7.890 r  bufg_pwm_clk/O
                         net (fo=160, routed)         1.570     9.460    pwm[2]/CLK
    SLICE_X36Y35         FDRE                                         r  pwm[2]/b_reg[4]/C
                         clock pessimism              0.173     9.634    
                         clock uncertainty           -0.189     9.445    
    SLICE_X36Y35         FDRE (Setup_fdre_C_D)        0.031     9.476    pwm[2]/b_reg[4]
  -------------------------------------------------------------------
                         required time                          9.476    
                         arrival time                          -8.603    
  -------------------------------------------------------------------
                         slack                                  0.873    

Slack (MET) :             0.936ns  (required time - arrival time)
  Source:                 i_ams/dac_b_o_reg[1]/C
                            (rising edge-triggered cell FDRE clocked by pll_adc_clk  {rise@0.000ns fall@4.000ns period=8.000ns})
  Destination:            pwm[1]/b_reg[1]/D
                            (rising edge-triggered cell FDRE clocked by pll_pwm_clk  {rise@0.000ns fall@2.000ns period=4.000ns})
  Path Group:             pll_pwm_clk
  Path Type:              Setup (Max at Slow Process Corner)
  Requirement:            4.000ns  (pll_pwm_clk rise@4.000ns - pll_adc_clk rise@0.000ns)
  Data Path Delay:        2.559ns  (logic 0.580ns (22.668%)  route 1.979ns (77.332%))
  Logic Levels:           1  (LUT6=1)
  Clock Path Skew:        -0.346ns (DCD - SCD + CPR)
    Destination Clock Delay (DCD):    5.464ns = ( 9.464 - 4.000 ) 
    Source Clock Delay      (SCD):    5.983ns
    Clock Pessimism Removal (CPR):    0.173ns
  Clock Uncertainty:      0.189ns  ((TSJ^2 + DJ^2)^1/2) / 2 + PE
    Total System Jitter     (TSJ):    0.071ns
    Discrete Jitter          (DJ):    0.118ns
    Phase Error              (PE):    0.120ns

    Location             Delay type                Incr(ns)  Path(ns)    Netlist Resource(s)
  -------------------------------------------------------------------    -------------------
                         (clock pll_adc_clk rise edge)
                                                      0.000     0.000 r  
    U18                                               0.000     0.000 r  adc_clk_i[1] (IN)
                         net (fo=0)                   0.000     0.000    adc_clk_i[1]
    U18                  IBUFDS (Prop_ibufds_I_O)     0.983     0.983 r  i_clk/O
                         net (fo=1, routed)           1.306     2.289    pll/adc_clk_in
    PLLE2_ADV_X0Y0       PLLE2_ADV (Prop_plle2_adv_CLKIN1_CLKOUT0)
                                                      0.089     2.378 r  pll/pll/CLKOUT0
                         net (fo=1, routed)           1.754     4.132    pll_adc_clk
    BUFGCTRL_X0Y0        BUFG (Prop_bufg_I_O)         0.101     4.233 r  bufg_adc_clk/O
                         net (fo=3948, routed)        1.750     5.983    i_ams/adc_clk
    SLICE_X36Y40         FDRE                                         r  i_ams/dac_b_o_reg[1]/C
  -------------------------------------------------------------------    -------------------
    SLICE_X36Y40         FDRE (Prop_fdre_C_Q)         0.456     6.439 r  i_ams/dac_b_o_reg[1]/Q
                         net (fo=2, routed)           1.979     8.418    pwm[1]/v_reg[7]_0[1]
    SLICE_X36Y41         LUT6 (Prop_lut6_I5_O)        0.124     8.542 r  pwm[1]/b[1]_i_1__1/O
                         net (fo=1, routed)           0.000     8.542    pwm[1]/p_0_in[1]
    SLICE_X36Y41         FDRE                                         r  pwm[1]/b_reg[1]/D
  -------------------------------------------------------------------    -------------------

                         (clock pll_pwm_clk rise edge)
                                                      4.000     4.000 r  
    U18                                               0.000     4.000 r  adc_clk_i[1] (IN)
                         net (fo=0)                   0.000     4.000    adc_clk_i[1]
    U18                  IBUFDS (Prop_ibufds_I_O)     0.940     4.940 r  i_clk/O
                         net (fo=1, routed)           1.181     6.121    pll/adc_clk_in
    PLLE2_ADV_X0Y0       PLLE2_ADV (Prop_plle2_adv_CLKIN1_CLKOUT5)
                                                      0.084     6.205 r  pll/pll/CLKOUT5
                         net (fo=1, routed)           1.594     7.799    pll_pwm_clk
    BUFGCTRL_X0Y2        BUFG (Prop_bufg_I_O)         0.091     7.890 r  bufg_pwm_clk/O
                         net (fo=160, routed)         1.574     9.464    pwm[1]/CLK
    SLICE_X36Y41         FDRE                                         r  pwm[1]/b_reg[1]/C
                         clock pessimism              0.173     9.638    
                         clock uncertainty           -0.189     9.449    
    SLICE_X36Y41         FDRE (Setup_fdre_C_D)        0.029     9.478    pwm[1]/b_reg[1]
  -------------------------------------------------------------------
                         required time                          9.478    
                         arrival time                          -8.542    
  -------------------------------------------------------------------
                         slack                                  0.936    

Slack (MET) :             1.009ns  (required time - arrival time)
  Source:                 i_ams/dac_d_o_reg[0]/C
                            (rising edge-triggered cell FDRE clocked by pll_adc_clk  {rise@0.000ns fall@4.000ns period=8.000ns})
  Destination:            pwm[3]/b_reg[0]/D
                            (rising edge-triggered cell FDRE clocked by pll_pwm_clk  {rise@0.000ns fall@2.000ns period=4.000ns})
  Path Group:             pll_pwm_clk
  Path Type:              Setup (Max at Slow Process Corner)
  Requirement:            4.000ns  (pll_pwm_clk rise@4.000ns - pll_adc_clk rise@0.000ns)
  Data Path Delay:        2.486ns  (logic 0.580ns (23.326%)  route 1.906ns (76.674%))
  Logic Levels:           1  (LUT6=1)
  Clock Path Skew:        -0.347ns (DCD - SCD + CPR)
    Destination Clock Delay (DCD):    5.463ns = ( 9.463 - 4.000 ) 
    Source Clock Delay      (SCD):    5.983ns
    Clock Pessimism Removal (CPR):    0.173ns
  Clock Uncertainty:      0.189ns  ((TSJ^2 + DJ^2)^1/2) / 2 + PE
    Total System Jitter     (TSJ):    0.071ns
    Discrete Jitter          (DJ):    0.118ns
    Phase Error              (PE):    0.120ns

    Location             Delay type                Incr(ns)  Path(ns)    Netlist Resource(s)
  -------------------------------------------------------------------    -------------------
                         (clock pll_adc_clk rise edge)
                                                      0.000     0.000 r  
    U18                                               0.000     0.000 r  adc_clk_i[1] (IN)
                         net (fo=0)                   0.000     0.000    adc_clk_i[1]
    U18                  IBUFDS (Prop_ibufds_I_O)     0.983     0.983 r  i_clk/O
                         net (fo=1, routed)           1.306     2.289    pll/adc_clk_in
    PLLE2_ADV_X0Y0       PLLE2_ADV (Prop_plle2_adv_CLKIN1_CLKOUT0)
                                                      0.089     2.378 r  pll/pll/CLKOUT0
                         net (fo=1, routed)           1.754     4.132    pll_adc_clk
    BUFGCTRL_X0Y0        BUFG (Prop_bufg_I_O)         0.101     4.233 r  bufg_adc_clk/O
                         net (fo=3948, routed)        1.750     5.983    i_ams/adc_clk
    SLICE_X36Y39         FDRE                                         r  i_ams/dac_d_o_reg[0]/C
  -------------------------------------------------------------------    -------------------
    SLICE_X36Y39         FDRE (Prop_fdre_C_Q)         0.456     6.439 r  i_ams/dac_d_o_reg[0]/Q
                         net (fo=2, routed)           1.906     8.346    pwm[3]/Q[0]
    SLICE_X37Y39         LUT6 (Prop_lut6_I5_O)        0.124     8.470 r  pwm[3]/b[0]_i_1/O
                         net (fo=1, routed)           0.000     8.470    pwm[3]/p_0_in[0]
    SLICE_X37Y39         FDRE                                         r  pwm[3]/b_reg[0]/D
  -------------------------------------------------------------------    -------------------

                         (clock pll_pwm_clk rise edge)
                                                      4.000     4.000 r  
    U18                                               0.000     4.000 r  adc_clk_i[1] (IN)
                         net (fo=0)                   0.000     4.000    adc_clk_i[1]
    U18                  IBUFDS (Prop_ibufds_I_O)     0.940     4.940 r  i_clk/O
                         net (fo=1, routed)           1.181     6.121    pll/adc_clk_in
    PLLE2_ADV_X0Y0       PLLE2_ADV (Prop_plle2_adv_CLKIN1_CLKOUT5)
                                                      0.084     6.205 r  pll/pll/CLKOUT5
                         net (fo=1, routed)           1.594     7.799    pll_pwm_clk
    BUFGCTRL_X0Y2        BUFG (Prop_bufg_I_O)         0.091     7.890 r  bufg_pwm_clk/O
                         net (fo=160, routed)         1.573     9.463    pwm[3]/CLK
    SLICE_X37Y39         FDRE                                         r  pwm[3]/b_reg[0]/C
                         clock pessimism              0.173     9.637    
                         clock uncertainty           -0.189     9.448    
    SLICE_X37Y39         FDRE (Setup_fdre_C_D)        0.031     9.479    pwm[3]/b_reg[0]
  -------------------------------------------------------------------
                         required time                          9.479    
                         arrival time                          -8.470    
  -------------------------------------------------------------------
                         slack                                  1.009    

Slack (MET) :             1.021ns  (required time - arrival time)
  Source:                 i_ams/dac_d_o_reg[23]/C
                            (rising edge-triggered cell FDSE clocked by pll_adc_clk  {rise@0.000ns fall@4.000ns period=8.000ns})
  Destination:            pwm[3]/v_reg[7]/D
                            (rising edge-triggered cell FDRE clocked by pll_pwm_clk  {rise@0.000ns fall@2.000ns period=4.000ns})
  Path Group:             pll_pwm_clk
  Path Type:              Setup (Max at Slow Process Corner)
  Requirement:            4.000ns  (pll_pwm_clk rise@4.000ns - pll_adc_clk rise@0.000ns)
  Data Path Delay:        2.312ns  (logic 0.419ns (18.127%)  route 1.893ns (81.873%))
  Logic Levels:           0  
  Clock Path Skew:        -0.263ns (DCD - SCD + CPR)
    Destination Clock Delay (DCD):    5.463ns = ( 9.463 - 4.000 ) 
    Source Clock Delay      (SCD):    5.900ns
    Clock Pessimism Removal (CPR):    0.173ns
  Clock Uncertainty:      0.189ns  ((TSJ^2 + DJ^2)^1/2) / 2 + PE
    Total System Jitter     (TSJ):    0.071ns
    Discrete Jitter          (DJ):    0.118ns
    Phase Error              (PE):    0.120ns

    Location             Delay type                Incr(ns)  Path(ns)    Netlist Resource(s)
  -------------------------------------------------------------------    -------------------
                         (clock pll_adc_clk rise edge)
                                                      0.000     0.000 r  
    U18                                               0.000     0.000 r  adc_clk_i[1] (IN)
                         net (fo=0)                   0.000     0.000    adc_clk_i[1]
    U18                  IBUFDS (Prop_ibufds_I_O)     0.983     0.983 r  i_clk/O
                         net (fo=1, routed)           1.306     2.289    pll/adc_clk_in
    PLLE2_ADV_X0Y0       PLLE2_ADV (Prop_plle2_adv_CLKIN1_CLKOUT0)
                                                      0.089     2.378 r  pll/pll/CLKOUT0
                         net (fo=1, routed)           1.754     4.132    pll_adc_clk
    BUFGCTRL_X0Y0        BUFG (Prop_bufg_I_O)         0.101     4.233 r  bufg_adc_clk/O
                         net (fo=3948, routed)        1.667     5.900    i_ams/adc_clk
    SLICE_X25Y39         FDSE                                         r  i_ams/dac_d_o_reg[23]/C
  -------------------------------------------------------------------    -------------------
    SLICE_X25Y39         FDSE (Prop_fdse_C_Q)         0.419     6.319 r  i_ams/dac_d_o_reg[23]/Q
                         net (fo=2, routed)           1.893     8.212    pwm[3]/Q[23]
    SLICE_X39Y39         FDRE                                         r  pwm[3]/v_reg[7]/D
  -------------------------------------------------------------------    -------------------

                         (clock pll_pwm_clk rise edge)
                                                      4.000     4.000 r  
    U18                                               0.000     4.000 r  adc_clk_i[1] (IN)
                         net (fo=0)                   0.000     4.000    adc_clk_i[1]
    U18                  IBUFDS (Prop_ibufds_I_O)     0.940     4.940 r  i_clk/O
                         net (fo=1, routed)           1.181     6.121    pll/adc_clk_in
    PLLE2_ADV_X0Y0       PLLE2_ADV (Prop_plle2_adv_CLKIN1_CLKOUT5)
                                                      0.084     6.205 r  pll/pll/CLKOUT5
                         net (fo=1, routed)           1.594     7.799    pll_pwm_clk
    BUFGCTRL_X0Y2        BUFG (Prop_bufg_I_O)         0.091     7.890 r  bufg_pwm_clk/O
                         net (fo=160, routed)         1.573     9.463    pwm[3]/CLK
    SLICE_X39Y39         FDRE                                         r  pwm[3]/v_reg[7]/C
                         clock pessimism              0.173     9.637    
                         clock uncertainty           -0.189     9.448    
    SLICE_X39Y39         FDRE (Setup_fdre_C_D)       -0.215     9.233    pwm[3]/v_reg[7]
  -------------------------------------------------------------------
                         required time                          9.233    
                         arrival time                          -8.212    
  -------------------------------------------------------------------
                         slack                                  1.021    

Slack (MET) :             1.063ns  (required time - arrival time)
  Source:                 i_ams/dac_d_o_reg[15]/C
                            (rising edge-triggered cell FDRE clocked by pll_adc_clk  {rise@0.000ns fall@4.000ns period=8.000ns})
  Destination:            pwm[3]/b_reg[15]/D
                            (rising edge-triggered cell FDRE clocked by pll_pwm_clk  {rise@0.000ns fall@2.000ns period=4.000ns})
  Path Group:             pll_pwm_clk
  Path Type:              Setup (Max at Slow Process Corner)
  Requirement:            4.000ns  (pll_pwm_clk rise@4.000ns - pll_adc_clk rise@0.000ns)
  Data Path Delay:        2.436ns  (logic 0.642ns (26.360%)  route 1.794ns (73.640%))
  Logic Levels:           1  (LUT5=1)
  Clock Path Skew:        -0.344ns (DCD - SCD + CPR)
    Destination Clock Delay (DCD):    5.386ns = ( 9.386 - 4.000 ) 
    Source Clock Delay      (SCD):    5.903ns
    Clock Pessimism Removal (CPR):    0.173ns
  Clock Uncertainty:      0.189ns  ((TSJ^2 + DJ^2)^1/2) / 2 + PE
    Total System Jitter     (TSJ):    0.071ns
    Discrete Jitter          (DJ):    0.118ns
    Phase Error              (PE):    0.120ns

    Location             Delay type                Incr(ns)  Path(ns)    Netlist Resource(s)
  -------------------------------------------------------------------    -------------------
                         (clock pll_adc_clk rise edge)
                                                      0.000     0.000 r  
    U18                                               0.000     0.000 r  adc_clk_i[1] (IN)
                         net (fo=0)                   0.000     0.000    adc_clk_i[1]
    U18                  IBUFDS (Prop_ibufds_I_O)     0.983     0.983 r  i_clk/O
                         net (fo=1, routed)           1.306     2.289    pll/adc_clk_in
    PLLE2_ADV_X0Y0       PLLE2_ADV (Prop_plle2_adv_CLKIN1_CLKOUT0)
                                                      0.089     2.378 r  pll/pll/CLKOUT0
                         net (fo=1, routed)           1.754     4.132    pll_adc_clk
    BUFGCTRL_X0Y0        BUFG (Prop_bufg_I_O)         0.101     4.233 r  bufg_adc_clk/O
                         net (fo=3948, routed)        1.670     5.903    i_ams/adc_clk
    SLICE_X34Y37         FDRE                                         r  i_ams/dac_d_o_reg[15]/C
  -------------------------------------------------------------------    -------------------
    SLICE_X34Y37         FDRE (Prop_fdre_C_Q)         0.518     6.421 r  i_ams/dac_d_o_reg[15]/Q
                         net (fo=2, routed)           1.794     8.215    pwm[3]/Q[15]
    SLICE_X35Y37         LUT5 (Prop_lut5_I0_O)        0.124     8.339 r  pwm[3]/b[15]_i_2/O
                         net (fo=1, routed)           0.000     8.339    pwm[3]/p_0_in[15]
    SLICE_X35Y37         FDRE                                         r  pwm[3]/b_reg[15]/D
  -------------------------------------------------------------------    -------------------

                         (clock pll_pwm_clk rise edge)
                                                      4.000     4.000 r  
    U18                                               0.000     4.000 r  adc_clk_i[1] (IN)
                         net (fo=0)                   0.000     4.000    adc_clk_i[1]
    U18                  IBUFDS (Prop_ibufds_I_O)     0.940     4.940 r  i_clk/O
                         net (fo=1, routed)           1.181     6.121    pll/adc_clk_in
    PLLE2_ADV_X0Y0       PLLE2_ADV (Prop_plle2_adv_CLKIN1_CLKOUT5)
                                                      0.084     6.205 r  pll/pll/CLKOUT5
                         net (fo=1, routed)           1.594     7.799    pll_pwm_clk
    BUFGCTRL_X0Y2        BUFG (Prop_bufg_I_O)         0.091     7.890 r  bufg_pwm_clk/O
                         net (fo=160, routed)         1.496     9.386    pwm[3]/CLK
    SLICE_X35Y37         FDRE                                         r  pwm[3]/b_reg[15]/C
                         clock pessimism              0.173     9.560    
                         clock uncertainty           -0.189     9.371    
    SLICE_X35Y37         FDRE (Setup_fdre_C_D)        0.031     9.402    pwm[3]/b_reg[15]
  -------------------------------------------------------------------
                         required time                          9.402    
                         arrival time                          -8.339    
  -------------------------------------------------------------------
                         slack                                  1.063    

Slack (MET) :             1.064ns  (required time - arrival time)
  Source:                 i_ams/dac_b_o_reg[8]/C
                            (rising edge-triggered cell FDRE clocked by pll_adc_clk  {rise@0.000ns fall@4.000ns period=8.000ns})
  Destination:            pwm[1]/b_reg[8]/D
                            (rising edge-triggered cell FDRE clocked by pll_pwm_clk  {rise@0.000ns fall@2.000ns period=4.000ns})
  Path Group:             pll_pwm_clk
  Path Type:              Setup (Max at Slow Process Corner)
  Requirement:            4.000ns  (pll_pwm_clk rise@4.000ns - pll_adc_clk rise@0.000ns)
  Data Path Delay:        2.508ns  (logic 0.642ns (25.598%)  route 1.866ns (74.402%))
  Logic Levels:           1  (LUT6=1)
  Clock Path Skew:        -0.269ns (DCD - SCD + CPR)
    Destination Clock Delay (DCD):    5.462ns = ( 9.462 - 4.000 ) 
    Source Clock Delay      (SCD):    5.904ns
    Clock Pessimism Removal (CPR):    0.173ns
  Clock Uncertainty:      0.189ns  ((TSJ^2 + DJ^2)^1/2) / 2 + PE
    Total System Jitter     (TSJ):    0.071ns
    Discrete Jitter          (DJ):    0.118ns
    Phase Error              (PE):    0.120ns

    Location             Delay type                Incr(ns)  Path(ns)    Netlist Resource(s)
  -------------------------------------------------------------------    -------------------
                         (clock pll_adc_clk rise edge)
                                                      0.000     0.000 r  
    U18                                               0.000     0.000 r  adc_clk_i[1] (IN)
                         net (fo=0)                   0.000     0.000    adc_clk_i[1]
    U18                  IBUFDS (Prop_ibufds_I_O)     0.983     0.983 r  i_clk/O
                         net (fo=1, routed)           1.306     2.289    pll/adc_clk_in
    PLLE2_ADV_X0Y0       PLLE2_ADV (Prop_plle2_adv_CLKIN1_CLKOUT0)
                                                      0.089     2.378 r  pll/pll/CLKOUT0
                         net (fo=1, routed)           1.754     4.132    pll_adc_clk
    BUFGCTRL_X0Y0        BUFG (Prop_bufg_I_O)         0.101     4.233 r  bufg_adc_clk/O
                         net (fo=3948, routed)        1.671     5.904    i_ams/adc_clk
    SLICE_X34Y38         FDRE                                         r  i_ams/dac_b_o_reg[8]/C
  -------------------------------------------------------------------    -------------------
    SLICE_X34Y38         FDRE (Prop_fdre_C_Q)         0.518     6.422 r  i_ams/dac_b_o_reg[8]/Q
                         net (fo=2, routed)           1.866     8.288    pwm[1]/v_reg[7]_0[8]
    SLICE_X39Y38         LUT6 (Prop_lut6_I5_O)        0.124     8.412 r  pwm[1]/b[8]_i_1__1/O
                         net (fo=1, routed)           0.000     8.412    pwm[1]/p_0_in[8]
    SLICE_X39Y38         FDRE                                         r  pwm[1]/b_reg[8]/D
  -------------------------------------------------------------------    -------------------

                         (clock pll_pwm_clk rise edge)
                                                      4.000     4.000 r  
    U18                                               0.000     4.000 r  adc_clk_i[1] (IN)
                         net (fo=0)                   0.000     4.000    adc_clk_i[1]
    U18                  IBUFDS (Prop_ibufds_I_O)     0.940     4.940 r  i_clk/O
                         net (fo=1, routed)           1.181     6.121    pll/adc_clk_in
    PLLE2_ADV_X0Y0       PLLE2_ADV (Prop_plle2_adv_CLKIN1_CLKOUT5)
                                                      0.084     6.205 r  pll/pll/CLKOUT5
                         net (fo=1, routed)           1.594     7.799    pll_pwm_clk
    BUFGCTRL_X0Y2        BUFG (Prop_bufg_I_O)         0.091     7.890 r  bufg_pwm_clk/O
                         net (fo=160, routed)         1.572     9.462    pwm[1]/CLK
    SLICE_X39Y38         FDRE                                         r  pwm[1]/b_reg[8]/C
                         clock pessimism              0.173     9.636    
                         clock uncertainty           -0.189     9.447    
    SLICE_X39Y38         FDRE (Setup_fdre_C_D)        0.029     9.476    pwm[1]/b_reg[8]
  -------------------------------------------------------------------
                         required time                          9.476    
                         arrival time                          -8.412    
  -------------------------------------------------------------------
                         slack                                  1.064    

Slack (MET) :             1.122ns  (required time - arrival time)
  Source:                 i_ams/dac_d_o_reg[18]/C
                            (rising edge-triggered cell FDSE clocked by pll_adc_clk  {rise@0.000ns fall@4.000ns period=8.000ns})
  Destination:            pwm[3]/v_reg[2]/D
                            (rising edge-triggered cell FDRE clocked by pll_pwm_clk  {rise@0.000ns fall@2.000ns period=4.000ns})
  Path Group:             pll_pwm_clk
  Path Type:              Setup (Max at Slow Process Corner)
  Requirement:            4.000ns  (pll_pwm_clk rise@4.000ns - pll_adc_clk rise@0.000ns)
  Data Path Delay:        2.333ns  (logic 0.456ns (19.546%)  route 1.877ns (80.454%))
  Logic Levels:           0  
  Clock Path Skew:        -0.263ns (DCD - SCD + CPR)
    Destination Clock Delay (DCD):    5.463ns = ( 9.463 - 4.000 ) 
    Source Clock Delay      (SCD):    5.900ns
    Clock Pessimism Removal (CPR):    0.173ns
  Clock Uncertainty:      0.189ns  ((TSJ^2 + DJ^2)^1/2) / 2 + PE
    Total System Jitter     (TSJ):    0.071ns
    Discrete Jitter          (DJ):    0.118ns
    Phase Error              (PE):    0.120ns

    Location             Delay type                Incr(ns)  Path(ns)    Netlist Resource(s)
  -------------------------------------------------------------------    -------------------
                         (clock pll_adc_clk rise edge)
                                                      0.000     0.000 r  
    U18                                               0.000     0.000 r  adc_clk_i[1] (IN)
                         net (fo=0)                   0.000     0.000    adc_clk_i[1]
    U18                  IBUFDS (Prop_ibufds_I_O)     0.983     0.983 r  i_clk/O
                         net (fo=1, routed)           1.306     2.289    pll/adc_clk_in
    PLLE2_ADV_X0Y0       PLLE2_ADV (Prop_plle2_adv_CLKIN1_CLKOUT0)
                                                      0.089     2.378 r  pll/pll/CLKOUT0
                         net (fo=1, routed)           1.754     4.132    pll_adc_clk
    BUFGCTRL_X0Y0        BUFG (Prop_bufg_I_O)         0.101     4.233 r  bufg_adc_clk/O
                         net (fo=3948, routed)        1.667     5.900    i_ams/adc_clk
    SLICE_X25Y39         FDSE                                         r  i_ams/dac_d_o_reg[18]/C
  -------------------------------------------------------------------    -------------------
    SLICE_X25Y39         FDSE (Prop_fdse_C_Q)         0.456     6.356 r  i_ams/dac_d_o_reg[18]/Q
                         net (fo=2, routed)           1.877     8.233    pwm[3]/Q[18]
    SLICE_X39Y39         FDRE                                         r  pwm[3]/v_reg[2]/D
  -------------------------------------------------------------------    -------------------

                         (clock pll_pwm_clk rise edge)
                                                      4.000     4.000 r  
    U18                                               0.000     4.000 r  adc_clk_i[1] (IN)
                         net (fo=0)                   0.000     4.000    adc_clk_i[1]
    U18                  IBUFDS (Prop_ibufds_I_O)     0.940     4.940 r  i_clk/O
                         net (fo=1, routed)           1.181     6.121    pll/adc_clk_in
    PLLE2_ADV_X0Y0       PLLE2_ADV (Prop_plle2_adv_CLKIN1_CLKOUT5)
                                                      0.084     6.205 r  pll/pll/CLKOUT5
                         net (fo=1, routed)           1.594     7.799    pll_pwm_clk
    BUFGCTRL_X0Y2        BUFG (Prop_bufg_I_O)         0.091     7.890 r  bufg_pwm_clk/O
                         net (fo=160, routed)         1.573     9.463    pwm[3]/CLK
    SLICE_X39Y39         FDRE                                         r  pwm[3]/v_reg[2]/C
                         clock pessimism              0.173     9.637    
                         clock uncertainty           -0.189     9.448    
    SLICE_X39Y39         FDRE (Setup_fdre_C_D)       -0.093     9.355    pwm[3]/v_reg[2]
  -------------------------------------------------------------------
                         required time                          9.355    
                         arrival time                          -8.233    
  -------------------------------------------------------------------
                         slack                                  1.122    

Slack (MET) :             1.130ns  (required time - arrival time)
  Source:                 i_ams/dac_c_o_reg[0]/C
                            (rising edge-triggered cell FDRE clocked by pll_adc_clk  {rise@0.000ns fall@4.000ns period=8.000ns})
  Destination:            pwm[2]/b_reg[0]/D
                            (rising edge-triggered cell FDRE clocked by pll_pwm_clk  {rise@0.000ns fall@2.000ns period=4.000ns})
  Path Group:             pll_pwm_clk
  Path Type:              Setup (Max at Slow Process Corner)
  Requirement:            4.000ns  (pll_pwm_clk rise@4.000ns - pll_adc_clk rise@0.000ns)
  Data Path Delay:        2.444ns  (logic 0.642ns (26.266%)  route 1.802ns (73.734%))
  Logic Levels:           1  (LUT6=1)
  Clock Path Skew:        -0.269ns (DCD - SCD + CPR)
    Destination Clock Delay (DCD):    5.460ns = ( 9.460 - 4.000 ) 
    Source Clock Delay      (SCD):    5.902ns
    Clock Pessimism Removal (CPR):    0.173ns
  Clock Uncertainty:      0.189ns  ((TSJ^2 + DJ^2)^1/2) / 2 + PE
    Total System Jitter     (TSJ):    0.071ns
    Discrete Jitter          (DJ):    0.118ns
    Phase Error              (PE):    0.120ns

    Location             Delay type                Incr(ns)  Path(ns)    Netlist Resource(s)
  -------------------------------------------------------------------    -------------------
                         (clock pll_adc_clk rise edge)
                                                      0.000     0.000 r  
    U18                                               0.000     0.000 r  adc_clk_i[1] (IN)
                         net (fo=0)                   0.000     0.000    adc_clk_i[1]
    U18                  IBUFDS (Prop_ibufds_I_O)     0.983     0.983 r  i_clk/O
                         net (fo=1, routed)           1.306     2.289    pll/adc_clk_in
    PLLE2_ADV_X0Y0       PLLE2_ADV (Prop_plle2_adv_CLKIN1_CLKOUT0)
                                                      0.089     2.378 r  pll/pll/CLKOUT0
                         net (fo=1, routed)           1.754     4.132    pll_adc_clk
    BUFGCTRL_X0Y0        BUFG (Prop_bufg_I_O)         0.101     4.233 r  bufg_adc_clk/O
                         net (fo=3948, routed)        1.669     5.902    i_ams/adc_clk
    SLICE_X34Y35         FDRE                                         r  i_ams/dac_c_o_reg[0]/C
  -------------------------------------------------------------------    -------------------
    SLICE_X34Y35         FDRE (Prop_fdre_C_Q)         0.518     6.420 r  i_ams/dac_c_o_reg[0]/Q
                         net (fo=2, routed)           1.802     8.222    pwm[2]/v_reg[7]_0[0]
    SLICE_X37Y35         LUT6 (Prop_lut6_I5_O)        0.124     8.346 r  pwm[2]/b[0]_i_1__0/O
                         net (fo=1, routed)           0.000     8.346    pwm[2]/p_0_in[0]
    SLICE_X37Y35         FDRE                                         r  pwm[2]/b_reg[0]/D
  -------------------------------------------------------------------    -------------------

                         (clock pll_pwm_clk rise edge)
                                                      4.000     4.000 r  
    U18                                               0.000     4.000 r  adc_clk_i[1] (IN)
                         net (fo=0)                   0.000     4.000    adc_clk_i[1]
    U18                  IBUFDS (Prop_ibufds_I_O)     0.940     4.940 r  i_clk/O
                         net (fo=1, routed)           1.181     6.121    pll/adc_clk_in
    PLLE2_ADV_X0Y0       PLLE2_ADV (Prop_plle2_adv_CLKIN1_CLKOUT5)
                                                      0.084     6.205 r  pll/pll/CLKOUT5
                         net (fo=1, routed)           1.594     7.799    pll_pwm_clk
    BUFGCTRL_X0Y2        BUFG (Prop_bufg_I_O)         0.091     7.890 r  bufg_pwm_clk/O
                         net (fo=160, routed)         1.570     9.460    pwm[2]/CLK
    SLICE_X37Y35         FDRE                                         r  pwm[2]/b_reg[0]/C
                         clock pessimism              0.173     9.634    
                         clock uncertainty           -0.189     9.445    
    SLICE_X37Y35         FDRE (Setup_fdre_C_D)        0.032     9.477    pwm[2]/b_reg[0]
  -------------------------------------------------------------------
                         required time                          9.477    
                         arrival time                          -8.346    
  -------------------------------------------------------------------
                         slack                                  1.130    





Min Delay Paths
--------------------------------------------------------------------------------------
Slack (MET) :             0.085ns  (arrival time - required time)
  Source:                 i_ams/dac_b_o_reg[18]/C
                            (rising edge-triggered cell FDSE clocked by pll_adc_clk  {rise@0.000ns fall@4.000ns period=8.000ns})
  Destination:            pwm[1]/v_reg[2]/D
                            (rising edge-triggered cell FDRE clocked by pll_pwm_clk  {rise@0.000ns fall@2.000ns period=4.000ns})
  Path Group:             pll_pwm_clk
  Path Type:              Hold (Min at Fast Process Corner)
  Requirement:            0.000ns  (pll_pwm_clk rise@0.000ns - pll_adc_clk rise@0.000ns)
  Data Path Delay:        0.672ns  (logic 0.141ns (20.986%)  route 0.531ns (79.014%))
  Logic Levels:           0  
  Clock Path Skew:        0.350ns (DCD - SCD - CPR)
    Destination Clock Delay (DCD):    2.400ns
    Source Clock Delay      (SCD):    1.974ns
    Clock Pessimism Removal (CPR):    0.075ns
  Clock Uncertainty:      0.189ns  ((TSJ^2 + DJ^2)^1/2) / 2 + PE
    Total System Jitter     (TSJ):    0.071ns
    Discrete Jitter          (DJ):    0.118ns
    Phase Error              (PE):    0.120ns

    Location             Delay type                Incr(ns)  Path(ns)    Netlist Resource(s)
  -------------------------------------------------------------------    -------------------
                         (clock pll_adc_clk rise edge)
                                                      0.000     0.000 r  
    U18                                               0.000     0.000 r  adc_clk_i[1] (IN)
                         net (fo=0)                   0.000     0.000    adc_clk_i[1]
    U18                  IBUFDS (Prop_ibufds_I_O)     0.401     0.401 r  i_clk/O
                         net (fo=1, routed)           0.440     0.842    pll/adc_clk_in
    PLLE2_ADV_X0Y0       PLLE2_ADV (Prop_plle2_adv_CLKIN1_CLKOUT0)
                                                      0.051     0.893 r  pll/pll/CLKOUT0
                         net (fo=1, routed)           0.497     1.390    pll_adc_clk
    BUFGCTRL_X0Y0        BUFG (Prop_bufg_I_O)         0.026     1.416 r  bufg_adc_clk/O
                         net (fo=3948, routed)        0.559     1.974    i_ams/adc_clk
    SLICE_X26Y36         FDSE                                         r  i_ams/dac_b_o_reg[18]/C
  -------------------------------------------------------------------    -------------------
    SLICE_X26Y36         FDSE (Prop_fdse_C_Q)         0.141     2.115 r  i_ams/dac_b_o_reg[18]/Q
                         net (fo=2, routed)           0.531     2.646    pwm[1]/v_reg[7]_0[18]
    SLICE_X39Y44         FDRE                                         r  pwm[1]/v_reg[2]/D
  -------------------------------------------------------------------    -------------------

                         (clock pll_pwm_clk rise edge)
                                                      0.000     0.000 r  
    U18                                               0.000     0.000 r  adc_clk_i[1] (IN)
                         net (fo=0)                   0.000     0.000    adc_clk_i[1]
    U18                  IBUFDS (Prop_ibufds_I_O)     0.433     0.433 r  i_clk/O
                         net (fo=1, routed)           0.481     0.914    pll/adc_clk_in
    PLLE2_ADV_X0Y0       PLLE2_ADV (Prop_plle2_adv_CLKIN1_CLKOUT5)
                                                      0.054     0.968 r  pll/pll/CLKOUT5
                         net (fo=1, routed)           0.544     1.512    pll_pwm_clk
    BUFGCTRL_X0Y2        BUFG (Prop_bufg_I_O)         0.029     1.541 r  bufg_pwm_clk/O
                         net (fo=160, routed)         0.859     2.400    pwm[1]/CLK
    SLICE_X39Y44         FDRE                                         r  pwm[1]/v_reg[2]/C
                         clock pessimism             -0.075     2.325    
                         clock uncertainty            0.189     2.514    
    SLICE_X39Y44         FDRE (Hold_fdre_C_D)         0.047     2.561    pwm[1]/v_reg[2]
  -------------------------------------------------------------------
                         required time                         -2.561    
                         arrival time                           2.646    
  -------------------------------------------------------------------
                         slack                                  0.085    

Slack (MET) :             0.134ns  (arrival time - required time)
  Source:                 i_ams/dac_b_o_reg[11]/C
                            (rising edge-triggered cell FDRE clocked by pll_adc_clk  {rise@0.000ns fall@4.000ns period=8.000ns})
  Destination:            pwm[1]/b_reg[11]/D
                            (rising edge-triggered cell FDRE clocked by pll_pwm_clk  {rise@0.000ns fall@2.000ns period=4.000ns})
  Path Group:             pll_pwm_clk
  Path Type:              Hold (Min at Fast Process Corner)
  Requirement:            0.000ns  (pll_pwm_clk rise@0.000ns - pll_adc_clk rise@0.000ns)
  Data Path Delay:        0.734ns  (logic 0.186ns (25.346%)  route 0.548ns (74.654%))
  Logic Levels:           1  (LUT6=1)
  Clock Path Skew:        0.318ns (DCD - SCD - CPR)
    Destination Clock Delay (DCD):    2.396ns
    Source Clock Delay      (SCD):    2.002ns
    Clock Pessimism Removal (CPR):    0.075ns
  Clock Uncertainty:      0.189ns  ((TSJ^2 + DJ^2)^1/2) / 2 + PE
    Total System Jitter     (TSJ):    0.071ns
    Discrete Jitter          (DJ):    0.118ns
    Phase Error              (PE):    0.120ns

    Location             Delay type                Incr(ns)  Path(ns)    Netlist Resource(s)
  -------------------------------------------------------------------    -------------------
                         (clock pll_adc_clk rise edge)
                                                      0.000     0.000 r  
    U18                                               0.000     0.000 r  adc_clk_i[1] (IN)
                         net (fo=0)                   0.000     0.000    adc_clk_i[1]
    U18                  IBUFDS (Prop_ibufds_I_O)     0.401     0.401 r  i_clk/O
                         net (fo=1, routed)           0.440     0.842    pll/adc_clk_in
    PLLE2_ADV_X0Y0       PLLE2_ADV (Prop_plle2_adv_CLKIN1_CLKOUT0)
                                                      0.051     0.893 r  pll/pll/CLKOUT0
                         net (fo=1, routed)           0.497     1.390    pll_adc_clk
    BUFGCTRL_X0Y0        BUFG (Prop_bufg_I_O)         0.026     1.416 r  bufg_adc_clk/O
                         net (fo=3948, routed)        0.587     2.002    i_ams/adc_clk
    SLICE_X36Y37         FDRE                                         r  i_ams/dac_b_o_reg[11]/C
  -------------------------------------------------------------------    -------------------
    SLICE_X36Y37         FDRE (Prop_fdre_C_Q)         0.141     2.143 r  i_ams/dac_b_o_reg[11]/Q
                         net (fo=2, routed)           0.548     2.691    pwm[1]/v_reg[7]_0[11]
    SLICE_X39Y37         LUT6 (Prop_lut6_I5_O)        0.045     2.736 r  pwm[1]/b[11]_i_1__1/O
                         net (fo=1, routed)           0.000     2.736    pwm[1]/p_0_in[11]
    SLICE_X39Y37         FDRE                                         r  pwm[1]/b_reg[11]/D
  -------------------------------------------------------------------    -------------------

                         (clock pll_pwm_clk rise edge)
                                                      0.000     0.000 r  
    U18                                               0.000     0.000 r  adc_clk_i[1] (IN)
                         net (fo=0)                   0.000     0.000    adc_clk_i[1]
    U18                  IBUFDS (Prop_ibufds_I_O)     0.433     0.433 r  i_clk/O
                         net (fo=1, routed)           0.481     0.914    pll/adc_clk_in
    PLLE2_ADV_X0Y0       PLLE2_ADV (Prop_plle2_adv_CLKIN1_CLKOUT5)
                                                      0.054     0.968 r  pll/pll/CLKOUT5
                         net (fo=1, routed)           0.544     1.512    pll_pwm_clk
    BUFGCTRL_X0Y2        BUFG (Prop_bufg_I_O)         0.029     1.541 r  bufg_pwm_clk/O
                         net (fo=160, routed)         0.855     2.396    pwm[1]/CLK
    SLICE_X39Y37         FDRE                                         r  pwm[1]/b_reg[11]/C
                         clock pessimism             -0.075     2.321    
                         clock uncertainty            0.189     2.510    
    SLICE_X39Y37         FDRE (Hold_fdre_C_D)         0.092     2.602    pwm[1]/b_reg[11]
  -------------------------------------------------------------------
                         required time                         -2.602    
                         arrival time                           2.736    
  -------------------------------------------------------------------
                         slack                                  0.134    

Slack (MET) :             0.135ns  (arrival time - required time)
  Source:                 i_ams/dac_b_o_reg[2]/C
                            (rising edge-triggered cell FDRE clocked by pll_adc_clk  {rise@0.000ns fall@4.000ns period=8.000ns})
  Destination:            pwm[1]/b_reg[2]/D
                            (rising edge-triggered cell FDRE clocked by pll_pwm_clk  {rise@0.000ns fall@2.000ns period=4.000ns})
  Path Group:             pll_pwm_clk
  Path Type:              Hold (Min at Fast Process Corner)
  Requirement:            0.000ns  (pll_pwm_clk rise@0.000ns - pll_adc_clk rise@0.000ns)
  Data Path Delay:        0.735ns  (logic 0.186ns (25.303%)  route 0.549ns (74.697%))
  Logic Levels:           1  (LUT6=1)
  Clock Path Skew:        0.319ns (DCD - SCD - CPR)
    Destination Clock Delay (DCD):    2.399ns
    Source Clock Delay      (SCD):    2.004ns
    Clock Pessimism Removal (CPR):    0.075ns
  Clock Uncertainty:      0.189ns  ((TSJ^2 + DJ^2)^1/2) / 2 + PE
    Total System Jitter     (TSJ):    0.071ns
    Discrete Jitter          (DJ):    0.118ns
    Phase Error              (PE):    0.120ns

    Location             Delay type                Incr(ns)  Path(ns)    Netlist Resource(s)
  -------------------------------------------------------------------    -------------------
                         (clock pll_adc_clk rise edge)
                                                      0.000     0.000 r  
    U18                                               0.000     0.000 r  adc_clk_i[1] (IN)
                         net (fo=0)                   0.000     0.000    adc_clk_i[1]
    U18                  IBUFDS (Prop_ibufds_I_O)     0.401     0.401 r  i_clk/O
                         net (fo=1, routed)           0.440     0.842    pll/adc_clk_in
    PLLE2_ADV_X0Y0       PLLE2_ADV (Prop_plle2_adv_CLKIN1_CLKOUT0)
                                                      0.051     0.893 r  pll/pll/CLKOUT0
                         net (fo=1, routed)           0.497     1.390    pll_adc_clk
    BUFGCTRL_X0Y0        BUFG (Prop_bufg_I_O)         0.026     1.416 r  bufg_adc_clk/O
                         net (fo=3948, routed)        0.589     2.004    i_ams/adc_clk
    SLICE_X36Y40         FDRE                                         r  i_ams/dac_b_o_reg[2]/C
  -------------------------------------------------------------------    -------------------
    SLICE_X36Y40         FDRE (Prop_fdre_C_Q)         0.141     2.145 r  i_ams/dac_b_o_reg[2]/Q
                         net (fo=2, routed)           0.549     2.694    pwm[1]/v_reg[7]_0[2]
    SLICE_X36Y41         LUT6 (Prop_lut6_I5_O)        0.045     2.739 r  pwm[1]/b[2]_i_1__1/O
                         net (fo=1, routed)           0.000     2.739    pwm[1]/p_0_in[2]
    SLICE_X36Y41         FDRE                                         r  pwm[1]/b_reg[2]/D
  -------------------------------------------------------------------    -------------------

                         (clock pll_pwm_clk rise edge)
                                                      0.000     0.000 r  
    U18                                               0.000     0.000 r  adc_clk_i[1] (IN)
                         net (fo=0)                   0.000     0.000    adc_clk_i[1]
    U18                  IBUFDS (Prop_ibufds_I_O)     0.433     0.433 r  i_clk/O
                         net (fo=1, routed)           0.481     0.914    pll/adc_clk_in
    PLLE2_ADV_X0Y0       PLLE2_ADV (Prop_plle2_adv_CLKIN1_CLKOUT5)
                                                      0.054     0.968 r  pll/pll/CLKOUT5
                         net (fo=1, routed)           0.544     1.512    pll_pwm_clk
    BUFGCTRL_X0Y2        BUFG (Prop_bufg_I_O)         0.029     1.541 r  bufg_pwm_clk/O
                         net (fo=160, routed)         0.858     2.399    pwm[1]/CLK
    SLICE_X36Y41         FDRE                                         r  pwm[1]/b_reg[2]/C
                         clock pessimism             -0.075     2.324    
                         clock uncertainty            0.189     2.513    
    SLICE_X36Y41         FDRE (Hold_fdre_C_D)         0.092     2.605    pwm[1]/b_reg[2]
  -------------------------------------------------------------------
                         required time                         -2.605    
                         arrival time                           2.739    
  -------------------------------------------------------------------
                         slack                                  0.135    

Slack (MET) :             0.138ns  (arrival time - required time)
  Source:                 i_ams/dac_c_o_reg[1]/C
                            (rising edge-triggered cell FDRE clocked by pll_adc_clk  {rise@0.000ns fall@4.000ns period=8.000ns})
  Destination:            pwm[2]/b_reg[1]/D
                            (rising edge-triggered cell FDRE clocked by pll_pwm_clk  {rise@0.000ns fall@2.000ns period=4.000ns})
  Path Group:             pll_pwm_clk
  Path Type:              Hold (Min at Fast Process Corner)
  Requirement:            0.000ns  (pll_pwm_clk rise@0.000ns - pll_adc_clk rise@0.000ns)
  Data Path Delay:        0.763ns  (logic 0.186ns (24.365%)  route 0.577ns (75.635%))
  Logic Levels:           1  (LUT6=1)
  Clock Path Skew:        0.345ns (DCD - SCD - CPR)
    Destination Clock Delay (DCD):    2.395ns
    Source Clock Delay      (SCD):    1.974ns
    Clock Pessimism Removal (CPR):    0.075ns
  Clock Uncertainty:      0.189ns  ((TSJ^2 + DJ^2)^1/2) / 2 + PE
    Total System Jitter     (TSJ):    0.071ns
    Discrete Jitter          (DJ):    0.118ns
    Phase Error              (PE):    0.120ns

    Location             Delay type                Incr(ns)  Path(ns)    Netlist Resource(s)
  -------------------------------------------------------------------    -------------------
                         (clock pll_adc_clk rise edge)
                                                      0.000     0.000 r  
    U18                                               0.000     0.000 r  adc_clk_i[1] (IN)
                         net (fo=0)                   0.000     0.000    adc_clk_i[1]
    U18                  IBUFDS (Prop_ibufds_I_O)     0.401     0.401 r  i_clk/O
                         net (fo=1, routed)           0.440     0.842    pll/adc_clk_in
    PLLE2_ADV_X0Y0       PLLE2_ADV (Prop_plle2_adv_CLKIN1_CLKOUT0)
                                                      0.051     0.893 r  pll/pll/CLKOUT0
                         net (fo=1, routed)           0.497     1.390    pll_adc_clk
    BUFGCTRL_X0Y0        BUFG (Prop_bufg_I_O)         0.026     1.416 r  bufg_adc_clk/O
                         net (fo=3948, routed)        0.559     1.974    i_ams/adc_clk
    SLICE_X35Y35         FDRE                                         r  i_ams/dac_c_o_reg[1]/C
  -------------------------------------------------------------------    -------------------
    SLICE_X35Y35         FDRE (Prop_fdre_C_Q)         0.141     2.115 r  i_ams/dac_c_o_reg[1]/Q
                         net (fo=2, routed)           0.577     2.693    pwm[2]/v_reg[7]_0[1]
    SLICE_X37Y35         LUT6 (Prop_lut6_I5_O)        0.045     2.738 r  pwm[2]/b[1]_i_1__0/O
                         net (fo=1, routed)           0.000     2.738    pwm[2]/p_0_in[1]
    SLICE_X37Y35         FDRE                                         r  pwm[2]/b_reg[1]/D
  -------------------------------------------------------------------    -------------------

                         (clock pll_pwm_clk rise edge)
                                                      0.000     0.000 r  
    U18                                               0.000     0.000 r  adc_clk_i[1] (IN)
                         net (fo=0)                   0.000     0.000    adc_clk_i[1]
    U18                  IBUFDS (Prop_ibufds_I_O)     0.433     0.433 r  i_clk/O
                         net (fo=1, routed)           0.481     0.914    pll/adc_clk_in
    PLLE2_ADV_X0Y0       PLLE2_ADV (Prop_plle2_adv_CLKIN1_CLKOUT5)
                                                      0.054     0.968 r  pll/pll/CLKOUT5
                         net (fo=1, routed)           0.544     1.512    pll_pwm_clk
    BUFGCTRL_X0Y2        BUFG (Prop_bufg_I_O)         0.029     1.541 r  bufg_pwm_clk/O
                         net (fo=160, routed)         0.854     2.395    pwm[2]/CLK
    SLICE_X37Y35         FDRE                                         r  pwm[2]/b_reg[1]/C
                         clock pessimism             -0.075     2.320    
                         clock uncertainty            0.189     2.509    
    SLICE_X37Y35         FDRE (Hold_fdre_C_D)         0.091     2.600    pwm[2]/b_reg[1]
  -------------------------------------------------------------------
                         required time                         -2.600    
                         arrival time                           2.738    
  -------------------------------------------------------------------
                         slack                                  0.138    

Slack (MET) :             0.141ns  (arrival time - required time)
  Source:                 i_ams/dac_d_o_reg[14]/C
                            (rising edge-triggered cell FDRE clocked by pll_adc_clk  {rise@0.000ns fall@4.000ns period=8.000ns})
  Destination:            pwm[3]/b_reg[14]/D
                            (rising edge-triggered cell FDRE clocked by pll_pwm_clk  {rise@0.000ns fall@2.000ns period=4.000ns})
  Path Group:             pll_pwm_clk
  Path Type:              Hold (Min at Fast Process Corner)
  Requirement:            0.000ns  (pll_pwm_clk rise@0.000ns - pll_adc_clk rise@0.000ns)
  Data Path Delay:        0.741ns  (logic 0.209ns (28.216%)  route 0.532ns (71.784%))
  Logic Levels:           1  (LUT6=1)
  Clock Path Skew:        0.318ns (DCD - SCD - CPR)
    Destination Clock Delay (DCD):    2.369ns
    Source Clock Delay      (SCD):    1.975ns
    Clock Pessimism Removal (CPR):    0.075ns
  Clock Uncertainty:      0.189ns  ((TSJ^2 + DJ^2)^1/2) / 2 + PE
    Total System Jitter     (TSJ):    0.071ns
    Discrete Jitter          (DJ):    0.118ns
    Phase Error              (PE):    0.120ns

    Location             Delay type                Incr(ns)  Path(ns)    Netlist Resource(s)
  -------------------------------------------------------------------    -------------------
                         (clock pll_adc_clk rise edge)
                                                      0.000     0.000 r  
    U18                                               0.000     0.000 r  adc_clk_i[1] (IN)
                         net (fo=0)                   0.000     0.000    adc_clk_i[1]
    U18                  IBUFDS (Prop_ibufds_I_O)     0.401     0.401 r  i_clk/O
                         net (fo=1, routed)           0.440     0.842    pll/adc_clk_in
    PLLE2_ADV_X0Y0       PLLE2_ADV (Prop_plle2_adv_CLKIN1_CLKOUT0)
                                                      0.051     0.893 r  pll/pll/CLKOUT0
                         net (fo=1, routed)           0.497     1.390    pll_adc_clk
    BUFGCTRL_X0Y0        BUFG (Prop_bufg_I_O)         0.026     1.416 r  bufg_adc_clk/O
                         net (fo=3948, routed)        0.560     1.975    i_ams/adc_clk
    SLICE_X34Y37         FDRE                                         r  i_ams/dac_d_o_reg[14]/C
  -------------------------------------------------------------------    -------------------
    SLICE_X34Y37         FDRE (Prop_fdre_C_Q)         0.164     2.139 r  i_ams/dac_d_o_reg[14]/Q
                         net (fo=2, routed)           0.532     2.671    pwm[3]/Q[14]
    SLICE_X35Y37         LUT6 (Prop_lut6_I5_O)        0.045     2.716 r  pwm[3]/b[14]_i_1/O
                         net (fo=1, routed)           0.000     2.716    pwm[3]/p_0_in[14]
    SLICE_X35Y37         FDRE                                         r  pwm[3]/b_reg[14]/D
  -------------------------------------------------------------------    -------------------

                         (clock pll_pwm_clk rise edge)
                                                      0.000     0.000 r  
    U18                                               0.000     0.000 r  adc_clk_i[1] (IN)
                         net (fo=0)                   0.000     0.000    adc_clk_i[1]
    U18                  IBUFDS (Prop_ibufds_I_O)     0.433     0.433 r  i_clk/O
                         net (fo=1, routed)           0.481     0.914    pll/adc_clk_in
    PLLE2_ADV_X0Y0       PLLE2_ADV (Prop_plle2_adv_CLKIN1_CLKOUT5)
                                                      0.054     0.968 r  pll/pll/CLKOUT5
                         net (fo=1, routed)           0.544     1.512    pll_pwm_clk
    BUFGCTRL_X0Y2        BUFG (Prop_bufg_I_O)         0.029     1.541 r  bufg_pwm_clk/O
                         net (fo=160, routed)         0.828     2.369    pwm[3]/CLK
    SLICE_X35Y37         FDRE                                         r  pwm[3]/b_reg[14]/C
                         clock pessimism             -0.075     2.294    
                         clock uncertainty            0.189     2.483    
    SLICE_X35Y37         FDRE (Hold_fdre_C_D)         0.092     2.575    pwm[3]/b_reg[14]
  -------------------------------------------------------------------
                         required time                         -2.575    
                         arrival time                           2.716    
  -------------------------------------------------------------------
                         slack                                  0.141    

Slack (MET) :             0.145ns  (arrival time - required time)
  Source:                 i_ams/dac_d_o_reg[12]/C
                            (rising edge-triggered cell FDRE clocked by pll_adc_clk  {rise@0.000ns fall@4.000ns period=8.000ns})
  Destination:            pwm[3]/b_reg[12]/D
                            (rising edge-triggered cell FDRE clocked by pll_pwm_clk  {rise@0.000ns fall@2.000ns period=4.000ns})
  Path Group:             pll_pwm_clk
  Path Type:              Hold (Min at Fast Process Corner)
  Requirement:            0.000ns  (pll_pwm_clk rise@0.000ns - pll_adc_clk rise@0.000ns)
  Data Path Delay:        0.771ns  (logic 0.209ns (27.120%)  route 0.562ns (72.880%))
  Logic Levels:           1  (LUT6=1)
  Clock Path Skew:        0.345ns (DCD - SCD - CPR)
    Destination Clock Delay (DCD):    2.396ns
    Source Clock Delay      (SCD):    1.975ns
    Clock Pessimism Removal (CPR):    0.075ns
  Clock Uncertainty:      0.189ns  ((TSJ^2 + DJ^2)^1/2) / 2 + PE
    Total System Jitter     (TSJ):    0.071ns
    Discrete Jitter          (DJ):    0.118ns
    Phase Error              (PE):    0.120ns

    Location             Delay type                Incr(ns)  Path(ns)    Netlist Resource(s)
  -------------------------------------------------------------------    -------------------
                         (clock pll_adc_clk rise edge)
                                                      0.000     0.000 r  
    U18                                               0.000     0.000 r  adc_clk_i[1] (IN)
                         net (fo=0)                   0.000     0.000    adc_clk_i[1]
    U18                  IBUFDS (Prop_ibufds_I_O)     0.401     0.401 r  i_clk/O
                         net (fo=1, routed)           0.440     0.842    pll/adc_clk_in
    PLLE2_ADV_X0Y0       PLLE2_ADV (Prop_plle2_adv_CLKIN1_CLKOUT0)
                                                      0.051     0.893 r  pll/pll/CLKOUT0
                         net (fo=1, routed)           0.497     1.390    pll_adc_clk
    BUFGCTRL_X0Y0        BUFG (Prop_bufg_I_O)         0.026     1.416 r  bufg_adc_clk/O
                         net (fo=3948, routed)        0.560     1.975    i_ams/adc_clk
    SLICE_X34Y37         FDRE                                         r  i_ams/dac_d_o_reg[12]/C
  -------------------------------------------------------------------    -------------------
    SLICE_X34Y37         FDRE (Prop_fdre_C_Q)         0.164     2.139 r  i_ams/dac_d_o_reg[12]/Q
                         net (fo=2, routed)           0.562     2.701    pwm[3]/Q[12]
    SLICE_X37Y37         LUT6 (Prop_lut6_I5_O)        0.045     2.746 r  pwm[3]/b[12]_i_1/O
                         net (fo=1, routed)           0.000     2.746    pwm[3]/p_0_in[12]
    SLICE_X37Y37         FDRE                                         r  pwm[3]/b_reg[12]/D
  -------------------------------------------------------------------    -------------------

                         (clock pll_pwm_clk rise edge)
                                                      0.000     0.000 r  
    U18                                               0.000     0.000 r  adc_clk_i[1] (IN)
                         net (fo=0)                   0.000     0.000    adc_clk_i[1]
    U18                  IBUFDS (Prop_ibufds_I_O)     0.433     0.433 r  i_clk/O
                         net (fo=1, routed)           0.481     0.914    pll/adc_clk_in
    PLLE2_ADV_X0Y0       PLLE2_ADV (Prop_plle2_adv_CLKIN1_CLKOUT5)
                                                      0.054     0.968 r  pll/pll/CLKOUT5
                         net (fo=1, routed)           0.544     1.512    pll_pwm_clk
    BUFGCTRL_X0Y2        BUFG (Prop_bufg_I_O)         0.029     1.541 r  bufg_pwm_clk/O
                         net (fo=160, routed)         0.855     2.396    pwm[3]/CLK
    SLICE_X37Y37         FDRE                                         r  pwm[3]/b_reg[12]/C
                         clock pessimism             -0.075     2.321    
                         clock uncertainty            0.189     2.510    
    SLICE_X37Y37         FDRE (Hold_fdre_C_D)         0.091     2.601    pwm[3]/b_reg[12]
  -------------------------------------------------------------------
                         required time                         -2.601    
                         arrival time                           2.746    
  -------------------------------------------------------------------
                         slack                                  0.145    

Slack (MET) :             0.146ns  (arrival time - required time)
  Source:                 i_ams/dac_d_o_reg[1]/C
                            (rising edge-triggered cell FDRE clocked by pll_adc_clk  {rise@0.000ns fall@4.000ns period=8.000ns})
  Destination:            pwm[3]/b_reg[1]/D
                            (rising edge-triggered cell FDRE clocked by pll_pwm_clk  {rise@0.000ns fall@2.000ns period=4.000ns})
  Path Group:             pll_pwm_clk
  Path Type:              Hold (Min at Fast Process Corner)
  Requirement:            0.000ns  (pll_pwm_clk rise@0.000ns - pll_adc_clk rise@0.000ns)
  Data Path Delay:        0.772ns  (logic 0.209ns (27.060%)  route 0.563ns (72.940%))
  Logic Levels:           1  (LUT6=1)
  Clock Path Skew:        0.347ns (DCD - SCD - CPR)
    Destination Clock Delay (DCD):    2.398ns
    Source Clock Delay      (SCD):    1.976ns
    Clock Pessimism Removal (CPR):    0.075ns
  Clock Uncertainty:      0.189ns  ((TSJ^2 + DJ^2)^1/2) / 2 + PE
    Total System Jitter     (TSJ):    0.071ns
    Discrete Jitter          (DJ):    0.118ns
    Phase Error              (PE):    0.120ns

    Location             Delay type                Incr(ns)  Path(ns)    Netlist Resource(s)
  -------------------------------------------------------------------    -------------------
                         (clock pll_adc_clk rise edge)
                                                      0.000     0.000 r  
    U18                                               0.000     0.000 r  adc_clk_i[1] (IN)
                         net (fo=0)                   0.000     0.000    adc_clk_i[1]
    U18                  IBUFDS (Prop_ibufds_I_O)     0.401     0.401 r  i_clk/O
                         net (fo=1, routed)           0.440     0.842    pll/adc_clk_in
    PLLE2_ADV_X0Y0       PLLE2_ADV (Prop_plle2_adv_CLKIN1_CLKOUT0)
                                                      0.051     0.893 r  pll/pll/CLKOUT0
                         net (fo=1, routed)           0.497     1.390    pll_adc_clk
    BUFGCTRL_X0Y0        BUFG (Prop_bufg_I_O)         0.026     1.416 r  bufg_adc_clk/O
                         net (fo=3948, routed)        0.561     1.976    i_ams/adc_clk
    SLICE_X34Y39         FDRE                                         r  i_ams/dac_d_o_reg[1]/C
  -------------------------------------------------------------------    -------------------
    SLICE_X34Y39         FDRE (Prop_fdre_C_Q)         0.164     2.140 r  i_ams/dac_d_o_reg[1]/Q
                         net (fo=2, routed)           0.563     2.704    pwm[3]/Q[1]
    SLICE_X37Y39         LUT6 (Prop_lut6_I5_O)        0.045     2.749 r  pwm[3]/b[1]_i_1/O
                         net (fo=1, routed)           0.000     2.749    pwm[3]/p_0_in[1]
    SLICE_X37Y39         FDRE                                         r  pwm[3]/b_reg[1]/D
  -------------------------------------------------------------------    -------------------

                         (clock pll_pwm_clk rise edge)
                                                      0.000     0.000 r  
    U18                                               0.000     0.000 r  adc_clk_i[1] (IN)
                         net (fo=0)                   0.000     0.000    adc_clk_i[1]
    U18                  IBUFDS (Prop_ibufds_I_O)     0.433     0.433 r  i_clk/O
                         net (fo=1, routed)           0.481     0.914    pll/adc_clk_in
    PLLE2_ADV_X0Y0       PLLE2_ADV (Prop_plle2_adv_CLKIN1_CLKOUT5)
                                                      0.054     0.968 r  pll/pll/CLKOUT5
                         net (fo=1, routed)           0.544     1.512    pll_pwm_clk
    BUFGCTRL_X0Y2        BUFG (Prop_bufg_I_O)         0.029     1.541 r  bufg_pwm_clk/O
                         net (fo=160, routed)         0.857     2.398    pwm[3]/CLK
    SLICE_X37Y39         FDRE                                         r  pwm[3]/b_reg[1]/C
                         clock pessimism             -0.075     2.323    
                         clock uncertainty            0.189     2.512    
    SLICE_X37Y39         FDRE (Hold_fdre_C_D)         0.091     2.603    pwm[3]/b_reg[1]
  -------------------------------------------------------------------
                         required time                         -2.603    
                         arrival time                           2.749    
  -------------------------------------------------------------------
                         slack                                  0.146    

Slack (MET) :             0.152ns  (arrival time - required time)
  Source:                 i_ams/dac_d_o_reg[10]/C
                            (rising edge-triggered cell FDRE clocked by pll_adc_clk  {rise@0.000ns fall@4.000ns period=8.000ns})
  Destination:            pwm[3]/b_reg[10]/D
                            (rising edge-triggered cell FDRE clocked by pll_pwm_clk  {rise@0.000ns fall@2.000ns period=4.000ns})
  Path Group:             pll_pwm_clk
  Path Type:              Hold (Min at Fast Process Corner)
  Requirement:            0.000ns  (pll_pwm_clk rise@0.000ns - pll_adc_clk rise@0.000ns)
  Data Path Delay:        0.778ns  (logic 0.209ns (26.868%)  route 0.569ns (73.132%))
  Logic Levels:           1  (LUT6=1)
  Clock Path Skew:        0.345ns (DCD - SCD - CPR)
    Destination Clock Delay (DCD):    2.395ns
    Source Clock Delay      (SCD):    1.974ns
    Clock Pessimism Removal (CPR):    0.075ns
  Clock Uncertainty:      0.189ns  ((TSJ^2 + DJ^2)^1/2) / 2 + PE
    Total System Jitter     (TSJ):    0.071ns
    Discrete Jitter          (DJ):    0.118ns
    Phase Error              (PE):    0.120ns

    Location             Delay type                Incr(ns)  Path(ns)    Netlist Resource(s)
  -------------------------------------------------------------------    -------------------
                         (clock pll_adc_clk rise edge)
                                                      0.000     0.000 r  
    U18                                               0.000     0.000 r  adc_clk_i[1] (IN)
                         net (fo=0)                   0.000     0.000    adc_clk_i[1]
    U18                  IBUFDS (Prop_ibufds_I_O)     0.401     0.401 r  i_clk/O
                         net (fo=1, routed)           0.440     0.842    pll/adc_clk_in
    PLLE2_ADV_X0Y0       PLLE2_ADV (Prop_plle2_adv_CLKIN1_CLKOUT0)
                                                      0.051     0.893 r  pll/pll/CLKOUT0
                         net (fo=1, routed)           0.497     1.390    pll_adc_clk
    BUFGCTRL_X0Y0        BUFG (Prop_bufg_I_O)         0.026     1.416 r  bufg_adc_clk/O
                         net (fo=3948, routed)        0.559     1.974    i_ams/adc_clk
    SLICE_X34Y36         FDRE                                         r  i_ams/dac_d_o_reg[10]/C
  -------------------------------------------------------------------    -------------------
    SLICE_X34Y36         FDRE (Prop_fdre_C_Q)         0.164     2.138 r  i_ams/dac_d_o_reg[10]/Q
                         net (fo=2, routed)           0.569     2.707    pwm[3]/Q[10]
    SLICE_X37Y36         LUT6 (Prop_lut6_I5_O)        0.045     2.752 r  pwm[3]/b[10]_i_1/O
                         net (fo=1, routed)           0.000     2.752    pwm[3]/p_0_in[10]
    SLICE_X37Y36         FDRE                                         r  pwm[3]/b_reg[10]/D
  -------------------------------------------------------------------    -------------------

                         (clock pll_pwm_clk rise edge)
                                                      0.000     0.000 r  
    U18                                               0.000     0.000 r  adc_clk_i[1] (IN)
                         net (fo=0)                   0.000     0.000    adc_clk_i[1]
    U18                  IBUFDS (Prop_ibufds_I_O)     0.433     0.433 r  i_clk/O
                         net (fo=1, routed)           0.481     0.914    pll/adc_clk_in
    PLLE2_ADV_X0Y0       PLLE2_ADV (Prop_plle2_adv_CLKIN1_CLKOUT5)
                                                      0.054     0.968 r  pll/pll/CLKOUT5
                         net (fo=1, routed)           0.544     1.512    pll_pwm_clk
    BUFGCTRL_X0Y2        BUFG (Prop_bufg_I_O)         0.029     1.541 r  bufg_pwm_clk/O
                         net (fo=160, routed)         0.854     2.395    pwm[3]/CLK
    SLICE_X37Y36         FDRE                                         r  pwm[3]/b_reg[10]/C
                         clock pessimism             -0.075     2.320    
                         clock uncertainty            0.189     2.509    
    SLICE_X37Y36         FDRE (Hold_fdre_C_D)         0.091     2.600    pwm[3]/b_reg[10]
  -------------------------------------------------------------------
                         required time                         -2.600    
                         arrival time                           2.752    
  -------------------------------------------------------------------
                         slack                                  0.152    

Slack (MET) :             0.155ns  (arrival time - required time)
  Source:                 i_ams/dac_c_o_reg[15]/C
                            (rising edge-triggered cell FDRE clocked by pll_adc_clk  {rise@0.000ns fall@4.000ns period=8.000ns})
  Destination:            pwm[2]/b_reg[15]/D
                            (rising edge-triggered cell FDRE clocked by pll_pwm_clk  {rise@0.000ns fall@2.000ns period=4.000ns})
  Path Group:             pll_pwm_clk
  Path Type:              Hold (Min at Fast Process Corner)
  Requirement:            0.000ns  (pll_pwm_clk rise@0.000ns - pll_adc_clk rise@0.000ns)
  Data Path Delay:        0.780ns  (logic 0.186ns (23.843%)  route 0.594ns (76.157%))
  Logic Levels:           1  (LUT5=1)
  Clock Path Skew:        0.344ns (DCD - SCD - CPR)
    Destination Clock Delay (DCD):    2.394ns
    Source Clock Delay      (SCD):    1.974ns
    Clock Pessimism Removal (CPR):    0.075ns
  Clock Uncertainty:      0.189ns  ((TSJ^2 + DJ^2)^1/2) / 2 + PE
    Total System Jitter     (TSJ):    0.071ns
    Discrete Jitter          (DJ):    0.118ns
    Phase Error              (PE):    0.120ns

    Location             Delay type                Incr(ns)  Path(ns)    Netlist Resource(s)
  -------------------------------------------------------------------    -------------------
                         (clock pll_adc_clk rise edge)
                                                      0.000     0.000 r  
    U18                                               0.000     0.000 r  adc_clk_i[1] (IN)
                         net (fo=0)                   0.000     0.000    adc_clk_i[1]
    U18                  IBUFDS (Prop_ibufds_I_O)     0.401     0.401 r  i_clk/O
                         net (fo=1, routed)           0.440     0.842    pll/adc_clk_in
    PLLE2_ADV_X0Y0       PLLE2_ADV (Prop_plle2_adv_CLKIN1_CLKOUT0)
                                                      0.051     0.893 r  pll/pll/CLKOUT0
                         net (fo=1, routed)           0.497     1.390    pll_adc_clk
    BUFGCTRL_X0Y0        BUFG (Prop_bufg_I_O)         0.026     1.416 r  bufg_adc_clk/O
                         net (fo=3948, routed)        0.559     1.974    i_ams/adc_clk
    SLICE_X33Y36         FDRE                                         r  i_ams/dac_c_o_reg[15]/C
  -------------------------------------------------------------------    -------------------
    SLICE_X33Y36         FDRE (Prop_fdre_C_Q)         0.141     2.115 r  i_ams/dac_c_o_reg[15]/Q
                         net (fo=2, routed)           0.594     2.709    pwm[2]/v_reg[7]_0[15]
    SLICE_X37Y34         LUT5 (Prop_lut5_I0_O)        0.045     2.754 r  pwm[2]/b[15]_i_2__0/O
                         net (fo=1, routed)           0.000     2.754    pwm[2]/p_0_in[15]
    SLICE_X37Y34         FDRE                                         r  pwm[2]/b_reg[15]/D
  -------------------------------------------------------------------    -------------------

                         (clock pll_pwm_clk rise edge)
                                                      0.000     0.000 r  
    U18                                               0.000     0.000 r  adc_clk_i[1] (IN)
                         net (fo=0)                   0.000     0.000    adc_clk_i[1]
    U18                  IBUFDS (Prop_ibufds_I_O)     0.433     0.433 r  i_clk/O
                         net (fo=1, routed)           0.481     0.914    pll/adc_clk_in
    PLLE2_ADV_X0Y0       PLLE2_ADV (Prop_plle2_adv_CLKIN1_CLKOUT5)
                                                      0.054     0.968 r  pll/pll/CLKOUT5
                         net (fo=1, routed)           0.544     1.512    pll_pwm_clk
    BUFGCTRL_X0Y2        BUFG (Prop_bufg_I_O)         0.029     1.541 r  bufg_pwm_clk/O
                         net (fo=160, routed)         0.853     2.394    pwm[2]/CLK
    SLICE_X37Y34         FDRE                                         r  pwm[2]/b_reg[15]/C
                         clock pessimism             -0.075     2.319    
                         clock uncertainty            0.189     2.508    
    SLICE_X37Y34         FDRE (Hold_fdre_C_D)         0.092     2.600    pwm[2]/b_reg[15]
  -------------------------------------------------------------------
                         required time                         -2.600    
                         arrival time                           2.754    
  -------------------------------------------------------------------
                         slack                                  0.155    

Slack (MET) :             0.158ns  (arrival time - required time)
  Source:                 i_ams/dac_c_o_reg[6]/C
                            (rising edge-triggered cell FDRE clocked by pll_adc_clk  {rise@0.000ns fall@4.000ns period=8.000ns})
  Destination:            pwm[2]/b_reg[6]/D
                            (rising edge-triggered cell FDRE clocked by pll_pwm_clk  {rise@0.000ns fall@2.000ns period=4.000ns})
  Path Group:             pll_pwm_clk
  Path Type:              Hold (Min at Fast Process Corner)
  Requirement:            0.000ns  (pll_pwm_clk rise@0.000ns - pll_adc_clk rise@0.000ns)
  Data Path Delay:        0.785ns  (logic 0.227ns (28.922%)  route 0.558ns (71.078%))
  Logic Levels:           1  (LUT6=1)
  Clock Path Skew:        0.345ns (DCD - SCD - CPR)
    Destination Clock Delay (DCD):    2.395ns
    Source Clock Delay      (SCD):    1.974ns
    Clock Pessimism Removal (CPR):    0.075ns
  Clock Uncertainty:      0.189ns  ((TSJ^2 + DJ^2)^1/2) / 2 + PE
    Total System Jitter     (TSJ):    0.071ns
    Discrete Jitter          (DJ):    0.118ns
    Phase Error              (PE):    0.120ns

    Location             Delay type                Incr(ns)  Path(ns)    Netlist Resource(s)
  -------------------------------------------------------------------    -------------------
                         (clock pll_adc_clk rise edge)
                                                      0.000     0.000 r  
    U18                                               0.000     0.000 r  adc_clk_i[1] (IN)
                         net (fo=0)                   0.000     0.000    adc_clk_i[1]
    U18                  IBUFDS (Prop_ibufds_I_O)     0.401     0.401 r  i_clk/O
                         net (fo=1, routed)           0.440     0.842    pll/adc_clk_in
    PLLE2_ADV_X0Y0       PLLE2_ADV (Prop_plle2_adv_CLKIN1_CLKOUT0)
                                                      0.051     0.893 r  pll/pll/CLKOUT0
                         net (fo=1, routed)           0.497     1.390    pll_adc_clk
    BUFGCTRL_X0Y0        BUFG (Prop_bufg_I_O)         0.026     1.416 r  bufg_adc_clk/O
                         net (fo=3948, routed)        0.559     1.974    i_ams/adc_clk
    SLICE_X35Y35         FDRE                                         r  i_ams/dac_c_o_reg[6]/C
  -------------------------------------------------------------------    -------------------
    SLICE_X35Y35         FDRE (Prop_fdre_C_Q)         0.128     2.102 r  i_ams/dac_c_o_reg[6]/Q
                         net (fo=2, routed)           0.558     2.660    pwm[2]/v_reg[7]_0[6]
    SLICE_X36Y35         LUT6 (Prop_lut6_I5_O)        0.099     2.759 r  pwm[2]/b[6]_i_1__0/O
                         net (fo=1, routed)           0.000     2.759    pwm[2]/p_0_in[6]
    SLICE_X36Y35         FDRE                                         r  pwm[2]/b_reg[6]/D
  -------------------------------------------------------------------    -------------------

                         (clock pll_pwm_clk rise edge)
                                                      0.000     0.000 r  
    U18                                               0.000     0.000 r  adc_clk_i[1] (IN)
                         net (fo=0)                   0.000     0.000    adc_clk_i[1]
    U18                  IBUFDS (Prop_ibufds_I_O)     0.433     0.433 r  i_clk/O
                         net (fo=1, routed)           0.481     0.914    pll/adc_clk_in
    PLLE2_ADV_X0Y0       PLLE2_ADV (Prop_plle2_adv_CLKIN1_CLKOUT5)
                                                      0.054     0.968 r  pll/pll/CLKOUT5
                         net (fo=1, routed)           0.544     1.512    pll_pwm_clk
    BUFGCTRL_X0Y2        BUFG (Prop_bufg_I_O)         0.029     1.541 r  bufg_pwm_clk/O
                         net (fo=160, routed)         0.854     2.395    pwm[2]/CLK
    SLICE_X36Y35         FDRE                                         r  pwm[2]/b_reg[6]/C
                         clock pessimism             -0.075     2.320    
                         clock uncertainty            0.189     2.509    
    SLICE_X36Y35         FDRE (Hold_fdre_C_D)         0.092     2.601    pwm[2]/b_reg[6]
  -------------------------------------------------------------------
                         required time                         -2.601    
                         arrival time                           2.759    
  -------------------------------------------------------------------
                         slack                                  0.158    





