Copyright 1986-2016 Xilinx, Inc. All Rights Reserved.
---------------------------------------------------------------------------------------------------------------------------------------------------------------------
| Tool Version : Vivado v.2016.4 (win64) Build 1733598 Wed Dec 14 22:35:39 MST 2016
| Date         : Thu Apr 13 20:05:28 2017
| Host         : vova-PC running 64-bit Service Pack 1  (build 7601)
| Command      : report_timing_summary -warn_on_violation -max_paths 10 -file red_pitaya_top_timing_summary_routed.rpt -rpx red_pitaya_top_timing_summary_routed.rpx
| Design       : red_pitaya_top
| Device       : 7z010-clg400
| Speed File   : -1  PRODUCTION 1.11 2014-09-11
---------------------------------------------------------------------------------------------------------------------------------------------------------------------

Timing Summary Report

------------------------------------------------------------------------------------------------
| Timer Settings
| --------------
------------------------------------------------------------------------------------------------

  Enable Multi Corner Analysis               :  Yes
  Enable Pessimism Removal                   :  Yes
  Pessimism Removal Resolution               :  Nearest Common Node
  Enable Input Delay Default Clock           :  No
  Enable Preset / Clear Arcs                 :  No
  Disable Flight Delays                      :  No
  Ignore I/O Paths                           :  No
  Timing Early Launch at Borrowing Latches   :  false

  Corner  Analyze    Analyze    
  Name    Max Paths  Min Paths  
  ------  ---------  ---------  
  Slow    Yes        Yes        
  Fast    Yes        Yes        



check_timing report

Table of Contents
-----------------
1. checking no_clock
2. checking constant_clock
3. checking pulse_width_clock
4. checking unconstrained_internal_endpoints
5. checking no_input_delay
6. checking no_output_delay
7. checking multiple_clock
8. checking generated_clocks
9. checking loops
10. checking partial_input_delay
11. checking partial_output_delay
12. checking latch_loops

1. checking no_clock
--------------------
 There is 1 register/latch pin with no clock driven by root clock pin: i_hk/dna_clk_reg/Q (HIGH)


2. checking constant_clock
--------------------------
 There are 0 register/latch pins with constant_clock.


3. checking pulse_width_clock
-----------------------------
 There are 0 register/latch pins which need pulse_width check


4. checking unconstrained_internal_endpoints
--------------------------------------------
 There are 2 pins that are not constrained for maximum delay. (HIGH)

 There are 0 pins that are not constrained for maximum delay due to constant clock.


5. checking no_input_delay
--------------------------
 There are 16 input ports with no input delay specified. (HIGH)

 There are 0 input ports with no input delay but user has a false path constraint.


6. checking no_output_delay
---------------------------
 There are 44 ports with no output delay specified. (HIGH)

 There are 0 ports with no output delay but user has a false path constraint

 There are 0 ports with no output delay but with a timing clock defined on it or propagating through it


7. checking multiple_clock
--------------------------
 There are 0 register/latch pins with multiple clocks.


8. checking generated_clocks
----------------------------
 There are 0 generated clocks that are not connected to a clock source.


9. checking loops
-----------------
 There are 0 combinational loops in the design.


10. checking partial_input_delay
--------------------------------
 There are 0 input ports with partial input delay specified.


11. checking partial_output_delay
---------------------------------
 There are 0 ports with partial output delay specified.


12. checking latch_loops
------------------------
 There are 0 combinational latch loops in the design through latch input



------------------------------------------------------------------------------------------------
| Design Timing Summary
| ---------------------
------------------------------------------------------------------------------------------------

    WNS(ns)      TNS(ns)  TNS Failing Endpoints  TNS Total Endpoints      WHS(ns)      THS(ns)  THS Failing Endpoints  THS Total Endpoints     WPWS(ns)     TPWS(ns)  TPWS Failing Endpoints  TPWS Total Endpoints  
    -------      -------  ---------------------  -------------------      -------      -------  ---------------------  -------------------     --------     --------  ----------------------  --------------------  
     -0.119       -0.293                      5                14802       -2.163      -58.853                     28                14802        1.000        0.000                       0                  5005  


Timing constraints are not met.


------------------------------------------------------------------------------------------------
| Clock Summary
| -------------
------------------------------------------------------------------------------------------------

Clock             Waveform(ns)         Period(ns)      Frequency(MHz)
-----             ------------         ----------      --------------
adc_clk           {0.000 4.000}        8.000           125.000         
  clk_fb          {0.000 4.000}        8.000           125.000         
  pll_adc_clk     {0.000 4.000}        8.000           125.000         
  pll_dac_clk_1x  {0.000 4.000}        8.000           125.000         
  pll_dac_clk_2p  {-0.500 1.500}       4.000           250.000         
  pll_dac_clk_2x  {0.000 2.000}        4.000           250.000         
  pll_pwm_clk     {0.000 2.000}        4.000           250.000         
clk_fpga_0        {0.000 4.000}        8.000           125.000         
clk_fpga_1        {0.000 2.000}        4.000           250.000         
clk_fpga_2        {0.000 10.000}       20.000          50.000          
clk_fpga_3        {0.000 2.500}        5.000           200.000         
rx_clk            {0.000 2.000}        4.000           250.000         


------------------------------------------------------------------------------------------------
| Intra Clock Table
| -----------------
------------------------------------------------------------------------------------------------

Clock                 WNS(ns)      TNS(ns)  TNS Failing Endpoints  TNS Total Endpoints      WHS(ns)      THS(ns)  THS Failing Endpoints  THS Total Endpoints     WPWS(ns)     TPWS(ns)  TPWS Failing Endpoints  TPWS Total Endpoints  
-----                 -------      -------  ---------------------  -------------------      -------      -------  ---------------------  -------------------     --------     --------  ----------------------  --------------------  
adc_clk                                                                                                                                                             2.000        0.000                       0                     1  
  clk_fb                                                                                                                                                            6.751        0.000                       0                     2  
  pll_adc_clk           0.173        0.000                      0                12601        0.052        0.000                      0                12601        2.750        0.000                       0                  3933  
  pll_dac_clk_1x        0.385        0.000                      0                   80        0.228        0.000                      0                   80        3.500        0.000                       0                    65  
  pll_dac_clk_2p                                                                                                                                                    1.845        0.000                       0                     3  
  pll_dac_clk_2x                                                                                                                                                    1.845        0.000                       0                     3  
  pll_pwm_clk          -0.119       -0.193                      3                  306        0.140        0.000                      0                  306        1.500        0.000                       0                   162  
clk_fpga_3             -0.054       -0.100                      2                 1718        0.075        0.000                      0                 1718        1.000        0.000                       0                   836  


------------------------------------------------------------------------------------------------
| Inter Clock Table
| -----------------
------------------------------------------------------------------------------------------------

From Clock      To Clock            WNS(ns)      TNS(ns)  TNS Failing Endpoints  TNS Total Endpoints      WHS(ns)      THS(ns)  THS Failing Endpoints  THS Total Endpoints  
----------      --------            -------      -------  ---------------------  -------------------      -------      -------  ---------------------  -------------------  
adc_clk         pll_adc_clk           5.940        0.000                      0                   28       -2.163      -58.853                     28                   28  
pll_adc_clk     pll_dac_clk_1x        4.309        0.000                      0                   46        0.181        0.000                      0                   46  
pll_adc_clk     pll_pwm_clk           0.617        0.000                      0                   72        0.128        0.000                      0                   72  


------------------------------------------------------------------------------------------------
| Other Path Groups Table
| -----------------------
------------------------------------------------------------------------------------------------

Path Group    From Clock    To Clock          WNS(ns)      TNS(ns)  TNS Failing Endpoints  TNS Total Endpoints      WHS(ns)      THS(ns)  THS Failing Endpoints  THS Total Endpoints  
----------    ----------    --------          -------      -------  ---------------------  -------------------      -------      -------  ---------------------  -------------------  


------------------------------------------------------------------------------------------------
| Timing Details
| --------------
------------------------------------------------------------------------------------------------


---------------------------------------------------------------------------------------------------
From Clock:  adc_clk
  To Clock:  adc_clk

Setup :           NA  Failing Endpoints,  Worst Slack           NA  ,  Total Violation           NA
Hold  :           NA  Failing Endpoints,  Worst Slack           NA  ,  Total Violation           NA
PW    :            0  Failing Endpoints,  Worst Slack        2.000ns,  Total Violation        0.000ns
---------------------------------------------------------------------------------------------------


Pulse Width Checks
--------------------------------------------------------------------------------------
Clock Name:         adc_clk
Waveform(ns):       { 0.000 4.000 }
Period(ns):         8.000
Sources:            { adc_clk_i[1] }

Check Type        Corner  Lib Pin           Reference Pin  Required(ns)  Actual(ns)  Slack(ns)  Location        Pin
Min Period        n/a     PLLE2_ADV/CLKIN1  n/a            1.249         8.000       6.751      PLLE2_ADV_X0Y0  pll/pll/CLKIN1
Max Period        n/a     PLLE2_ADV/CLKIN1  n/a            52.633        8.000       44.633     PLLE2_ADV_X0Y0  pll/pll/CLKIN1
Low Pulse Width   Fast    PLLE2_ADV/CLKIN1  n/a            2.000         4.000       2.000      PLLE2_ADV_X0Y0  pll/pll/CLKIN1
Low Pulse Width   Slow    PLLE2_ADV/CLKIN1  n/a            2.000         4.000       2.000      PLLE2_ADV_X0Y0  pll/pll/CLKIN1
High Pulse Width  Slow    PLLE2_ADV/CLKIN1  n/a            2.000         4.000       2.000      PLLE2_ADV_X0Y0  pll/pll/CLKIN1
High Pulse Width  Fast    PLLE2_ADV/CLKIN1  n/a            2.000         4.000       2.000      PLLE2_ADV_X0Y0  pll/pll/CLKIN1



---------------------------------------------------------------------------------------------------
From Clock:  clk_fb
  To Clock:  clk_fb

Setup :           NA  Failing Endpoints,  Worst Slack           NA  ,  Total Violation           NA
Hold  :           NA  Failing Endpoints,  Worst Slack           NA  ,  Total Violation           NA
PW    :            0  Failing Endpoints,  Worst Slack        6.751ns,  Total Violation        0.000ns
---------------------------------------------------------------------------------------------------


Pulse Width Checks
--------------------------------------------------------------------------------------
Clock Name:         clk_fb
Waveform(ns):       { 0.000 4.000 }
Period(ns):         8.000
Sources:            { pll/pll/CLKFBOUT }

Check Type  Corner  Lib Pin             Reference Pin  Required(ns)  Actual(ns)  Slack(ns)  Location        Pin
Min Period  n/a     PLLE2_ADV/CLKFBOUT  n/a            1.249         8.000       6.751      PLLE2_ADV_X0Y0  pll/pll/CLKFBOUT
Min Period  n/a     PLLE2_ADV/CLKFBIN   n/a            1.249         8.000       6.751      PLLE2_ADV_X0Y0  pll/pll/CLKFBIN
Max Period  n/a     PLLE2_ADV/CLKFBIN   n/a            52.633        8.000       44.633     PLLE2_ADV_X0Y0  pll/pll/CLKFBIN
Max Period  n/a     PLLE2_ADV/CLKFBOUT  n/a            160.000       8.000       152.000    PLLE2_ADV_X0Y0  pll/pll/CLKFBOUT



---------------------------------------------------------------------------------------------------
From Clock:  pll_adc_clk
  To Clock:  pll_adc_clk

Setup :            0  Failing Endpoints,  Worst Slack        0.173ns,  Total Violation        0.000ns
Hold  :            0  Failing Endpoints,  Worst Slack        0.052ns,  Total Violation        0.000ns
PW    :            0  Failing Endpoints,  Worst Slack        2.750ns,  Total Violation        0.000ns
---------------------------------------------------------------------------------------------------


Max Delay Paths
--------------------------------------------------------------------------------------
Slack (MET) :             0.173ns  (required time - arrival time)
  Source:                 ps/axi_slave_gp0/wr_wdata_reg[9]/C
                            (rising edge-triggered cell FDRE clocked by pll_adc_clk  {rise@0.000ns fall@4.000ns period=8.000ns})
  Destination:            i_scope/set_deb_len_reg[9]/D
                            (rising edge-triggered cell FDRE clocked by pll_adc_clk  {rise@0.000ns fall@4.000ns period=8.000ns})
  Path Group:             pll_adc_clk
  Path Type:              Setup (Max at Slow Process Corner)
  Requirement:            8.000ns  (pll_adc_clk rise@8.000ns - pll_adc_clk rise@0.000ns)
  Data Path Delay:        7.569ns  (logic 0.456ns (6.024%)  route 7.113ns (93.976%))
  Logic Levels:           0  
  Clock Path Skew:        -0.146ns (DCD - SCD + CPR)
    Destination Clock Delay (DCD):    5.453ns = ( 13.453 - 8.000 ) 
    Source Clock Delay      (SCD):    5.956ns
    Clock Pessimism Removal (CPR):    0.357ns
  Clock Uncertainty:      0.069ns  ((TSJ^2 + DJ^2)^1/2) / 2 + PE
    Total System Jitter     (TSJ):    0.071ns
    Discrete Jitter          (DJ):    0.118ns
    Phase Error              (PE):    0.000ns

    Location             Delay type                Incr(ns)  Path(ns)    Netlist Resource(s)
  -------------------------------------------------------------------    -------------------
                         (clock pll_adc_clk rise edge)
                                                      0.000     0.000 r  
    U18                                               0.000     0.000 r  adc_clk_i[1] (IN)
                         net (fo=0)                   0.000     0.000    adc_clk_i[1]
    U18                  IBUFDS (Prop_ibufds_I_O)     0.983     0.983 r  i_clk/O
                         net (fo=1, routed)           1.306     2.289    pll/adc_clk_in
    PLLE2_ADV_X0Y0       PLLE2_ADV (Prop_plle2_adv_CLKIN1_CLKOUT0)
                                                      0.089     2.378 r  pll/pll/CLKOUT0
                         net (fo=1, routed)           1.754     4.132    pll_adc_clk
    BUFGCTRL_X0Y0        BUFG (Prop_bufg_I_O)         0.101     4.233 r  bufg_adc_clk/O
                         net (fo=3940, routed)        1.723     5.956    ps/axi_slave_gp0/clk_i
    SLICE_X1Y44          FDRE                                         r  ps/axi_slave_gp0/wr_wdata_reg[9]/C
  -------------------------------------------------------------------    -------------------
    SLICE_X1Y44          FDRE (Prop_fdre_C_Q)         0.456     6.412 r  ps/axi_slave_gp0/wr_wdata_reg[9]/Q
                         net (fo=58, routed)          7.113    13.525    i_scope/wr_wdata_reg[31][9]
    SLICE_X37Y28         FDRE                                         r  i_scope/set_deb_len_reg[9]/D
  -------------------------------------------------------------------    -------------------

                         (clock pll_adc_clk rise edge)
                                                      8.000     8.000 r  
    U18                                               0.000     8.000 r  adc_clk_i[1] (IN)
                         net (fo=0)                   0.000     8.000    adc_clk_i[1]
    U18                  IBUFDS (Prop_ibufds_I_O)     0.940     8.940 r  i_clk/O
                         net (fo=1, routed)           1.181    10.121    pll/adc_clk_in
    PLLE2_ADV_X0Y0       PLLE2_ADV (Prop_plle2_adv_CLKIN1_CLKOUT0)
                                                      0.084    10.205 r  pll/pll/CLKOUT0
                         net (fo=1, routed)           1.594    11.799    pll_adc_clk
    BUFGCTRL_X0Y0        BUFG (Prop_bufg_I_O)         0.091    11.890 r  bufg_adc_clk/O
                         net (fo=3940, routed)        1.563    13.453    i_scope/clk_i
    SLICE_X37Y28         FDRE                                         r  i_scope/set_deb_len_reg[9]/C
                         clock pessimism              0.357    13.811    
                         clock uncertainty           -0.069    13.742    
    SLICE_X37Y28         FDRE (Setup_fdre_C_D)       -0.043    13.699    i_scope/set_deb_len_reg[9]
  -------------------------------------------------------------------
                         required time                         13.699    
                         arrival time                         -13.525    
  -------------------------------------------------------------------
                         slack                                  0.173    

Slack (MET) :             0.220ns  (required time - arrival time)
  Source:                 ps/axi_slave_gp0/wr_wdata_reg[1]/C
                            (rising edge-triggered cell FDRE clocked by pll_adc_clk  {rise@0.000ns fall@4.000ns period=8.000ns})
  Destination:            i_ams/dac_a_o_reg[1]/D
                            (rising edge-triggered cell FDRE clocked by pll_adc_clk  {rise@0.000ns fall@4.000ns period=8.000ns})
  Path Group:             pll_adc_clk
  Path Type:              Setup (Max at Slow Process Corner)
  Requirement:            8.000ns  (pll_adc_clk rise@8.000ns - pll_adc_clk rise@0.000ns)
  Data Path Delay:        7.477ns  (logic 0.456ns (6.099%)  route 7.021ns (93.901%))
  Logic Levels:           0  
  Clock Path Skew:        -0.140ns (DCD - SCD + CPR)
    Destination Clock Delay (DCD):    5.463ns = ( 13.463 - 8.000 ) 
    Source Clock Delay      (SCD):    5.960ns
    Clock Pessimism Removal (CPR):    0.357ns
  Clock Uncertainty:      0.069ns  ((TSJ^2 + DJ^2)^1/2) / 2 + PE
    Total System Jitter     (TSJ):    0.071ns
    Discrete Jitter          (DJ):    0.118ns
    Phase Error              (PE):    0.000ns

    Location             Delay type                Incr(ns)  Path(ns)    Netlist Resource(s)
  -------------------------------------------------------------------    -------------------
                         (clock pll_adc_clk rise edge)
                                                      0.000     0.000 r  
    U18                                               0.000     0.000 r  adc_clk_i[1] (IN)
                         net (fo=0)                   0.000     0.000    adc_clk_i[1]
    U18                  IBUFDS (Prop_ibufds_I_O)     0.983     0.983 r  i_clk/O
                         net (fo=1, routed)           1.306     2.289    pll/adc_clk_in
    PLLE2_ADV_X0Y0       PLLE2_ADV (Prop_plle2_adv_CLKIN1_CLKOUT0)
                                                      0.089     2.378 r  pll/pll/CLKOUT0
                         net (fo=1, routed)           1.754     4.132    pll_adc_clk
    BUFGCTRL_X0Y0        BUFG (Prop_bufg_I_O)         0.101     4.233 r  bufg_adc_clk/O
                         net (fo=3940, routed)        1.727     5.960    ps/axi_slave_gp0/clk_i
    SLICE_X2Y42          FDRE                                         r  ps/axi_slave_gp0/wr_wdata_reg[1]/C
  -------------------------------------------------------------------    -------------------
    SLICE_X2Y42          FDRE (Prop_fdre_C_Q)         0.456     6.416 r  ps/axi_slave_gp0/wr_wdata_reg[1]/Q
                         net (fo=68, routed)          7.021    13.437    i_ams/wr_wdata_reg[23][1]
    SLICE_X36Y40         FDRE                                         r  i_ams/dac_a_o_reg[1]/D
  -------------------------------------------------------------------    -------------------

                         (clock pll_adc_clk rise edge)
                                                      8.000     8.000 r  
    U18                                               0.000     8.000 r  adc_clk_i[1] (IN)
                         net (fo=0)                   0.000     8.000    adc_clk_i[1]
    U18                  IBUFDS (Prop_ibufds_I_O)     0.940     8.940 r  i_clk/O
                         net (fo=1, routed)           1.181    10.121    pll/adc_clk_in
    PLLE2_ADV_X0Y0       PLLE2_ADV (Prop_plle2_adv_CLKIN1_CLKOUT0)
                                                      0.084    10.205 r  pll/pll/CLKOUT0
                         net (fo=1, routed)           1.594    11.799    pll_adc_clk
    BUFGCTRL_X0Y0        BUFG (Prop_bufg_I_O)         0.091    11.890 r  bufg_adc_clk/O
                         net (fo=3940, routed)        1.573    13.463    i_ams/adc_clk
    SLICE_X36Y40         FDRE                                         r  i_ams/dac_a_o_reg[1]/C
                         clock pessimism              0.357    13.821    
                         clock uncertainty           -0.069    13.752    
    SLICE_X36Y40         FDRE (Setup_fdre_C_D)       -0.095    13.657    i_ams/dac_a_o_reg[1]
  -------------------------------------------------------------------
                         required time                         13.657    
                         arrival time                         -13.437    
  -------------------------------------------------------------------
                         slack                                  0.220    

Slack (MET) :             0.242ns  (required time - arrival time)
  Source:                 ps/axi_slave_gp0/wr_wdata_reg[1]/C
                            (rising edge-triggered cell FDRE clocked by pll_adc_clk  {rise@0.000ns fall@4.000ns period=8.000ns})
  Destination:            e_def/ch[0]/dac_buf_reg_0/DIADI[1]
                            (rising edge-triggered cell RAMB36E1 clocked by pll_adc_clk  {rise@0.000ns fall@4.000ns period=8.000ns})
  Path Group:             pll_adc_clk
  Path Type:              Setup (Max at Slow Process Corner)
  Requirement:            8.000ns  (pll_adc_clk rise@8.000ns - pll_adc_clk rise@0.000ns)
  Data Path Delay:        7.278ns  (logic 0.456ns (6.266%)  route 6.822ns (93.734%))
  Logic Levels:           0  
  Clock Path Skew:        -0.170ns (DCD - SCD + CPR)
    Destination Clock Delay (DCD):    5.433ns = ( 13.433 - 8.000 ) 
    Source Clock Delay      (SCD):    5.960ns
    Clock Pessimism Removal (CPR):    0.357ns
  Clock Uncertainty:      0.069ns  ((TSJ^2 + DJ^2)^1/2) / 2 + PE
    Total System Jitter     (TSJ):    0.071ns
    Discrete Jitter          (DJ):    0.118ns
    Phase Error              (PE):    0.000ns

    Location             Delay type                Incr(ns)  Path(ns)    Netlist Resource(s)
  -------------------------------------------------------------------    -------------------
                         (clock pll_adc_clk rise edge)
                                                      0.000     0.000 r  
    U18                                               0.000     0.000 r  adc_clk_i[1] (IN)
                         net (fo=0)                   0.000     0.000    adc_clk_i[1]
    U18                  IBUFDS (Prop_ibufds_I_O)     0.983     0.983 r  i_clk/O
                         net (fo=1, routed)           1.306     2.289    pll/adc_clk_in
    PLLE2_ADV_X0Y0       PLLE2_ADV (Prop_plle2_adv_CLKIN1_CLKOUT0)
                                                      0.089     2.378 r  pll/pll/CLKOUT0
                         net (fo=1, routed)           1.754     4.132    pll_adc_clk
    BUFGCTRL_X0Y0        BUFG (Prop_bufg_I_O)         0.101     4.233 r  bufg_adc_clk/O
                         net (fo=3940, routed)        1.727     5.960    ps/axi_slave_gp0/clk_i
    SLICE_X2Y42          FDRE                                         r  ps/axi_slave_gp0/wr_wdata_reg[1]/C
  -------------------------------------------------------------------    -------------------
    SLICE_X2Y42          FDRE (Prop_fdre_C_Q)         0.456     6.416 r  ps/axi_slave_gp0/wr_wdata_reg[1]/Q
                         net (fo=68, routed)          6.822    13.238    e_def/ch[0]/wr_wdata_reg[13][1]
    RAMB36_X2Y8          RAMB36E1                                     r  e_def/ch[0]/dac_buf_reg_0/DIADI[1]
  -------------------------------------------------------------------    -------------------

                         (clock pll_adc_clk rise edge)
                                                      8.000     8.000 r  
    U18                                               0.000     8.000 r  adc_clk_i[1] (IN)
                         net (fo=0)                   0.000     8.000    adc_clk_i[1]
    U18                  IBUFDS (Prop_ibufds_I_O)     0.940     8.940 r  i_clk/O
                         net (fo=1, routed)           1.181    10.121    pll/adc_clk_in
    PLLE2_ADV_X0Y0       PLLE2_ADV (Prop_plle2_adv_CLKIN1_CLKOUT0)
                                                      0.084    10.205 r  pll/pll/CLKOUT0
                         net (fo=1, routed)           1.594    11.799    pll_adc_clk
    BUFGCTRL_X0Y0        BUFG (Prop_bufg_I_O)         0.091    11.890 r  bufg_adc_clk/O
                         net (fo=3940, routed)        1.543    13.433    e_def/ch[0]/adc_clk
    RAMB36_X2Y8          RAMB36E1                                     r  e_def/ch[0]/dac_buf_reg_0/CLKARDCLK
                         clock pessimism              0.357    13.790    
                         clock uncertainty           -0.069    13.721    
    RAMB36_X2Y8          RAMB36E1 (Setup_ramb36e1_CLKARDCLK_DIADI[1])
                                                     -0.241    13.480    e_def/ch[0]/dac_buf_reg_0
  -------------------------------------------------------------------
                         required time                         13.480    
                         arrival time                         -13.238    
  -------------------------------------------------------------------
                         slack                                  0.242    

Slack (MET) :             0.243ns  (required time - arrival time)
  Source:                 ps/axi_slave_gp0/wr_wdata_reg[1]/C
                            (rising edge-triggered cell FDRE clocked by pll_adc_clk  {rise@0.000ns fall@4.000ns period=8.000ns})
  Destination:            i_ams/dac_b_o_reg[1]/D
                            (rising edge-triggered cell FDRE clocked by pll_adc_clk  {rise@0.000ns fall@4.000ns period=8.000ns})
  Path Group:             pll_adc_clk
  Path Type:              Setup (Max at Slow Process Corner)
  Requirement:            8.000ns  (pll_adc_clk rise@8.000ns - pll_adc_clk rise@0.000ns)
  Data Path Delay:        7.490ns  (logic 0.456ns (6.088%)  route 7.034ns (93.912%))
  Logic Levels:           0  
  Clock Path Skew:        -0.140ns (DCD - SCD + CPR)
    Destination Clock Delay (DCD):    5.463ns = ( 13.463 - 8.000 ) 
    Source Clock Delay      (SCD):    5.960ns
    Clock Pessimism Removal (CPR):    0.357ns
  Clock Uncertainty:      0.069ns  ((TSJ^2 + DJ^2)^1/2) / 2 + PE
    Total System Jitter     (TSJ):    0.071ns
    Discrete Jitter          (DJ):    0.118ns
    Phase Error              (PE):    0.000ns

    Location             Delay type                Incr(ns)  Path(ns)    Netlist Resource(s)
  -------------------------------------------------------------------    -------------------
                         (clock pll_adc_clk rise edge)
                                                      0.000     0.000 r  
    U18                                               0.000     0.000 r  adc_clk_i[1] (IN)
                         net (fo=0)                   0.000     0.000    adc_clk_i[1]
    U18                  IBUFDS (Prop_ibufds_I_O)     0.983     0.983 r  i_clk/O
                         net (fo=1, routed)           1.306     2.289    pll/adc_clk_in
    PLLE2_ADV_X0Y0       PLLE2_ADV (Prop_plle2_adv_CLKIN1_CLKOUT0)
                                                      0.089     2.378 r  pll/pll/CLKOUT0
                         net (fo=1, routed)           1.754     4.132    pll_adc_clk
    BUFGCTRL_X0Y0        BUFG (Prop_bufg_I_O)         0.101     4.233 r  bufg_adc_clk/O
                         net (fo=3940, routed)        1.727     5.960    ps/axi_slave_gp0/clk_i
    SLICE_X2Y42          FDRE                                         r  ps/axi_slave_gp0/wr_wdata_reg[1]/C
  -------------------------------------------------------------------    -------------------
    SLICE_X2Y42          FDRE (Prop_fdre_C_Q)         0.456     6.416 r  ps/axi_slave_gp0/wr_wdata_reg[1]/Q
                         net (fo=68, routed)          7.034    13.451    i_ams/wr_wdata_reg[23][1]
    SLICE_X36Y39         FDRE                                         r  i_ams/dac_b_o_reg[1]/D
  -------------------------------------------------------------------    -------------------

                         (clock pll_adc_clk rise edge)
                                                      8.000     8.000 r  
    U18                                               0.000     8.000 r  adc_clk_i[1] (IN)
                         net (fo=0)                   0.000     8.000    adc_clk_i[1]
    U18                  IBUFDS (Prop_ibufds_I_O)     0.940     8.940 r  i_clk/O
                         net (fo=1, routed)           1.181    10.121    pll/adc_clk_in
    PLLE2_ADV_X0Y0       PLLE2_ADV (Prop_plle2_adv_CLKIN1_CLKOUT0)
                                                      0.084    10.205 r  pll/pll/CLKOUT0
                         net (fo=1, routed)           1.594    11.799    pll_adc_clk
    BUFGCTRL_X0Y0        BUFG (Prop_bufg_I_O)         0.091    11.890 r  bufg_adc_clk/O
                         net (fo=3940, routed)        1.573    13.463    i_ams/adc_clk
    SLICE_X36Y39         FDRE                                         r  i_ams/dac_b_o_reg[1]/C
                         clock pessimism              0.357    13.821    
                         clock uncertainty           -0.069    13.752    
    SLICE_X36Y39         FDRE (Setup_fdre_C_D)       -0.058    13.694    i_ams/dac_b_o_reg[1]
  -------------------------------------------------------------------
                         required time                         13.694    
                         arrival time                         -13.451    
  -------------------------------------------------------------------
                         slack                                  0.243    

Slack (MET) :             0.287ns  (required time - arrival time)
  Source:                 ps/axi_slave_gp0/wr_wdata_reg[1]/C
                            (rising edge-triggered cell FDRE clocked by pll_adc_clk  {rise@0.000ns fall@4.000ns period=8.000ns})
  Destination:            i_ams/dac_d_o_reg[1]/D
                            (rising edge-triggered cell FDRE clocked by pll_adc_clk  {rise@0.000ns fall@4.000ns period=8.000ns})
  Path Group:             pll_adc_clk
  Path Type:              Setup (Max at Slow Process Corner)
  Requirement:            8.000ns  (pll_adc_clk rise@8.000ns - pll_adc_clk rise@0.000ns)
  Data Path Delay:        7.455ns  (logic 0.456ns (6.117%)  route 6.999ns (93.883%))
  Logic Levels:           0  
  Clock Path Skew:        -0.143ns (DCD - SCD + CPR)
    Destination Clock Delay (DCD):    5.460ns = ( 13.460 - 8.000 ) 
    Source Clock Delay      (SCD):    5.960ns
    Clock Pessimism Removal (CPR):    0.357ns
  Clock Uncertainty:      0.069ns  ((TSJ^2 + DJ^2)^1/2) / 2 + PE
    Total System Jitter     (TSJ):    0.071ns
    Discrete Jitter          (DJ):    0.118ns
    Phase Error              (PE):    0.000ns

    Location             Delay type                Incr(ns)  Path(ns)    Netlist Resource(s)
  -------------------------------------------------------------------    -------------------
                         (clock pll_adc_clk rise edge)
                                                      0.000     0.000 r  
    U18                                               0.000     0.000 r  adc_clk_i[1] (IN)
                         net (fo=0)                   0.000     0.000    adc_clk_i[1]
    U18                  IBUFDS (Prop_ibufds_I_O)     0.983     0.983 r  i_clk/O
                         net (fo=1, routed)           1.306     2.289    pll/adc_clk_in
    PLLE2_ADV_X0Y0       PLLE2_ADV (Prop_plle2_adv_CLKIN1_CLKOUT0)
                                                      0.089     2.378 r  pll/pll/CLKOUT0
                         net (fo=1, routed)           1.754     4.132    pll_adc_clk
    BUFGCTRL_X0Y0        BUFG (Prop_bufg_I_O)         0.101     4.233 r  bufg_adc_clk/O
                         net (fo=3940, routed)        1.727     5.960    ps/axi_slave_gp0/clk_i
    SLICE_X2Y42          FDRE                                         r  ps/axi_slave_gp0/wr_wdata_reg[1]/C
  -------------------------------------------------------------------    -------------------
    SLICE_X2Y42          FDRE (Prop_fdre_C_Q)         0.456     6.416 r  ps/axi_slave_gp0/wr_wdata_reg[1]/Q
                         net (fo=68, routed)          6.999    13.415    i_ams/wr_wdata_reg[23][1]
    SLICE_X37Y36         FDRE                                         r  i_ams/dac_d_o_reg[1]/D
  -------------------------------------------------------------------    -------------------

                         (clock pll_adc_clk rise edge)
                                                      8.000     8.000 r  
    U18                                               0.000     8.000 r  adc_clk_i[1] (IN)
                         net (fo=0)                   0.000     8.000    adc_clk_i[1]
    U18                  IBUFDS (Prop_ibufds_I_O)     0.940     8.940 r  i_clk/O
                         net (fo=1, routed)           1.181    10.121    pll/adc_clk_in
    PLLE2_ADV_X0Y0       PLLE2_ADV (Prop_plle2_adv_CLKIN1_CLKOUT0)
                                                      0.084    10.205 r  pll/pll/CLKOUT0
                         net (fo=1, routed)           1.594    11.799    pll_adc_clk
    BUFGCTRL_X0Y0        BUFG (Prop_bufg_I_O)         0.091    11.890 r  bufg_adc_clk/O
                         net (fo=3940, routed)        1.570    13.460    i_ams/adc_clk
    SLICE_X37Y36         FDRE                                         r  i_ams/dac_d_o_reg[1]/C
                         clock pessimism              0.357    13.818    
                         clock uncertainty           -0.069    13.749    
    SLICE_X37Y36         FDRE (Setup_fdre_C_D)       -0.047    13.702    i_ams/dac_d_o_reg[1]
  -------------------------------------------------------------------
                         required time                         13.702    
                         arrival time                         -13.415    
  -------------------------------------------------------------------
                         slack                                  0.287    

Slack (MET) :             0.302ns  (required time - arrival time)
  Source:                 ps/axi_slave_gp0/wr_wdata_reg[1]/C
                            (rising edge-triggered cell FDRE clocked by pll_adc_clk  {rise@0.000ns fall@4.000ns period=8.000ns})
  Destination:            i_ams/dac_c_o_reg[1]/D
                            (rising edge-triggered cell FDRE clocked by pll_adc_clk  {rise@0.000ns fall@4.000ns period=8.000ns})
  Path Group:             pll_adc_clk
  Path Type:              Setup (Max at Slow Process Corner)
  Requirement:            8.000ns  (pll_adc_clk rise@8.000ns - pll_adc_clk rise@0.000ns)
  Data Path Delay:        7.441ns  (logic 0.456ns (6.128%)  route 6.985ns (93.872%))
  Logic Levels:           0  
  Clock Path Skew:        -0.144ns (DCD - SCD + CPR)
    Destination Clock Delay (DCD):    5.459ns = ( 13.459 - 8.000 ) 
    Source Clock Delay      (SCD):    5.960ns
    Clock Pessimism Removal (CPR):    0.357ns
  Clock Uncertainty:      0.069ns  ((TSJ^2 + DJ^2)^1/2) / 2 + PE
    Total System Jitter     (TSJ):    0.071ns
    Discrete Jitter          (DJ):    0.118ns
    Phase Error              (PE):    0.000ns

    Location             Delay type                Incr(ns)  Path(ns)    Netlist Resource(s)
  -------------------------------------------------------------------    -------------------
                         (clock pll_adc_clk rise edge)
                                                      0.000     0.000 r  
    U18                                               0.000     0.000 r  adc_clk_i[1] (IN)
                         net (fo=0)                   0.000     0.000    adc_clk_i[1]
    U18                  IBUFDS (Prop_ibufds_I_O)     0.983     0.983 r  i_clk/O
                         net (fo=1, routed)           1.306     2.289    pll/adc_clk_in
    PLLE2_ADV_X0Y0       PLLE2_ADV (Prop_plle2_adv_CLKIN1_CLKOUT0)
                                                      0.089     2.378 r  pll/pll/CLKOUT0
                         net (fo=1, routed)           1.754     4.132    pll_adc_clk
    BUFGCTRL_X0Y0        BUFG (Prop_bufg_I_O)         0.101     4.233 r  bufg_adc_clk/O
                         net (fo=3940, routed)        1.727     5.960    ps/axi_slave_gp0/clk_i
    SLICE_X2Y42          FDRE                                         r  ps/axi_slave_gp0/wr_wdata_reg[1]/C
  -------------------------------------------------------------------    -------------------
    SLICE_X2Y42          FDRE (Prop_fdre_C_Q)         0.456     6.416 r  ps/axi_slave_gp0/wr_wdata_reg[1]/Q
                         net (fo=68, routed)          6.985    13.401    i_ams/wr_wdata_reg[23][1]
    SLICE_X38Y34         FDRE                                         r  i_ams/dac_c_o_reg[1]/D
  -------------------------------------------------------------------    -------------------

                         (clock pll_adc_clk rise edge)
                                                      8.000     8.000 r  
    U18                                               0.000     8.000 r  adc_clk_i[1] (IN)
                         net (fo=0)                   0.000     8.000    adc_clk_i[1]
    U18                  IBUFDS (Prop_ibufds_I_O)     0.940     8.940 r  i_clk/O
                         net (fo=1, routed)           1.181    10.121    pll/adc_clk_in
    PLLE2_ADV_X0Y0       PLLE2_ADV (Prop_plle2_adv_CLKIN1_CLKOUT0)
                                                      0.084    10.205 r  pll/pll/CLKOUT0
                         net (fo=1, routed)           1.594    11.799    pll_adc_clk
    BUFGCTRL_X0Y0        BUFG (Prop_bufg_I_O)         0.091    11.890 r  bufg_adc_clk/O
                         net (fo=3940, routed)        1.569    13.459    i_ams/adc_clk
    SLICE_X38Y34         FDRE                                         r  i_ams/dac_c_o_reg[1]/C
                         clock pessimism              0.357    13.817    
                         clock uncertainty           -0.069    13.748    
    SLICE_X38Y34         FDRE (Setup_fdre_C_D)       -0.045    13.703    i_ams/dac_c_o_reg[1]
  -------------------------------------------------------------------
                         required time                         13.703    
                         arrival time                         -13.401    
  -------------------------------------------------------------------
                         slack                                  0.302    

Slack (MET) :             0.313ns  (required time - arrival time)
  Source:                 ps/axi_slave_gp0/wr_wdata_reg[8]/C
                            (rising edge-triggered cell FDRE clocked by pll_adc_clk  {rise@0.000ns fall@4.000ns period=8.000ns})
  Destination:            i_ams/dac_b_o_reg[8]/D
                            (rising edge-triggered cell FDRE clocked by pll_adc_clk  {rise@0.000ns fall@4.000ns period=8.000ns})
  Path Group:             pll_adc_clk
  Path Type:              Setup (Max at Slow Process Corner)
  Requirement:            8.000ns  (pll_adc_clk rise@8.000ns - pll_adc_clk rise@0.000ns)
  Data Path Delay:        7.437ns  (logic 0.456ns (6.131%)  route 6.981ns (93.869%))
  Logic Levels:           0  
  Clock Path Skew:        -0.138ns (DCD - SCD + CPR)
    Destination Clock Delay (DCD):    5.461ns = ( 13.461 - 8.000 ) 
    Source Clock Delay      (SCD):    5.956ns
    Clock Pessimism Removal (CPR):    0.357ns
  Clock Uncertainty:      0.069ns  ((TSJ^2 + DJ^2)^1/2) / 2 + PE
    Total System Jitter     (TSJ):    0.071ns
    Discrete Jitter          (DJ):    0.118ns
    Phase Error              (PE):    0.000ns

    Location             Delay type                Incr(ns)  Path(ns)    Netlist Resource(s)
  -------------------------------------------------------------------    -------------------
                         (clock pll_adc_clk rise edge)
                                                      0.000     0.000 r  
    U18                                               0.000     0.000 r  adc_clk_i[1] (IN)
                         net (fo=0)                   0.000     0.000    adc_clk_i[1]
    U18                  IBUFDS (Prop_ibufds_I_O)     0.983     0.983 r  i_clk/O
                         net (fo=1, routed)           1.306     2.289    pll/adc_clk_in
    PLLE2_ADV_X0Y0       PLLE2_ADV (Prop_plle2_adv_CLKIN1_CLKOUT0)
                                                      0.089     2.378 r  pll/pll/CLKOUT0
                         net (fo=1, routed)           1.754     4.132    pll_adc_clk
    BUFGCTRL_X0Y0        BUFG (Prop_bufg_I_O)         0.101     4.233 r  bufg_adc_clk/O
                         net (fo=3940, routed)        1.723     5.956    ps/axi_slave_gp0/clk_i
    SLICE_X1Y44          FDRE                                         r  ps/axi_slave_gp0/wr_wdata_reg[8]/C
  -------------------------------------------------------------------    -------------------
    SLICE_X1Y44          FDRE (Prop_fdre_C_Q)         0.456     6.412 r  ps/axi_slave_gp0/wr_wdata_reg[8]/Q
                         net (fo=59, routed)          6.981    13.393    i_ams/wr_wdata_reg[23][8]
    SLICE_X36Y37         FDRE                                         r  i_ams/dac_b_o_reg[8]/D
  -------------------------------------------------------------------    -------------------

                         (clock pll_adc_clk rise edge)
                                                      8.000     8.000 r  
    U18                                               0.000     8.000 r  adc_clk_i[1] (IN)
                         net (fo=0)                   0.000     8.000    adc_clk_i[1]
    U18                  IBUFDS (Prop_ibufds_I_O)     0.940     8.940 r  i_clk/O
                         net (fo=1, routed)           1.181    10.121    pll/adc_clk_in
    PLLE2_ADV_X0Y0       PLLE2_ADV (Prop_plle2_adv_CLKIN1_CLKOUT0)
                                                      0.084    10.205 r  pll/pll/CLKOUT0
                         net (fo=1, routed)           1.594    11.799    pll_adc_clk
    BUFGCTRL_X0Y0        BUFG (Prop_bufg_I_O)         0.091    11.890 r  bufg_adc_clk/O
                         net (fo=3940, routed)        1.571    13.461    i_ams/adc_clk
    SLICE_X36Y37         FDRE                                         r  i_ams/dac_b_o_reg[8]/C
                         clock pessimism              0.357    13.819    
                         clock uncertainty           -0.069    13.750    
    SLICE_X36Y37         FDRE (Setup_fdre_C_D)       -0.043    13.707    i_ams/dac_b_o_reg[8]
  -------------------------------------------------------------------
                         required time                         13.707    
                         arrival time                         -13.393    
  -------------------------------------------------------------------
                         slack                                  0.313    

Slack (MET) :             0.344ns  (required time - arrival time)
  Source:                 i_hk/digital_loop_reg/C
                            (rising edge-triggered cell FDRE clocked by pll_adc_clk  {rise@0.000ns fall@4.000ns period=8.000ns})
  Destination:            i_scope/i_dfilt1_cha/bb_mult/B[5]
                            (rising edge-triggered cell DSP48E1 clocked by pll_adc_clk  {rise@0.000ns fall@4.000ns period=8.000ns})
  Path Group:             pll_adc_clk
  Path Type:              Setup (Max at Slow Process Corner)
  Requirement:            8.000ns  (pll_adc_clk rise@8.000ns - pll_adc_clk rise@0.000ns)
  Data Path Delay:        3.874ns  (logic 0.635ns (16.391%)  route 3.239ns (83.609%))
  Logic Levels:           1  (LUT2=1)
  Clock Path Skew:        0.032ns (DCD - SCD + CPR)
    Destination Clock Delay (DCD):    5.472ns = ( 13.472 - 8.000 ) 
    Source Clock Delay      (SCD):    5.898ns
    Clock Pessimism Removal (CPR):    0.458ns
  Clock Uncertainty:      0.069ns  ((TSJ^2 + DJ^2)^1/2) / 2 + PE
    Total System Jitter     (TSJ):    0.071ns
    Discrete Jitter          (DJ):    0.118ns
    Phase Error              (PE):    0.000ns

    Location             Delay type                Incr(ns)  Path(ns)    Netlist Resource(s)
  -------------------------------------------------------------------    -------------------
                         (clock pll_adc_clk rise edge)
                                                      0.000     0.000 r  
    U18                                               0.000     0.000 r  adc_clk_i[1] (IN)
                         net (fo=0)                   0.000     0.000    adc_clk_i[1]
    U18                  IBUFDS (Prop_ibufds_I_O)     0.983     0.983 r  i_clk/O
                         net (fo=1, routed)           1.306     2.289    pll/adc_clk_in
    PLLE2_ADV_X0Y0       PLLE2_ADV (Prop_plle2_adv_CLKIN1_CLKOUT0)
                                                      0.089     2.378 r  pll/pll/CLKOUT0
                         net (fo=1, routed)           1.754     4.132    pll_adc_clk
    BUFGCTRL_X0Y0        BUFG (Prop_bufg_I_O)         0.101     4.233 r  bufg_adc_clk/O
                         net (fo=3940, routed)        1.665     5.898    i_hk/clk_i
    SLICE_X16Y32         FDRE                                         r  i_hk/digital_loop_reg/C
  -------------------------------------------------------------------    -------------------
    SLICE_X16Y32         FDRE (Prop_fdre_C_Q)         0.518     6.416 f  i_hk/digital_loop_reg/Q
                         net (fo=30, routed)          1.529     7.945    i_hk/digital_loop
    SLICE_X41Y32         LUT2 (Prop_lut2_I0_O)        0.117     8.062 r  i_hk/r01_reg[23]_i_1/O
                         net (fo=2, routed)           1.710     9.772    i_scope/i_dfilt1_cha/D[5]
    DSP48_X0Y10          DSP48E1                                      r  i_scope/i_dfilt1_cha/bb_mult/B[5]
  -------------------------------------------------------------------    -------------------

                         (clock pll_adc_clk rise edge)
                                                      8.000     8.000 r  
    U18                                               0.000     8.000 r  adc_clk_i[1] (IN)
                         net (fo=0)                   0.000     8.000    adc_clk_i[1]
    U18                  IBUFDS (Prop_ibufds_I_O)     0.940     8.940 r  i_clk/O
                         net (fo=1, routed)           1.181    10.121    pll/adc_clk_in
    PLLE2_ADV_X0Y0       PLLE2_ADV (Prop_plle2_adv_CLKIN1_CLKOUT0)
                                                      0.084    10.205 r  pll/pll/CLKOUT0
                         net (fo=1, routed)           1.594    11.799    pll_adc_clk
    BUFGCTRL_X0Y0        BUFG (Prop_bufg_I_O)         0.091    11.890 r  bufg_adc_clk/O
                         net (fo=3940, routed)        1.582    13.472    i_scope/i_dfilt1_cha/clk_i
    DSP48_X0Y10          DSP48E1                                      r  i_scope/i_dfilt1_cha/bb_mult/CLK
                         clock pessimism              0.458    13.930    
                         clock uncertainty           -0.069    13.861    
    DSP48_X0Y10          DSP48E1 (Setup_dsp48e1_CLK_B[5])
                                                     -3.744    10.117    i_scope/i_dfilt1_cha/bb_mult
  -------------------------------------------------------------------
                         required time                         10.117    
                         arrival time                          -9.772    
  -------------------------------------------------------------------
                         slack                                  0.344    

Slack (MET) :             0.362ns  (required time - arrival time)
  Source:                 i_hk/digital_loop_reg/C
                            (rising edge-triggered cell FDRE clocked by pll_adc_clk  {rise@0.000ns fall@4.000ns period=8.000ns})
  Destination:            i_scope/i_dfilt1_cha/bb_mult/B[4]
                            (rising edge-triggered cell DSP48E1 clocked by pll_adc_clk  {rise@0.000ns fall@4.000ns period=8.000ns})
  Path Group:             pll_adc_clk
  Path Type:              Setup (Max at Slow Process Corner)
  Requirement:            8.000ns  (pll_adc_clk rise@8.000ns - pll_adc_clk rise@0.000ns)
  Data Path Delay:        3.862ns  (logic 0.638ns (16.520%)  route 3.224ns (83.480%))
  Logic Levels:           1  (LUT2=1)
  Clock Path Skew:        0.032ns (DCD - SCD + CPR)
    Destination Clock Delay (DCD):    5.472ns = ( 13.472 - 8.000 ) 
    Source Clock Delay      (SCD):    5.898ns
    Clock Pessimism Removal (CPR):    0.458ns
  Clock Uncertainty:      0.069ns  ((TSJ^2 + DJ^2)^1/2) / 2 + PE
    Total System Jitter     (TSJ):    0.071ns
    Discrete Jitter          (DJ):    0.118ns
    Phase Error              (PE):    0.000ns

    Location             Delay type                Incr(ns)  Path(ns)    Netlist Resource(s)
  -------------------------------------------------------------------    -------------------
                         (clock pll_adc_clk rise edge)
                                                      0.000     0.000 r  
    U18                                               0.000     0.000 r  adc_clk_i[1] (IN)
                         net (fo=0)                   0.000     0.000    adc_clk_i[1]
    U18                  IBUFDS (Prop_ibufds_I_O)     0.983     0.983 r  i_clk/O
                         net (fo=1, routed)           1.306     2.289    pll/adc_clk_in
    PLLE2_ADV_X0Y0       PLLE2_ADV (Prop_plle2_adv_CLKIN1_CLKOUT0)
                                                      0.089     2.378 r  pll/pll/CLKOUT0
                         net (fo=1, routed)           1.754     4.132    pll_adc_clk
    BUFGCTRL_X0Y0        BUFG (Prop_bufg_I_O)         0.101     4.233 r  bufg_adc_clk/O
                         net (fo=3940, routed)        1.665     5.898    i_hk/clk_i
    SLICE_X16Y32         FDRE                                         r  i_hk/digital_loop_reg/C
  -------------------------------------------------------------------    -------------------
    SLICE_X16Y32         FDRE (Prop_fdre_C_Q)         0.518     6.416 f  i_hk/digital_loop_reg/Q
                         net (fo=30, routed)          1.530     7.946    i_hk/digital_loop
    SLICE_X41Y32         LUT2 (Prop_lut2_I0_O)        0.120     8.066 r  i_hk/r01_reg[22]_i_1/O
                         net (fo=2, routed)           1.694     9.760    i_scope/i_dfilt1_cha/D[4]
    DSP48_X0Y10          DSP48E1                                      r  i_scope/i_dfilt1_cha/bb_mult/B[4]
  -------------------------------------------------------------------    -------------------

                         (clock pll_adc_clk rise edge)
                                                      8.000     8.000 r  
    U18                                               0.000     8.000 r  adc_clk_i[1] (IN)
                         net (fo=0)                   0.000     8.000    adc_clk_i[1]
    U18                  IBUFDS (Prop_ibufds_I_O)     0.940     8.940 r  i_clk/O
                         net (fo=1, routed)           1.181    10.121    pll/adc_clk_in
    PLLE2_ADV_X0Y0       PLLE2_ADV (Prop_plle2_adv_CLKIN1_CLKOUT0)
                                                      0.084    10.205 r  pll/pll/CLKOUT0
                         net (fo=1, routed)           1.594    11.799    pll_adc_clk
    BUFGCTRL_X0Y0        BUFG (Prop_bufg_I_O)         0.091    11.890 r  bufg_adc_clk/O
                         net (fo=3940, routed)        1.582    13.472    i_scope/i_dfilt1_cha/clk_i
    DSP48_X0Y10          DSP48E1                                      r  i_scope/i_dfilt1_cha/bb_mult/CLK
                         clock pessimism              0.458    13.930    
                         clock uncertainty           -0.069    13.861    
    DSP48_X0Y10          DSP48E1 (Setup_dsp48e1_CLK_B[4])
                                                     -3.739    10.122    i_scope/i_dfilt1_cha/bb_mult
  -------------------------------------------------------------------
                         required time                         10.122    
                         arrival time                          -9.760    
  -------------------------------------------------------------------
                         slack                                  0.362    

Slack (MET) :             0.377ns  (required time - arrival time)
  Source:                 ps/axi_slave_gp0/wr_wdata_reg[1]/C
                            (rising edge-triggered cell FDRE clocked by pll_adc_clk  {rise@0.000ns fall@4.000ns period=8.000ns})
  Destination:            i_scope/set_deb_len_reg[1]/D
                            (rising edge-triggered cell FDRE clocked by pll_adc_clk  {rise@0.000ns fall@4.000ns period=8.000ns})
  Path Group:             pll_adc_clk
  Path Type:              Setup (Max at Slow Process Corner)
  Requirement:            8.000ns  (pll_adc_clk rise@8.000ns - pll_adc_clk rise@0.000ns)
  Data Path Delay:        7.347ns  (logic 0.456ns (6.207%)  route 6.891ns (93.793%))
  Logic Levels:           0  
  Clock Path Skew:        -0.150ns (DCD - SCD + CPR)
    Destination Clock Delay (DCD):    5.453ns = ( 13.453 - 8.000 ) 
    Source Clock Delay      (SCD):    5.960ns
    Clock Pessimism Removal (CPR):    0.357ns
  Clock Uncertainty:      0.069ns  ((TSJ^2 + DJ^2)^1/2) / 2 + PE
    Total System Jitter     (TSJ):    0.071ns
    Discrete Jitter          (DJ):    0.118ns
    Phase Error              (PE):    0.000ns

    Location             Delay type                Incr(ns)  Path(ns)    Netlist Resource(s)
  -------------------------------------------------------------------    -------------------
                         (clock pll_adc_clk rise edge)
                                                      0.000     0.000 r  
    U18                                               0.000     0.000 r  adc_clk_i[1] (IN)
                         net (fo=0)                   0.000     0.000    adc_clk_i[1]
    U18                  IBUFDS (Prop_ibufds_I_O)     0.983     0.983 r  i_clk/O
                         net (fo=1, routed)           1.306     2.289    pll/adc_clk_in
    PLLE2_ADV_X0Y0       PLLE2_ADV (Prop_plle2_adv_CLKIN1_CLKOUT0)
                                                      0.089     2.378 r  pll/pll/CLKOUT0
                         net (fo=1, routed)           1.754     4.132    pll_adc_clk
    BUFGCTRL_X0Y0        BUFG (Prop_bufg_I_O)         0.101     4.233 r  bufg_adc_clk/O
                         net (fo=3940, routed)        1.727     5.960    ps/axi_slave_gp0/clk_i
    SLICE_X2Y42          FDRE                                         r  ps/axi_slave_gp0/wr_wdata_reg[1]/C
  -------------------------------------------------------------------    -------------------
    SLICE_X2Y42          FDRE (Prop_fdre_C_Q)         0.456     6.416 r  ps/axi_slave_gp0/wr_wdata_reg[1]/Q
                         net (fo=68, routed)          6.891    13.307    i_scope/wr_wdata_reg[31][1]
    SLICE_X37Y28         FDRE                                         r  i_scope/set_deb_len_reg[1]/D
  -------------------------------------------------------------------    -------------------

                         (clock pll_adc_clk rise edge)
                                                      8.000     8.000 r  
    U18                                               0.000     8.000 r  adc_clk_i[1] (IN)
                         net (fo=0)                   0.000     8.000    adc_clk_i[1]
    U18                  IBUFDS (Prop_ibufds_I_O)     0.940     8.940 r  i_clk/O
                         net (fo=1, routed)           1.181    10.121    pll/adc_clk_in
    PLLE2_ADV_X0Y0       PLLE2_ADV (Prop_plle2_adv_CLKIN1_CLKOUT0)
                                                      0.084    10.205 r  pll/pll/CLKOUT0
                         net (fo=1, routed)           1.594    11.799    pll_adc_clk
    BUFGCTRL_X0Y0        BUFG (Prop_bufg_I_O)         0.091    11.890 r  bufg_adc_clk/O
                         net (fo=3940, routed)        1.563    13.453    i_scope/clk_i
    SLICE_X37Y28         FDRE                                         r  i_scope/set_deb_len_reg[1]/C
                         clock pessimism              0.357    13.811    
                         clock uncertainty           -0.069    13.742    
    SLICE_X37Y28         FDRE (Setup_fdre_C_D)       -0.058    13.684    i_scope/set_deb_len_reg[1]
  -------------------------------------------------------------------
                         required time                         13.684    
                         arrival time                         -13.307    
  -------------------------------------------------------------------
                         slack                                  0.377    





Min Delay Paths
--------------------------------------------------------------------------------------
Slack (MET) :             0.052ns  (arrival time - required time)
  Source:                 i_scope/set_a_hyst_reg[2]/C
                            (rising edge-triggered cell FDSE clocked by pll_adc_clk  {rise@0.000ns fall@4.000ns period=8.000ns})
  Destination:            i_scope/set_a_treshm_reg[2]/D
                            (rising edge-triggered cell FDRE clocked by pll_adc_clk  {rise@0.000ns fall@4.000ns period=8.000ns})
  Path Group:             pll_adc_clk
  Path Type:              Hold (Min at Fast Process Corner)
  Requirement:            0.000ns  (pll_adc_clk rise@0.000ns - pll_adc_clk rise@0.000ns)
  Data Path Delay:        0.420ns  (logic 0.252ns (60.024%)  route 0.168ns (39.976%))
  Logic Levels:           2  (CARRY4=1 LUT2=1)
  Clock Path Skew:        0.262ns (DCD - SCD - CPR)
    Destination Clock Delay (DCD):    2.359ns
    Source Clock Delay      (SCD):    1.966ns
    Clock Pessimism Removal (CPR):    0.130ns

    Location             Delay type                Incr(ns)  Path(ns)    Netlist Resource(s)
  -------------------------------------------------------------------    -------------------
                         (clock pll_adc_clk rise edge)
                                                      0.000     0.000 r  
    U18                                               0.000     0.000 r  adc_clk_i[1] (IN)
                         net (fo=0)                   0.000     0.000    adc_clk_i[1]
    U18                  IBUFDS (Prop_ibufds_I_O)     0.401     0.401 r  i_clk/O
                         net (fo=1, routed)           0.440     0.842    pll/adc_clk_in
    PLLE2_ADV_X0Y0       PLLE2_ADV (Prop_plle2_adv_CLKIN1_CLKOUT0)
                                                      0.051     0.893 r  pll/pll/CLKOUT0
                         net (fo=1, routed)           0.497     1.390    pll_adc_clk
    BUFGCTRL_X0Y0        BUFG (Prop_bufg_I_O)         0.026     1.416 r  bufg_adc_clk/O
                         net (fo=3940, routed)        0.551     1.966    i_scope/clk_i
    SLICE_X21Y20         FDSE                                         r  i_scope/set_a_hyst_reg[2]/C
  -------------------------------------------------------------------    -------------------
    SLICE_X21Y20         FDSE (Prop_fdse_C_Q)         0.141     2.107 r  i_scope/set_a_hyst_reg[2]/Q
                         net (fo=3, routed)           0.168     2.275    i_scope/set_a_hyst_reg_n_0_[2]
    SLICE_X23Y19         LUT2 (Prop_lut2_I1_O)        0.045     2.320 r  i_scope/set_a_treshm[3]_i_3/O
                         net (fo=1, routed)           0.000     2.320    i_scope/set_a_treshm[3]_i_3_n_0
    SLICE_X23Y19         CARRY4 (Prop_carry4_S[2]_O[2])
                                                      0.066     2.386 r  i_scope/set_a_treshm_reg[3]_i_1/O[2]
                         net (fo=1, routed)           0.000     2.386    i_scope/set_a_treshm01_out[2]
    SLICE_X23Y19         FDRE                                         r  i_scope/set_a_treshm_reg[2]/D
  -------------------------------------------------------------------    -------------------

                         (clock pll_adc_clk rise edge)
                                                      0.000     0.000 r  
    U18                                               0.000     0.000 r  adc_clk_i[1] (IN)
                         net (fo=0)                   0.000     0.000    adc_clk_i[1]
    U18                  IBUFDS (Prop_ibufds_I_O)     0.433     0.433 r  i_clk/O
                         net (fo=1, routed)           0.481     0.914    pll/adc_clk_in
    PLLE2_ADV_X0Y0       PLLE2_ADV (Prop_plle2_adv_CLKIN1_CLKOUT0)
                                                      0.054     0.968 r  pll/pll/CLKOUT0
                         net (fo=1, routed)           0.544     1.512    pll_adc_clk
    BUFGCTRL_X0Y0        BUFG (Prop_bufg_I_O)         0.029     1.541 r  bufg_adc_clk/O
                         net (fo=3940, routed)        0.818     2.359    i_scope/clk_i
    SLICE_X23Y19         FDRE                                         r  i_scope/set_a_treshm_reg[2]/C
                         clock pessimism             -0.130     2.229    
    SLICE_X23Y19         FDRE (Hold_fdre_C_D)         0.105     2.334    i_scope/set_a_treshm_reg[2]
  -------------------------------------------------------------------
                         required time                         -2.334    
                         arrival time                           2.386    
  -------------------------------------------------------------------
                         slack                                  0.052    

Slack (MET) :             0.056ns  (arrival time - required time)
  Source:                 i_scope/axi_a_dat_reg[11]/C
                            (rising edge-triggered cell FDRE clocked by pll_adc_clk  {rise@0.000ns fall@4.000ns period=8.000ns})
  Destination:            i_scope/i_wr0/fifo_reg/DIADI[11]
                            (rising edge-triggered cell RAMB36E1 clocked by pll_adc_clk  {rise@0.000ns fall@4.000ns period=8.000ns})
  Path Group:             pll_adc_clk
  Path Type:              Hold (Min at Fast Process Corner)
  Requirement:            0.000ns  (pll_adc_clk rise@0.000ns - pll_adc_clk rise@0.000ns)
  Data Path Delay:        0.289ns  (logic 0.164ns (56.737%)  route 0.125ns (43.263%))
  Logic Levels:           0  
  Clock Path Skew:        0.078ns (DCD - SCD - CPR)
    Destination Clock Delay (DCD):    2.417ns
    Source Clock Delay      (SCD):    1.980ns
    Clock Pessimism Removal (CPR):    0.359ns

    Location             Delay type                Incr(ns)  Path(ns)    Netlist Resource(s)
  -------------------------------------------------------------------    -------------------
                         (clock pll_adc_clk rise edge)
                                                      0.000     0.000 r  
    U18                                               0.000     0.000 r  adc_clk_i[1] (IN)
                         net (fo=0)                   0.000     0.000    adc_clk_i[1]
    U18                  IBUFDS (Prop_ibufds_I_O)     0.401     0.401 r  i_clk/O
                         net (fo=1, routed)           0.440     0.842    pll/adc_clk_in
    PLLE2_ADV_X0Y0       PLLE2_ADV (Prop_plle2_adv_CLKIN1_CLKOUT0)
                                                      0.051     0.893 r  pll/pll/CLKOUT0
                         net (fo=1, routed)           0.497     1.390    pll_adc_clk
    BUFGCTRL_X0Y0        BUFG (Prop_bufg_I_O)         0.026     1.416 r  bufg_adc_clk/O
                         net (fo=3940, routed)        0.565     1.980    i_scope/clk_i
    SLICE_X8Y9           FDRE                                         r  i_scope/axi_a_dat_reg[11]/C
  -------------------------------------------------------------------    -------------------
    SLICE_X8Y9           FDRE (Prop_fdre_C_Q)         0.164     2.144 r  i_scope/axi_a_dat_reg[11]/Q
                         net (fo=1, routed)           0.125     2.269    i_scope/i_wr0/Q[11]
    RAMB36_X0Y1          RAMB36E1                                     r  i_scope/i_wr0/fifo_reg/DIADI[11]
  -------------------------------------------------------------------    -------------------

                         (clock pll_adc_clk rise edge)
                                                      0.000     0.000 r  
    U18                                               0.000     0.000 r  adc_clk_i[1] (IN)
                         net (fo=0)                   0.000     0.000    adc_clk_i[1]
    U18                  IBUFDS (Prop_ibufds_I_O)     0.433     0.433 r  i_clk/O
                         net (fo=1, routed)           0.481     0.914    pll/adc_clk_in
    PLLE2_ADV_X0Y0       PLLE2_ADV (Prop_plle2_adv_CLKIN1_CLKOUT0)
                                                      0.054     0.968 r  pll/pll/CLKOUT0
                         net (fo=1, routed)           0.544     1.512    pll_adc_clk
    BUFGCTRL_X0Y0        BUFG (Prop_bufg_I_O)         0.029     1.541 r  bufg_adc_clk/O
                         net (fo=3940, routed)        0.876     2.417    i_scope/i_wr0/clk_i
    RAMB36_X0Y1          RAMB36E1                                     r  i_scope/i_wr0/fifo_reg/CLKBWRCLK
                         clock pessimism             -0.359     2.059    
    RAMB36_X0Y1          RAMB36E1 (Hold_ramb36e1_CLKBWRCLK_DIADI[11])
                                                      0.155     2.214    i_scope/i_wr0/fifo_reg
  -------------------------------------------------------------------
                         required time                         -2.214    
                         arrival time                           2.269    
  -------------------------------------------------------------------
                         slack                                  0.056    

Slack (MET) :             0.056ns  (arrival time - required time)
  Source:                 i_scope/axi_a_dat_reg[49]/C
                            (rising edge-triggered cell FDRE clocked by pll_adc_clk  {rise@0.000ns fall@4.000ns period=8.000ns})
  Destination:            i_scope/i_wr0/fifo_reg/DIBDI[17]
                            (rising edge-triggered cell RAMB36E1 clocked by pll_adc_clk  {rise@0.000ns fall@4.000ns period=8.000ns})
  Path Group:             pll_adc_clk
  Path Type:              Hold (Min at Fast Process Corner)
  Requirement:            0.000ns  (pll_adc_clk rise@0.000ns - pll_adc_clk rise@0.000ns)
  Data Path Delay:        0.270ns  (logic 0.164ns (60.728%)  route 0.106ns (39.272%))
  Logic Levels:           0  
  Clock Path Skew:        0.059ns (DCD - SCD - CPR)
    Destination Clock Delay (DCD):    2.417ns
    Source Clock Delay      (SCD):    1.980ns
    Clock Pessimism Removal (CPR):    0.378ns

    Location             Delay type                Incr(ns)  Path(ns)    Netlist Resource(s)
  -------------------------------------------------------------------    -------------------
                         (clock pll_adc_clk rise edge)
                                                      0.000     0.000 r  
    U18                                               0.000     0.000 r  adc_clk_i[1] (IN)
                         net (fo=0)                   0.000     0.000    adc_clk_i[1]
    U18                  IBUFDS (Prop_ibufds_I_O)     0.401     0.401 r  i_clk/O
                         net (fo=1, routed)           0.440     0.842    pll/adc_clk_in
    PLLE2_ADV_X0Y0       PLLE2_ADV (Prop_plle2_adv_CLKIN1_CLKOUT0)
                                                      0.051     0.893 r  pll/pll/CLKOUT0
                         net (fo=1, routed)           0.497     1.390    pll_adc_clk
    BUFGCTRL_X0Y0        BUFG (Prop_bufg_I_O)         0.026     1.416 r  bufg_adc_clk/O
                         net (fo=3940, routed)        0.565     1.980    i_scope/clk_i
    SLICE_X6Y7           FDRE                                         r  i_scope/axi_a_dat_reg[49]/C
  -------------------------------------------------------------------    -------------------
    SLICE_X6Y7           FDRE (Prop_fdre_C_Q)         0.164     2.144 r  i_scope/axi_a_dat_reg[49]/Q
                         net (fo=1, routed)           0.106     2.250    i_scope/i_wr0/Q[43]
    RAMB36_X0Y1          RAMB36E1                                     r  i_scope/i_wr0/fifo_reg/DIBDI[17]
  -------------------------------------------------------------------    -------------------

                         (clock pll_adc_clk rise edge)
                                                      0.000     0.000 r  
    U18                                               0.000     0.000 r  adc_clk_i[1] (IN)
                         net (fo=0)                   0.000     0.000    adc_clk_i[1]
    U18                  IBUFDS (Prop_ibufds_I_O)     0.433     0.433 r  i_clk/O
                         net (fo=1, routed)           0.481     0.914    pll/adc_clk_in
    PLLE2_ADV_X0Y0       PLLE2_ADV (Prop_plle2_adv_CLKIN1_CLKOUT0)
                                                      0.054     0.968 r  pll/pll/CLKOUT0
                         net (fo=1, routed)           0.544     1.512    pll_adc_clk
    BUFGCTRL_X0Y0        BUFG (Prop_bufg_I_O)         0.029     1.541 r  bufg_adc_clk/O
                         net (fo=3940, routed)        0.876     2.417    i_scope/i_wr0/clk_i
    RAMB36_X0Y1          RAMB36E1                                     r  i_scope/i_wr0/fifo_reg/CLKBWRCLK
                         clock pessimism             -0.378     2.040    
    RAMB36_X0Y1          RAMB36E1 (Hold_ramb36e1_CLKBWRCLK_DIBDI[17])
                                                      0.155     2.195    i_scope/i_wr0/fifo_reg
  -------------------------------------------------------------------
                         required time                         -2.195    
                         arrival time                           2.250    
  -------------------------------------------------------------------
                         slack                                  0.056    

Slack (MET) :             0.057ns  (arrival time - required time)
  Source:                 i_scope/axi_a_dat_reg[16]/C
                            (rising edge-triggered cell FDRE clocked by pll_adc_clk  {rise@0.000ns fall@4.000ns period=8.000ns})
  Destination:            i_scope/i_wr0/fifo_reg/DIADI[16]
                            (rising edge-triggered cell RAMB36E1 clocked by pll_adc_clk  {rise@0.000ns fall@4.000ns period=8.000ns})
  Path Group:             pll_adc_clk
  Path Type:              Hold (Min at Fast Process Corner)
  Requirement:            0.000ns  (pll_adc_clk rise@0.000ns - pll_adc_clk rise@0.000ns)
  Data Path Delay:        0.270ns  (logic 0.164ns (60.728%)  route 0.106ns (39.272%))
  Logic Levels:           0  
  Clock Path Skew:        0.058ns (DCD - SCD - CPR)
    Destination Clock Delay (DCD):    2.417ns
    Source Clock Delay      (SCD):    1.981ns
    Clock Pessimism Removal (CPR):    0.378ns

    Location             Delay type                Incr(ns)  Path(ns)    Netlist Resource(s)
  -------------------------------------------------------------------    -------------------
                         (clock pll_adc_clk rise edge)
                                                      0.000     0.000 r  
    U18                                               0.000     0.000 r  adc_clk_i[1] (IN)
                         net (fo=0)                   0.000     0.000    adc_clk_i[1]
    U18                  IBUFDS (Prop_ibufds_I_O)     0.401     0.401 r  i_clk/O
                         net (fo=1, routed)           0.440     0.842    pll/adc_clk_in
    PLLE2_ADV_X0Y0       PLLE2_ADV (Prop_plle2_adv_CLKIN1_CLKOUT0)
                                                      0.051     0.893 r  pll/pll/CLKOUT0
                         net (fo=1, routed)           0.497     1.390    pll_adc_clk
    BUFGCTRL_X0Y0        BUFG (Prop_bufg_I_O)         0.026     1.416 r  bufg_adc_clk/O
                         net (fo=3940, routed)        0.566     1.981    i_scope/clk_i
    SLICE_X6Y6           FDRE                                         r  i_scope/axi_a_dat_reg[16]/C
  -------------------------------------------------------------------    -------------------
    SLICE_X6Y6           FDRE (Prop_fdre_C_Q)         0.164     2.145 r  i_scope/axi_a_dat_reg[16]/Q
                         net (fo=1, routed)           0.106     2.251    i_scope/i_wr0/Q[14]
    RAMB36_X0Y1          RAMB36E1                                     r  i_scope/i_wr0/fifo_reg/DIADI[16]
  -------------------------------------------------------------------    -------------------

                         (clock pll_adc_clk rise edge)
                                                      0.000     0.000 r  
    U18                                               0.000     0.000 r  adc_clk_i[1] (IN)
                         net (fo=0)                   0.000     0.000    adc_clk_i[1]
    U18                  IBUFDS (Prop_ibufds_I_O)     0.433     0.433 r  i_clk/O
                         net (fo=1, routed)           0.481     0.914    pll/adc_clk_in
    PLLE2_ADV_X0Y0       PLLE2_ADV (Prop_plle2_adv_CLKIN1_CLKOUT0)
                                                      0.054     0.968 r  pll/pll/CLKOUT0
                         net (fo=1, routed)           0.544     1.512    pll_adc_clk
    BUFGCTRL_X0Y0        BUFG (Prop_bufg_I_O)         0.029     1.541 r  bufg_adc_clk/O
                         net (fo=3940, routed)        0.876     2.417    i_scope/i_wr0/clk_i
    RAMB36_X0Y1          RAMB36E1                                     r  i_scope/i_wr0/fifo_reg/CLKBWRCLK
                         clock pessimism             -0.378     2.040    
    RAMB36_X0Y1          RAMB36E1 (Hold_ramb36e1_CLKBWRCLK_DIADI[16])
                                                      0.155     2.195    i_scope/i_wr0/fifo_reg
  -------------------------------------------------------------------
                         required time                         -2.195    
                         arrival time                           2.251    
  -------------------------------------------------------------------
                         slack                                  0.057    

Slack (MET) :             0.057ns  (arrival time - required time)
  Source:                 i_scope/set_a_hyst_reg[0]/C
                            (rising edge-triggered cell FDRE clocked by pll_adc_clk  {rise@0.000ns fall@4.000ns period=8.000ns})
  Destination:            i_scope/set_a_treshm_reg[0]/D
                            (rising edge-triggered cell FDRE clocked by pll_adc_clk  {rise@0.000ns fall@4.000ns period=8.000ns})
  Path Group:             pll_adc_clk
  Path Type:              Hold (Min at Fast Process Corner)
  Requirement:            0.000ns  (pll_adc_clk rise@0.000ns - pll_adc_clk rise@0.000ns)
  Data Path Delay:        0.424ns  (logic 0.256ns (60.312%)  route 0.168ns (39.688%))
  Logic Levels:           2  (CARRY4=1 LUT2=1)
  Clock Path Skew:        0.262ns (DCD - SCD - CPR)
    Destination Clock Delay (DCD):    2.359ns
    Source Clock Delay      (SCD):    1.966ns
    Clock Pessimism Removal (CPR):    0.130ns

    Location             Delay type                Incr(ns)  Path(ns)    Netlist Resource(s)
  -------------------------------------------------------------------    -------------------
                         (clock pll_adc_clk rise edge)
                                                      0.000     0.000 r  
    U18                                               0.000     0.000 r  adc_clk_i[1] (IN)
                         net (fo=0)                   0.000     0.000    adc_clk_i[1]
    U18                  IBUFDS (Prop_ibufds_I_O)     0.401     0.401 r  i_clk/O
                         net (fo=1, routed)           0.440     0.842    pll/adc_clk_in
    PLLE2_ADV_X0Y0       PLLE2_ADV (Prop_plle2_adv_CLKIN1_CLKOUT0)
                                                      0.051     0.893 r  pll/pll/CLKOUT0
                         net (fo=1, routed)           0.497     1.390    pll_adc_clk
    BUFGCTRL_X0Y0        BUFG (Prop_bufg_I_O)         0.026     1.416 r  bufg_adc_clk/O
                         net (fo=3940, routed)        0.551     1.966    i_scope/clk_i
    SLICE_X21Y20         FDRE                                         r  i_scope/set_a_hyst_reg[0]/C
  -------------------------------------------------------------------    -------------------
    SLICE_X21Y20         FDRE (Prop_fdre_C_Q)         0.141     2.107 r  i_scope/set_a_hyst_reg[0]/Q
                         net (fo=3, routed)           0.168     2.276    i_scope/set_a_treshm_reg[13]_0[0]
    SLICE_X23Y19         LUT2 (Prop_lut2_I1_O)        0.045     2.321 r  i_scope/set_a_treshm[3]_i_5/O
                         net (fo=1, routed)           0.000     2.321    i_scope/set_a_treshm[3]_i_5_n_0
    SLICE_X23Y19         CARRY4 (Prop_carry4_S[0]_O[0])
                                                      0.070     2.391 r  i_scope/set_a_treshm_reg[3]_i_1/O[0]
                         net (fo=1, routed)           0.000     2.391    i_scope/set_a_treshm01_out[0]
    SLICE_X23Y19         FDRE                                         r  i_scope/set_a_treshm_reg[0]/D
  -------------------------------------------------------------------    -------------------

                         (clock pll_adc_clk rise edge)
                                                      0.000     0.000 r  
    U18                                               0.000     0.000 r  adc_clk_i[1] (IN)
                         net (fo=0)                   0.000     0.000    adc_clk_i[1]
    U18                  IBUFDS (Prop_ibufds_I_O)     0.433     0.433 r  i_clk/O
                         net (fo=1, routed)           0.481     0.914    pll/adc_clk_in
    PLLE2_ADV_X0Y0       PLLE2_ADV (Prop_plle2_adv_CLKIN1_CLKOUT0)
                                                      0.054     0.968 r  pll/pll/CLKOUT0
                         net (fo=1, routed)           0.544     1.512    pll_adc_clk
    BUFGCTRL_X0Y0        BUFG (Prop_bufg_I_O)         0.029     1.541 r  bufg_adc_clk/O
                         net (fo=3940, routed)        0.818     2.359    i_scope/clk_i
    SLICE_X23Y19         FDRE                                         r  i_scope/set_a_treshm_reg[0]/C
                         clock pessimism             -0.130     2.229    
    SLICE_X23Y19         FDRE (Hold_fdre_C_D)         0.105     2.334    i_scope/set_a_treshm_reg[0]
  -------------------------------------------------------------------
                         required time                         -2.334    
                         arrival time                           2.391    
  -------------------------------------------------------------------
                         slack                                  0.057    

Slack (MET) :             0.057ns  (arrival time - required time)
  Source:                 i_scope/axi_a_dat_reg[19]/C
                            (rising edge-triggered cell FDRE clocked by pll_adc_clk  {rise@0.000ns fall@4.000ns period=8.000ns})
  Destination:            i_scope/i_wr0/fifo_reg/DIADI[19]
                            (rising edge-triggered cell RAMB36E1 clocked by pll_adc_clk  {rise@0.000ns fall@4.000ns period=8.000ns})
  Path Group:             pll_adc_clk
  Path Type:              Hold (Min at Fast Process Corner)
  Requirement:            0.000ns  (pll_adc_clk rise@0.000ns - pll_adc_clk rise@0.000ns)
  Data Path Delay:        0.272ns  (logic 0.164ns (60.336%)  route 0.108ns (39.664%))
  Logic Levels:           0  
  Clock Path Skew:        0.059ns (DCD - SCD - CPR)
    Destination Clock Delay (DCD):    2.417ns
    Source Clock Delay      (SCD):    1.980ns
    Clock Pessimism Removal (CPR):    0.378ns

    Location             Delay type                Incr(ns)  Path(ns)    Netlist Resource(s)
  -------------------------------------------------------------------    -------------------
                         (clock pll_adc_clk rise edge)
                                                      0.000     0.000 r  
    U18                                               0.000     0.000 r  adc_clk_i[1] (IN)
                         net (fo=0)                   0.000     0.000    adc_clk_i[1]
    U18                  IBUFDS (Prop_ibufds_I_O)     0.401     0.401 r  i_clk/O
                         net (fo=1, routed)           0.440     0.842    pll/adc_clk_in
    PLLE2_ADV_X0Y0       PLLE2_ADV (Prop_plle2_adv_CLKIN1_CLKOUT0)
                                                      0.051     0.893 r  pll/pll/CLKOUT0
                         net (fo=1, routed)           0.497     1.390    pll_adc_clk
    BUFGCTRL_X0Y0        BUFG (Prop_bufg_I_O)         0.026     1.416 r  bufg_adc_clk/O
                         net (fo=3940, routed)        0.565     1.980    i_scope/clk_i
    SLICE_X6Y8           FDRE                                         r  i_scope/axi_a_dat_reg[19]/C
  -------------------------------------------------------------------    -------------------
    SLICE_X6Y8           FDRE (Prop_fdre_C_Q)         0.164     2.144 r  i_scope/axi_a_dat_reg[19]/Q
                         net (fo=1, routed)           0.108     2.252    i_scope/i_wr0/Q[17]
    RAMB36_X0Y1          RAMB36E1                                     r  i_scope/i_wr0/fifo_reg/DIADI[19]
  -------------------------------------------------------------------    -------------------

                         (clock pll_adc_clk rise edge)
                                                      0.000     0.000 r  
    U18                                               0.000     0.000 r  adc_clk_i[1] (IN)
                         net (fo=0)                   0.000     0.000    adc_clk_i[1]
    U18                  IBUFDS (Prop_ibufds_I_O)     0.433     0.433 r  i_clk/O
                         net (fo=1, routed)           0.481     0.914    pll/adc_clk_in
    PLLE2_ADV_X0Y0       PLLE2_ADV (Prop_plle2_adv_CLKIN1_CLKOUT0)
                                                      0.054     0.968 r  pll/pll/CLKOUT0
                         net (fo=1, routed)           0.544     1.512    pll_adc_clk
    BUFGCTRL_X0Y0        BUFG (Prop_bufg_I_O)         0.029     1.541 r  bufg_adc_clk/O
                         net (fo=3940, routed)        0.876     2.417    i_scope/i_wr0/clk_i
    RAMB36_X0Y1          RAMB36E1                                     r  i_scope/i_wr0/fifo_reg/CLKBWRCLK
                         clock pessimism             -0.378     2.040    
    RAMB36_X0Y1          RAMB36E1 (Hold_ramb36e1_CLKBWRCLK_DIADI[19])
                                                      0.155     2.195    i_scope/i_wr0/fifo_reg
  -------------------------------------------------------------------
                         required time                         -2.195    
                         arrival time                           2.252    
  -------------------------------------------------------------------
                         slack                                  0.057    

Slack (MET) :             0.057ns  (arrival time - required time)
  Source:                 i_scope/axi_a_dat_reg[21]/C
                            (rising edge-triggered cell FDRE clocked by pll_adc_clk  {rise@0.000ns fall@4.000ns period=8.000ns})
  Destination:            i_scope/i_wr0/fifo_reg/DIADI[21]
                            (rising edge-triggered cell RAMB36E1 clocked by pll_adc_clk  {rise@0.000ns fall@4.000ns period=8.000ns})
  Path Group:             pll_adc_clk
  Path Type:              Hold (Min at Fast Process Corner)
  Requirement:            0.000ns  (pll_adc_clk rise@0.000ns - pll_adc_clk rise@0.000ns)
  Data Path Delay:        0.272ns  (logic 0.164ns (60.336%)  route 0.108ns (39.664%))
  Logic Levels:           0  
  Clock Path Skew:        0.059ns (DCD - SCD - CPR)
    Destination Clock Delay (DCD):    2.417ns
    Source Clock Delay      (SCD):    1.980ns
    Clock Pessimism Removal (CPR):    0.378ns

    Location             Delay type                Incr(ns)  Path(ns)    Netlist Resource(s)
  -------------------------------------------------------------------    -------------------
                         (clock pll_adc_clk rise edge)
                                                      0.000     0.000 r  
    U18                                               0.000     0.000 r  adc_clk_i[1] (IN)
                         net (fo=0)                   0.000     0.000    adc_clk_i[1]
    U18                  IBUFDS (Prop_ibufds_I_O)     0.401     0.401 r  i_clk/O
                         net (fo=1, routed)           0.440     0.842    pll/adc_clk_in
    PLLE2_ADV_X0Y0       PLLE2_ADV (Prop_plle2_adv_CLKIN1_CLKOUT0)
                                                      0.051     0.893 r  pll/pll/CLKOUT0
                         net (fo=1, routed)           0.497     1.390    pll_adc_clk
    BUFGCTRL_X0Y0        BUFG (Prop_bufg_I_O)         0.026     1.416 r  bufg_adc_clk/O
                         net (fo=3940, routed)        0.565     1.980    i_scope/clk_i
    SLICE_X6Y8           FDRE                                         r  i_scope/axi_a_dat_reg[21]/C
  -------------------------------------------------------------------    -------------------
    SLICE_X6Y8           FDRE (Prop_fdre_C_Q)         0.164     2.144 r  i_scope/axi_a_dat_reg[21]/Q
                         net (fo=1, routed)           0.108     2.252    i_scope/i_wr0/Q[19]
    RAMB36_X0Y1          RAMB36E1                                     r  i_scope/i_wr0/fifo_reg/DIADI[21]
  -------------------------------------------------------------------    -------------------

                         (clock pll_adc_clk rise edge)
                                                      0.000     0.000 r  
    U18                                               0.000     0.000 r  adc_clk_i[1] (IN)
                         net (fo=0)                   0.000     0.000    adc_clk_i[1]
    U18                  IBUFDS (Prop_ibufds_I_O)     0.433     0.433 r  i_clk/O
                         net (fo=1, routed)           0.481     0.914    pll/adc_clk_in
    PLLE2_ADV_X0Y0       PLLE2_ADV (Prop_plle2_adv_CLKIN1_CLKOUT0)
                                                      0.054     0.968 r  pll/pll/CLKOUT0
                         net (fo=1, routed)           0.544     1.512    pll_adc_clk
    BUFGCTRL_X0Y0        BUFG (Prop_bufg_I_O)         0.029     1.541 r  bufg_adc_clk/O
                         net (fo=3940, routed)        0.876     2.417    i_scope/i_wr0/clk_i
    RAMB36_X0Y1          RAMB36E1                                     r  i_scope/i_wr0/fifo_reg/CLKBWRCLK
                         clock pessimism             -0.378     2.040    
    RAMB36_X0Y1          RAMB36E1 (Hold_ramb36e1_CLKBWRCLK_DIADI[21])
                                                      0.155     2.195    i_scope/i_wr0/fifo_reg
  -------------------------------------------------------------------
                         required time                         -2.195    
                         arrival time                           2.252    
  -------------------------------------------------------------------
                         slack                                  0.057    

Slack (MET) :             0.057ns  (arrival time - required time)
  Source:                 i_scope/axi_a_dat_reg[23]/C
                            (rising edge-triggered cell FDRE clocked by pll_adc_clk  {rise@0.000ns fall@4.000ns period=8.000ns})
  Destination:            i_scope/i_wr0/fifo_reg/DIADI[23]
                            (rising edge-triggered cell RAMB36E1 clocked by pll_adc_clk  {rise@0.000ns fall@4.000ns period=8.000ns})
  Path Group:             pll_adc_clk
  Path Type:              Hold (Min at Fast Process Corner)
  Requirement:            0.000ns  (pll_adc_clk rise@0.000ns - pll_adc_clk rise@0.000ns)
  Data Path Delay:        0.272ns  (logic 0.164ns (60.336%)  route 0.108ns (39.664%))
  Logic Levels:           0  
  Clock Path Skew:        0.059ns (DCD - SCD - CPR)
    Destination Clock Delay (DCD):    2.417ns
    Source Clock Delay      (SCD):    1.980ns
    Clock Pessimism Removal (CPR):    0.378ns

    Location             Delay type                Incr(ns)  Path(ns)    Netlist Resource(s)
  -------------------------------------------------------------------    -------------------
                         (clock pll_adc_clk rise edge)
                                                      0.000     0.000 r  
    U18                                               0.000     0.000 r  adc_clk_i[1] (IN)
                         net (fo=0)                   0.000     0.000    adc_clk_i[1]
    U18                  IBUFDS (Prop_ibufds_I_O)     0.401     0.401 r  i_clk/O
                         net (fo=1, routed)           0.440     0.842    pll/adc_clk_in
    PLLE2_ADV_X0Y0       PLLE2_ADV (Prop_plle2_adv_CLKIN1_CLKOUT0)
                                                      0.051     0.893 r  pll/pll/CLKOUT0
                         net (fo=1, routed)           0.497     1.390    pll_adc_clk
    BUFGCTRL_X0Y0        BUFG (Prop_bufg_I_O)         0.026     1.416 r  bufg_adc_clk/O
                         net (fo=3940, routed)        0.565     1.980    i_scope/clk_i
    SLICE_X6Y8           FDRE                                         r  i_scope/axi_a_dat_reg[23]/C
  -------------------------------------------------------------------    -------------------
    SLICE_X6Y8           FDRE (Prop_fdre_C_Q)         0.164     2.144 r  i_scope/axi_a_dat_reg[23]/Q
                         net (fo=1, routed)           0.108     2.252    i_scope/i_wr0/Q[21]
    RAMB36_X0Y1          RAMB36E1                                     r  i_scope/i_wr0/fifo_reg/DIADI[23]
  -------------------------------------------------------------------    -------------------

                         (clock pll_adc_clk rise edge)
                                                      0.000     0.000 r  
    U18                                               0.000     0.000 r  adc_clk_i[1] (IN)
                         net (fo=0)                   0.000     0.000    adc_clk_i[1]
    U18                  IBUFDS (Prop_ibufds_I_O)     0.433     0.433 r  i_clk/O
                         net (fo=1, routed)           0.481     0.914    pll/adc_clk_in
    PLLE2_ADV_X0Y0       PLLE2_ADV (Prop_plle2_adv_CLKIN1_CLKOUT0)
                                                      0.054     0.968 r  pll/pll/CLKOUT0
                         net (fo=1, routed)           0.544     1.512    pll_adc_clk
    BUFGCTRL_X0Y0        BUFG (Prop_bufg_I_O)         0.029     1.541 r  bufg_adc_clk/O
                         net (fo=3940, routed)        0.876     2.417    i_scope/i_wr0/clk_i
    RAMB36_X0Y1          RAMB36E1                                     r  i_scope/i_wr0/fifo_reg/CLKBWRCLK
                         clock pessimism             -0.378     2.040    
    RAMB36_X0Y1          RAMB36E1 (Hold_ramb36e1_CLKBWRCLK_DIADI[23])
                                                      0.155     2.195    i_scope/i_wr0/fifo_reg
  -------------------------------------------------------------------
                         required time                         -2.195    
                         arrival time                           2.252    
  -------------------------------------------------------------------
                         slack                                  0.057    

Slack (MET) :             0.057ns  (arrival time - required time)
  Source:                 i_scope/axi_b_dat_reg[51]/C
                            (rising edge-triggered cell FDRE clocked by pll_adc_clk  {rise@0.000ns fall@4.000ns period=8.000ns})
  Destination:            i_scope/i_wr1/fifo_reg/DIBDI[19]
                            (rising edge-triggered cell RAMB36E1 clocked by pll_adc_clk  {rise@0.000ns fall@4.000ns period=8.000ns})
  Path Group:             pll_adc_clk
  Path Type:              Hold (Min at Fast Process Corner)
  Requirement:            0.000ns  (pll_adc_clk rise@0.000ns - pll_adc_clk rise@0.000ns)
  Data Path Delay:        0.271ns  (logic 0.164ns (60.558%)  route 0.107ns (39.442%))
  Logic Levels:           0  
  Clock Path Skew:        0.058ns (DCD - SCD - CPR)
    Destination Clock Delay (DCD):    2.410ns
    Source Clock Delay      (SCD):    1.974ns
    Clock Pessimism Removal (CPR):    0.378ns

    Location             Delay type                Incr(ns)  Path(ns)    Netlist Resource(s)
  -------------------------------------------------------------------    -------------------
                         (clock pll_adc_clk rise edge)
                                                      0.000     0.000 r  
    U18                                               0.000     0.000 r  adc_clk_i[1] (IN)
                         net (fo=0)                   0.000     0.000    adc_clk_i[1]
    U18                  IBUFDS (Prop_ibufds_I_O)     0.401     0.401 r  i_clk/O
                         net (fo=1, routed)           0.440     0.842    pll/adc_clk_in
    PLLE2_ADV_X0Y0       PLLE2_ADV (Prop_plle2_adv_CLKIN1_CLKOUT0)
                                                      0.051     0.893 r  pll/pll/CLKOUT0
                         net (fo=1, routed)           0.497     1.390    pll_adc_clk
    BUFGCTRL_X0Y0        BUFG (Prop_bufg_I_O)         0.026     1.416 r  bufg_adc_clk/O
                         net (fo=3940, routed)        0.559     1.974    i_scope/clk_i
    SLICE_X6Y18          FDRE                                         r  i_scope/axi_b_dat_reg[51]/C
  -------------------------------------------------------------------    -------------------
    SLICE_X6Y18          FDRE (Prop_fdre_C_Q)         0.164     2.138 r  i_scope/axi_b_dat_reg[51]/Q
                         net (fo=1, routed)           0.107     2.245    i_scope/i_wr1/Q[45]
    RAMB36_X0Y3          RAMB36E1                                     r  i_scope/i_wr1/fifo_reg/DIBDI[19]
  -------------------------------------------------------------------    -------------------

                         (clock pll_adc_clk rise edge)
                                                      0.000     0.000 r  
    U18                                               0.000     0.000 r  adc_clk_i[1] (IN)
                         net (fo=0)                   0.000     0.000    adc_clk_i[1]
    U18                  IBUFDS (Prop_ibufds_I_O)     0.433     0.433 r  i_clk/O
                         net (fo=1, routed)           0.481     0.914    pll/adc_clk_in
    PLLE2_ADV_X0Y0       PLLE2_ADV (Prop_plle2_adv_CLKIN1_CLKOUT0)
                                                      0.054     0.968 r  pll/pll/CLKOUT0
                         net (fo=1, routed)           0.544     1.512    pll_adc_clk
    BUFGCTRL_X0Y0        BUFG (Prop_bufg_I_O)         0.029     1.541 r  bufg_adc_clk/O
                         net (fo=3940, routed)        0.869     2.410    i_scope/i_wr1/clk_i
    RAMB36_X0Y3          RAMB36E1                                     r  i_scope/i_wr1/fifo_reg/CLKBWRCLK
                         clock pessimism             -0.378     2.033    
    RAMB36_X0Y3          RAMB36E1 (Hold_ramb36e1_CLKBWRCLK_DIBDI[19])
                                                      0.155     2.188    i_scope/i_wr1/fifo_reg
  -------------------------------------------------------------------
                         required time                         -2.188    
                         arrival time                           2.245    
  -------------------------------------------------------------------
                         slack                                  0.057    

Slack (MET) :             0.057ns  (arrival time - required time)
  Source:                 i_scope/axi_b_dat_reg[53]/C
                            (rising edge-triggered cell FDRE clocked by pll_adc_clk  {rise@0.000ns fall@4.000ns period=8.000ns})
  Destination:            i_scope/i_wr1/fifo_reg/DIBDI[21]
                            (rising edge-triggered cell RAMB36E1 clocked by pll_adc_clk  {rise@0.000ns fall@4.000ns period=8.000ns})
  Path Group:             pll_adc_clk
  Path Type:              Hold (Min at Fast Process Corner)
  Requirement:            0.000ns  (pll_adc_clk rise@0.000ns - pll_adc_clk rise@0.000ns)
  Data Path Delay:        0.271ns  (logic 0.164ns (60.558%)  route 0.107ns (39.442%))
  Logic Levels:           0  
  Clock Path Skew:        0.058ns (DCD - SCD - CPR)
    Destination Clock Delay (DCD):    2.410ns
    Source Clock Delay      (SCD):    1.974ns
    Clock Pessimism Removal (CPR):    0.378ns

    Location             Delay type                Incr(ns)  Path(ns)    Netlist Resource(s)
  -------------------------------------------------------------------    -------------------
                         (clock pll_adc_clk rise edge)
                                                      0.000     0.000 r  
    U18                                               0.000     0.000 r  adc_clk_i[1] (IN)
                         net (fo=0)                   0.000     0.000    adc_clk_i[1]
    U18                  IBUFDS (Prop_ibufds_I_O)     0.401     0.401 r  i_clk/O
                         net (fo=1, routed)           0.440     0.842    pll/adc_clk_in
    PLLE2_ADV_X0Y0       PLLE2_ADV (Prop_plle2_adv_CLKIN1_CLKOUT0)
                                                      0.051     0.893 r  pll/pll/CLKOUT0
                         net (fo=1, routed)           0.497     1.390    pll_adc_clk
    BUFGCTRL_X0Y0        BUFG (Prop_bufg_I_O)         0.026     1.416 r  bufg_adc_clk/O
                         net (fo=3940, routed)        0.559     1.974    i_scope/clk_i
    SLICE_X6Y18          FDRE                                         r  i_scope/axi_b_dat_reg[53]/C
  -------------------------------------------------------------------    -------------------
    SLICE_X6Y18          FDRE (Prop_fdre_C_Q)         0.164     2.138 r  i_scope/axi_b_dat_reg[53]/Q
                         net (fo=1, routed)           0.107     2.245    i_scope/i_wr1/Q[47]
    RAMB36_X0Y3          RAMB36E1                                     r  i_scope/i_wr1/fifo_reg/DIBDI[21]
  -------------------------------------------------------------------    -------------------

                         (clock pll_adc_clk rise edge)
                                                      0.000     0.000 r  
    U18                                               0.000     0.000 r  adc_clk_i[1] (IN)
                         net (fo=0)                   0.000     0.000    adc_clk_i[1]
    U18                  IBUFDS (Prop_ibufds_I_O)     0.433     0.433 r  i_clk/O
                         net (fo=1, routed)           0.481     0.914    pll/adc_clk_in
    PLLE2_ADV_X0Y0       PLLE2_ADV (Prop_plle2_adv_CLKIN1_CLKOUT0)
                                                      0.054     0.968 r  pll/pll/CLKOUT0
                         net (fo=1, routed)           0.544     1.512    pll_adc_clk
    BUFGCTRL_X0Y0        BUFG (Prop_bufg_I_O)         0.029     1.541 r  bufg_adc_clk/O
                         net (fo=3940, routed)        0.869     2.410    i_scope/i_wr1/clk_i
    RAMB36_X0Y3          RAMB36E1                                     r  i_scope/i_wr1/fifo_reg/CLKBWRCLK
                         clock pessimism             -0.378     2.033    
    RAMB36_X0Y3          RAMB36E1 (Hold_ramb36e1_CLKBWRCLK_DIBDI[21])
                                                      0.155     2.188    i_scope/i_wr1/fifo_reg
  -------------------------------------------------------------------
                         required time                         -2.188    
                         arrival time                           2.245    
  -------------------------------------------------------------------
                         slack                                  0.057    





Pulse Width Checks
--------------------------------------------------------------------------------------
Clock Name:         pll_adc_clk
Waveform(ns):       { 0.000 4.000 }
Period(ns):         8.000
Sources:            { pll/pll/CLKOUT0 }

Check Type        Corner  Lib Pin             Reference Pin  Required(ns)  Actual(ns)  Slack(ns)  Location        Pin
Min Period        n/a     DSP48E1/CLK         n/a            3.884         8.000       4.116      DSP48_X1Y6      i_scope/i_dfilt1_chb/bb_mult/CLK
Min Period        n/a     DSP48E1/CLK         n/a            3.884         8.000       4.116      DSP48_X0Y10     i_scope/i_dfilt1_cha/bb_mult/CLK
Min Period        n/a     RAMB36E1/CLKARDCLK  n/a            2.944         8.000       5.056      RAMB36_X1Y1     i_scope/adc_a_buf_reg_4/CLKARDCLK
Min Period        n/a     RAMB36E1/CLKARDCLK  n/a            2.944         8.000       5.056      RAMB36_X2Y2     i_scope/adc_a_buf_reg_5/CLKARDCLK
Min Period        n/a     RAMB36E1/CLKARDCLK  n/a            2.944         8.000       5.056      RAMB36_X2Y3     i_scope/adc_a_buf_reg_6/CLKARDCLK
Min Period        n/a     RAMB36E1/CLKARDCLK  n/a            2.944         8.000       5.056      RAMB36_X2Y8     e_def/ch[0]/dac_buf_reg_0/CLKARDCLK
Min Period        n/a     RAMB36E1/CLKARDCLK  n/a            2.944         8.000       5.056      RAMB36_X1Y10    e_def/ch[0]/dac_buf_reg_1/CLKARDCLK
Min Period        n/a     RAMB36E1/CLKARDCLK  n/a            2.944         8.000       5.056      RAMB36_X2Y10    e_def/ch[0]/dac_buf_reg_2/CLKARDCLK
Min Period        n/a     RAMB36E1/CLKARDCLK  n/a            2.944         8.000       5.056      RAMB36_X2Y4     i_scope/adc_b_buf_reg_0/CLKARDCLK
Min Period        n/a     RAMB36E1/CLKARDCLK  n/a            2.944         8.000       5.056      RAMB36_X1Y8     e_def/ch[0]/dac_buf_reg_3/CLKARDCLK
Max Period        n/a     PLLE2_ADV/CLKOUT0   n/a            160.000       8.000       152.000    PLLE2_ADV_X0Y0  pll/pll/CLKOUT0
Low Pulse Width   Slow    RAMD32/CLK          n/a            1.250         4.000       2.750      SLICE_X0Y5      ps/axi_master[0]/axi_wfifo_reg_0_15_18_23/RAMA/CLK
Low Pulse Width   Slow    RAMD32/CLK          n/a            1.250         4.000       2.750      SLICE_X0Y5      ps/axi_master[0]/axi_wfifo_reg_0_15_18_23/RAMA_D1/CLK
Low Pulse Width   Slow    RAMD32/CLK          n/a            1.250         4.000       2.750      SLICE_X0Y5      ps/axi_master[0]/axi_wfifo_reg_0_15_18_23/RAMB/CLK
Low Pulse Width   Slow    RAMD32/CLK          n/a            1.250         4.000       2.750      SLICE_X0Y5      ps/axi_master[0]/axi_wfifo_reg_0_15_18_23/RAMB_D1/CLK
Low Pulse Width   Slow    RAMD32/CLK          n/a            1.250         4.000       2.750      SLICE_X0Y5      ps/axi_master[0]/axi_wfifo_reg_0_15_18_23/RAMC/CLK
Low Pulse Width   Slow    RAMD32/CLK          n/a            1.250         4.000       2.750      SLICE_X0Y5      ps/axi_master[0]/axi_wfifo_reg_0_15_18_23/RAMC_D1/CLK
Low Pulse Width   Slow    RAMS32/CLK          n/a            1.250         4.000       2.750      SLICE_X0Y5      ps/axi_master[0]/axi_wfifo_reg_0_15_18_23/RAMD/CLK
Low Pulse Width   Slow    RAMS32/CLK          n/a            1.250         4.000       2.750      SLICE_X0Y5      ps/axi_master[0]/axi_wfifo_reg_0_15_18_23/RAMD_D1/CLK
Low Pulse Width   Slow    RAMD32/CLK          n/a            1.250         4.000       2.750      SLICE_X0Y7      ps/axi_master[0]/axi_wfifo_reg_0_15_30_35/RAMA/CLK
Low Pulse Width   Slow    RAMD32/CLK          n/a            1.250         4.000       2.750      SLICE_X0Y7      ps/axi_master[0]/axi_wfifo_reg_0_15_30_35/RAMA_D1/CLK
High Pulse Width  Slow    RAMD32/CLK          n/a            1.250         4.000       2.750      SLICE_X0Y2      ps/axi_master[0]/axi_wfifo_reg_0_15_72_72/RAMA/CLK
High Pulse Width  Slow    RAMD32/CLK          n/a            1.250         4.000       2.750      SLICE_X0Y2      ps/axi_master[0]/axi_wfifo_reg_0_15_72_72/RAMA_D1/CLK
High Pulse Width  Slow    RAMD32/CLK          n/a            1.250         4.000       2.750      SLICE_X0Y2      ps/axi_master[0]/axi_wfifo_reg_0_15_72_72/RAMB/CLK
High Pulse Width  Slow    RAMD32/CLK          n/a            1.250         4.000       2.750      SLICE_X0Y2      ps/axi_master[0]/axi_wfifo_reg_0_15_72_72/RAMB_D1/CLK
High Pulse Width  Slow    RAMD32/CLK          n/a            1.250         4.000       2.750      SLICE_X0Y2      ps/axi_master[0]/axi_wfifo_reg_0_15_72_72/RAMC/CLK
High Pulse Width  Slow    RAMD32/CLK          n/a            1.250         4.000       2.750      SLICE_X0Y2      ps/axi_master[0]/axi_wfifo_reg_0_15_72_72/RAMC_D1/CLK
High Pulse Width  Slow    RAMS32/CLK          n/a            1.250         4.000       2.750      SLICE_X0Y2      ps/axi_master[0]/axi_wfifo_reg_0_15_72_72/RAMD/CLK
High Pulse Width  Slow    RAMS32/CLK          n/a            1.250         4.000       2.750      SLICE_X0Y2      ps/axi_master[0]/axi_wfifo_reg_0_15_72_72/RAMD_D1/CLK
High Pulse Width  Slow    RAMD32/CLK          n/a            1.250         4.000       2.750      SLICE_X0Y17     ps/axi_master[1]/axi_awfifo_reg_0_15_0_5/RAMA/CLK
High Pulse Width  Slow    RAMD32/CLK          n/a            1.250         4.000       2.750      SLICE_X0Y17     ps/axi_master[1]/axi_awfifo_reg_0_15_0_5/RAMA_D1/CLK



---------------------------------------------------------------------------------------------------
From Clock:  pll_dac_clk_1x
  To Clock:  pll_dac_clk_1x

Setup :            0  Failing Endpoints,  Worst Slack        0.385ns,  Total Violation        0.000ns
Hold  :            0  Failing Endpoints,  Worst Slack        0.228ns,  Total Violation        0.000ns
PW    :            0  Failing Endpoints,  Worst Slack        3.500ns,  Total Violation        0.000ns
---------------------------------------------------------------------------------------------------


Max Delay Paths
--------------------------------------------------------------------------------------
Slack (MET) :             0.385ns  (required time - arrival time)
  Source:                 dac_rst_reg/C
                            (rising edge-triggered cell FDRE clocked by pll_dac_clk_1x  {rise@0.000ns fall@4.000ns period=8.000ns})
  Destination:            oddr_dac_dat[2]/R
                            (falling edge-triggered cell ODDR clocked by pll_dac_clk_1x  {rise@0.000ns fall@4.000ns period=8.000ns})
  Path Group:             pll_dac_clk_1x
  Path Type:              Setup (Max at Slow Process Corner)
  Requirement:            4.000ns  (pll_dac_clk_1x fall@4.000ns - pll_dac_clk_1x rise@0.000ns)
  Data Path Delay:        2.531ns  (logic 0.456ns (18.017%)  route 2.075ns (81.983%))
  Logic Levels:           0  
  Clock Path Skew:        -0.217ns (DCD - SCD + CPR)
    Destination Clock Delay (DCD):    5.428ns = ( 9.428 - 4.000 ) 
    Source Clock Delay      (SCD):    5.988ns
    Clock Pessimism Removal (CPR):    0.343ns
  Clock Uncertainty:      0.069ns  ((TSJ^2 + DJ^2)^1/2) / 2 + PE
    Total System Jitter     (TSJ):    0.071ns
    Discrete Jitter          (DJ):    0.118ns
    Phase Error              (PE):    0.000ns

    Location             Delay type                Incr(ns)  Path(ns)    Netlist Resource(s)
  -------------------------------------------------------------------    -------------------
                         (clock pll_dac_clk_1x rise edge)
                                                      0.000     0.000 r  
    U18                                               0.000     0.000 r  adc_clk_i[1] (IN)
                         net (fo=0)                   0.000     0.000    adc_clk_i[1]
    U18                  IBUFDS (Prop_ibufds_I_O)     0.983     0.983 r  i_clk/O
                         net (fo=1, routed)           1.306     2.289    pll/adc_clk_in
    PLLE2_ADV_X0Y0       PLLE2_ADV (Prop_plle2_adv_CLKIN1_CLKOUT1)
                                                      0.089     2.378 r  pll/pll/CLKOUT1
                         net (fo=1, routed)           1.754     4.132    pll_dac_clk_1x
    BUFGCTRL_X0Y3        BUFG (Prop_bufg_I_O)         0.101     4.233 r  bufg_dac_clk_1x/O
                         net (fo=63, routed)          1.755     5.988    dac_clk_1x
    SLICE_X43Y48         FDRE                                         r  dac_rst_reg/C
  -------------------------------------------------------------------    -------------------
    SLICE_X43Y48         FDRE (Prop_fdre_C_Q)         0.456     6.444 r  dac_rst_reg/Q
                         net (fo=17, routed)          2.075     8.519    dac_rst
    OLOGIC_X0Y82         ODDR                                         r  oddr_dac_dat[2]/R
  -------------------------------------------------------------------    -------------------

                         (clock pll_dac_clk_1x fall edge)
                                                      4.000     4.000 f  
    U18                                               0.000     4.000 f  adc_clk_i[1] (IN)
                         net (fo=0)                   0.000     4.000    adc_clk_i[1]
    U18                  IBUFDS (Prop_ibufds_I_O)     0.940     4.940 f  i_clk/O
                         net (fo=1, routed)           1.181     6.121    pll/adc_clk_in
    PLLE2_ADV_X0Y0       PLLE2_ADV (Prop_plle2_adv_CLKIN1_CLKOUT1)
                                                      0.084     6.205 f  pll/pll/CLKOUT1
                         net (fo=1, routed)           1.594     7.799    pll_dac_clk_1x
    BUFGCTRL_X0Y3        BUFG (Prop_bufg_I_O)         0.091     7.890 f  bufg_dac_clk_1x/O
                         net (fo=63, routed)          1.538     9.428    dac_clk_1x
    OLOGIC_X0Y82         ODDR                                         f  oddr_dac_dat[2]/C
                         clock pessimism              0.343     9.771    
                         clock uncertainty           -0.069     9.702    
    OLOGIC_X0Y82         ODDR (Setup_oddr_C_R)       -0.798     8.904    oddr_dac_dat[2]
  -------------------------------------------------------------------
                         required time                          8.904    
                         arrival time                          -8.519    
  -------------------------------------------------------------------
                         slack                                  0.385    

Slack (MET) :             0.411ns  (required time - arrival time)
  Source:                 dac_rst_reg/C
                            (rising edge-triggered cell FDRE clocked by pll_dac_clk_1x  {rise@0.000ns fall@4.000ns period=8.000ns})
  Destination:            oddr_dac_dat[12]/R
                            (falling edge-triggered cell ODDR clocked by pll_dac_clk_1x  {rise@0.000ns fall@4.000ns period=8.000ns})
  Path Group:             pll_dac_clk_1x
  Path Type:              Setup (Max at Slow Process Corner)
  Requirement:            4.000ns  (pll_dac_clk_1x fall@4.000ns - pll_dac_clk_1x rise@0.000ns)
  Data Path Delay:        2.511ns  (logic 0.456ns (18.158%)  route 2.055ns (81.842%))
  Logic Levels:           0  
  Clock Path Skew:        -0.211ns (DCD - SCD + CPR)
    Destination Clock Delay (DCD):    5.434ns = ( 9.434 - 4.000 ) 
    Source Clock Delay      (SCD):    5.988ns
    Clock Pessimism Removal (CPR):    0.343ns
  Clock Uncertainty:      0.069ns  ((TSJ^2 + DJ^2)^1/2) / 2 + PE
    Total System Jitter     (TSJ):    0.071ns
    Discrete Jitter          (DJ):    0.118ns
    Phase Error              (PE):    0.000ns

    Location             Delay type                Incr(ns)  Path(ns)    Netlist Resource(s)
  -------------------------------------------------------------------    -------------------
                         (clock pll_dac_clk_1x rise edge)
                                                      0.000     0.000 r  
    U18                                               0.000     0.000 r  adc_clk_i[1] (IN)
                         net (fo=0)                   0.000     0.000    adc_clk_i[1]
    U18                  IBUFDS (Prop_ibufds_I_O)     0.983     0.983 r  i_clk/O
                         net (fo=1, routed)           1.306     2.289    pll/adc_clk_in
    PLLE2_ADV_X0Y0       PLLE2_ADV (Prop_plle2_adv_CLKIN1_CLKOUT1)
                                                      0.089     2.378 r  pll/pll/CLKOUT1
                         net (fo=1, routed)           1.754     4.132    pll_dac_clk_1x
    BUFGCTRL_X0Y3        BUFG (Prop_bufg_I_O)         0.101     4.233 r  bufg_dac_clk_1x/O
                         net (fo=63, routed)          1.755     5.988    dac_clk_1x
    SLICE_X43Y48         FDRE                                         r  dac_rst_reg/C
  -------------------------------------------------------------------    -------------------
    SLICE_X43Y48         FDRE (Prop_fdre_C_Q)         0.456     6.444 r  dac_rst_reg/Q
                         net (fo=17, routed)          2.055     8.499    dac_rst
    OLOGIC_X0Y91         ODDR                                         r  oddr_dac_dat[12]/R
  -------------------------------------------------------------------    -------------------

                         (clock pll_dac_clk_1x fall edge)
                                                      4.000     4.000 f  
    U18                                               0.000     4.000 f  adc_clk_i[1] (IN)
                         net (fo=0)                   0.000     4.000    adc_clk_i[1]
    U18                  IBUFDS (Prop_ibufds_I_O)     0.940     4.940 f  i_clk/O
                         net (fo=1, routed)           1.181     6.121    pll/adc_clk_in
    PLLE2_ADV_X0Y0       PLLE2_ADV (Prop_plle2_adv_CLKIN1_CLKOUT1)
                                                      0.084     6.205 f  pll/pll/CLKOUT1
                         net (fo=1, routed)           1.594     7.799    pll_dac_clk_1x
    BUFGCTRL_X0Y3        BUFG (Prop_bufg_I_O)         0.091     7.890 f  bufg_dac_clk_1x/O
                         net (fo=63, routed)          1.544     9.434    dac_clk_1x
    OLOGIC_X0Y91         ODDR                                         f  oddr_dac_dat[12]/C
                         clock pessimism              0.343     9.777    
                         clock uncertainty           -0.069     9.708    
    OLOGIC_X0Y91         ODDR (Setup_oddr_C_R)       -0.798     8.910    oddr_dac_dat[12]
  -------------------------------------------------------------------
                         required time                          8.910    
                         arrival time                          -8.499    
  -------------------------------------------------------------------
                         slack                                  0.411    

Slack (MET) :             0.451ns  (required time - arrival time)
  Source:                 dac_rst_reg/C
                            (rising edge-triggered cell FDRE clocked by pll_dac_clk_1x  {rise@0.000ns fall@4.000ns period=8.000ns})
  Destination:            oddr_dac_dat[6]/R
                            (falling edge-triggered cell ODDR clocked by pll_dac_clk_1x  {rise@0.000ns fall@4.000ns period=8.000ns})
  Path Group:             pll_dac_clk_1x
  Path Type:              Setup (Max at Slow Process Corner)
  Requirement:            4.000ns  (pll_dac_clk_1x fall@4.000ns - pll_dac_clk_1x rise@0.000ns)
  Data Path Delay:        2.466ns  (logic 0.456ns (18.489%)  route 2.010ns (81.511%))
  Logic Levels:           0  
  Clock Path Skew:        -0.216ns (DCD - SCD + CPR)
    Destination Clock Delay (DCD):    5.429ns = ( 9.429 - 4.000 ) 
    Source Clock Delay      (SCD):    5.988ns
    Clock Pessimism Removal (CPR):    0.343ns
  Clock Uncertainty:      0.069ns  ((TSJ^2 + DJ^2)^1/2) / 2 + PE
    Total System Jitter     (TSJ):    0.071ns
    Discrete Jitter          (DJ):    0.118ns
    Phase Error              (PE):    0.000ns

    Location             Delay type                Incr(ns)  Path(ns)    Netlist Resource(s)
  -------------------------------------------------------------------    -------------------
                         (clock pll_dac_clk_1x rise edge)
                                                      0.000     0.000 r  
    U18                                               0.000     0.000 r  adc_clk_i[1] (IN)
                         net (fo=0)                   0.000     0.000    adc_clk_i[1]
    U18                  IBUFDS (Prop_ibufds_I_O)     0.983     0.983 r  i_clk/O
                         net (fo=1, routed)           1.306     2.289    pll/adc_clk_in
    PLLE2_ADV_X0Y0       PLLE2_ADV (Prop_plle2_adv_CLKIN1_CLKOUT1)
                                                      0.089     2.378 r  pll/pll/CLKOUT1
                         net (fo=1, routed)           1.754     4.132    pll_dac_clk_1x
    BUFGCTRL_X0Y3        BUFG (Prop_bufg_I_O)         0.101     4.233 r  bufg_dac_clk_1x/O
                         net (fo=63, routed)          1.755     5.988    dac_clk_1x
    SLICE_X43Y48         FDRE                                         r  dac_rst_reg/C
  -------------------------------------------------------------------    -------------------
    SLICE_X43Y48         FDRE (Prop_fdre_C_Q)         0.456     6.444 r  dac_rst_reg/Q
                         net (fo=17, routed)          2.010     8.454    dac_rst
    OLOGIC_X0Y66         ODDR                                         r  oddr_dac_dat[6]/R
  -------------------------------------------------------------------    -------------------

                         (clock pll_dac_clk_1x fall edge)
                                                      4.000     4.000 f  
    U18                                               0.000     4.000 f  adc_clk_i[1] (IN)
                         net (fo=0)                   0.000     4.000    adc_clk_i[1]
    U18                  IBUFDS (Prop_ibufds_I_O)     0.940     4.940 f  i_clk/O
                         net (fo=1, routed)           1.181     6.121    pll/adc_clk_in
    PLLE2_ADV_X0Y0       PLLE2_ADV (Prop_plle2_adv_CLKIN1_CLKOUT1)
                                                      0.084     6.205 f  pll/pll/CLKOUT1
                         net (fo=1, routed)           1.594     7.799    pll_dac_clk_1x
    BUFGCTRL_X0Y3        BUFG (Prop_bufg_I_O)         0.091     7.890 f  bufg_dac_clk_1x/O
                         net (fo=63, routed)          1.539     9.429    dac_clk_1x
    OLOGIC_X0Y66         ODDR                                         f  oddr_dac_dat[6]/C
                         clock pessimism              0.343     9.772    
                         clock uncertainty           -0.069     9.703    
    OLOGIC_X0Y66         ODDR (Setup_oddr_C_R)       -0.798     8.905    oddr_dac_dat[6]
  -------------------------------------------------------------------
                         required time                          8.905    
                         arrival time                          -8.454    
  -------------------------------------------------------------------
                         slack                                  0.451    

Slack (MET) :             0.466ns  (required time - arrival time)
  Source:                 dac_rst_reg/C
                            (rising edge-triggered cell FDRE clocked by pll_dac_clk_1x  {rise@0.000ns fall@4.000ns period=8.000ns})
  Destination:            oddr_dac_dat[3]/R
                            (falling edge-triggered cell ODDR clocked by pll_dac_clk_1x  {rise@0.000ns fall@4.000ns period=8.000ns})
  Path Group:             pll_dac_clk_1x
  Path Type:              Setup (Max at Slow Process Corner)
  Requirement:            4.000ns  (pll_dac_clk_1x fall@4.000ns - pll_dac_clk_1x rise@0.000ns)
  Data Path Delay:        2.450ns  (logic 0.456ns (18.610%)  route 1.994ns (81.390%))
  Logic Levels:           0  
  Clock Path Skew:        -0.217ns (DCD - SCD + CPR)
    Destination Clock Delay (DCD):    5.428ns = ( 9.428 - 4.000 ) 
    Source Clock Delay      (SCD):    5.988ns
    Clock Pessimism Removal (CPR):    0.343ns
  Clock Uncertainty:      0.069ns  ((TSJ^2 + DJ^2)^1/2) / 2 + PE
    Total System Jitter     (TSJ):    0.071ns
    Discrete Jitter          (DJ):    0.118ns
    Phase Error              (PE):    0.000ns

    Location             Delay type                Incr(ns)  Path(ns)    Netlist Resource(s)
  -------------------------------------------------------------------    -------------------
                         (clock pll_dac_clk_1x rise edge)
                                                      0.000     0.000 r  
    U18                                               0.000     0.000 r  adc_clk_i[1] (IN)
                         net (fo=0)                   0.000     0.000    adc_clk_i[1]
    U18                  IBUFDS (Prop_ibufds_I_O)     0.983     0.983 r  i_clk/O
                         net (fo=1, routed)           1.306     2.289    pll/adc_clk_in
    PLLE2_ADV_X0Y0       PLLE2_ADV (Prop_plle2_adv_CLKIN1_CLKOUT1)
                                                      0.089     2.378 r  pll/pll/CLKOUT1
                         net (fo=1, routed)           1.754     4.132    pll_dac_clk_1x
    BUFGCTRL_X0Y3        BUFG (Prop_bufg_I_O)         0.101     4.233 r  bufg_dac_clk_1x/O
                         net (fo=63, routed)          1.755     5.988    dac_clk_1x
    SLICE_X43Y48         FDRE                                         r  dac_rst_reg/C
  -------------------------------------------------------------------    -------------------
    SLICE_X43Y48         FDRE (Prop_fdre_C_Q)         0.456     6.444 r  dac_rst_reg/Q
                         net (fo=17, routed)          1.994     8.438    dac_rst
    OLOGIC_X0Y81         ODDR                                         r  oddr_dac_dat[3]/R
  -------------------------------------------------------------------    -------------------

                         (clock pll_dac_clk_1x fall edge)
                                                      4.000     4.000 f  
    U18                                               0.000     4.000 f  adc_clk_i[1] (IN)
                         net (fo=0)                   0.000     4.000    adc_clk_i[1]
    U18                  IBUFDS (Prop_ibufds_I_O)     0.940     4.940 f  i_clk/O
                         net (fo=1, routed)           1.181     6.121    pll/adc_clk_in
    PLLE2_ADV_X0Y0       PLLE2_ADV (Prop_plle2_adv_CLKIN1_CLKOUT1)
                                                      0.084     6.205 f  pll/pll/CLKOUT1
                         net (fo=1, routed)           1.594     7.799    pll_dac_clk_1x
    BUFGCTRL_X0Y3        BUFG (Prop_bufg_I_O)         0.091     7.890 f  bufg_dac_clk_1x/O
                         net (fo=63, routed)          1.538     9.428    dac_clk_1x
    OLOGIC_X0Y81         ODDR                                         f  oddr_dac_dat[3]/C
                         clock pessimism              0.343     9.771    
                         clock uncertainty           -0.069     9.702    
    OLOGIC_X0Y81         ODDR (Setup_oddr_C_R)       -0.798     8.904    oddr_dac_dat[3]
  -------------------------------------------------------------------
                         required time                          8.904    
                         arrival time                          -8.438    
  -------------------------------------------------------------------
                         slack                                  0.466    

Slack (MET) :             0.467ns  (required time - arrival time)
  Source:                 dac_rst_reg/C
                            (rising edge-triggered cell FDRE clocked by pll_dac_clk_1x  {rise@0.000ns fall@4.000ns period=8.000ns})
  Destination:            oddr_dac_dat[0]/R
                            (falling edge-triggered cell ODDR clocked by pll_dac_clk_1x  {rise@0.000ns fall@4.000ns period=8.000ns})
  Path Group:             pll_dac_clk_1x
  Path Type:              Setup (Max at Slow Process Corner)
  Requirement:            4.000ns  (pll_dac_clk_1x fall@4.000ns - pll_dac_clk_1x rise@0.000ns)
  Data Path Delay:        2.451ns  (logic 0.456ns (18.602%)  route 1.995ns (81.398%))
  Logic Levels:           0  
  Clock Path Skew:        -0.215ns (DCD - SCD + CPR)
    Destination Clock Delay (DCD):    5.430ns = ( 9.430 - 4.000 ) 
    Source Clock Delay      (SCD):    5.988ns
    Clock Pessimism Removal (CPR):    0.343ns
  Clock Uncertainty:      0.069ns  ((TSJ^2 + DJ^2)^1/2) / 2 + PE
    Total System Jitter     (TSJ):    0.071ns
    Discrete Jitter          (DJ):    0.118ns
    Phase Error              (PE):    0.000ns

    Location             Delay type                Incr(ns)  Path(ns)    Netlist Resource(s)
  -------------------------------------------------------------------    -------------------
                         (clock pll_dac_clk_1x rise edge)
                                                      0.000     0.000 r  
    U18                                               0.000     0.000 r  adc_clk_i[1] (IN)
                         net (fo=0)                   0.000     0.000    adc_clk_i[1]
    U18                  IBUFDS (Prop_ibufds_I_O)     0.983     0.983 r  i_clk/O
                         net (fo=1, routed)           1.306     2.289    pll/adc_clk_in
    PLLE2_ADV_X0Y0       PLLE2_ADV (Prop_plle2_adv_CLKIN1_CLKOUT1)
                                                      0.089     2.378 r  pll/pll/CLKOUT1
                         net (fo=1, routed)           1.754     4.132    pll_dac_clk_1x
    BUFGCTRL_X0Y3        BUFG (Prop_bufg_I_O)         0.101     4.233 r  bufg_dac_clk_1x/O
                         net (fo=63, routed)          1.755     5.988    dac_clk_1x
    SLICE_X43Y48         FDRE                                         r  dac_rst_reg/C
  -------------------------------------------------------------------    -------------------
    SLICE_X43Y48         FDRE (Prop_fdre_C_Q)         0.456     6.444 r  dac_rst_reg/Q
                         net (fo=17, routed)          1.995     8.440    dac_rst
    OLOGIC_X0Y86         ODDR                                         r  oddr_dac_dat[0]/R
  -------------------------------------------------------------------    -------------------

                         (clock pll_dac_clk_1x fall edge)
                                                      4.000     4.000 f  
    U18                                               0.000     4.000 f  adc_clk_i[1] (IN)
                         net (fo=0)                   0.000     4.000    adc_clk_i[1]
    U18                  IBUFDS (Prop_ibufds_I_O)     0.940     4.940 f  i_clk/O
                         net (fo=1, routed)           1.181     6.121    pll/adc_clk_in
    PLLE2_ADV_X0Y0       PLLE2_ADV (Prop_plle2_adv_CLKIN1_CLKOUT1)
                                                      0.084     6.205 f  pll/pll/CLKOUT1
                         net (fo=1, routed)           1.594     7.799    pll_dac_clk_1x
    BUFGCTRL_X0Y3        BUFG (Prop_bufg_I_O)         0.091     7.890 f  bufg_dac_clk_1x/O
                         net (fo=63, routed)          1.540     9.430    dac_clk_1x
    OLOGIC_X0Y86         ODDR                                         f  oddr_dac_dat[0]/C
                         clock pessimism              0.343     9.773    
                         clock uncertainty           -0.069     9.704    
    OLOGIC_X0Y86         ODDR (Setup_oddr_C_R)       -0.798     8.906    oddr_dac_dat[0]
  -------------------------------------------------------------------
                         required time                          8.906    
                         arrival time                          -8.440    
  -------------------------------------------------------------------
                         slack                                  0.467    

Slack (MET) :             0.473ns  (required time - arrival time)
  Source:                 dac_rst_reg/C
                            (rising edge-triggered cell FDRE clocked by pll_dac_clk_1x  {rise@0.000ns fall@4.000ns period=8.000ns})
  Destination:            oddr_dac_dat[13]/R
                            (falling edge-triggered cell ODDR clocked by pll_dac_clk_1x  {rise@0.000ns fall@4.000ns period=8.000ns})
  Path Group:             pll_dac_clk_1x
  Path Type:              Setup (Max at Slow Process Corner)
  Requirement:            4.000ns  (pll_dac_clk_1x fall@4.000ns - pll_dac_clk_1x rise@0.000ns)
  Data Path Delay:        2.450ns  (logic 0.456ns (18.616%)  route 1.994ns (81.384%))
  Logic Levels:           0  
  Clock Path Skew:        -0.211ns (DCD - SCD + CPR)
    Destination Clock Delay (DCD):    5.434ns = ( 9.434 - 4.000 ) 
    Source Clock Delay      (SCD):    5.988ns
    Clock Pessimism Removal (CPR):    0.343ns
  Clock Uncertainty:      0.069ns  ((TSJ^2 + DJ^2)^1/2) / 2 + PE
    Total System Jitter     (TSJ):    0.071ns
    Discrete Jitter          (DJ):    0.118ns
    Phase Error              (PE):    0.000ns

    Location             Delay type                Incr(ns)  Path(ns)    Netlist Resource(s)
  -------------------------------------------------------------------    -------------------
                         (clock pll_dac_clk_1x rise edge)
                                                      0.000     0.000 r  
    U18                                               0.000     0.000 r  adc_clk_i[1] (IN)
                         net (fo=0)                   0.000     0.000    adc_clk_i[1]
    U18                  IBUFDS (Prop_ibufds_I_O)     0.983     0.983 r  i_clk/O
                         net (fo=1, routed)           1.306     2.289    pll/adc_clk_in
    PLLE2_ADV_X0Y0       PLLE2_ADV (Prop_plle2_adv_CLKIN1_CLKOUT1)
                                                      0.089     2.378 r  pll/pll/CLKOUT1
                         net (fo=1, routed)           1.754     4.132    pll_dac_clk_1x
    BUFGCTRL_X0Y3        BUFG (Prop_bufg_I_O)         0.101     4.233 r  bufg_dac_clk_1x/O
                         net (fo=63, routed)          1.755     5.988    dac_clk_1x
    SLICE_X43Y48         FDRE                                         r  dac_rst_reg/C
  -------------------------------------------------------------------    -------------------
    SLICE_X43Y48         FDRE (Prop_fdre_C_Q)         0.456     6.444 r  dac_rst_reg/Q
                         net (fo=17, routed)          1.994     8.438    dac_rst
    OLOGIC_X0Y92         ODDR                                         r  oddr_dac_dat[13]/R
  -------------------------------------------------------------------    -------------------

                         (clock pll_dac_clk_1x fall edge)
                                                      4.000     4.000 f  
    U18                                               0.000     4.000 f  adc_clk_i[1] (IN)
                         net (fo=0)                   0.000     4.000    adc_clk_i[1]
    U18                  IBUFDS (Prop_ibufds_I_O)     0.940     4.940 f  i_clk/O
                         net (fo=1, routed)           1.181     6.121    pll/adc_clk_in
    PLLE2_ADV_X0Y0       PLLE2_ADV (Prop_plle2_adv_CLKIN1_CLKOUT1)
                                                      0.084     6.205 f  pll/pll/CLKOUT1
                         net (fo=1, routed)           1.594     7.799    pll_dac_clk_1x
    BUFGCTRL_X0Y3        BUFG (Prop_bufg_I_O)         0.091     7.890 f  bufg_dac_clk_1x/O
                         net (fo=63, routed)          1.544     9.434    dac_clk_1x
    OLOGIC_X0Y92         ODDR                                         f  oddr_dac_dat[13]/C
                         clock pessimism              0.343     9.777    
                         clock uncertainty           -0.069     9.708    
    OLOGIC_X0Y92         ODDR (Setup_oddr_C_R)       -0.798     8.910    oddr_dac_dat[13]
  -------------------------------------------------------------------
                         required time                          8.910    
                         arrival time                          -8.438    
  -------------------------------------------------------------------
                         slack                                  0.473    

Slack (MET) :             0.478ns  (required time - arrival time)
  Source:                 dac_rst_reg/C
                            (rising edge-triggered cell FDRE clocked by pll_dac_clk_1x  {rise@0.000ns fall@4.000ns period=8.000ns})
  Destination:            oddr_dac_dat[11]/R
                            (falling edge-triggered cell ODDR clocked by pll_dac_clk_1x  {rise@0.000ns fall@4.000ns period=8.000ns})
  Path Group:             pll_dac_clk_1x
  Path Type:              Setup (Max at Slow Process Corner)
  Requirement:            4.000ns  (pll_dac_clk_1x fall@4.000ns - pll_dac_clk_1x rise@0.000ns)
  Data Path Delay:        2.435ns  (logic 0.456ns (18.725%)  route 1.979ns (81.275%))
  Logic Levels:           0  
  Clock Path Skew:        -0.220ns (DCD - SCD + CPR)
    Destination Clock Delay (DCD):    5.425ns = ( 9.425 - 4.000 ) 
    Source Clock Delay      (SCD):    5.988ns
    Clock Pessimism Removal (CPR):    0.343ns
  Clock Uncertainty:      0.069ns  ((TSJ^2 + DJ^2)^1/2) / 2 + PE
    Total System Jitter     (TSJ):    0.071ns
    Discrete Jitter          (DJ):    0.118ns
    Phase Error              (PE):    0.000ns

    Location             Delay type                Incr(ns)  Path(ns)    Netlist Resource(s)
  -------------------------------------------------------------------    -------------------
                         (clock pll_dac_clk_1x rise edge)
                                                      0.000     0.000 r  
    U18                                               0.000     0.000 r  adc_clk_i[1] (IN)
                         net (fo=0)                   0.000     0.000    adc_clk_i[1]
    U18                  IBUFDS (Prop_ibufds_I_O)     0.983     0.983 r  i_clk/O
                         net (fo=1, routed)           1.306     2.289    pll/adc_clk_in
    PLLE2_ADV_X0Y0       PLLE2_ADV (Prop_plle2_adv_CLKIN1_CLKOUT1)
                                                      0.089     2.378 r  pll/pll/CLKOUT1
                         net (fo=1, routed)           1.754     4.132    pll_dac_clk_1x
    BUFGCTRL_X0Y3        BUFG (Prop_bufg_I_O)         0.101     4.233 r  bufg_dac_clk_1x/O
                         net (fo=63, routed)          1.755     5.988    dac_clk_1x
    SLICE_X43Y48         FDRE                                         r  dac_rst_reg/C
  -------------------------------------------------------------------    -------------------
    SLICE_X43Y48         FDRE (Prop_fdre_C_Q)         0.456     6.444 r  dac_rst_reg/Q
                         net (fo=17, routed)          1.979     8.423    dac_rst
    OLOGIC_X0Y69         ODDR                                         r  oddr_dac_dat[11]/R
  -------------------------------------------------------------------    -------------------

                         (clock pll_dac_clk_1x fall edge)
                                                      4.000     4.000 f  
    U18                                               0.000     4.000 f  adc_clk_i[1] (IN)
                         net (fo=0)                   0.000     4.000    adc_clk_i[1]
    U18                  IBUFDS (Prop_ibufds_I_O)     0.940     4.940 f  i_clk/O
                         net (fo=1, routed)           1.181     6.121    pll/adc_clk_in
    PLLE2_ADV_X0Y0       PLLE2_ADV (Prop_plle2_adv_CLKIN1_CLKOUT1)
                                                      0.084     6.205 f  pll/pll/CLKOUT1
                         net (fo=1, routed)           1.594     7.799    pll_dac_clk_1x
    BUFGCTRL_X0Y3        BUFG (Prop_bufg_I_O)         0.091     7.890 f  bufg_dac_clk_1x/O
                         net (fo=63, routed)          1.535     9.425    dac_clk_1x
    OLOGIC_X0Y69         ODDR                                         f  oddr_dac_dat[11]/C
                         clock pessimism              0.343     9.768    
                         clock uncertainty           -0.069     9.699    
    OLOGIC_X0Y69         ODDR (Setup_oddr_C_R)       -0.798     8.901    oddr_dac_dat[11]
  -------------------------------------------------------------------
                         required time                          8.901    
                         arrival time                          -8.423    
  -------------------------------------------------------------------
                         slack                                  0.478    

Slack (MET) :             0.484ns  (required time - arrival time)
  Source:                 dac_rst_reg/C
                            (rising edge-triggered cell FDRE clocked by pll_dac_clk_1x  {rise@0.000ns fall@4.000ns period=8.000ns})
  Destination:            oddr_dac_dat[9]/R
                            (falling edge-triggered cell ODDR clocked by pll_dac_clk_1x  {rise@0.000ns fall@4.000ns period=8.000ns})
  Path Group:             pll_dac_clk_1x
  Path Type:              Setup (Max at Slow Process Corner)
  Requirement:            4.000ns  (pll_dac_clk_1x fall@4.000ns - pll_dac_clk_1x rise@0.000ns)
  Data Path Delay:        2.434ns  (logic 0.456ns (18.732%)  route 1.978ns (81.268%))
  Logic Levels:           0  
  Clock Path Skew:        -0.215ns (DCD - SCD + CPR)
    Destination Clock Delay (DCD):    5.430ns = ( 9.430 - 4.000 ) 
    Source Clock Delay      (SCD):    5.988ns
    Clock Pessimism Removal (CPR):    0.343ns
  Clock Uncertainty:      0.069ns  ((TSJ^2 + DJ^2)^1/2) / 2 + PE
    Total System Jitter     (TSJ):    0.071ns
    Discrete Jitter          (DJ):    0.118ns
    Phase Error              (PE):    0.000ns

    Location             Delay type                Incr(ns)  Path(ns)    Netlist Resource(s)
  -------------------------------------------------------------------    -------------------
                         (clock pll_dac_clk_1x rise edge)
                                                      0.000     0.000 r  
    U18                                               0.000     0.000 r  adc_clk_i[1] (IN)
                         net (fo=0)                   0.000     0.000    adc_clk_i[1]
    U18                  IBUFDS (Prop_ibufds_I_O)     0.983     0.983 r  i_clk/O
                         net (fo=1, routed)           1.306     2.289    pll/adc_clk_in
    PLLE2_ADV_X0Y0       PLLE2_ADV (Prop_plle2_adv_CLKIN1_CLKOUT1)
                                                      0.089     2.378 r  pll/pll/CLKOUT1
                         net (fo=1, routed)           1.754     4.132    pll_dac_clk_1x
    BUFGCTRL_X0Y3        BUFG (Prop_bufg_I_O)         0.101     4.233 r  bufg_dac_clk_1x/O
                         net (fo=63, routed)          1.755     5.988    dac_clk_1x
    SLICE_X43Y48         FDRE                                         r  dac_rst_reg/C
  -------------------------------------------------------------------    -------------------
    SLICE_X43Y48         FDRE (Prop_fdre_C_Q)         0.456     6.444 r  dac_rst_reg/Q
                         net (fo=17, routed)          1.978     8.423    dac_rst
    OLOGIC_X0Y63         ODDR                                         r  oddr_dac_dat[9]/R
  -------------------------------------------------------------------    -------------------

                         (clock pll_dac_clk_1x fall edge)
                                                      4.000     4.000 f  
    U18                                               0.000     4.000 f  adc_clk_i[1] (IN)
                         net (fo=0)                   0.000     4.000    adc_clk_i[1]
    U18                  IBUFDS (Prop_ibufds_I_O)     0.940     4.940 f  i_clk/O
                         net (fo=1, routed)           1.181     6.121    pll/adc_clk_in
    PLLE2_ADV_X0Y0       PLLE2_ADV (Prop_plle2_adv_CLKIN1_CLKOUT1)
                                                      0.084     6.205 f  pll/pll/CLKOUT1
                         net (fo=1, routed)           1.594     7.799    pll_dac_clk_1x
    BUFGCTRL_X0Y3        BUFG (Prop_bufg_I_O)         0.091     7.890 f  bufg_dac_clk_1x/O
                         net (fo=63, routed)          1.540     9.430    dac_clk_1x
    OLOGIC_X0Y63         ODDR                                         f  oddr_dac_dat[9]/C
                         clock pessimism              0.343     9.773    
                         clock uncertainty           -0.069     9.704    
    OLOGIC_X0Y63         ODDR (Setup_oddr_C_R)       -0.798     8.906    oddr_dac_dat[9]
  -------------------------------------------------------------------
                         required time                          8.906    
                         arrival time                          -8.423    
  -------------------------------------------------------------------
                         slack                                  0.484    

Slack (MET) :             0.488ns  (required time - arrival time)
  Source:                 dac_rst_reg/C
                            (rising edge-triggered cell FDRE clocked by pll_dac_clk_1x  {rise@0.000ns fall@4.000ns period=8.000ns})
  Destination:            oddr_dac_dat[7]/R
                            (falling edge-triggered cell ODDR clocked by pll_dac_clk_1x  {rise@0.000ns fall@4.000ns period=8.000ns})
  Path Group:             pll_dac_clk_1x
  Path Type:              Setup (Max at Slow Process Corner)
  Requirement:            4.000ns  (pll_dac_clk_1x fall@4.000ns - pll_dac_clk_1x rise@0.000ns)
  Data Path Delay:        2.429ns  (logic 0.456ns (18.771%)  route 1.973ns (81.229%))
  Logic Levels:           0  
  Clock Path Skew:        -0.216ns (DCD - SCD + CPR)
    Destination Clock Delay (DCD):    5.429ns = ( 9.429 - 4.000 ) 
    Source Clock Delay      (SCD):    5.988ns
    Clock Pessimism Removal (CPR):    0.343ns
  Clock Uncertainty:      0.069ns  ((TSJ^2 + DJ^2)^1/2) / 2 + PE
    Total System Jitter     (TSJ):    0.071ns
    Discrete Jitter          (DJ):    0.118ns
    Phase Error              (PE):    0.000ns

    Location             Delay type                Incr(ns)  Path(ns)    Netlist Resource(s)
  -------------------------------------------------------------------    -------------------
                         (clock pll_dac_clk_1x rise edge)
                                                      0.000     0.000 r  
    U18                                               0.000     0.000 r  adc_clk_i[1] (IN)
                         net (fo=0)                   0.000     0.000    adc_clk_i[1]
    U18                  IBUFDS (Prop_ibufds_I_O)     0.983     0.983 r  i_clk/O
                         net (fo=1, routed)           1.306     2.289    pll/adc_clk_in
    PLLE2_ADV_X0Y0       PLLE2_ADV (Prop_plle2_adv_CLKIN1_CLKOUT1)
                                                      0.089     2.378 r  pll/pll/CLKOUT1
                         net (fo=1, routed)           1.754     4.132    pll_dac_clk_1x
    BUFGCTRL_X0Y3        BUFG (Prop_bufg_I_O)         0.101     4.233 r  bufg_dac_clk_1x/O
                         net (fo=63, routed)          1.755     5.988    dac_clk_1x
    SLICE_X43Y48         FDRE                                         r  dac_rst_reg/C
  -------------------------------------------------------------------    -------------------
    SLICE_X43Y48         FDRE (Prop_fdre_C_Q)         0.456     6.444 r  dac_rst_reg/Q
                         net (fo=17, routed)          1.973     8.417    dac_rst
    OLOGIC_X0Y65         ODDR                                         r  oddr_dac_dat[7]/R
  -------------------------------------------------------------------    -------------------

                         (clock pll_dac_clk_1x fall edge)
                                                      4.000     4.000 f  
    U18                                               0.000     4.000 f  adc_clk_i[1] (IN)
                         net (fo=0)                   0.000     4.000    adc_clk_i[1]
    U18                  IBUFDS (Prop_ibufds_I_O)     0.940     4.940 f  i_clk/O
                         net (fo=1, routed)           1.181     6.121    pll/adc_clk_in
    PLLE2_ADV_X0Y0       PLLE2_ADV (Prop_plle2_adv_CLKIN1_CLKOUT1)
                                                      0.084     6.205 f  pll/pll/CLKOUT1
                         net (fo=1, routed)           1.594     7.799    pll_dac_clk_1x
    BUFGCTRL_X0Y3        BUFG (Prop_bufg_I_O)         0.091     7.890 f  bufg_dac_clk_1x/O
                         net (fo=63, routed)          1.539     9.429    dac_clk_1x
    OLOGIC_X0Y65         ODDR                                         f  oddr_dac_dat[7]/C
                         clock pessimism              0.343     9.772    
                         clock uncertainty           -0.069     9.703    
    OLOGIC_X0Y65         ODDR (Setup_oddr_C_R)       -0.798     8.905    oddr_dac_dat[7]
  -------------------------------------------------------------------
                         required time                          8.905    
                         arrival time                          -8.417    
  -------------------------------------------------------------------
                         slack                                  0.488    

Slack (MET) :             0.496ns  (required time - arrival time)
  Source:                 dac_rst_reg/C
                            (rising edge-triggered cell FDRE clocked by pll_dac_clk_1x  {rise@0.000ns fall@4.000ns period=8.000ns})
  Destination:            oddr_dac_dat[8]/R
                            (falling edge-triggered cell ODDR clocked by pll_dac_clk_1x  {rise@0.000ns fall@4.000ns period=8.000ns})
  Path Group:             pll_dac_clk_1x
  Path Type:              Setup (Max at Slow Process Corner)
  Requirement:            4.000ns  (pll_dac_clk_1x fall@4.000ns - pll_dac_clk_1x rise@0.000ns)
  Data Path Delay:        2.422ns  (logic 0.456ns (18.829%)  route 1.966ns (81.171%))
  Logic Levels:           0  
  Clock Path Skew:        -0.215ns (DCD - SCD + CPR)
    Destination Clock Delay (DCD):    5.430ns = ( 9.430 - 4.000 ) 
    Source Clock Delay      (SCD):    5.988ns
    Clock Pessimism Removal (CPR):    0.343ns
  Clock Uncertainty:      0.069ns  ((TSJ^2 + DJ^2)^1/2) / 2 + PE
    Total System Jitter     (TSJ):    0.071ns
    Discrete Jitter          (DJ):    0.118ns
    Phase Error              (PE):    0.000ns

    Location             Delay type                Incr(ns)  Path(ns)    Netlist Resource(s)
  -------------------------------------------------------------------    -------------------
                         (clock pll_dac_clk_1x rise edge)
                                                      0.000     0.000 r  
    U18                                               0.000     0.000 r  adc_clk_i[1] (IN)
                         net (fo=0)                   0.000     0.000    adc_clk_i[1]
    U18                  IBUFDS (Prop_ibufds_I_O)     0.983     0.983 r  i_clk/O
                         net (fo=1, routed)           1.306     2.289    pll/adc_clk_in
    PLLE2_ADV_X0Y0       PLLE2_ADV (Prop_plle2_adv_CLKIN1_CLKOUT1)
                                                      0.089     2.378 r  pll/pll/CLKOUT1
                         net (fo=1, routed)           1.754     4.132    pll_dac_clk_1x
    BUFGCTRL_X0Y3        BUFG (Prop_bufg_I_O)         0.101     4.233 r  bufg_dac_clk_1x/O
                         net (fo=63, routed)          1.755     5.988    dac_clk_1x
    SLICE_X43Y48         FDRE                                         r  dac_rst_reg/C
  -------------------------------------------------------------------    -------------------
    SLICE_X43Y48         FDRE (Prop_fdre_C_Q)         0.456     6.444 r  dac_rst_reg/Q
                         net (fo=17, routed)          1.966     8.410    dac_rst
    OLOGIC_X0Y64         ODDR                                         r  oddr_dac_dat[8]/R
  -------------------------------------------------------------------    -------------------

                         (clock pll_dac_clk_1x fall edge)
                                                      4.000     4.000 f  
    U18                                               0.000     4.000 f  adc_clk_i[1] (IN)
                         net (fo=0)                   0.000     4.000    adc_clk_i[1]
    U18                  IBUFDS (Prop_ibufds_I_O)     0.940     4.940 f  i_clk/O
                         net (fo=1, routed)           1.181     6.121    pll/adc_clk_in
    PLLE2_ADV_X0Y0       PLLE2_ADV (Prop_plle2_adv_CLKIN1_CLKOUT1)
                                                      0.084     6.205 f  pll/pll/CLKOUT1
                         net (fo=1, routed)           1.594     7.799    pll_dac_clk_1x
    BUFGCTRL_X0Y3        BUFG (Prop_bufg_I_O)         0.091     7.890 f  bufg_dac_clk_1x/O
                         net (fo=63, routed)          1.540     9.430    dac_clk_1x
    OLOGIC_X0Y64         ODDR                                         f  oddr_dac_dat[8]/C
                         clock pessimism              0.343     9.773    
                         clock uncertainty           -0.069     9.704    
    OLOGIC_X0Y64         ODDR (Setup_oddr_C_R)       -0.798     8.906    oddr_dac_dat[8]
  -------------------------------------------------------------------
                         required time                          8.906    
                         arrival time                          -8.410    
  -------------------------------------------------------------------
                         slack                                  0.496    





Min Delay Paths
--------------------------------------------------------------------------------------
Slack (MET) :             0.228ns  (arrival time - required time)
  Source:                 dac_rst_reg/C
                            (rising edge-triggered cell FDRE clocked by pll_dac_clk_1x  {rise@0.000ns fall@4.000ns period=8.000ns})
  Destination:            oddr_dac_sel/R
                            (rising edge-triggered cell ODDR clocked by pll_dac_clk_1x  {rise@0.000ns fall@4.000ns period=8.000ns})
  Path Group:             pll_dac_clk_1x
  Path Type:              Hold (Min at Fast Process Corner)
  Requirement:            0.000ns  (pll_dac_clk_1x rise@0.000ns - pll_dac_clk_1x rise@0.000ns)
  Data Path Delay:        0.964ns  (logic 0.141ns (14.621%)  route 0.823ns (85.379%))
  Logic Levels:           0  
  Clock Path Skew:        0.260ns (DCD - SCD - CPR)
    Destination Clock Delay (DCD):    2.394ns
    Source Clock Delay      (SCD):    2.008ns
    Clock Pessimism Removal (CPR):    0.125ns

    Location             Delay type                Incr(ns)  Path(ns)    Netlist Resource(s)
  -------------------------------------------------------------------    -------------------
                         (clock pll_dac_clk_1x rise edge)
                                                      0.000     0.000 r  
    U18                                               0.000     0.000 r  adc_clk_i[1] (IN)
                         net (fo=0)                   0.000     0.000    adc_clk_i[1]
    U18                  IBUFDS (Prop_ibufds_I_O)     0.401     0.401 r  i_clk/O
                         net (fo=1, routed)           0.440     0.842    pll/adc_clk_in
    PLLE2_ADV_X0Y0       PLLE2_ADV (Prop_plle2_adv_CLKIN1_CLKOUT1)
                                                      0.051     0.893 r  pll/pll/CLKOUT1
                         net (fo=1, routed)           0.497     1.390    pll_dac_clk_1x
    BUFGCTRL_X0Y3        BUFG (Prop_bufg_I_O)         0.026     1.416 r  bufg_dac_clk_1x/O
                         net (fo=63, routed)          0.593     2.008    dac_clk_1x
    SLICE_X43Y48         FDRE                                         r  dac_rst_reg/C
  -------------------------------------------------------------------    -------------------
    SLICE_X43Y48         FDRE (Prop_fdre_C_Q)         0.141     2.149 r  dac_rst_reg/Q
                         net (fo=17, routed)          0.823     2.973    dac_rst
    OLOGIC_X0Y57         ODDR                                         r  oddr_dac_sel/R
  -------------------------------------------------------------------    -------------------

                         (clock pll_dac_clk_1x rise edge)
                                                      0.000     0.000 r  
    U18                                               0.000     0.000 r  adc_clk_i[1] (IN)
                         net (fo=0)                   0.000     0.000    adc_clk_i[1]
    U18                  IBUFDS (Prop_ibufds_I_O)     0.433     0.433 r  i_clk/O
                         net (fo=1, routed)           0.481     0.914    pll/adc_clk_in
    PLLE2_ADV_X0Y0       PLLE2_ADV (Prop_plle2_adv_CLKIN1_CLKOUT1)
                                                      0.054     0.968 r  pll/pll/CLKOUT1
                         net (fo=1, routed)           0.544     1.512    pll_dac_clk_1x
    BUFGCTRL_X0Y3        BUFG (Prop_bufg_I_O)         0.029     1.541 r  bufg_dac_clk_1x/O
                         net (fo=63, routed)          0.853     2.394    dac_clk_1x
    OLOGIC_X0Y57         ODDR                                         r  oddr_dac_sel/C
                         clock pessimism             -0.125     2.269    
    OLOGIC_X0Y57         ODDR (Hold_oddr_C_R)         0.476     2.745    oddr_dac_sel
  -------------------------------------------------------------------
                         required time                         -2.745    
                         arrival time                           2.973    
  -------------------------------------------------------------------
                         slack                                  0.228    

Slack (MET) :             0.236ns  (arrival time - required time)
  Source:                 dac_rst_reg/C
                            (rising edge-triggered cell FDRE clocked by pll_dac_clk_1x  {rise@0.000ns fall@4.000ns period=8.000ns})
  Destination:            oddr_dac_dat[11]/R
                            (rising edge-triggered cell ODDR clocked by pll_dac_clk_1x  {rise@0.000ns fall@4.000ns period=8.000ns})
  Path Group:             pll_dac_clk_1x
  Path Type:              Hold (Min at Fast Process Corner)
  Requirement:            0.000ns  (pll_dac_clk_1x rise@0.000ns - pll_dac_clk_1x rise@0.000ns)
  Data Path Delay:        0.966ns  (logic 0.141ns (14.592%)  route 0.825ns (85.408%))
  Logic Levels:           0  
  Clock Path Skew:        0.254ns (DCD - SCD - CPR)
    Destination Clock Delay (DCD):    2.388ns
    Source Clock Delay      (SCD):    2.008ns
    Clock Pessimism Removal (CPR):    0.125ns

    Location             Delay type                Incr(ns)  Path(ns)    Netlist Resource(s)
  -------------------------------------------------------------------    -------------------
                         (clock pll_dac_clk_1x rise edge)
                                                      0.000     0.000 r  
    U18                                               0.000     0.000 r  adc_clk_i[1] (IN)
                         net (fo=0)                   0.000     0.000    adc_clk_i[1]
    U18                  IBUFDS (Prop_ibufds_I_O)     0.401     0.401 r  i_clk/O
                         net (fo=1, routed)           0.440     0.842    pll/adc_clk_in
    PLLE2_ADV_X0Y0       PLLE2_ADV (Prop_plle2_adv_CLKIN1_CLKOUT1)
                                                      0.051     0.893 r  pll/pll/CLKOUT1
                         net (fo=1, routed)           0.497     1.390    pll_dac_clk_1x
    BUFGCTRL_X0Y3        BUFG (Prop_bufg_I_O)         0.026     1.416 r  bufg_dac_clk_1x/O
                         net (fo=63, routed)          0.593     2.008    dac_clk_1x
    SLICE_X43Y48         FDRE                                         r  dac_rst_reg/C
  -------------------------------------------------------------------    -------------------
    SLICE_X43Y48         FDRE (Prop_fdre_C_Q)         0.141     2.149 r  dac_rst_reg/Q
                         net (fo=17, routed)          0.825     2.974    dac_rst
    OLOGIC_X0Y69         ODDR                                         r  oddr_dac_dat[11]/R
  -------------------------------------------------------------------    -------------------

                         (clock pll_dac_clk_1x rise edge)
                                                      0.000     0.000 r  
    U18                                               0.000     0.000 r  adc_clk_i[1] (IN)
                         net (fo=0)                   0.000     0.000    adc_clk_i[1]
    U18                  IBUFDS (Prop_ibufds_I_O)     0.433     0.433 r  i_clk/O
                         net (fo=1, routed)           0.481     0.914    pll/adc_clk_in
    PLLE2_ADV_X0Y0       PLLE2_ADV (Prop_plle2_adv_CLKIN1_CLKOUT1)
                                                      0.054     0.968 r  pll/pll/CLKOUT1
                         net (fo=1, routed)           0.544     1.512    pll_dac_clk_1x
    BUFGCTRL_X0Y3        BUFG (Prop_bufg_I_O)         0.029     1.541 r  bufg_dac_clk_1x/O
                         net (fo=63, routed)          0.847     2.388    dac_clk_1x
    OLOGIC_X0Y69         ODDR                                         r  oddr_dac_dat[11]/C
                         clock pessimism             -0.125     2.263    
    OLOGIC_X0Y69         ODDR (Hold_oddr_C_R)         0.476     2.739    oddr_dac_dat[11]
  -------------------------------------------------------------------
                         required time                         -2.739    
                         arrival time                           2.974    
  -------------------------------------------------------------------
                         slack                                  0.236    

Slack (MET) :             0.247ns  (arrival time - required time)
  Source:                 dac_rst_reg/C
                            (rising edge-triggered cell FDRE clocked by pll_dac_clk_1x  {rise@0.000ns fall@4.000ns period=8.000ns})
  Destination:            oddr_dac_dat[10]/R
                            (rising edge-triggered cell ODDR clocked by pll_dac_clk_1x  {rise@0.000ns fall@4.000ns period=8.000ns})
  Path Group:             pll_dac_clk_1x
  Path Type:              Hold (Min at Fast Process Corner)
  Requirement:            0.000ns  (pll_dac_clk_1x rise@0.000ns - pll_dac_clk_1x rise@0.000ns)
  Data Path Delay:        0.977ns  (logic 0.141ns (14.430%)  route 0.836ns (85.570%))
  Logic Levels:           0  
  Clock Path Skew:        0.254ns (DCD - SCD - CPR)
    Destination Clock Delay (DCD):    2.388ns
    Source Clock Delay      (SCD):    2.008ns
    Clock Pessimism Removal (CPR):    0.125ns

    Location             Delay type                Incr(ns)  Path(ns)    Netlist Resource(s)
  -------------------------------------------------------------------    -------------------
                         (clock pll_dac_clk_1x rise edge)
                                                      0.000     0.000 r  
    U18                                               0.000     0.000 r  adc_clk_i[1] (IN)
                         net (fo=0)                   0.000     0.000    adc_clk_i[1]
    U18                  IBUFDS (Prop_ibufds_I_O)     0.401     0.401 r  i_clk/O
                         net (fo=1, routed)           0.440     0.842    pll/adc_clk_in
    PLLE2_ADV_X0Y0       PLLE2_ADV (Prop_plle2_adv_CLKIN1_CLKOUT1)
                                                      0.051     0.893 r  pll/pll/CLKOUT1
                         net (fo=1, routed)           0.497     1.390    pll_dac_clk_1x
    BUFGCTRL_X0Y3        BUFG (Prop_bufg_I_O)         0.026     1.416 r  bufg_dac_clk_1x/O
                         net (fo=63, routed)          0.593     2.008    dac_clk_1x
    SLICE_X43Y48         FDRE                                         r  dac_rst_reg/C
  -------------------------------------------------------------------    -------------------
    SLICE_X43Y48         FDRE (Prop_fdre_C_Q)         0.141     2.149 r  dac_rst_reg/Q
                         net (fo=17, routed)          0.836     2.985    dac_rst
    OLOGIC_X0Y70         ODDR                                         r  oddr_dac_dat[10]/R
  -------------------------------------------------------------------    -------------------

                         (clock pll_dac_clk_1x rise edge)
                                                      0.000     0.000 r  
    U18                                               0.000     0.000 r  adc_clk_i[1] (IN)
                         net (fo=0)                   0.000     0.000    adc_clk_i[1]
    U18                  IBUFDS (Prop_ibufds_I_O)     0.433     0.433 r  i_clk/O
                         net (fo=1, routed)           0.481     0.914    pll/adc_clk_in
    PLLE2_ADV_X0Y0       PLLE2_ADV (Prop_plle2_adv_CLKIN1_CLKOUT1)
                                                      0.054     0.968 r  pll/pll/CLKOUT1
                         net (fo=1, routed)           0.544     1.512    pll_dac_clk_1x
    BUFGCTRL_X0Y3        BUFG (Prop_bufg_I_O)         0.029     1.541 r  bufg_dac_clk_1x/O
                         net (fo=63, routed)          0.847     2.388    dac_clk_1x
    OLOGIC_X0Y70         ODDR                                         r  oddr_dac_dat[10]/C
                         clock pessimism             -0.125     2.263    
    OLOGIC_X0Y70         ODDR (Hold_oddr_C_R)         0.476     2.739    oddr_dac_dat[10]
  -------------------------------------------------------------------
                         required time                         -2.739    
                         arrival time                           2.985    
  -------------------------------------------------------------------
                         slack                                  0.247    

Slack (MET) :             0.258ns  (arrival time - required time)
  Source:                 dac_rst_reg/C
                            (rising edge-triggered cell FDRE clocked by pll_dac_clk_1x  {rise@0.000ns fall@4.000ns period=8.000ns})
  Destination:            oddr_dac_dat[1]/R
                            (rising edge-triggered cell ODDR clocked by pll_dac_clk_1x  {rise@0.000ns fall@4.000ns period=8.000ns})
  Path Group:             pll_dac_clk_1x
  Path Type:              Hold (Min at Fast Process Corner)
  Requirement:            0.000ns  (pll_dac_clk_1x rise@0.000ns - pll_dac_clk_1x rise@0.000ns)
  Data Path Delay:        0.992ns  (logic 0.141ns (14.209%)  route 0.851ns (85.791%))
  Logic Levels:           0  
  Clock Path Skew:        0.258ns (DCD - SCD - CPR)
    Destination Clock Delay (DCD):    2.392ns
    Source Clock Delay      (SCD):    2.008ns
    Clock Pessimism Removal (CPR):    0.125ns

    Location             Delay type                Incr(ns)  Path(ns)    Netlist Resource(s)
  -------------------------------------------------------------------    -------------------
                         (clock pll_dac_clk_1x rise edge)
                                                      0.000     0.000 r  
    U18                                               0.000     0.000 r  adc_clk_i[1] (IN)
                         net (fo=0)                   0.000     0.000    adc_clk_i[1]
    U18                  IBUFDS (Prop_ibufds_I_O)     0.401     0.401 r  i_clk/O
                         net (fo=1, routed)           0.440     0.842    pll/adc_clk_in
    PLLE2_ADV_X0Y0       PLLE2_ADV (Prop_plle2_adv_CLKIN1_CLKOUT1)
                                                      0.051     0.893 r  pll/pll/CLKOUT1
                         net (fo=1, routed)           0.497     1.390    pll_dac_clk_1x
    BUFGCTRL_X0Y3        BUFG (Prop_bufg_I_O)         0.026     1.416 r  bufg_dac_clk_1x/O
                         net (fo=63, routed)          0.593     2.008    dac_clk_1x
    SLICE_X43Y48         FDRE                                         r  dac_rst_reg/C
  -------------------------------------------------------------------    -------------------
    SLICE_X43Y48         FDRE (Prop_fdre_C_Q)         0.141     2.149 r  dac_rst_reg/Q
                         net (fo=17, routed)          0.851     3.000    dac_rst
    OLOGIC_X0Y85         ODDR                                         r  oddr_dac_dat[1]/R
  -------------------------------------------------------------------    -------------------

                         (clock pll_dac_clk_1x rise edge)
                                                      0.000     0.000 r  
    U18                                               0.000     0.000 r  adc_clk_i[1] (IN)
                         net (fo=0)                   0.000     0.000    adc_clk_i[1]
    U18                  IBUFDS (Prop_ibufds_I_O)     0.433     0.433 r  i_clk/O
                         net (fo=1, routed)           0.481     0.914    pll/adc_clk_in
    PLLE2_ADV_X0Y0       PLLE2_ADV (Prop_plle2_adv_CLKIN1_CLKOUT1)
                                                      0.054     0.968 r  pll/pll/CLKOUT1
                         net (fo=1, routed)           0.544     1.512    pll_dac_clk_1x
    BUFGCTRL_X0Y3        BUFG (Prop_bufg_I_O)         0.029     1.541 r  bufg_dac_clk_1x/O
                         net (fo=63, routed)          0.851     2.392    dac_clk_1x
    OLOGIC_X0Y85         ODDR                                         r  oddr_dac_dat[1]/C
                         clock pessimism             -0.125     2.267    
    OLOGIC_X0Y85         ODDR (Hold_oddr_C_R)         0.476     2.743    oddr_dac_dat[1]
  -------------------------------------------------------------------
                         required time                         -2.743    
                         arrival time                           3.000    
  -------------------------------------------------------------------
                         slack                                  0.258    

Slack (MET) :             0.265ns  (arrival time - required time)
  Source:                 trg_cnt_a_reg[2]/C
                            (rising edge-triggered cell FDRE clocked by pll_dac_clk_1x  {rise@0.000ns fall@4.000ns period=8.000ns})
  Destination:            trg_cnt_a_reg[2]/D
                            (rising edge-triggered cell FDRE clocked by pll_dac_clk_1x  {rise@0.000ns fall@4.000ns period=8.000ns})
  Path Group:             pll_dac_clk_1x
  Path Type:              Hold (Min at Fast Process Corner)
  Requirement:            0.000ns  (pll_dac_clk_1x rise@0.000ns - pll_dac_clk_1x rise@0.000ns)
  Data Path Delay:        0.399ns  (logic 0.274ns (68.589%)  route 0.125ns (31.411%))
  Logic Levels:           1  (CARRY4=1)
  Clock Path Skew:        0.000ns (DCD - SCD - CPR)
    Destination Clock Delay (DCD):    2.372ns
    Source Clock Delay      (SCD):    1.977ns
    Clock Pessimism Removal (CPR):    0.395ns

    Location             Delay type                Incr(ns)  Path(ns)    Netlist Resource(s)
  -------------------------------------------------------------------    -------------------
                         (clock pll_dac_clk_1x rise edge)
                                                      0.000     0.000 r  
    U18                                               0.000     0.000 r  adc_clk_i[1] (IN)
                         net (fo=0)                   0.000     0.000    adc_clk_i[1]
    U18                  IBUFDS (Prop_ibufds_I_O)     0.401     0.401 r  i_clk/O
                         net (fo=1, routed)           0.440     0.842    pll/adc_clk_in
    PLLE2_ADV_X0Y0       PLLE2_ADV (Prop_plle2_adv_CLKIN1_CLKOUT1)
                                                      0.051     0.893 r  pll/pll/CLKOUT1
                         net (fo=1, routed)           0.497     1.390    pll_dac_clk_1x
    BUFGCTRL_X0Y3        BUFG (Prop_bufg_I_O)         0.026     1.416 r  bufg_dac_clk_1x/O
                         net (fo=63, routed)          0.562     1.977    dac_clk_1x
    SLICE_X34Y40         FDRE                                         r  trg_cnt_a_reg[2]/C
  -------------------------------------------------------------------    -------------------
    SLICE_X34Y40         FDRE (Prop_fdre_C_Q)         0.164     2.141 r  trg_cnt_a_reg[2]/Q
                         net (fo=2, routed)           0.125     2.267    trg_cnt_a_reg[2]
    SLICE_X34Y40         CARRY4 (Prop_carry4_S[2]_O[2])
                                                      0.110     2.377 r  trg_cnt_a_reg[0]_i_2/O[2]
                         net (fo=1, routed)           0.000     2.377    trg_cnt_a_reg[0]_i_2_n_5
    SLICE_X34Y40         FDRE                                         r  trg_cnt_a_reg[2]/D
  -------------------------------------------------------------------    -------------------

                         (clock pll_dac_clk_1x rise edge)
                                                      0.000     0.000 r  
    U18                                               0.000     0.000 r  adc_clk_i[1] (IN)
                         net (fo=0)                   0.000     0.000    adc_clk_i[1]
    U18                  IBUFDS (Prop_ibufds_I_O)     0.433     0.433 r  i_clk/O
                         net (fo=1, routed)           0.481     0.914    pll/adc_clk_in
    PLLE2_ADV_X0Y0       PLLE2_ADV (Prop_plle2_adv_CLKIN1_CLKOUT1)
                                                      0.054     0.968 r  pll/pll/CLKOUT1
                         net (fo=1, routed)           0.544     1.512    pll_dac_clk_1x
    BUFGCTRL_X0Y3        BUFG (Prop_bufg_I_O)         0.029     1.541 r  bufg_dac_clk_1x/O
                         net (fo=63, routed)          0.831     2.372    dac_clk_1x
    SLICE_X34Y40         FDRE                                         r  trg_cnt_a_reg[2]/C
                         clock pessimism             -0.395     1.977    
    SLICE_X34Y40         FDRE (Hold_fdre_C_D)         0.134     2.111    trg_cnt_a_reg[2]
  -------------------------------------------------------------------
                         required time                         -2.111    
                         arrival time                           2.377    
  -------------------------------------------------------------------
                         slack                                  0.265    

Slack (MET) :             0.265ns  (arrival time - required time)
  Source:                 trg_cnt_a_reg[6]/C
                            (rising edge-triggered cell FDRE clocked by pll_dac_clk_1x  {rise@0.000ns fall@4.000ns period=8.000ns})
  Destination:            trg_cnt_a_reg[6]/D
                            (rising edge-triggered cell FDRE clocked by pll_dac_clk_1x  {rise@0.000ns fall@4.000ns period=8.000ns})
  Path Group:             pll_dac_clk_1x
  Path Type:              Hold (Min at Fast Process Corner)
  Requirement:            0.000ns  (pll_dac_clk_1x rise@0.000ns - pll_dac_clk_1x rise@0.000ns)
  Data Path Delay:        0.399ns  (logic 0.274ns (68.589%)  route 0.125ns (31.411%))
  Logic Levels:           1  (CARRY4=1)
  Clock Path Skew:        0.000ns (DCD - SCD - CPR)
    Destination Clock Delay (DCD):    2.372ns
    Source Clock Delay      (SCD):    1.977ns
    Clock Pessimism Removal (CPR):    0.395ns

    Location             Delay type                Incr(ns)  Path(ns)    Netlist Resource(s)
  -------------------------------------------------------------------    -------------------
                         (clock pll_dac_clk_1x rise edge)
                                                      0.000     0.000 r  
    U18                                               0.000     0.000 r  adc_clk_i[1] (IN)
                         net (fo=0)                   0.000     0.000    adc_clk_i[1]
    U18                  IBUFDS (Prop_ibufds_I_O)     0.401     0.401 r  i_clk/O
                         net (fo=1, routed)           0.440     0.842    pll/adc_clk_in
    PLLE2_ADV_X0Y0       PLLE2_ADV (Prop_plle2_adv_CLKIN1_CLKOUT1)
                                                      0.051     0.893 r  pll/pll/CLKOUT1
                         net (fo=1, routed)           0.497     1.390    pll_dac_clk_1x
    BUFGCTRL_X0Y3        BUFG (Prop_bufg_I_O)         0.026     1.416 r  bufg_dac_clk_1x/O
                         net (fo=63, routed)          0.562     1.977    dac_clk_1x
    SLICE_X34Y41         FDRE                                         r  trg_cnt_a_reg[6]/C
  -------------------------------------------------------------------    -------------------
    SLICE_X34Y41         FDRE (Prop_fdre_C_Q)         0.164     2.141 r  trg_cnt_a_reg[6]/Q
                         net (fo=2, routed)           0.125     2.267    trg_cnt_a_reg[6]
    SLICE_X34Y41         CARRY4 (Prop_carry4_S[2]_O[2])
                                                      0.110     2.377 r  trg_cnt_a_reg[4]_i_1/O[2]
                         net (fo=1, routed)           0.000     2.377    trg_cnt_a_reg[4]_i_1_n_5
    SLICE_X34Y41         FDRE                                         r  trg_cnt_a_reg[6]/D
  -------------------------------------------------------------------    -------------------

                         (clock pll_dac_clk_1x rise edge)
                                                      0.000     0.000 r  
    U18                                               0.000     0.000 r  adc_clk_i[1] (IN)
                         net (fo=0)                   0.000     0.000    adc_clk_i[1]
    U18                  IBUFDS (Prop_ibufds_I_O)     0.433     0.433 r  i_clk/O
                         net (fo=1, routed)           0.481     0.914    pll/adc_clk_in
    PLLE2_ADV_X0Y0       PLLE2_ADV (Prop_plle2_adv_CLKIN1_CLKOUT1)
                                                      0.054     0.968 r  pll/pll/CLKOUT1
                         net (fo=1, routed)           0.544     1.512    pll_dac_clk_1x
    BUFGCTRL_X0Y3        BUFG (Prop_bufg_I_O)         0.029     1.541 r  bufg_dac_clk_1x/O
                         net (fo=63, routed)          0.831     2.372    dac_clk_1x
    SLICE_X34Y41         FDRE                                         r  trg_cnt_a_reg[6]/C
                         clock pessimism             -0.395     1.977    
    SLICE_X34Y41         FDRE (Hold_fdre_C_D)         0.134     2.111    trg_cnt_a_reg[6]
  -------------------------------------------------------------------
                         required time                         -2.111    
                         arrival time                           2.377    
  -------------------------------------------------------------------
                         slack                                  0.265    

Slack (MET) :             0.267ns  (arrival time - required time)
  Source:                 trg_cnt_a_reg[10]/C
                            (rising edge-triggered cell FDRE clocked by pll_dac_clk_1x  {rise@0.000ns fall@4.000ns period=8.000ns})
  Destination:            trg_cnt_a_reg[10]/D
                            (rising edge-triggered cell FDRE clocked by pll_dac_clk_1x  {rise@0.000ns fall@4.000ns period=8.000ns})
  Path Group:             pll_dac_clk_1x
  Path Type:              Hold (Min at Fast Process Corner)
  Requirement:            0.000ns  (pll_dac_clk_1x rise@0.000ns - pll_dac_clk_1x rise@0.000ns)
  Data Path Delay:        0.401ns  (logic 0.274ns (68.412%)  route 0.127ns (31.588%))
  Logic Levels:           1  (CARRY4=1)
  Clock Path Skew:        0.000ns (DCD - SCD - CPR)
    Destination Clock Delay (DCD):    2.372ns
    Source Clock Delay      (SCD):    1.977ns
    Clock Pessimism Removal (CPR):    0.395ns

    Location             Delay type                Incr(ns)  Path(ns)    Netlist Resource(s)
  -------------------------------------------------------------------    -------------------
                         (clock pll_dac_clk_1x rise edge)
                                                      0.000     0.000 r  
    U18                                               0.000     0.000 r  adc_clk_i[1] (IN)
                         net (fo=0)                   0.000     0.000    adc_clk_i[1]
    U18                  IBUFDS (Prop_ibufds_I_O)     0.401     0.401 r  i_clk/O
                         net (fo=1, routed)           0.440     0.842    pll/adc_clk_in
    PLLE2_ADV_X0Y0       PLLE2_ADV (Prop_plle2_adv_CLKIN1_CLKOUT1)
                                                      0.051     0.893 r  pll/pll/CLKOUT1
                         net (fo=1, routed)           0.497     1.390    pll_dac_clk_1x
    BUFGCTRL_X0Y3        BUFG (Prop_bufg_I_O)         0.026     1.416 r  bufg_dac_clk_1x/O
                         net (fo=63, routed)          0.562     1.977    dac_clk_1x
    SLICE_X34Y42         FDRE                                         r  trg_cnt_a_reg[10]/C
  -------------------------------------------------------------------    -------------------
    SLICE_X34Y42         FDRE (Prop_fdre_C_Q)         0.164     2.141 r  trg_cnt_a_reg[10]/Q
                         net (fo=2, routed)           0.127     2.268    trg_cnt_a_reg[10]
    SLICE_X34Y42         CARRY4 (Prop_carry4_S[2]_O[2])
                                                      0.110     2.378 r  trg_cnt_a_reg[8]_i_1/O[2]
                         net (fo=1, routed)           0.000     2.378    trg_cnt_a_reg[8]_i_1_n_5
    SLICE_X34Y42         FDRE                                         r  trg_cnt_a_reg[10]/D
  -------------------------------------------------------------------    -------------------

                         (clock pll_dac_clk_1x rise edge)
                                                      0.000     0.000 r  
    U18                                               0.000     0.000 r  adc_clk_i[1] (IN)
                         net (fo=0)                   0.000     0.000    adc_clk_i[1]
    U18                  IBUFDS (Prop_ibufds_I_O)     0.433     0.433 r  i_clk/O
                         net (fo=1, routed)           0.481     0.914    pll/adc_clk_in
    PLLE2_ADV_X0Y0       PLLE2_ADV (Prop_plle2_adv_CLKIN1_CLKOUT1)
                                                      0.054     0.968 r  pll/pll/CLKOUT1
                         net (fo=1, routed)           0.544     1.512    pll_dac_clk_1x
    BUFGCTRL_X0Y3        BUFG (Prop_bufg_I_O)         0.029     1.541 r  bufg_dac_clk_1x/O
                         net (fo=63, routed)          0.831     2.372    dac_clk_1x
    SLICE_X34Y42         FDRE                                         r  trg_cnt_a_reg[10]/C
                         clock pessimism             -0.395     1.977    
    SLICE_X34Y42         FDRE (Hold_fdre_C_D)         0.134     2.111    trg_cnt_a_reg[10]
  -------------------------------------------------------------------
                         required time                         -2.111    
                         arrival time                           2.378    
  -------------------------------------------------------------------
                         slack                                  0.267    

Slack (MET) :             0.267ns  (arrival time - required time)
  Source:                 trg_cnt_a_reg[14]/C
                            (rising edge-triggered cell FDRE clocked by pll_dac_clk_1x  {rise@0.000ns fall@4.000ns period=8.000ns})
  Destination:            trg_cnt_a_reg[14]/D
                            (rising edge-triggered cell FDRE clocked by pll_dac_clk_1x  {rise@0.000ns fall@4.000ns period=8.000ns})
  Path Group:             pll_dac_clk_1x
  Path Type:              Hold (Min at Fast Process Corner)
  Requirement:            0.000ns  (pll_dac_clk_1x rise@0.000ns - pll_dac_clk_1x rise@0.000ns)
  Data Path Delay:        0.401ns  (logic 0.274ns (68.401%)  route 0.127ns (31.599%))
  Logic Levels:           1  (CARRY4=1)
  Clock Path Skew:        0.000ns (DCD - SCD - CPR)
    Destination Clock Delay (DCD):    2.373ns
    Source Clock Delay      (SCD):    1.978ns
    Clock Pessimism Removal (CPR):    0.395ns

    Location             Delay type                Incr(ns)  Path(ns)    Netlist Resource(s)
  -------------------------------------------------------------------    -------------------
                         (clock pll_dac_clk_1x rise edge)
                                                      0.000     0.000 r  
    U18                                               0.000     0.000 r  adc_clk_i[1] (IN)
                         net (fo=0)                   0.000     0.000    adc_clk_i[1]
    U18                  IBUFDS (Prop_ibufds_I_O)     0.401     0.401 r  i_clk/O
                         net (fo=1, routed)           0.440     0.842    pll/adc_clk_in
    PLLE2_ADV_X0Y0       PLLE2_ADV (Prop_plle2_adv_CLKIN1_CLKOUT1)
                                                      0.051     0.893 r  pll/pll/CLKOUT1
                         net (fo=1, routed)           0.497     1.390    pll_dac_clk_1x
    BUFGCTRL_X0Y3        BUFG (Prop_bufg_I_O)         0.026     1.416 r  bufg_dac_clk_1x/O
                         net (fo=63, routed)          0.563     1.978    dac_clk_1x
    SLICE_X34Y43         FDRE                                         r  trg_cnt_a_reg[14]/C
  -------------------------------------------------------------------    -------------------
    SLICE_X34Y43         FDRE (Prop_fdre_C_Q)         0.164     2.142 r  trg_cnt_a_reg[14]/Q
                         net (fo=2, routed)           0.127     2.269    trg_cnt_a_reg[14]
    SLICE_X34Y43         CARRY4 (Prop_carry4_S[2]_O[2])
                                                      0.110     2.379 r  trg_cnt_a_reg[12]_i_1/O[2]
                         net (fo=1, routed)           0.000     2.379    trg_cnt_a_reg[12]_i_1_n_5
    SLICE_X34Y43         FDRE                                         r  trg_cnt_a_reg[14]/D
  -------------------------------------------------------------------    -------------------

                         (clock pll_dac_clk_1x rise edge)
                                                      0.000     0.000 r  
    U18                                               0.000     0.000 r  adc_clk_i[1] (IN)
                         net (fo=0)                   0.000     0.000    adc_clk_i[1]
    U18                  IBUFDS (Prop_ibufds_I_O)     0.433     0.433 r  i_clk/O
                         net (fo=1, routed)           0.481     0.914    pll/adc_clk_in
    PLLE2_ADV_X0Y0       PLLE2_ADV (Prop_plle2_adv_CLKIN1_CLKOUT1)
                                                      0.054     0.968 r  pll/pll/CLKOUT1
                         net (fo=1, routed)           0.544     1.512    pll_dac_clk_1x
    BUFGCTRL_X0Y3        BUFG (Prop_bufg_I_O)         0.029     1.541 r  bufg_dac_clk_1x/O
                         net (fo=63, routed)          0.832     2.373    dac_clk_1x
    SLICE_X34Y43         FDRE                                         r  trg_cnt_a_reg[14]/C
                         clock pessimism             -0.395     1.978    
    SLICE_X34Y43         FDRE (Hold_fdre_C_D)         0.134     2.112    trg_cnt_a_reg[14]
  -------------------------------------------------------------------
                         required time                         -2.112    
                         arrival time                           2.379    
  -------------------------------------------------------------------
                         slack                                  0.267    

Slack (MET) :             0.268ns  (arrival time - required time)
  Source:                 dac_rst_reg/C
                            (rising edge-triggered cell FDRE clocked by pll_dac_clk_1x  {rise@0.000ns fall@4.000ns period=8.000ns})
  Destination:            oddr_dac_dat[8]/R
                            (rising edge-triggered cell ODDR clocked by pll_dac_clk_1x  {rise@0.000ns fall@4.000ns period=8.000ns})
  Path Group:             pll_dac_clk_1x
  Path Type:              Hold (Min at Fast Process Corner)
  Requirement:            0.000ns  (pll_dac_clk_1x rise@0.000ns - pll_dac_clk_1x rise@0.000ns)
  Data Path Delay:        1.003ns  (logic 0.141ns (14.060%)  route 0.862ns (85.940%))
  Logic Levels:           0  
  Clock Path Skew:        0.258ns (DCD - SCD - CPR)
    Destination Clock Delay (DCD):    2.392ns
    Source Clock Delay      (SCD):    2.008ns
    Clock Pessimism Removal (CPR):    0.125ns

    Location             Delay type                Incr(ns)  Path(ns)    Netlist Resource(s)
  -------------------------------------------------------------------    -------------------
                         (clock pll_dac_clk_1x rise edge)
                                                      0.000     0.000 r  
    U18                                               0.000     0.000 r  adc_clk_i[1] (IN)
                         net (fo=0)                   0.000     0.000    adc_clk_i[1]
    U18                  IBUFDS (Prop_ibufds_I_O)     0.401     0.401 r  i_clk/O
                         net (fo=1, routed)           0.440     0.842    pll/adc_clk_in
    PLLE2_ADV_X0Y0       PLLE2_ADV (Prop_plle2_adv_CLKIN1_CLKOUT1)
                                                      0.051     0.893 r  pll/pll/CLKOUT1
                         net (fo=1, routed)           0.497     1.390    pll_dac_clk_1x
    BUFGCTRL_X0Y3        BUFG (Prop_bufg_I_O)         0.026     1.416 r  bufg_dac_clk_1x/O
                         net (fo=63, routed)          0.593     2.008    dac_clk_1x
    SLICE_X43Y48         FDRE                                         r  dac_rst_reg/C
  -------------------------------------------------------------------    -------------------
    SLICE_X43Y48         FDRE (Prop_fdre_C_Q)         0.141     2.149 r  dac_rst_reg/Q
                         net (fo=17, routed)          0.862     3.011    dac_rst
    OLOGIC_X0Y64         ODDR                                         r  oddr_dac_dat[8]/R
  -------------------------------------------------------------------    -------------------

                         (clock pll_dac_clk_1x rise edge)
                                                      0.000     0.000 r  
    U18                                               0.000     0.000 r  adc_clk_i[1] (IN)
                         net (fo=0)                   0.000     0.000    adc_clk_i[1]
    U18                  IBUFDS (Prop_ibufds_I_O)     0.433     0.433 r  i_clk/O
                         net (fo=1, routed)           0.481     0.914    pll/adc_clk_in
    PLLE2_ADV_X0Y0       PLLE2_ADV (Prop_plle2_adv_CLKIN1_CLKOUT1)
                                                      0.054     0.968 r  pll/pll/CLKOUT1
                         net (fo=1, routed)           0.544     1.512    pll_dac_clk_1x
    BUFGCTRL_X0Y3        BUFG (Prop_bufg_I_O)         0.029     1.541 r  bufg_dac_clk_1x/O
                         net (fo=63, routed)          0.851     2.392    dac_clk_1x
    OLOGIC_X0Y64         ODDR                                         r  oddr_dac_dat[8]/C
                         clock pessimism             -0.125     2.267    
    OLOGIC_X0Y64         ODDR (Hold_oddr_C_R)         0.476     2.743    oddr_dac_dat[8]
  -------------------------------------------------------------------
                         required time                         -2.743    
                         arrival time                           3.011    
  -------------------------------------------------------------------
                         slack                                  0.268    

Slack (MET) :             0.270ns  (arrival time - required time)
  Source:                 dac_rst_reg/C
                            (rising edge-triggered cell FDRE clocked by pll_dac_clk_1x  {rise@0.000ns fall@4.000ns period=8.000ns})
  Destination:            oddr_dac_dat[7]/R
                            (rising edge-triggered cell ODDR clocked by pll_dac_clk_1x  {rise@0.000ns fall@4.000ns period=8.000ns})
  Path Group:             pll_dac_clk_1x
  Path Type:              Hold (Min at Fast Process Corner)
  Requirement:            0.000ns  (pll_dac_clk_1x rise@0.000ns - pll_dac_clk_1x rise@0.000ns)
  Data Path Delay:        1.004ns  (logic 0.141ns (14.040%)  route 0.863ns (85.960%))
  Logic Levels:           0  
  Clock Path Skew:        0.258ns (DCD - SCD - CPR)
    Destination Clock Delay (DCD):    2.392ns
    Source Clock Delay      (SCD):    2.008ns
    Clock Pessimism Removal (CPR):    0.125ns

    Location             Delay type                Incr(ns)  Path(ns)    Netlist Resource(s)
  -------------------------------------------------------------------    -------------------
                         (clock pll_dac_clk_1x rise edge)
                                                      0.000     0.000 r  
    U18                                               0.000     0.000 r  adc_clk_i[1] (IN)
                         net (fo=0)                   0.000     0.000    adc_clk_i[1]
    U18                  IBUFDS (Prop_ibufds_I_O)     0.401     0.401 r  i_clk/O
                         net (fo=1, routed)           0.440     0.842    pll/adc_clk_in
    PLLE2_ADV_X0Y0       PLLE2_ADV (Prop_plle2_adv_CLKIN1_CLKOUT1)
                                                      0.051     0.893 r  pll/pll/CLKOUT1
                         net (fo=1, routed)           0.497     1.390    pll_dac_clk_1x
    BUFGCTRL_X0Y3        BUFG (Prop_bufg_I_O)         0.026     1.416 r  bufg_dac_clk_1x/O
                         net (fo=63, routed)          0.593     2.008    dac_clk_1x
    SLICE_X43Y48         FDRE                                         r  dac_rst_reg/C
  -------------------------------------------------------------------    -------------------
    SLICE_X43Y48         FDRE (Prop_fdre_C_Q)         0.141     2.149 r  dac_rst_reg/Q
                         net (fo=17, routed)          0.863     3.012    dac_rst
    OLOGIC_X0Y65         ODDR                                         r  oddr_dac_dat[7]/R
  -------------------------------------------------------------------    -------------------

                         (clock pll_dac_clk_1x rise edge)
                                                      0.000     0.000 r  
    U18                                               0.000     0.000 r  adc_clk_i[1] (IN)
                         net (fo=0)                   0.000     0.000    adc_clk_i[1]
    U18                  IBUFDS (Prop_ibufds_I_O)     0.433     0.433 r  i_clk/O
                         net (fo=1, routed)           0.481     0.914    pll/adc_clk_in
    PLLE2_ADV_X0Y0       PLLE2_ADV (Prop_plle2_adv_CLKIN1_CLKOUT1)
                                                      0.054     0.968 r  pll/pll/CLKOUT1
                         net (fo=1, routed)           0.544     1.512    pll_dac_clk_1x
    BUFGCTRL_X0Y3        BUFG (Prop_bufg_I_O)         0.029     1.541 r  bufg_dac_clk_1x/O
                         net (fo=63, routed)          0.851     2.392    dac_clk_1x
    OLOGIC_X0Y65         ODDR                                         r  oddr_dac_dat[7]/C
                         clock pessimism             -0.125     2.267    
    OLOGIC_X0Y65         ODDR (Hold_oddr_C_R)         0.476     2.743    oddr_dac_dat[7]
  -------------------------------------------------------------------
                         required time                         -2.743    
                         arrival time                           3.012    
  -------------------------------------------------------------------
                         slack                                  0.270    





Pulse Width Checks
--------------------------------------------------------------------------------------
Clock Name:         pll_dac_clk_1x
Waveform(ns):       { 0.000 4.000 }
Period(ns):         8.000
Sources:            { pll/pll/CLKOUT1 }

Check Type        Corner  Lib Pin            Reference Pin  Required(ns)  Actual(ns)  Slack(ns)  Location        Pin
Min Period        n/a     BUFG/I             n/a            2.155         8.000       5.845      BUFGCTRL_X0Y3   bufg_dac_clk_1x/I
Min Period        n/a     ODDR/C             n/a            1.474         8.000       6.526      OLOGIC_X0Y86    oddr_dac_dat[0]/C
Min Period        n/a     ODDR/C             n/a            1.474         8.000       6.526      OLOGIC_X0Y70    oddr_dac_dat[10]/C
Min Period        n/a     ODDR/C             n/a            1.474         8.000       6.526      OLOGIC_X0Y69    oddr_dac_dat[11]/C
Min Period        n/a     ODDR/C             n/a            1.474         8.000       6.526      OLOGIC_X0Y91    oddr_dac_dat[12]/C
Min Period        n/a     ODDR/C             n/a            1.474         8.000       6.526      OLOGIC_X0Y92    oddr_dac_dat[13]/C
Min Period        n/a     ODDR/C             n/a            1.474         8.000       6.526      OLOGIC_X0Y85    oddr_dac_dat[1]/C
Min Period        n/a     ODDR/C             n/a            1.474         8.000       6.526      OLOGIC_X0Y82    oddr_dac_dat[2]/C
Min Period        n/a     ODDR/C             n/a            1.474         8.000       6.526      OLOGIC_X0Y81    oddr_dac_dat[3]/C
Min Period        n/a     ODDR/C             n/a            1.474         8.000       6.526      OLOGIC_X0Y80    oddr_dac_dat[4]/C
Max Period        n/a     PLLE2_ADV/CLKOUT1  n/a            160.000       8.000       152.000    PLLE2_ADV_X0Y0  pll/pll/CLKOUT1
Low Pulse Width   Slow    FDRE/C             n/a            0.500         4.000       3.500      SLICE_X37Y73    dac_dat_a_reg[12]/C
Low Pulse Width   Slow    FDRE/C             n/a            0.500         4.000       3.500      SLICE_X37Y73    dac_dat_a_reg[13]/C
Low Pulse Width   Slow    FDRE/C             n/a            0.500         4.000       3.500      SLICE_X43Y75    dac_dat_a_reg[1]/C
Low Pulse Width   Slow    FDRE/C             n/a            0.500         4.000       3.500      SLICE_X43Y75    dac_dat_a_reg[2]/C
Low Pulse Width   Slow    FDRE/C             n/a            0.500         4.000       3.500      SLICE_X43Y75    dac_dat_a_reg[3]/C
Low Pulse Width   Slow    FDRE/C             n/a            0.500         4.000       3.500      SLICE_X43Y56    dac_dat_a_reg[4]/C
Low Pulse Width   Slow    FDRE/C             n/a            0.500         4.000       3.500      SLICE_X43Y55    dac_dat_a_reg[6]/C
Low Pulse Width   Slow    FDRE/C             n/a            0.500         4.000       3.500      SLICE_X43Y55    dac_dat_a_reg[7]/C
Low Pulse Width   Slow    FDRE/C             n/a            0.500         4.000       3.500      SLICE_X43Y55    dac_dat_a_reg[8]/C
Low Pulse Width   Slow    FDRE/C             n/a            0.500         4.000       3.500      SLICE_X43Y55    dac_dat_a_reg[9]/C
High Pulse Width  Slow    FDRE/C             n/a            0.500         4.000       3.500      SLICE_X43Y48    dac_rst_reg/C
High Pulse Width  Slow    FDRE/C             n/a            0.500         4.000       3.500      SLICE_X35Y47    on_trg_cnt_a_reg/C
High Pulse Width  Slow    FDRE/C             n/a            0.500         4.000       3.500      SLICE_X34Y43    trg_cnt_a_reg[12]/C
High Pulse Width  Slow    FDRE/C             n/a            0.500         4.000       3.500      SLICE_X34Y43    trg_cnt_a_reg[13]/C
High Pulse Width  Slow    FDRE/C             n/a            0.500         4.000       3.500      SLICE_X34Y43    trg_cnt_a_reg[14]/C
High Pulse Width  Slow    FDRE/C             n/a            0.500         4.000       3.500      SLICE_X34Y43    trg_cnt_a_reg[15]/C
High Pulse Width  Slow    FDRE/C             n/a            0.500         4.000       3.500      SLICE_X34Y44    trg_cnt_a_reg[16]/C
High Pulse Width  Slow    FDRE/C             n/a            0.500         4.000       3.500      SLICE_X37Y68    dac_dat_a_reg[0]/C
High Pulse Width  Fast    FDRE/C             n/a            0.500         4.000       3.500      SLICE_X37Y68    dac_dat_a_reg[0]/C
High Pulse Width  Slow    FDRE/C             n/a            0.500         4.000       3.500      SLICE_X36Y62    dac_dat_a_reg[10]/C



---------------------------------------------------------------------------------------------------
From Clock:  pll_dac_clk_2p
  To Clock:  pll_dac_clk_2p

Setup :           NA  Failing Endpoints,  Worst Slack           NA  ,  Total Violation           NA
Hold  :           NA  Failing Endpoints,  Worst Slack           NA  ,  Total Violation           NA
PW    :            0  Failing Endpoints,  Worst Slack        1.845ns,  Total Violation        0.000ns
---------------------------------------------------------------------------------------------------


Pulse Width Checks
--------------------------------------------------------------------------------------
Clock Name:         pll_dac_clk_2p
Waveform(ns):       { -0.500 1.500 }
Period(ns):         4.000
Sources:            { pll/pll/CLKOUT3 }

Check Type  Corner  Lib Pin            Reference Pin  Required(ns)  Actual(ns)  Slack(ns)  Location        Pin
Min Period  n/a     BUFG/I             n/a            2.155         4.000       1.845      BUFGCTRL_X0Y4   bufg_dac_clk_2p/I
Min Period  n/a     ODDR/C             n/a            1.474         4.000       2.526      OLOGIC_X0Y83    oddr_dac_clk/C
Min Period  n/a     PLLE2_ADV/CLKOUT3  n/a            1.249         4.000       2.751      PLLE2_ADV_X0Y0  pll/pll/CLKOUT3
Max Period  n/a     PLLE2_ADV/CLKOUT3  n/a            160.000       4.000       156.000    PLLE2_ADV_X0Y0  pll/pll/CLKOUT3



---------------------------------------------------------------------------------------------------
From Clock:  pll_dac_clk_2x
  To Clock:  pll_dac_clk_2x

Setup :           NA  Failing Endpoints,  Worst Slack           NA  ,  Total Violation           NA
Hold  :           NA  Failing Endpoints,  Worst Slack           NA  ,  Total Violation           NA
PW    :            0  Failing Endpoints,  Worst Slack        1.845ns,  Total Violation        0.000ns
---------------------------------------------------------------------------------------------------


Pulse Width Checks
--------------------------------------------------------------------------------------
Clock Name:         pll_dac_clk_2x
Waveform(ns):       { 0.000 2.000 }
Period(ns):         4.000
Sources:            { pll/pll/CLKOUT2 }

Check Type  Corner  Lib Pin            Reference Pin  Required(ns)  Actual(ns)  Slack(ns)  Location        Pin
Min Period  n/a     BUFG/I             n/a            2.155         4.000       1.845      BUFGCTRL_X0Y5   bufg_dac_clk_2x/I
Min Period  n/a     ODDR/C             n/a            1.474         4.000       2.526      OLOGIC_X0Y84    oddr_dac_wrt/C
Min Period  n/a     PLLE2_ADV/CLKOUT2  n/a            1.249         4.000       2.751      PLLE2_ADV_X0Y0  pll/pll/CLKOUT2
Max Period  n/a     PLLE2_ADV/CLKOUT2  n/a            160.000       4.000       156.000    PLLE2_ADV_X0Y0  pll/pll/CLKOUT2



---------------------------------------------------------------------------------------------------
From Clock:  pll_pwm_clk
  To Clock:  pll_pwm_clk

Setup :            3  Failing Endpoints,  Worst Slack       -0.119ns,  Total Violation       -0.193ns
Hold  :            0  Failing Endpoints,  Worst Slack        0.140ns,  Total Violation        0.000ns
PW    :            0  Failing Endpoints,  Worst Slack        1.500ns,  Total Violation        0.000ns
---------------------------------------------------------------------------------------------------


Max Delay Paths
--------------------------------------------------------------------------------------
Slack (VIOLATED) :        -0.119ns  (required time - arrival time)
  Source:                 pwm[3]/v_r_reg[4]/C
                            (rising edge-triggered cell FDRE clocked by pll_pwm_clk  {rise@0.000ns fall@2.000ns period=4.000ns})
  Destination:            pwm[3]/pwm_o_reg/D
                            (rising edge-triggered cell FDRE clocked by pll_pwm_clk  {rise@0.000ns fall@2.000ns period=4.000ns})
  Path Group:             pll_pwm_clk
  Path Type:              Setup (Max at Slow Process Corner)
  Requirement:            4.000ns  (pll_pwm_clk rise@4.000ns - pll_pwm_clk rise@0.000ns)
  Data Path Delay:        3.139ns  (logic 1.164ns (37.086%)  route 1.975ns (62.914%))
  Logic Levels:           2  (CARRY4=1 LUT4=1)
  Clock Path Skew:        -0.084ns (DCD - SCD + CPR)
    Destination Clock Delay (DCD):    5.445ns = ( 9.445 - 4.000 ) 
    Source Clock Delay      (SCD):    5.986ns
    Clock Pessimism Removal (CPR):    0.458ns
  Clock Uncertainty:      0.063ns  ((TSJ^2 + DJ^2)^1/2) / 2 + PE
    Total System Jitter     (TSJ):    0.071ns
    Discrete Jitter          (DJ):    0.104ns
    Phase Error              (PE):    0.000ns

    Location             Delay type                Incr(ns)  Path(ns)    Netlist Resource(s)
  -------------------------------------------------------------------    -------------------
                         (clock pll_pwm_clk rise edge)
                                                      0.000     0.000 r  
    U18                                               0.000     0.000 r  adc_clk_i[1] (IN)
                         net (fo=0)                   0.000     0.000    adc_clk_i[1]
    U18                  IBUFDS (Prop_ibufds_I_O)     0.983     0.983 r  i_clk/O
                         net (fo=1, routed)           1.306     2.289    pll/adc_clk_in
    PLLE2_ADV_X0Y0       PLLE2_ADV (Prop_plle2_adv_CLKIN1_CLKOUT5)
                                                      0.089     2.378 r  pll/pll/CLKOUT5
                         net (fo=1, routed)           1.754     4.132    pll_pwm_clk
    BUFGCTRL_X0Y2        BUFG (Prop_bufg_I_O)         0.101     4.233 r  bufg_pwm_clk/O
                         net (fo=160, routed)         1.753     5.986    pwm[3]/CLK
    SLICE_X42Y41         FDRE                                         r  pwm[3]/v_r_reg[4]/C
  -------------------------------------------------------------------    -------------------
    SLICE_X42Y41         FDRE (Prop_fdre_C_Q)         0.518     6.504 r  pwm[3]/v_r_reg[4]/Q
                         net (fo=2, routed)           0.676     7.180    pwm[3]/v_r[4]
    SLICE_X42Y41         LUT4 (Prop_lut4_I0_O)        0.124     7.304 r  pwm[3]/pwm_o_i_7/O
                         net (fo=1, routed)           0.479     7.784    pwm[3]/pwm_o_i_7_n_0
    SLICE_X43Y42         CARRY4 (Prop_carry4_S[2]_CO[3])
                                                      0.522     8.306 r  pwm[3]/pwm_o_reg_i_1/CO[3]
                         net (fo=1, routed)           0.819     9.125    pwm[3]/p_1_in
    OLOGIC_X0Y44         FDRE                                         r  pwm[3]/pwm_o_reg/D
  -------------------------------------------------------------------    -------------------

                         (clock pll_pwm_clk rise edge)
                                                      4.000     4.000 r  
    U18                                               0.000     4.000 r  adc_clk_i[1] (IN)
                         net (fo=0)                   0.000     4.000    adc_clk_i[1]
    U18                  IBUFDS (Prop_ibufds_I_O)     0.940     4.940 r  i_clk/O
                         net (fo=1, routed)           1.181     6.121    pll/adc_clk_in
    PLLE2_ADV_X0Y0       PLLE2_ADV (Prop_plle2_adv_CLKIN1_CLKOUT5)
                                                      0.084     6.205 r  pll/pll/CLKOUT5
                         net (fo=1, routed)           1.594     7.799    pll_pwm_clk
    BUFGCTRL_X0Y2        BUFG (Prop_bufg_I_O)         0.091     7.890 r  bufg_pwm_clk/O
                         net (fo=160, routed)         1.555     9.445    pwm[3]/CLK
    OLOGIC_X0Y44         FDRE                                         r  pwm[3]/pwm_o_reg/C
                         clock pessimism              0.458     9.903    
                         clock uncertainty           -0.063     9.840    
    OLOGIC_X0Y44         FDRE (Setup_fdre_C_D)       -0.834     9.006    pwm[3]/pwm_o_reg
  -------------------------------------------------------------------
                         required time                          9.006    
                         arrival time                          -9.125    
  -------------------------------------------------------------------
                         slack                                 -0.119    

Slack (VIOLATED) :        -0.068ns  (required time - arrival time)
  Source:                 pwm[2]/vcnt_r_reg[6]/C
                            (rising edge-triggered cell FDRE clocked by pll_pwm_clk  {rise@0.000ns fall@2.000ns period=4.000ns})
  Destination:            pwm[2]/pwm_o_reg/D
                            (rising edge-triggered cell FDRE clocked by pll_pwm_clk  {rise@0.000ns fall@2.000ns period=4.000ns})
  Path Group:             pll_pwm_clk
  Path Type:              Setup (Max at Slow Process Corner)
  Requirement:            4.000ns  (pll_pwm_clk rise@4.000ns - pll_pwm_clk rise@0.000ns)
  Data Path Delay:        3.088ns  (logic 0.976ns (31.610%)  route 2.112ns (68.390%))
  Logic Levels:           2  (CARRY4=1 LUT4=1)
  Clock Path Skew:        -0.084ns (DCD - SCD + CPR)
    Destination Clock Delay (DCD):    5.447ns = ( 9.447 - 4.000 ) 
    Source Clock Delay      (SCD):    5.988ns
    Clock Pessimism Removal (CPR):    0.458ns
  Clock Uncertainty:      0.063ns  ((TSJ^2 + DJ^2)^1/2) / 2 + PE
    Total System Jitter     (TSJ):    0.071ns
    Discrete Jitter          (DJ):    0.104ns
    Phase Error              (PE):    0.000ns

    Location             Delay type                Incr(ns)  Path(ns)    Netlist Resource(s)
  -------------------------------------------------------------------    -------------------
                         (clock pll_pwm_clk rise edge)
                                                      0.000     0.000 r  
    U18                                               0.000     0.000 r  adc_clk_i[1] (IN)
                         net (fo=0)                   0.000     0.000    adc_clk_i[1]
    U18                  IBUFDS (Prop_ibufds_I_O)     0.983     0.983 r  i_clk/O
                         net (fo=1, routed)           1.306     2.289    pll/adc_clk_in
    PLLE2_ADV_X0Y0       PLLE2_ADV (Prop_plle2_adv_CLKIN1_CLKOUT5)
                                                      0.089     2.378 r  pll/pll/CLKOUT5
                         net (fo=1, routed)           1.754     4.132    pll_pwm_clk
    BUFGCTRL_X0Y2        BUFG (Prop_bufg_I_O)         0.101     4.233 r  bufg_pwm_clk/O
                         net (fo=160, routed)         1.755     5.988    pwm[2]/CLK
    SLICE_X40Y2          FDRE                                         r  pwm[2]/vcnt_r_reg[6]/C
  -------------------------------------------------------------------    -------------------
    SLICE_X40Y2          FDRE (Prop_fdre_C_Q)         0.456     6.444 f  pwm[2]/vcnt_r_reg[6]/Q
                         net (fo=2, routed)           0.673     7.117    pwm[2]/vcnt_r[6]
    SLICE_X40Y2          LUT4 (Prop_lut4_I1_O)        0.124     7.241 r  pwm[2]/pwm_o_i_2/O
                         net (fo=1, routed)           0.625     7.866    pwm[2]/pwm_o_i_2_n_0
    SLICE_X42Y1          CARRY4 (Prop_carry4_DI[3]_CO[3])
                                                      0.396     8.262 r  pwm[2]/pwm_o_reg_i_1/CO[3]
                         net (fo=1, routed)           0.814     9.076    pwm[2]/p_1_in
    OLOGIC_X0Y2          FDRE                                         r  pwm[2]/pwm_o_reg/D
  -------------------------------------------------------------------    -------------------

                         (clock pll_pwm_clk rise edge)
                                                      4.000     4.000 r  
    U18                                               0.000     4.000 r  adc_clk_i[1] (IN)
                         net (fo=0)                   0.000     4.000    adc_clk_i[1]
    U18                  IBUFDS (Prop_ibufds_I_O)     0.940     4.940 r  i_clk/O
                         net (fo=1, routed)           1.181     6.121    pll/adc_clk_in
    PLLE2_ADV_X0Y0       PLLE2_ADV (Prop_plle2_adv_CLKIN1_CLKOUT5)
                                                      0.084     6.205 r  pll/pll/CLKOUT5
                         net (fo=1, routed)           1.594     7.799    pll_pwm_clk
    BUFGCTRL_X0Y2        BUFG (Prop_bufg_I_O)         0.091     7.890 r  bufg_pwm_clk/O
                         net (fo=160, routed)         1.557     9.447    pwm[2]/CLK
    OLOGIC_X0Y2          FDRE                                         r  pwm[2]/pwm_o_reg/C
                         clock pessimism              0.458     9.905    
                         clock uncertainty           -0.063     9.842    
    OLOGIC_X0Y2          FDRE (Setup_fdre_C_D)       -0.834     9.008    pwm[2]/pwm_o_reg
  -------------------------------------------------------------------
                         required time                          9.008    
                         arrival time                          -9.076    
  -------------------------------------------------------------------
                         slack                                 -0.068    

Slack (VIOLATED) :        -0.006ns  (required time - arrival time)
  Source:                 pwm[1]/vcnt_r_reg[1]/C
                            (rising edge-triggered cell FDRE clocked by pll_pwm_clk  {rise@0.000ns fall@2.000ns period=4.000ns})
  Destination:            pwm[1]/pwm_o_reg/D
                            (rising edge-triggered cell FDRE clocked by pll_pwm_clk  {rise@0.000ns fall@2.000ns period=4.000ns})
  Path Group:             pll_pwm_clk
  Path Type:              Setup (Max at Slow Process Corner)
  Requirement:            4.000ns  (pll_pwm_clk rise@4.000ns - pll_pwm_clk rise@0.000ns)
  Data Path Delay:        3.027ns  (logic 1.106ns (36.537%)  route 1.921ns (63.463%))
  Logic Levels:           2  (CARRY4=1 LUT4=1)
  Clock Path Skew:        -0.083ns (DCD - SCD + CPR)
    Destination Clock Delay (DCD):    5.447ns = ( 9.447 - 4.000 ) 
    Source Clock Delay      (SCD):    5.987ns
    Clock Pessimism Removal (CPR):    0.458ns
  Clock Uncertainty:      0.063ns  ((TSJ^2 + DJ^2)^1/2) / 2 + PE
    Total System Jitter     (TSJ):    0.071ns
    Discrete Jitter          (DJ):    0.104ns
    Phase Error              (PE):    0.000ns

    Location             Delay type                Incr(ns)  Path(ns)    Netlist Resource(s)
  -------------------------------------------------------------------    -------------------
                         (clock pll_pwm_clk rise edge)
                                                      0.000     0.000 r  
    U18                                               0.000     0.000 r  adc_clk_i[1] (IN)
                         net (fo=0)                   0.000     0.000    adc_clk_i[1]
    U18                  IBUFDS (Prop_ibufds_I_O)     0.983     0.983 r  i_clk/O
                         net (fo=1, routed)           1.306     2.289    pll/adc_clk_in
    PLLE2_ADV_X0Y0       PLLE2_ADV (Prop_plle2_adv_CLKIN1_CLKOUT5)
                                                      0.089     2.378 r  pll/pll/CLKOUT5
                         net (fo=1, routed)           1.754     4.132    pll_pwm_clk
    BUFGCTRL_X0Y2        BUFG (Prop_bufg_I_O)         0.101     4.233 r  bufg_pwm_clk/O
                         net (fo=160, routed)         1.754     5.987    pwm[1]/CLK
    SLICE_X40Y46         FDRE                                         r  pwm[1]/vcnt_r_reg[1]/C
  -------------------------------------------------------------------    -------------------
    SLICE_X40Y46         FDRE (Prop_fdre_C_Q)         0.456     6.443 f  pwm[1]/vcnt_r_reg[1]/Q
                         net (fo=2, routed)           0.637     7.080    pwm[1]/vcnt_r[1]
    SLICE_X40Y46         LUT4 (Prop_lut4_I2_O)        0.124     7.204 r  pwm[1]/pwm_o_i_5/O
                         net (fo=1, routed)           0.466     7.669    pwm[1]/pwm_o_i_5_n_0
    SLICE_X43Y47         CARRY4 (Prop_carry4_DI[0]_CO[3])
                                                      0.526     8.195 r  pwm[1]/pwm_o_reg_i_1/CO[3]
                         net (fo=1, routed)           0.819     9.014    pwm[1]/p_1_in
    OLOGIC_X0Y48         FDRE                                         r  pwm[1]/pwm_o_reg/D
  -------------------------------------------------------------------    -------------------

                         (clock pll_pwm_clk rise edge)
                                                      4.000     4.000 r  
    U18                                               0.000     4.000 r  adc_clk_i[1] (IN)
                         net (fo=0)                   0.000     4.000    adc_clk_i[1]
    U18                  IBUFDS (Prop_ibufds_I_O)     0.940     4.940 r  i_clk/O
                         net (fo=1, routed)           1.181     6.121    pll/adc_clk_in
    PLLE2_ADV_X0Y0       PLLE2_ADV (Prop_plle2_adv_CLKIN1_CLKOUT5)
                                                      0.084     6.205 r  pll/pll/CLKOUT5
                         net (fo=1, routed)           1.594     7.799    pll_pwm_clk
    BUFGCTRL_X0Y2        BUFG (Prop_bufg_I_O)         0.091     7.890 r  bufg_pwm_clk/O
                         net (fo=160, routed)         1.557     9.447    pwm[1]/CLK
    OLOGIC_X0Y48         FDRE                                         r  pwm[1]/pwm_o_reg/C
                         clock pessimism              0.458     9.905    
                         clock uncertainty           -0.063     9.842    
    OLOGIC_X0Y48         FDRE (Setup_fdre_C_D)       -0.834     9.008    pwm[1]/pwm_o_reg
  -------------------------------------------------------------------
                         required time                          9.008    
                         arrival time                          -9.014    
  -------------------------------------------------------------------
                         slack                                 -0.006    

Slack (MET) :             0.424ns  (required time - arrival time)
  Source:                 pwm_rstn_reg/C
                            (rising edge-triggered cell FDRE clocked by pll_pwm_clk  {rise@0.000ns fall@2.000ns period=4.000ns})
  Destination:            pwm[2]/pwm_o_reg/R
                            (rising edge-triggered cell FDRE clocked by pll_pwm_clk  {rise@0.000ns fall@2.000ns period=4.000ns})
  Path Group:             pll_pwm_clk
  Path Type:              Setup (Max at Slow Process Corner)
  Requirement:            4.000ns  (pll_pwm_clk rise@4.000ns - pll_pwm_clk rise@0.000ns)
  Data Path Delay:        2.636ns  (logic 0.642ns (24.359%)  route 1.994ns (75.641%))
  Logic Levels:           1  (LUT1=1)
  Clock Path Skew:        -0.080ns (DCD - SCD + CPR)
    Destination Clock Delay (DCD):    5.447ns = ( 9.447 - 4.000 ) 
    Source Clock Delay      (SCD):    5.984ns
    Clock Pessimism Removal (CPR):    0.458ns
  Clock Uncertainty:      0.063ns  ((TSJ^2 + DJ^2)^1/2) / 2 + PE
    Total System Jitter     (TSJ):    0.071ns
    Discrete Jitter          (DJ):    0.104ns
    Phase Error              (PE):    0.000ns

    Location             Delay type                Incr(ns)  Path(ns)    Netlist Resource(s)
  -------------------------------------------------------------------    -------------------
                         (clock pll_pwm_clk rise edge)
                                                      0.000     0.000 r  
    U18                                               0.000     0.000 r  adc_clk_i[1] (IN)
                         net (fo=0)                   0.000     0.000    adc_clk_i[1]
    U18                  IBUFDS (Prop_ibufds_I_O)     0.983     0.983 r  i_clk/O
                         net (fo=1, routed)           1.306     2.289    pll/adc_clk_in
    PLLE2_ADV_X0Y0       PLLE2_ADV (Prop_plle2_adv_CLKIN1_CLKOUT5)
                                                      0.089     2.378 r  pll/pll/CLKOUT5
                         net (fo=1, routed)           1.754     4.132    pll_pwm_clk
    BUFGCTRL_X0Y2        BUFG (Prop_bufg_I_O)         0.101     4.233 r  bufg_pwm_clk/O
                         net (fo=160, routed)         1.751     5.984    pwm_clk
    SLICE_X42Y38         FDRE                                         r  pwm_rstn_reg/C
  -------------------------------------------------------------------    -------------------
    SLICE_X42Y38         FDRE (Prop_fdre_C_Q)         0.518     6.502 f  pwm_rstn_reg/Q
                         net (fo=52, routed)          0.522     7.024    pwm[1]/pwm_rstn
    SLICE_X41Y34         LUT1 (Prop_lut1_I0_O)        0.124     7.148 r  pwm[1]/vcnt[7]_i_1/O
                         net (fo=39, routed)          1.471     8.620    pwm[2]/SR[0]
    OLOGIC_X0Y2          FDRE                                         r  pwm[2]/pwm_o_reg/R
  -------------------------------------------------------------------    -------------------

                         (clock pll_pwm_clk rise edge)
                                                      4.000     4.000 r  
    U18                                               0.000     4.000 r  adc_clk_i[1] (IN)
                         net (fo=0)                   0.000     4.000    adc_clk_i[1]
    U18                  IBUFDS (Prop_ibufds_I_O)     0.940     4.940 r  i_clk/O
                         net (fo=1, routed)           1.181     6.121    pll/adc_clk_in
    PLLE2_ADV_X0Y0       PLLE2_ADV (Prop_plle2_adv_CLKIN1_CLKOUT5)
                                                      0.084     6.205 r  pll/pll/CLKOUT5
                         net (fo=1, routed)           1.594     7.799    pll_pwm_clk
    BUFGCTRL_X0Y2        BUFG (Prop_bufg_I_O)         0.091     7.890 r  bufg_pwm_clk/O
                         net (fo=160, routed)         1.557     9.447    pwm[2]/CLK
    OLOGIC_X0Y2          FDRE                                         r  pwm[2]/pwm_o_reg/C
                         clock pessimism              0.458     9.905    
                         clock uncertainty           -0.063     9.842    
    OLOGIC_X0Y2          FDRE (Setup_fdre_C_R)       -0.798     9.044    pwm[2]/pwm_o_reg
  -------------------------------------------------------------------
                         required time                          9.044    
                         arrival time                          -8.620    
  -------------------------------------------------------------------
                         slack                                  0.424    

Slack (MET) :             0.532ns  (required time - arrival time)
  Source:                 pwm[2]/vcnt_reg[4]/C
                            (rising edge-triggered cell FDRE clocked by pll_pwm_clk  {rise@0.000ns fall@2.000ns period=4.000ns})
  Destination:            pwm[2]/v_reg[0]/CE
                            (rising edge-triggered cell FDRE clocked by pll_pwm_clk  {rise@0.000ns fall@2.000ns period=4.000ns})
  Path Group:             pll_pwm_clk
  Path Type:              Setup (Max at Slow Process Corner)
  Requirement:            4.000ns  (pll_pwm_clk rise@4.000ns - pll_pwm_clk rise@0.000ns)
  Data Path Delay:        3.186ns  (logic 0.828ns (25.989%)  route 2.358ns (74.011%))
  Logic Levels:           3  (LUT3=1 LUT5=2)
  Clock Path Skew:        -0.014ns (DCD - SCD + CPR)
    Destination Clock Delay (DCD):    5.459ns = ( 9.459 - 4.000 ) 
    Source Clock Delay      (SCD):    5.969ns
    Clock Pessimism Removal (CPR):    0.496ns
  Clock Uncertainty:      0.063ns  ((TSJ^2 + DJ^2)^1/2) / 2 + PE
    Total System Jitter     (TSJ):    0.071ns
    Discrete Jitter          (DJ):    0.104ns
    Phase Error              (PE):    0.000ns

    Location             Delay type                Incr(ns)  Path(ns)    Netlist Resource(s)
  -------------------------------------------------------------------    -------------------
                         (clock pll_pwm_clk rise edge)
                                                      0.000     0.000 r  
    U18                                               0.000     0.000 r  adc_clk_i[1] (IN)
                         net (fo=0)                   0.000     0.000    adc_clk_i[1]
    U18                  IBUFDS (Prop_ibufds_I_O)     0.983     0.983 r  i_clk/O
                         net (fo=1, routed)           1.306     2.289    pll/adc_clk_in
    PLLE2_ADV_X0Y0       PLLE2_ADV (Prop_plle2_adv_CLKIN1_CLKOUT5)
                                                      0.089     2.378 r  pll/pll/CLKOUT5
                         net (fo=1, routed)           1.754     4.132    pll_pwm_clk
    BUFGCTRL_X0Y2        BUFG (Prop_bufg_I_O)         0.101     4.233 r  bufg_pwm_clk/O
                         net (fo=160, routed)         1.736     5.969    pwm[2]/CLK
    SLICE_X43Y26         FDRE                                         r  pwm[2]/vcnt_reg[4]/C
  -------------------------------------------------------------------    -------------------
    SLICE_X43Y26         FDRE (Prop_fdre_C_Q)         0.456     6.425 r  pwm[2]/vcnt_reg[4]/Q
                         net (fo=6, routed)           0.692     7.117    pwm[2]/vcnt[4]
    SLICE_X43Y26         LUT3 (Prop_lut3_I0_O)        0.124     7.241 f  pwm[2]/vcnt[7]_i_2__0/O
                         net (fo=4, routed)           0.605     7.846    pwm[2]/vcnt[7]_i_2__0_n_0
    SLICE_X43Y31         LUT5 (Prop_lut5_I4_O)        0.124     7.970 r  pwm[2]/b[15]_i_1__0/O
                         net (fo=17, routed)          0.590     8.560    pwm[2]/b
    SLICE_X41Y34         LUT5 (Prop_lut5_I0_O)        0.124     8.684 r  pwm[2]/v[7]_i_1__0/O
                         net (fo=8, routed)           0.471     9.155    pwm[2]/v[7]_i_1__0_n_0
    SLICE_X41Y33         FDRE                                         r  pwm[2]/v_reg[0]/CE
  -------------------------------------------------------------------    -------------------

                         (clock pll_pwm_clk rise edge)
                                                      4.000     4.000 r  
    U18                                               0.000     4.000 r  adc_clk_i[1] (IN)
                         net (fo=0)                   0.000     4.000    adc_clk_i[1]
    U18                  IBUFDS (Prop_ibufds_I_O)     0.940     4.940 r  i_clk/O
                         net (fo=1, routed)           1.181     6.121    pll/adc_clk_in
    PLLE2_ADV_X0Y0       PLLE2_ADV (Prop_plle2_adv_CLKIN1_CLKOUT5)
                                                      0.084     6.205 r  pll/pll/CLKOUT5
                         net (fo=1, routed)           1.594     7.799    pll_pwm_clk
    BUFGCTRL_X0Y2        BUFG (Prop_bufg_I_O)         0.091     7.890 r  bufg_pwm_clk/O
                         net (fo=160, routed)         1.569     9.459    pwm[2]/CLK
    SLICE_X41Y33         FDRE                                         r  pwm[2]/v_reg[0]/C
                         clock pessimism              0.496     9.955    
                         clock uncertainty           -0.063     9.892    
    SLICE_X41Y33         FDRE (Setup_fdre_C_CE)      -0.205     9.687    pwm[2]/v_reg[0]
  -------------------------------------------------------------------
                         required time                          9.687    
                         arrival time                          -9.155    
  -------------------------------------------------------------------
                         slack                                  0.532    

Slack (MET) :             0.532ns  (required time - arrival time)
  Source:                 pwm[2]/vcnt_reg[4]/C
                            (rising edge-triggered cell FDRE clocked by pll_pwm_clk  {rise@0.000ns fall@2.000ns period=4.000ns})
  Destination:            pwm[2]/v_reg[1]/CE
                            (rising edge-triggered cell FDRE clocked by pll_pwm_clk  {rise@0.000ns fall@2.000ns period=4.000ns})
  Path Group:             pll_pwm_clk
  Path Type:              Setup (Max at Slow Process Corner)
  Requirement:            4.000ns  (pll_pwm_clk rise@4.000ns - pll_pwm_clk rise@0.000ns)
  Data Path Delay:        3.186ns  (logic 0.828ns (25.989%)  route 2.358ns (74.011%))
  Logic Levels:           3  (LUT3=1 LUT5=2)
  Clock Path Skew:        -0.014ns (DCD - SCD + CPR)
    Destination Clock Delay (DCD):    5.459ns = ( 9.459 - 4.000 ) 
    Source Clock Delay      (SCD):    5.969ns
    Clock Pessimism Removal (CPR):    0.496ns
  Clock Uncertainty:      0.063ns  ((TSJ^2 + DJ^2)^1/2) / 2 + PE
    Total System Jitter     (TSJ):    0.071ns
    Discrete Jitter          (DJ):    0.104ns
    Phase Error              (PE):    0.000ns

    Location             Delay type                Incr(ns)  Path(ns)    Netlist Resource(s)
  -------------------------------------------------------------------    -------------------
                         (clock pll_pwm_clk rise edge)
                                                      0.000     0.000 r  
    U18                                               0.000     0.000 r  adc_clk_i[1] (IN)
                         net (fo=0)                   0.000     0.000    adc_clk_i[1]
    U18                  IBUFDS (Prop_ibufds_I_O)     0.983     0.983 r  i_clk/O
                         net (fo=1, routed)           1.306     2.289    pll/adc_clk_in
    PLLE2_ADV_X0Y0       PLLE2_ADV (Prop_plle2_adv_CLKIN1_CLKOUT5)
                                                      0.089     2.378 r  pll/pll/CLKOUT5
                         net (fo=1, routed)           1.754     4.132    pll_pwm_clk
    BUFGCTRL_X0Y2        BUFG (Prop_bufg_I_O)         0.101     4.233 r  bufg_pwm_clk/O
                         net (fo=160, routed)         1.736     5.969    pwm[2]/CLK
    SLICE_X43Y26         FDRE                                         r  pwm[2]/vcnt_reg[4]/C
  -------------------------------------------------------------------    -------------------
    SLICE_X43Y26         FDRE (Prop_fdre_C_Q)         0.456     6.425 r  pwm[2]/vcnt_reg[4]/Q
                         net (fo=6, routed)           0.692     7.117    pwm[2]/vcnt[4]
    SLICE_X43Y26         LUT3 (Prop_lut3_I0_O)        0.124     7.241 f  pwm[2]/vcnt[7]_i_2__0/O
                         net (fo=4, routed)           0.605     7.846    pwm[2]/vcnt[7]_i_2__0_n_0
    SLICE_X43Y31         LUT5 (Prop_lut5_I4_O)        0.124     7.970 r  pwm[2]/b[15]_i_1__0/O
                         net (fo=17, routed)          0.590     8.560    pwm[2]/b
    SLICE_X41Y34         LUT5 (Prop_lut5_I0_O)        0.124     8.684 r  pwm[2]/v[7]_i_1__0/O
                         net (fo=8, routed)           0.471     9.155    pwm[2]/v[7]_i_1__0_n_0
    SLICE_X41Y33         FDRE                                         r  pwm[2]/v_reg[1]/CE
  -------------------------------------------------------------------    -------------------

                         (clock pll_pwm_clk rise edge)
                                                      4.000     4.000 r  
    U18                                               0.000     4.000 r  adc_clk_i[1] (IN)
                         net (fo=0)                   0.000     4.000    adc_clk_i[1]
    U18                  IBUFDS (Prop_ibufds_I_O)     0.940     4.940 r  i_clk/O
                         net (fo=1, routed)           1.181     6.121    pll/adc_clk_in
    PLLE2_ADV_X0Y0       PLLE2_ADV (Prop_plle2_adv_CLKIN1_CLKOUT5)
                                                      0.084     6.205 r  pll/pll/CLKOUT5
                         net (fo=1, routed)           1.594     7.799    pll_pwm_clk
    BUFGCTRL_X0Y2        BUFG (Prop_bufg_I_O)         0.091     7.890 r  bufg_pwm_clk/O
                         net (fo=160, routed)         1.569     9.459    pwm[2]/CLK
    SLICE_X41Y33         FDRE                                         r  pwm[2]/v_reg[1]/C
                         clock pessimism              0.496     9.955    
                         clock uncertainty           -0.063     9.892    
    SLICE_X41Y33         FDRE (Setup_fdre_C_CE)      -0.205     9.687    pwm[2]/v_reg[1]
  -------------------------------------------------------------------
                         required time                          9.687    
                         arrival time                          -9.155    
  -------------------------------------------------------------------
                         slack                                  0.532    

Slack (MET) :             0.532ns  (required time - arrival time)
  Source:                 pwm[2]/vcnt_reg[4]/C
                            (rising edge-triggered cell FDRE clocked by pll_pwm_clk  {rise@0.000ns fall@2.000ns period=4.000ns})
  Destination:            pwm[2]/v_reg[2]/CE
                            (rising edge-triggered cell FDRE clocked by pll_pwm_clk  {rise@0.000ns fall@2.000ns period=4.000ns})
  Path Group:             pll_pwm_clk
  Path Type:              Setup (Max at Slow Process Corner)
  Requirement:            4.000ns  (pll_pwm_clk rise@4.000ns - pll_pwm_clk rise@0.000ns)
  Data Path Delay:        3.186ns  (logic 0.828ns (25.989%)  route 2.358ns (74.011%))
  Logic Levels:           3  (LUT3=1 LUT5=2)
  Clock Path Skew:        -0.014ns (DCD - SCD + CPR)
    Destination Clock Delay (DCD):    5.459ns = ( 9.459 - 4.000 ) 
    Source Clock Delay      (SCD):    5.969ns
    Clock Pessimism Removal (CPR):    0.496ns
  Clock Uncertainty:      0.063ns  ((TSJ^2 + DJ^2)^1/2) / 2 + PE
    Total System Jitter     (TSJ):    0.071ns
    Discrete Jitter          (DJ):    0.104ns
    Phase Error              (PE):    0.000ns

    Location             Delay type                Incr(ns)  Path(ns)    Netlist Resource(s)
  -------------------------------------------------------------------    -------------------
                         (clock pll_pwm_clk rise edge)
                                                      0.000     0.000 r  
    U18                                               0.000     0.000 r  adc_clk_i[1] (IN)
                         net (fo=0)                   0.000     0.000    adc_clk_i[1]
    U18                  IBUFDS (Prop_ibufds_I_O)     0.983     0.983 r  i_clk/O
                         net (fo=1, routed)           1.306     2.289    pll/adc_clk_in
    PLLE2_ADV_X0Y0       PLLE2_ADV (Prop_plle2_adv_CLKIN1_CLKOUT5)
                                                      0.089     2.378 r  pll/pll/CLKOUT5
                         net (fo=1, routed)           1.754     4.132    pll_pwm_clk
    BUFGCTRL_X0Y2        BUFG (Prop_bufg_I_O)         0.101     4.233 r  bufg_pwm_clk/O
                         net (fo=160, routed)         1.736     5.969    pwm[2]/CLK
    SLICE_X43Y26         FDRE                                         r  pwm[2]/vcnt_reg[4]/C
  -------------------------------------------------------------------    -------------------
    SLICE_X43Y26         FDRE (Prop_fdre_C_Q)         0.456     6.425 r  pwm[2]/vcnt_reg[4]/Q
                         net (fo=6, routed)           0.692     7.117    pwm[2]/vcnt[4]
    SLICE_X43Y26         LUT3 (Prop_lut3_I0_O)        0.124     7.241 f  pwm[2]/vcnt[7]_i_2__0/O
                         net (fo=4, routed)           0.605     7.846    pwm[2]/vcnt[7]_i_2__0_n_0
    SLICE_X43Y31         LUT5 (Prop_lut5_I4_O)        0.124     7.970 r  pwm[2]/b[15]_i_1__0/O
                         net (fo=17, routed)          0.590     8.560    pwm[2]/b
    SLICE_X41Y34         LUT5 (Prop_lut5_I0_O)        0.124     8.684 r  pwm[2]/v[7]_i_1__0/O
                         net (fo=8, routed)           0.471     9.155    pwm[2]/v[7]_i_1__0_n_0
    SLICE_X41Y33         FDRE                                         r  pwm[2]/v_reg[2]/CE
  -------------------------------------------------------------------    -------------------

                         (clock pll_pwm_clk rise edge)
                                                      4.000     4.000 r  
    U18                                               0.000     4.000 r  adc_clk_i[1] (IN)
                         net (fo=0)                   0.000     4.000    adc_clk_i[1]
    U18                  IBUFDS (Prop_ibufds_I_O)     0.940     4.940 r  i_clk/O
                         net (fo=1, routed)           1.181     6.121    pll/adc_clk_in
    PLLE2_ADV_X0Y0       PLLE2_ADV (Prop_plle2_adv_CLKIN1_CLKOUT5)
                                                      0.084     6.205 r  pll/pll/CLKOUT5
                         net (fo=1, routed)           1.594     7.799    pll_pwm_clk
    BUFGCTRL_X0Y2        BUFG (Prop_bufg_I_O)         0.091     7.890 r  bufg_pwm_clk/O
                         net (fo=160, routed)         1.569     9.459    pwm[2]/CLK
    SLICE_X41Y33         FDRE                                         r  pwm[2]/v_reg[2]/C
                         clock pessimism              0.496     9.955    
                         clock uncertainty           -0.063     9.892    
    SLICE_X41Y33         FDRE (Setup_fdre_C_CE)      -0.205     9.687    pwm[2]/v_reg[2]
  -------------------------------------------------------------------
                         required time                          9.687    
                         arrival time                          -9.155    
  -------------------------------------------------------------------
                         slack                                  0.532    

Slack (MET) :             0.532ns  (required time - arrival time)
  Source:                 pwm[2]/vcnt_reg[4]/C
                            (rising edge-triggered cell FDRE clocked by pll_pwm_clk  {rise@0.000ns fall@2.000ns period=4.000ns})
  Destination:            pwm[2]/v_reg[3]/CE
                            (rising edge-triggered cell FDRE clocked by pll_pwm_clk  {rise@0.000ns fall@2.000ns period=4.000ns})
  Path Group:             pll_pwm_clk
  Path Type:              Setup (Max at Slow Process Corner)
  Requirement:            4.000ns  (pll_pwm_clk rise@4.000ns - pll_pwm_clk rise@0.000ns)
  Data Path Delay:        3.186ns  (logic 0.828ns (25.989%)  route 2.358ns (74.011%))
  Logic Levels:           3  (LUT3=1 LUT5=2)
  Clock Path Skew:        -0.014ns (DCD - SCD + CPR)
    Destination Clock Delay (DCD):    5.459ns = ( 9.459 - 4.000 ) 
    Source Clock Delay      (SCD):    5.969ns
    Clock Pessimism Removal (CPR):    0.496ns
  Clock Uncertainty:      0.063ns  ((TSJ^2 + DJ^2)^1/2) / 2 + PE
    Total System Jitter     (TSJ):    0.071ns
    Discrete Jitter          (DJ):    0.104ns
    Phase Error              (PE):    0.000ns

    Location             Delay type                Incr(ns)  Path(ns)    Netlist Resource(s)
  -------------------------------------------------------------------    -------------------
                         (clock pll_pwm_clk rise edge)
                                                      0.000     0.000 r  
    U18                                               0.000     0.000 r  adc_clk_i[1] (IN)
                         net (fo=0)                   0.000     0.000    adc_clk_i[1]
    U18                  IBUFDS (Prop_ibufds_I_O)     0.983     0.983 r  i_clk/O
                         net (fo=1, routed)           1.306     2.289    pll/adc_clk_in
    PLLE2_ADV_X0Y0       PLLE2_ADV (Prop_plle2_adv_CLKIN1_CLKOUT5)
                                                      0.089     2.378 r  pll/pll/CLKOUT5
                         net (fo=1, routed)           1.754     4.132    pll_pwm_clk
    BUFGCTRL_X0Y2        BUFG (Prop_bufg_I_O)         0.101     4.233 r  bufg_pwm_clk/O
                         net (fo=160, routed)         1.736     5.969    pwm[2]/CLK
    SLICE_X43Y26         FDRE                                         r  pwm[2]/vcnt_reg[4]/C
  -------------------------------------------------------------------    -------------------
    SLICE_X43Y26         FDRE (Prop_fdre_C_Q)         0.456     6.425 r  pwm[2]/vcnt_reg[4]/Q
                         net (fo=6, routed)           0.692     7.117    pwm[2]/vcnt[4]
    SLICE_X43Y26         LUT3 (Prop_lut3_I0_O)        0.124     7.241 f  pwm[2]/vcnt[7]_i_2__0/O
                         net (fo=4, routed)           0.605     7.846    pwm[2]/vcnt[7]_i_2__0_n_0
    SLICE_X43Y31         LUT5 (Prop_lut5_I4_O)        0.124     7.970 r  pwm[2]/b[15]_i_1__0/O
                         net (fo=17, routed)          0.590     8.560    pwm[2]/b
    SLICE_X41Y34         LUT5 (Prop_lut5_I0_O)        0.124     8.684 r  pwm[2]/v[7]_i_1__0/O
                         net (fo=8, routed)           0.471     9.155    pwm[2]/v[7]_i_1__0_n_0
    SLICE_X41Y33         FDRE                                         r  pwm[2]/v_reg[3]/CE
  -------------------------------------------------------------------    -------------------

                         (clock pll_pwm_clk rise edge)
                                                      4.000     4.000 r  
    U18                                               0.000     4.000 r  adc_clk_i[1] (IN)
                         net (fo=0)                   0.000     4.000    adc_clk_i[1]
    U18                  IBUFDS (Prop_ibufds_I_O)     0.940     4.940 r  i_clk/O
                         net (fo=1, routed)           1.181     6.121    pll/adc_clk_in
    PLLE2_ADV_X0Y0       PLLE2_ADV (Prop_plle2_adv_CLKIN1_CLKOUT5)
                                                      0.084     6.205 r  pll/pll/CLKOUT5
                         net (fo=1, routed)           1.594     7.799    pll_pwm_clk
    BUFGCTRL_X0Y2        BUFG (Prop_bufg_I_O)         0.091     7.890 r  bufg_pwm_clk/O
                         net (fo=160, routed)         1.569     9.459    pwm[2]/CLK
    SLICE_X41Y33         FDRE                                         r  pwm[2]/v_reg[3]/C
                         clock pessimism              0.496     9.955    
                         clock uncertainty           -0.063     9.892    
    SLICE_X41Y33         FDRE (Setup_fdre_C_CE)      -0.205     9.687    pwm[2]/v_reg[3]
  -------------------------------------------------------------------
                         required time                          9.687    
                         arrival time                          -9.155    
  -------------------------------------------------------------------
                         slack                                  0.532    

Slack (MET) :             0.532ns  (required time - arrival time)
  Source:                 pwm[2]/vcnt_reg[4]/C
                            (rising edge-triggered cell FDRE clocked by pll_pwm_clk  {rise@0.000ns fall@2.000ns period=4.000ns})
  Destination:            pwm[2]/v_reg[4]/CE
                            (rising edge-triggered cell FDRE clocked by pll_pwm_clk  {rise@0.000ns fall@2.000ns period=4.000ns})
  Path Group:             pll_pwm_clk
  Path Type:              Setup (Max at Slow Process Corner)
  Requirement:            4.000ns  (pll_pwm_clk rise@4.000ns - pll_pwm_clk rise@0.000ns)
  Data Path Delay:        3.186ns  (logic 0.828ns (25.989%)  route 2.358ns (74.011%))
  Logic Levels:           3  (LUT3=1 LUT5=2)
  Clock Path Skew:        -0.014ns (DCD - SCD + CPR)
    Destination Clock Delay (DCD):    5.459ns = ( 9.459 - 4.000 ) 
    Source Clock Delay      (SCD):    5.969ns
    Clock Pessimism Removal (CPR):    0.496ns
  Clock Uncertainty:      0.063ns  ((TSJ^2 + DJ^2)^1/2) / 2 + PE
    Total System Jitter     (TSJ):    0.071ns
    Discrete Jitter          (DJ):    0.104ns
    Phase Error              (PE):    0.000ns

    Location             Delay type                Incr(ns)  Path(ns)    Netlist Resource(s)
  -------------------------------------------------------------------    -------------------
                         (clock pll_pwm_clk rise edge)
                                                      0.000     0.000 r  
    U18                                               0.000     0.000 r  adc_clk_i[1] (IN)
                         net (fo=0)                   0.000     0.000    adc_clk_i[1]
    U18                  IBUFDS (Prop_ibufds_I_O)     0.983     0.983 r  i_clk/O
                         net (fo=1, routed)           1.306     2.289    pll/adc_clk_in
    PLLE2_ADV_X0Y0       PLLE2_ADV (Prop_plle2_adv_CLKIN1_CLKOUT5)
                                                      0.089     2.378 r  pll/pll/CLKOUT5
                         net (fo=1, routed)           1.754     4.132    pll_pwm_clk
    BUFGCTRL_X0Y2        BUFG (Prop_bufg_I_O)         0.101     4.233 r  bufg_pwm_clk/O
                         net (fo=160, routed)         1.736     5.969    pwm[2]/CLK
    SLICE_X43Y26         FDRE                                         r  pwm[2]/vcnt_reg[4]/C
  -------------------------------------------------------------------    -------------------
    SLICE_X43Y26         FDRE (Prop_fdre_C_Q)         0.456     6.425 r  pwm[2]/vcnt_reg[4]/Q
                         net (fo=6, routed)           0.692     7.117    pwm[2]/vcnt[4]
    SLICE_X43Y26         LUT3 (Prop_lut3_I0_O)        0.124     7.241 f  pwm[2]/vcnt[7]_i_2__0/O
                         net (fo=4, routed)           0.605     7.846    pwm[2]/vcnt[7]_i_2__0_n_0
    SLICE_X43Y31         LUT5 (Prop_lut5_I4_O)        0.124     7.970 r  pwm[2]/b[15]_i_1__0/O
                         net (fo=17, routed)          0.590     8.560    pwm[2]/b
    SLICE_X41Y34         LUT5 (Prop_lut5_I0_O)        0.124     8.684 r  pwm[2]/v[7]_i_1__0/O
                         net (fo=8, routed)           0.471     9.155    pwm[2]/v[7]_i_1__0_n_0
    SLICE_X41Y33         FDRE                                         r  pwm[2]/v_reg[4]/CE
  -------------------------------------------------------------------    -------------------

                         (clock pll_pwm_clk rise edge)
                                                      4.000     4.000 r  
    U18                                               0.000     4.000 r  adc_clk_i[1] (IN)
                         net (fo=0)                   0.000     4.000    adc_clk_i[1]
    U18                  IBUFDS (Prop_ibufds_I_O)     0.940     4.940 r  i_clk/O
                         net (fo=1, routed)           1.181     6.121    pll/adc_clk_in
    PLLE2_ADV_X0Y0       PLLE2_ADV (Prop_plle2_adv_CLKIN1_CLKOUT5)
                                                      0.084     6.205 r  pll/pll/CLKOUT5
                         net (fo=1, routed)           1.594     7.799    pll_pwm_clk
    BUFGCTRL_X0Y2        BUFG (Prop_bufg_I_O)         0.091     7.890 r  bufg_pwm_clk/O
                         net (fo=160, routed)         1.569     9.459    pwm[2]/CLK
    SLICE_X41Y33         FDRE                                         r  pwm[2]/v_reg[4]/C
                         clock pessimism              0.496     9.955    
                         clock uncertainty           -0.063     9.892    
    SLICE_X41Y33         FDRE (Setup_fdre_C_CE)      -0.205     9.687    pwm[2]/v_reg[4]
  -------------------------------------------------------------------
                         required time                          9.687    
                         arrival time                          -9.155    
  -------------------------------------------------------------------
                         slack                                  0.532    

Slack (MET) :             0.532ns  (required time - arrival time)
  Source:                 pwm[2]/vcnt_reg[4]/C
                            (rising edge-triggered cell FDRE clocked by pll_pwm_clk  {rise@0.000ns fall@2.000ns period=4.000ns})
  Destination:            pwm[2]/v_reg[5]/CE
                            (rising edge-triggered cell FDRE clocked by pll_pwm_clk  {rise@0.000ns fall@2.000ns period=4.000ns})
  Path Group:             pll_pwm_clk
  Path Type:              Setup (Max at Slow Process Corner)
  Requirement:            4.000ns  (pll_pwm_clk rise@4.000ns - pll_pwm_clk rise@0.000ns)
  Data Path Delay:        3.186ns  (logic 0.828ns (25.989%)  route 2.358ns (74.011%))
  Logic Levels:           3  (LUT3=1 LUT5=2)
  Clock Path Skew:        -0.014ns (DCD - SCD + CPR)
    Destination Clock Delay (DCD):    5.459ns = ( 9.459 - 4.000 ) 
    Source Clock Delay      (SCD):    5.969ns
    Clock Pessimism Removal (CPR):    0.496ns
  Clock Uncertainty:      0.063ns  ((TSJ^2 + DJ^2)^1/2) / 2 + PE
    Total System Jitter     (TSJ):    0.071ns
    Discrete Jitter          (DJ):    0.104ns
    Phase Error              (PE):    0.000ns

    Location             Delay type                Incr(ns)  Path(ns)    Netlist Resource(s)
  -------------------------------------------------------------------    -------------------
                         (clock pll_pwm_clk rise edge)
                                                      0.000     0.000 r  
    U18                                               0.000     0.000 r  adc_clk_i[1] (IN)
                         net (fo=0)                   0.000     0.000    adc_clk_i[1]
    U18                  IBUFDS (Prop_ibufds_I_O)     0.983     0.983 r  i_clk/O
                         net (fo=1, routed)           1.306     2.289    pll/adc_clk_in
    PLLE2_ADV_X0Y0       PLLE2_ADV (Prop_plle2_adv_CLKIN1_CLKOUT5)
                                                      0.089     2.378 r  pll/pll/CLKOUT5
                         net (fo=1, routed)           1.754     4.132    pll_pwm_clk
    BUFGCTRL_X0Y2        BUFG (Prop_bufg_I_O)         0.101     4.233 r  bufg_pwm_clk/O
                         net (fo=160, routed)         1.736     5.969    pwm[2]/CLK
    SLICE_X43Y26         FDRE                                         r  pwm[2]/vcnt_reg[4]/C
  -------------------------------------------------------------------    -------------------
    SLICE_X43Y26         FDRE (Prop_fdre_C_Q)         0.456     6.425 r  pwm[2]/vcnt_reg[4]/Q
                         net (fo=6, routed)           0.692     7.117    pwm[2]/vcnt[4]
    SLICE_X43Y26         LUT3 (Prop_lut3_I0_O)        0.124     7.241 f  pwm[2]/vcnt[7]_i_2__0/O
                         net (fo=4, routed)           0.605     7.846    pwm[2]/vcnt[7]_i_2__0_n_0
    SLICE_X43Y31         LUT5 (Prop_lut5_I4_O)        0.124     7.970 r  pwm[2]/b[15]_i_1__0/O
                         net (fo=17, routed)          0.590     8.560    pwm[2]/b
    SLICE_X41Y34         LUT5 (Prop_lut5_I0_O)        0.124     8.684 r  pwm[2]/v[7]_i_1__0/O
                         net (fo=8, routed)           0.471     9.155    pwm[2]/v[7]_i_1__0_n_0
    SLICE_X41Y33         FDRE                                         r  pwm[2]/v_reg[5]/CE
  -------------------------------------------------------------------    -------------------

                         (clock pll_pwm_clk rise edge)
                                                      4.000     4.000 r  
    U18                                               0.000     4.000 r  adc_clk_i[1] (IN)
                         net (fo=0)                   0.000     4.000    adc_clk_i[1]
    U18                  IBUFDS (Prop_ibufds_I_O)     0.940     4.940 r  i_clk/O
                         net (fo=1, routed)           1.181     6.121    pll/adc_clk_in
    PLLE2_ADV_X0Y0       PLLE2_ADV (Prop_plle2_adv_CLKIN1_CLKOUT5)
                                                      0.084     6.205 r  pll/pll/CLKOUT5
                         net (fo=1, routed)           1.594     7.799    pll_pwm_clk
    BUFGCTRL_X0Y2        BUFG (Prop_bufg_I_O)         0.091     7.890 r  bufg_pwm_clk/O
                         net (fo=160, routed)         1.569     9.459    pwm[2]/CLK
    SLICE_X41Y33         FDRE                                         r  pwm[2]/v_reg[5]/C
                         clock pessimism              0.496     9.955    
                         clock uncertainty           -0.063     9.892    
    SLICE_X41Y33         FDRE (Setup_fdre_C_CE)      -0.205     9.687    pwm[2]/v_reg[5]
  -------------------------------------------------------------------
                         required time                          9.687    
                         arrival time                          -9.155    
  -------------------------------------------------------------------
                         slack                                  0.532    





Min Delay Paths
--------------------------------------------------------------------------------------
Slack (MET) :             0.140ns  (arrival time - required time)
  Source:                 pwm[3]/b_reg[8]/C
                            (rising edge-triggered cell FDRE clocked by pll_pwm_clk  {rise@0.000ns fall@2.000ns period=4.000ns})
  Destination:            pwm[3]/b_reg[7]/D
                            (rising edge-triggered cell FDRE clocked by pll_pwm_clk  {rise@0.000ns fall@2.000ns period=4.000ns})
  Path Group:             pll_pwm_clk
  Path Type:              Hold (Min at Fast Process Corner)
  Requirement:            0.000ns  (pll_pwm_clk rise@0.000ns - pll_pwm_clk rise@0.000ns)
  Data Path Delay:        0.245ns  (logic 0.186ns (75.768%)  route 0.059ns (24.232%))
  Logic Levels:           1  (LUT6=1)
  Clock Path Skew:        0.013ns (DCD - SCD - CPR)
    Destination Clock Delay (DCD):    2.398ns
    Source Clock Delay      (SCD):    2.004ns
    Clock Pessimism Removal (CPR):    0.381ns

    Location             Delay type                Incr(ns)  Path(ns)    Netlist Resource(s)
  -------------------------------------------------------------------    -------------------
                         (clock pll_pwm_clk rise edge)
                                                      0.000     0.000 r  
    U18                                               0.000     0.000 r  adc_clk_i[1] (IN)
                         net (fo=0)                   0.000     0.000    adc_clk_i[1]
    U18                  IBUFDS (Prop_ibufds_I_O)     0.401     0.401 r  i_clk/O
                         net (fo=1, routed)           0.440     0.842    pll/adc_clk_in
    PLLE2_ADV_X0Y0       PLLE2_ADV (Prop_plle2_adv_CLKIN1_CLKOUT5)
                                                      0.051     0.893 r  pll/pll/CLKOUT5
                         net (fo=1, routed)           0.497     1.390    pll_pwm_clk
    BUFGCTRL_X0Y2        BUFG (Prop_bufg_I_O)         0.026     1.416 r  bufg_pwm_clk/O
                         net (fo=160, routed)         0.589     2.004    pwm[3]/CLK
    SLICE_X41Y37         FDRE                                         r  pwm[3]/b_reg[8]/C
  -------------------------------------------------------------------    -------------------
    SLICE_X41Y37         FDRE (Prop_fdre_C_Q)         0.141     2.145 r  pwm[3]/b_reg[8]/Q
                         net (fo=1, routed)           0.059     2.205    pwm[3]/b_reg_n_0_[8]
    SLICE_X40Y37         LUT6 (Prop_lut6_I0_O)        0.045     2.250 r  pwm[3]/b[7]_i_1/O
                         net (fo=1, routed)           0.000     2.250    pwm[3]/p_0_in__0[7]
    SLICE_X40Y37         FDRE                                         r  pwm[3]/b_reg[7]/D
  -------------------------------------------------------------------    -------------------

                         (clock pll_pwm_clk rise edge)
                                                      0.000     0.000 r  
    U18                                               0.000     0.000 r  adc_clk_i[1] (IN)
                         net (fo=0)                   0.000     0.000    adc_clk_i[1]
    U18                  IBUFDS (Prop_ibufds_I_O)     0.433     0.433 r  i_clk/O
                         net (fo=1, routed)           0.481     0.914    pll/adc_clk_in
    PLLE2_ADV_X0Y0       PLLE2_ADV (Prop_plle2_adv_CLKIN1_CLKOUT5)
                                                      0.054     0.968 r  pll/pll/CLKOUT5
                         net (fo=1, routed)           0.544     1.512    pll_pwm_clk
    BUFGCTRL_X0Y2        BUFG (Prop_bufg_I_O)         0.029     1.541 r  bufg_pwm_clk/O
                         net (fo=160, routed)         0.857     2.398    pwm[3]/CLK
    SLICE_X40Y37         FDRE                                         r  pwm[3]/b_reg[7]/C
                         clock pessimism             -0.381     2.017    
    SLICE_X40Y37         FDRE (Hold_fdre_C_D)         0.092     2.109    pwm[3]/b_reg[7]
  -------------------------------------------------------------------
                         required time                         -2.109    
                         arrival time                           2.250    
  -------------------------------------------------------------------
                         slack                                  0.140    

Slack (MET) :             0.161ns  (arrival time - required time)
  Source:                 pwm[3]/v_reg[2]/C
                            (rising edge-triggered cell FDRE clocked by pll_pwm_clk  {rise@0.000ns fall@2.000ns period=4.000ns})
  Destination:            pwm[3]/v_r_reg[4]/D
                            (rising edge-triggered cell FDRE clocked by pll_pwm_clk  {rise@0.000ns fall@2.000ns period=4.000ns})
  Path Group:             pll_pwm_clk
  Path Type:              Hold (Min at Fast Process Corner)
  Requirement:            0.000ns  (pll_pwm_clk rise@0.000ns - pll_pwm_clk rise@0.000ns)
  Data Path Delay:        0.297ns  (logic 0.186ns (62.724%)  route 0.111ns (37.276%))
  Logic Levels:           1  (LUT6=1)
  Clock Path Skew:        0.016ns (DCD - SCD - CPR)
    Destination Clock Delay (DCD):    2.401ns
    Source Clock Delay      (SCD):    2.006ns
    Clock Pessimism Removal (CPR):    0.379ns

    Location             Delay type                Incr(ns)  Path(ns)    Netlist Resource(s)
  -------------------------------------------------------------------    -------------------
                         (clock pll_pwm_clk rise edge)
                                                      0.000     0.000 r  
    U18                                               0.000     0.000 r  adc_clk_i[1] (IN)
                         net (fo=0)                   0.000     0.000    adc_clk_i[1]
    U18                  IBUFDS (Prop_ibufds_I_O)     0.401     0.401 r  i_clk/O
                         net (fo=1, routed)           0.440     0.842    pll/adc_clk_in
    PLLE2_ADV_X0Y0       PLLE2_ADV (Prop_plle2_adv_CLKIN1_CLKOUT5)
                                                      0.051     0.893 r  pll/pll/CLKOUT5
                         net (fo=1, routed)           0.497     1.390    pll_pwm_clk
    BUFGCTRL_X0Y2        BUFG (Prop_bufg_I_O)         0.026     1.416 r  bufg_pwm_clk/O
                         net (fo=160, routed)         0.591     2.006    pwm[3]/CLK
    SLICE_X41Y40         FDRE                                         r  pwm[3]/v_reg[2]/C
  -------------------------------------------------------------------    -------------------
    SLICE_X41Y40         FDRE (Prop_fdre_C_Q)         0.141     2.147 r  pwm[3]/v_reg[2]/Q
                         net (fo=4, routed)           0.111     2.258    pwm[3]/v_reg_n_0_[2]
    SLICE_X42Y41         LUT6 (Prop_lut6_I0_O)        0.045     2.303 r  pwm[3]/v_r[4]_i_1/O
                         net (fo=1, routed)           0.000     2.303    pwm[3]/v_r[4]_i_1_n_0
    SLICE_X42Y41         FDRE                                         r  pwm[3]/v_r_reg[4]/D
  -------------------------------------------------------------------    -------------------

                         (clock pll_pwm_clk rise edge)
                                                      0.000     0.000 r  
    U18                                               0.000     0.000 r  adc_clk_i[1] (IN)
                         net (fo=0)                   0.000     0.000    adc_clk_i[1]
    U18                  IBUFDS (Prop_ibufds_I_O)     0.433     0.433 r  i_clk/O
                         net (fo=1, routed)           0.481     0.914    pll/adc_clk_in
    PLLE2_ADV_X0Y0       PLLE2_ADV (Prop_plle2_adv_CLKIN1_CLKOUT5)
                                                      0.054     0.968 r  pll/pll/CLKOUT5
                         net (fo=1, routed)           0.544     1.512    pll_pwm_clk
    BUFGCTRL_X0Y2        BUFG (Prop_bufg_I_O)         0.029     1.541 r  bufg_pwm_clk/O
                         net (fo=160, routed)         0.860     2.401    pwm[3]/CLK
    SLICE_X42Y41         FDRE                                         r  pwm[3]/v_r_reg[4]/C
                         clock pessimism             -0.379     2.022    
    SLICE_X42Y41         FDRE (Hold_fdre_C_D)         0.120     2.142    pwm[3]/v_r_reg[4]
  -------------------------------------------------------------------
                         required time                         -2.142    
                         arrival time                           2.303    
  -------------------------------------------------------------------
                         slack                                  0.161    

Slack (MET) :             0.174ns  (arrival time - required time)
  Source:                 pwm[3]/vcnt_reg[1]/C
                            (rising edge-triggered cell FDRE clocked by pll_pwm_clk  {rise@0.000ns fall@2.000ns period=4.000ns})
  Destination:            pwm[3]/vcnt_reg[7]/D
                            (rising edge-triggered cell FDRE clocked by pll_pwm_clk  {rise@0.000ns fall@2.000ns period=4.000ns})
  Path Group:             pll_pwm_clk
  Path Type:              Hold (Min at Fast Process Corner)
  Requirement:            0.000ns  (pll_pwm_clk rise@0.000ns - pll_pwm_clk rise@0.000ns)
  Data Path Delay:        0.307ns  (logic 0.186ns (60.498%)  route 0.121ns (39.502%))
  Logic Levels:           1  (LUT6=1)
  Clock Path Skew:        0.013ns (DCD - SCD - CPR)
    Destination Clock Delay (DCD):    2.401ns
    Source Clock Delay      (SCD):    2.006ns
    Clock Pessimism Removal (CPR):    0.382ns

    Location             Delay type                Incr(ns)  Path(ns)    Netlist Resource(s)
  -------------------------------------------------------------------    -------------------
                         (clock pll_pwm_clk rise edge)
                                                      0.000     0.000 r  
    U18                                               0.000     0.000 r  adc_clk_i[1] (IN)
                         net (fo=0)                   0.000     0.000    adc_clk_i[1]
    U18                  IBUFDS (Prop_ibufds_I_O)     0.401     0.401 r  i_clk/O
                         net (fo=1, routed)           0.440     0.842    pll/adc_clk_in
    PLLE2_ADV_X0Y0       PLLE2_ADV (Prop_plle2_adv_CLKIN1_CLKOUT5)
                                                      0.051     0.893 r  pll/pll/CLKOUT5
                         net (fo=1, routed)           0.497     1.390    pll_pwm_clk
    BUFGCTRL_X0Y2        BUFG (Prop_bufg_I_O)         0.026     1.416 r  bufg_pwm_clk/O
                         net (fo=160, routed)         0.591     2.006    pwm[3]/CLK
    SLICE_X43Y40         FDRE                                         r  pwm[3]/vcnt_reg[1]/C
  -------------------------------------------------------------------    -------------------
    SLICE_X43Y40         FDRE (Prop_fdre_C_Q)         0.141     2.147 r  pwm[3]/vcnt_reg[1]/Q
                         net (fo=10, routed)          0.121     2.269    pwm[3]/vcnt[1]
    SLICE_X42Y40         LUT6 (Prop_lut6_I0_O)        0.045     2.314 r  pwm[3]/vcnt[7]_i_2/O
                         net (fo=1, routed)           0.000     2.314    pwm[3]/vcnt[7]_i_2_n_0
    SLICE_X42Y40         FDRE                                         r  pwm[3]/vcnt_reg[7]/D
  -------------------------------------------------------------------    -------------------

                         (clock pll_pwm_clk rise edge)
                                                      0.000     0.000 r  
    U18                                               0.000     0.000 r  adc_clk_i[1] (IN)
                         net (fo=0)                   0.000     0.000    adc_clk_i[1]
    U18                  IBUFDS (Prop_ibufds_I_O)     0.433     0.433 r  i_clk/O
                         net (fo=1, routed)           0.481     0.914    pll/adc_clk_in
    PLLE2_ADV_X0Y0       PLLE2_ADV (Prop_plle2_adv_CLKIN1_CLKOUT5)
                                                      0.054     0.968 r  pll/pll/CLKOUT5
                         net (fo=1, routed)           0.544     1.512    pll_pwm_clk
    BUFGCTRL_X0Y2        BUFG (Prop_bufg_I_O)         0.029     1.541 r  bufg_pwm_clk/O
                         net (fo=160, routed)         0.860     2.401    pwm[3]/CLK
    SLICE_X42Y40         FDRE                                         r  pwm[3]/vcnt_reg[7]/C
                         clock pessimism             -0.382     2.019    
    SLICE_X42Y40         FDRE (Hold_fdre_C_D)         0.120     2.139    pwm[3]/vcnt_reg[7]
  -------------------------------------------------------------------
                         required time                         -2.139    
                         arrival time                           2.314    
  -------------------------------------------------------------------
                         slack                                  0.174    

Slack (MET) :             0.189ns  (arrival time - required time)
  Source:                 pwm[1]/bcnt_reg[0]/C
                            (rising edge-triggered cell FDRE clocked by pll_pwm_clk  {rise@0.000ns fall@2.000ns period=4.000ns})
  Destination:            pwm[1]/bcnt_reg[3]/D
                            (rising edge-triggered cell FDRE clocked by pll_pwm_clk  {rise@0.000ns fall@2.000ns period=4.000ns})
  Path Group:             pll_pwm_clk
  Path Type:              Hold (Min at Fast Process Corner)
  Requirement:            0.000ns  (pll_pwm_clk rise@0.000ns - pll_pwm_clk rise@0.000ns)
  Data Path Delay:        0.309ns  (logic 0.189ns (61.132%)  route 0.120ns (38.868%))
  Logic Levels:           1  (LUT4=1)
  Clock Path Skew:        0.013ns (DCD - SCD - CPR)
    Destination Clock Delay (DCD):    2.401ns
    Source Clock Delay      (SCD):    2.006ns
    Clock Pessimism Removal (CPR):    0.382ns

    Location             Delay type                Incr(ns)  Path(ns)    Netlist Resource(s)
  -------------------------------------------------------------------    -------------------
                         (clock pll_pwm_clk rise edge)
                                                      0.000     0.000 r  
    U18                                               0.000     0.000 r  adc_clk_i[1] (IN)
                         net (fo=0)                   0.000     0.000    adc_clk_i[1]
    U18                  IBUFDS (Prop_ibufds_I_O)     0.401     0.401 r  i_clk/O
                         net (fo=1, routed)           0.440     0.842    pll/adc_clk_in
    PLLE2_ADV_X0Y0       PLLE2_ADV (Prop_plle2_adv_CLKIN1_CLKOUT5)
                                                      0.051     0.893 r  pll/pll/CLKOUT5
                         net (fo=1, routed)           0.497     1.390    pll_pwm_clk
    BUFGCTRL_X0Y2        BUFG (Prop_bufg_I_O)         0.026     1.416 r  bufg_pwm_clk/O
                         net (fo=160, routed)         0.591     2.006    pwm[1]/CLK
    SLICE_X41Y41         FDRE                                         r  pwm[1]/bcnt_reg[0]/C
  -------------------------------------------------------------------    -------------------
    SLICE_X41Y41         FDRE (Prop_fdre_C_Q)         0.141     2.147 r  pwm[1]/bcnt_reg[0]/Q
                         net (fo=21, routed)          0.120     2.267    pwm[1]/bcnt_reg__0[0]
    SLICE_X40Y41         LUT4 (Prop_lut4_I1_O)        0.048     2.315 r  pwm[1]/bcnt[3]_i_2__1/O
                         net (fo=1, routed)           0.000     2.315    pwm[1]/p_0_in__0[3]
    SLICE_X40Y41         FDRE                                         r  pwm[1]/bcnt_reg[3]/D
  -------------------------------------------------------------------    -------------------

                         (clock pll_pwm_clk rise edge)
                                                      0.000     0.000 r  
    U18                                               0.000     0.000 r  adc_clk_i[1] (IN)
                         net (fo=0)                   0.000     0.000    adc_clk_i[1]
    U18                  IBUFDS (Prop_ibufds_I_O)     0.433     0.433 r  i_clk/O
                         net (fo=1, routed)           0.481     0.914    pll/adc_clk_in
    PLLE2_ADV_X0Y0       PLLE2_ADV (Prop_plle2_adv_CLKIN1_CLKOUT5)
                                                      0.054     0.968 r  pll/pll/CLKOUT5
                         net (fo=1, routed)           0.544     1.512    pll_pwm_clk
    BUFGCTRL_X0Y2        BUFG (Prop_bufg_I_O)         0.029     1.541 r  bufg_pwm_clk/O
                         net (fo=160, routed)         0.860     2.401    pwm[1]/CLK
    SLICE_X40Y41         FDRE                                         r  pwm[1]/bcnt_reg[3]/C
                         clock pessimism             -0.382     2.019    
    SLICE_X40Y41         FDRE (Hold_fdre_C_D)         0.107     2.126    pwm[1]/bcnt_reg[3]
  -------------------------------------------------------------------
                         required time                         -2.126    
                         arrival time                           2.315    
  -------------------------------------------------------------------
                         slack                                  0.189    

Slack (MET) :             0.199ns  (arrival time - required time)
  Source:                 pwm[1]/b_reg[9]/C
                            (rising edge-triggered cell FDRE clocked by pll_pwm_clk  {rise@0.000ns fall@2.000ns period=4.000ns})
  Destination:            pwm[1]/b_reg[8]/D
                            (rising edge-triggered cell FDRE clocked by pll_pwm_clk  {rise@0.000ns fall@2.000ns period=4.000ns})
  Path Group:             pll_pwm_clk
  Path Type:              Hold (Min at Fast Process Corner)
  Requirement:            0.000ns  (pll_pwm_clk rise@0.000ns - pll_pwm_clk rise@0.000ns)
  Data Path Delay:        0.291ns  (logic 0.186ns (63.880%)  route 0.105ns (36.120%))
  Logic Levels:           1  (LUT6=1)
  Clock Path Skew:        0.000ns (DCD - SCD - CPR)
    Destination Clock Delay (DCD):    2.398ns
    Source Clock Delay      (SCD):    2.003ns
    Clock Pessimism Removal (CPR):    0.395ns

    Location             Delay type                Incr(ns)  Path(ns)    Netlist Resource(s)
  -------------------------------------------------------------------    -------------------
                         (clock pll_pwm_clk rise edge)
                                                      0.000     0.000 r  
    U18                                               0.000     0.000 r  adc_clk_i[1] (IN)
                         net (fo=0)                   0.000     0.000    adc_clk_i[1]
    U18                  IBUFDS (Prop_ibufds_I_O)     0.401     0.401 r  i_clk/O
                         net (fo=1, routed)           0.440     0.842    pll/adc_clk_in
    PLLE2_ADV_X0Y0       PLLE2_ADV (Prop_plle2_adv_CLKIN1_CLKOUT5)
                                                      0.051     0.893 r  pll/pll/CLKOUT5
                         net (fo=1, routed)           0.497     1.390    pll_pwm_clk
    BUFGCTRL_X0Y2        BUFG (Prop_bufg_I_O)         0.026     1.416 r  bufg_pwm_clk/O
                         net (fo=160, routed)         0.588     2.003    pwm[1]/CLK
    SLICE_X37Y38         FDRE                                         r  pwm[1]/b_reg[9]/C
  -------------------------------------------------------------------    -------------------
    SLICE_X37Y38         FDRE (Prop_fdre_C_Q)         0.141     2.144 r  pwm[1]/b_reg[9]/Q
                         net (fo=1, routed)           0.105     2.249    pwm[1]/b_reg_n_0_[9]
    SLICE_X37Y38         LUT6 (Prop_lut6_I0_O)        0.045     2.294 r  pwm[1]/b[8]_i_1__1/O
                         net (fo=1, routed)           0.000     2.294    pwm[1]/p_0_in[8]
    SLICE_X37Y38         FDRE                                         r  pwm[1]/b_reg[8]/D
  -------------------------------------------------------------------    -------------------

                         (clock pll_pwm_clk rise edge)
                                                      0.000     0.000 r  
    U18                                               0.000     0.000 r  adc_clk_i[1] (IN)
                         net (fo=0)                   0.000     0.000    adc_clk_i[1]
    U18                  IBUFDS (Prop_ibufds_I_O)     0.433     0.433 r  i_clk/O
                         net (fo=1, routed)           0.481     0.914    pll/adc_clk_in
    PLLE2_ADV_X0Y0       PLLE2_ADV (Prop_plle2_adv_CLKIN1_CLKOUT5)
                                                      0.054     0.968 r  pll/pll/CLKOUT5
                         net (fo=1, routed)           0.544     1.512    pll_pwm_clk
    BUFGCTRL_X0Y2        BUFG (Prop_bufg_I_O)         0.029     1.541 r  bufg_pwm_clk/O
                         net (fo=160, routed)         0.857     2.398    pwm[1]/CLK
    SLICE_X37Y38         FDRE                                         r  pwm[1]/b_reg[8]/C
                         clock pessimism             -0.395     2.003    
    SLICE_X37Y38         FDRE (Hold_fdre_C_D)         0.092     2.095    pwm[1]/b_reg[8]
  -------------------------------------------------------------------
                         required time                         -2.095    
                         arrival time                           2.294    
  -------------------------------------------------------------------
                         slack                                  0.199    

Slack (MET) :             0.202ns  (arrival time - required time)
  Source:                 pwm[1]/bcnt_reg[0]/C
                            (rising edge-triggered cell FDRE clocked by pll_pwm_clk  {rise@0.000ns fall@2.000ns period=4.000ns})
  Destination:            pwm[1]/bcnt_reg[2]/D
                            (rising edge-triggered cell FDRE clocked by pll_pwm_clk  {rise@0.000ns fall@2.000ns period=4.000ns})
  Path Group:             pll_pwm_clk
  Path Type:              Hold (Min at Fast Process Corner)
  Requirement:            0.000ns  (pll_pwm_clk rise@0.000ns - pll_pwm_clk rise@0.000ns)
  Data Path Delay:        0.306ns  (logic 0.186ns (60.751%)  route 0.120ns (39.249%))
  Logic Levels:           1  (LUT3=1)
  Clock Path Skew:        0.013ns (DCD - SCD - CPR)
    Destination Clock Delay (DCD):    2.401ns
    Source Clock Delay      (SCD):    2.006ns
    Clock Pessimism Removal (CPR):    0.382ns

    Location             Delay type                Incr(ns)  Path(ns)    Netlist Resource(s)
  -------------------------------------------------------------------    -------------------
                         (clock pll_pwm_clk rise edge)
                                                      0.000     0.000 r  
    U18                                               0.000     0.000 r  adc_clk_i[1] (IN)
                         net (fo=0)                   0.000     0.000    adc_clk_i[1]
    U18                  IBUFDS (Prop_ibufds_I_O)     0.401     0.401 r  i_clk/O
                         net (fo=1, routed)           0.440     0.842    pll/adc_clk_in
    PLLE2_ADV_X0Y0       PLLE2_ADV (Prop_plle2_adv_CLKIN1_CLKOUT5)
                                                      0.051     0.893 r  pll/pll/CLKOUT5
                         net (fo=1, routed)           0.497     1.390    pll_pwm_clk
    BUFGCTRL_X0Y2        BUFG (Prop_bufg_I_O)         0.026     1.416 r  bufg_pwm_clk/O
                         net (fo=160, routed)         0.591     2.006    pwm[1]/CLK
    SLICE_X41Y41         FDRE                                         r  pwm[1]/bcnt_reg[0]/C
  -------------------------------------------------------------------    -------------------
    SLICE_X41Y41         FDRE (Prop_fdre_C_Q)         0.141     2.147 r  pwm[1]/bcnt_reg[0]/Q
                         net (fo=21, routed)          0.120     2.267    pwm[1]/bcnt_reg__0[0]
    SLICE_X40Y41         LUT3 (Prop_lut3_I1_O)        0.045     2.312 r  pwm[1]/bcnt[2]_i_1__1/O
                         net (fo=1, routed)           0.000     2.312    pwm[1]/p_0_in__0[2]
    SLICE_X40Y41         FDRE                                         r  pwm[1]/bcnt_reg[2]/D
  -------------------------------------------------------------------    -------------------

                         (clock pll_pwm_clk rise edge)
                                                      0.000     0.000 r  
    U18                                               0.000     0.000 r  adc_clk_i[1] (IN)
                         net (fo=0)                   0.000     0.000    adc_clk_i[1]
    U18                  IBUFDS (Prop_ibufds_I_O)     0.433     0.433 r  i_clk/O
                         net (fo=1, routed)           0.481     0.914    pll/adc_clk_in
    PLLE2_ADV_X0Y0       PLLE2_ADV (Prop_plle2_adv_CLKIN1_CLKOUT5)
                                                      0.054     0.968 r  pll/pll/CLKOUT5
                         net (fo=1, routed)           0.544     1.512    pll_pwm_clk
    BUFGCTRL_X0Y2        BUFG (Prop_bufg_I_O)         0.029     1.541 r  bufg_pwm_clk/O
                         net (fo=160, routed)         0.860     2.401    pwm[1]/CLK
    SLICE_X40Y41         FDRE                                         r  pwm[1]/bcnt_reg[2]/C
                         clock pessimism             -0.382     2.019    
    SLICE_X40Y41         FDRE (Hold_fdre_C_D)         0.091     2.110    pwm[1]/bcnt_reg[2]
  -------------------------------------------------------------------
                         required time                         -2.110    
                         arrival time                           2.312    
  -------------------------------------------------------------------
                         slack                                  0.202    

Slack (MET) :             0.206ns  (arrival time - required time)
  Source:                 pwm[3]/b_reg[12]/C
                            (rising edge-triggered cell FDRE clocked by pll_pwm_clk  {rise@0.000ns fall@2.000ns period=4.000ns})
  Destination:            pwm[3]/b_reg[11]/D
                            (rising edge-triggered cell FDRE clocked by pll_pwm_clk  {rise@0.000ns fall@2.000ns period=4.000ns})
  Path Group:             pll_pwm_clk
  Path Type:              Hold (Min at Fast Process Corner)
  Requirement:            0.000ns  (pll_pwm_clk rise@0.000ns - pll_pwm_clk rise@0.000ns)
  Data Path Delay:        0.297ns  (logic 0.186ns (62.546%)  route 0.111ns (37.454%))
  Logic Levels:           1  (LUT6=1)
  Clock Path Skew:        0.000ns (DCD - SCD - CPR)
    Destination Clock Delay (DCD):    2.400ns
    Source Clock Delay      (SCD):    2.005ns
    Clock Pessimism Removal (CPR):    0.395ns

    Location             Delay type                Incr(ns)  Path(ns)    Netlist Resource(s)
  -------------------------------------------------------------------    -------------------
                         (clock pll_pwm_clk rise edge)
                                                      0.000     0.000 r  
    U18                                               0.000     0.000 r  adc_clk_i[1] (IN)
                         net (fo=0)                   0.000     0.000    adc_clk_i[1]
    U18                  IBUFDS (Prop_ibufds_I_O)     0.401     0.401 r  i_clk/O
                         net (fo=1, routed)           0.440     0.842    pll/adc_clk_in
    PLLE2_ADV_X0Y0       PLLE2_ADV (Prop_plle2_adv_CLKIN1_CLKOUT5)
                                                      0.051     0.893 r  pll/pll/CLKOUT5
                         net (fo=1, routed)           0.497     1.390    pll_pwm_clk
    BUFGCTRL_X0Y2        BUFG (Prop_bufg_I_O)         0.026     1.416 r  bufg_pwm_clk/O
                         net (fo=160, routed)         0.590     2.005    pwm[3]/CLK
    SLICE_X41Y38         FDRE                                         r  pwm[3]/b_reg[12]/C
  -------------------------------------------------------------------    -------------------
    SLICE_X41Y38         FDRE (Prop_fdre_C_Q)         0.141     2.146 r  pwm[3]/b_reg[12]/Q
                         net (fo=1, routed)           0.111     2.258    pwm[3]/b_reg_n_0_[12]
    SLICE_X41Y38         LUT6 (Prop_lut6_I0_O)        0.045     2.303 r  pwm[3]/b[11]_i_1/O
                         net (fo=1, routed)           0.000     2.303    pwm[3]/p_0_in__0[11]
    SLICE_X41Y38         FDRE                                         r  pwm[3]/b_reg[11]/D
  -------------------------------------------------------------------    -------------------

                         (clock pll_pwm_clk rise edge)
                                                      0.000     0.000 r  
    U18                                               0.000     0.000 r  adc_clk_i[1] (IN)
                         net (fo=0)                   0.000     0.000    adc_clk_i[1]
    U18                  IBUFDS (Prop_ibufds_I_O)     0.433     0.433 r  i_clk/O
                         net (fo=1, routed)           0.481     0.914    pll/adc_clk_in
    PLLE2_ADV_X0Y0       PLLE2_ADV (Prop_plle2_adv_CLKIN1_CLKOUT5)
                                                      0.054     0.968 r  pll/pll/CLKOUT5
                         net (fo=1, routed)           0.544     1.512    pll_pwm_clk
    BUFGCTRL_X0Y2        BUFG (Prop_bufg_I_O)         0.029     1.541 r  bufg_pwm_clk/O
                         net (fo=160, routed)         0.859     2.400    pwm[3]/CLK
    SLICE_X41Y38         FDRE                                         r  pwm[3]/b_reg[11]/C
                         clock pessimism             -0.395     2.005    
    SLICE_X41Y38         FDRE (Hold_fdre_C_D)         0.091     2.096    pwm[3]/b_reg[11]
  -------------------------------------------------------------------
                         required time                         -2.096    
                         arrival time                           2.303    
  -------------------------------------------------------------------
                         slack                                  0.206    

Slack (MET) :             0.206ns  (arrival time - required time)
  Source:                 pwm[2]/b_reg[10]/C
                            (rising edge-triggered cell FDRE clocked by pll_pwm_clk  {rise@0.000ns fall@2.000ns period=4.000ns})
  Destination:            pwm[2]/b_reg[9]/D
                            (rising edge-triggered cell FDRE clocked by pll_pwm_clk  {rise@0.000ns fall@2.000ns period=4.000ns})
  Path Group:             pll_pwm_clk
  Path Type:              Hold (Min at Fast Process Corner)
  Requirement:            0.000ns  (pll_pwm_clk rise@0.000ns - pll_pwm_clk rise@0.000ns)
  Data Path Delay:        0.298ns  (logic 0.186ns (62.337%)  route 0.112ns (37.663%))
  Logic Levels:           1  (LUT6=1)
  Clock Path Skew:        0.000ns (DCD - SCD - CPR)
    Destination Clock Delay (DCD):    2.395ns
    Source Clock Delay      (SCD):    2.001ns
    Clock Pessimism Removal (CPR):    0.394ns

    Location             Delay type                Incr(ns)  Path(ns)    Netlist Resource(s)
  -------------------------------------------------------------------    -------------------
                         (clock pll_pwm_clk rise edge)
                                                      0.000     0.000 r  
    U18                                               0.000     0.000 r  adc_clk_i[1] (IN)
                         net (fo=0)                   0.000     0.000    adc_clk_i[1]
    U18                  IBUFDS (Prop_ibufds_I_O)     0.401     0.401 r  i_clk/O
                         net (fo=1, routed)           0.440     0.842    pll/adc_clk_in
    PLLE2_ADV_X0Y0       PLLE2_ADV (Prop_plle2_adv_CLKIN1_CLKOUT5)
                                                      0.051     0.893 r  pll/pll/CLKOUT5
                         net (fo=1, routed)           0.497     1.390    pll_pwm_clk
    BUFGCTRL_X0Y2        BUFG (Prop_bufg_I_O)         0.026     1.416 r  bufg_pwm_clk/O
                         net (fo=160, routed)         0.586     2.001    pwm[2]/CLK
    SLICE_X39Y35         FDRE                                         r  pwm[2]/b_reg[10]/C
  -------------------------------------------------------------------    -------------------
    SLICE_X39Y35         FDRE (Prop_fdre_C_Q)         0.141     2.142 r  pwm[2]/b_reg[10]/Q
                         net (fo=1, routed)           0.112     2.255    pwm[2]/b_reg_n_0_[10]
    SLICE_X39Y35         LUT6 (Prop_lut6_I0_O)        0.045     2.300 r  pwm[2]/b[9]_i_1__0/O
                         net (fo=1, routed)           0.000     2.300    pwm[2]/p_0_in[9]
    SLICE_X39Y35         FDRE                                         r  pwm[2]/b_reg[9]/D
  -------------------------------------------------------------------    -------------------

                         (clock pll_pwm_clk rise edge)
                                                      0.000     0.000 r  
    U18                                               0.000     0.000 r  adc_clk_i[1] (IN)
                         net (fo=0)                   0.000     0.000    adc_clk_i[1]
    U18                  IBUFDS (Prop_ibufds_I_O)     0.433     0.433 r  i_clk/O
                         net (fo=1, routed)           0.481     0.914    pll/adc_clk_in
    PLLE2_ADV_X0Y0       PLLE2_ADV (Prop_plle2_adv_CLKIN1_CLKOUT5)
                                                      0.054     0.968 r  pll/pll/CLKOUT5
                         net (fo=1, routed)           0.544     1.512    pll_pwm_clk
    BUFGCTRL_X0Y2        BUFG (Prop_bufg_I_O)         0.029     1.541 r  bufg_pwm_clk/O
                         net (fo=160, routed)         0.854     2.395    pwm[2]/CLK
    SLICE_X39Y35         FDRE                                         r  pwm[2]/b_reg[9]/C
                         clock pessimism             -0.394     2.001    
    SLICE_X39Y35         FDRE (Hold_fdre_C_D)         0.092     2.093    pwm[2]/b_reg[9]
  -------------------------------------------------------------------
                         required time                         -2.093    
                         arrival time                           2.300    
  -------------------------------------------------------------------
                         slack                                  0.206    

Slack (MET) :             0.206ns  (arrival time - required time)
  Source:                 pwm[1]/b_reg[10]/C
                            (rising edge-triggered cell FDRE clocked by pll_pwm_clk  {rise@0.000ns fall@2.000ns period=4.000ns})
  Destination:            pwm[1]/b_reg[9]/D
                            (rising edge-triggered cell FDRE clocked by pll_pwm_clk  {rise@0.000ns fall@2.000ns period=4.000ns})
  Path Group:             pll_pwm_clk
  Path Type:              Hold (Min at Fast Process Corner)
  Requirement:            0.000ns  (pll_pwm_clk rise@0.000ns - pll_pwm_clk rise@0.000ns)
  Data Path Delay:        0.298ns  (logic 0.186ns (62.337%)  route 0.112ns (37.663%))
  Logic Levels:           1  (LUT6=1)
  Clock Path Skew:        0.000ns (DCD - SCD - CPR)
    Destination Clock Delay (DCD):    2.398ns
    Source Clock Delay      (SCD):    2.003ns
    Clock Pessimism Removal (CPR):    0.395ns

    Location             Delay type                Incr(ns)  Path(ns)    Netlist Resource(s)
  -------------------------------------------------------------------    -------------------
                         (clock pll_pwm_clk rise edge)
                                                      0.000     0.000 r  
    U18                                               0.000     0.000 r  adc_clk_i[1] (IN)
                         net (fo=0)                   0.000     0.000    adc_clk_i[1]
    U18                  IBUFDS (Prop_ibufds_I_O)     0.401     0.401 r  i_clk/O
                         net (fo=1, routed)           0.440     0.842    pll/adc_clk_in
    PLLE2_ADV_X0Y0       PLLE2_ADV (Prop_plle2_adv_CLKIN1_CLKOUT5)
                                                      0.051     0.893 r  pll/pll/CLKOUT5
                         net (fo=1, routed)           0.497     1.390    pll_pwm_clk
    BUFGCTRL_X0Y2        BUFG (Prop_bufg_I_O)         0.026     1.416 r  bufg_pwm_clk/O
                         net (fo=160, routed)         0.588     2.003    pwm[1]/CLK
    SLICE_X37Y38         FDRE                                         r  pwm[1]/b_reg[10]/C
  -------------------------------------------------------------------    -------------------
    SLICE_X37Y38         FDRE (Prop_fdre_C_Q)         0.141     2.144 r  pwm[1]/b_reg[10]/Q
                         net (fo=1, routed)           0.112     2.257    pwm[1]/b_reg_n_0_[10]
    SLICE_X37Y38         LUT6 (Prop_lut6_I0_O)        0.045     2.302 r  pwm[1]/b[9]_i_1__1/O
                         net (fo=1, routed)           0.000     2.302    pwm[1]/p_0_in[9]
    SLICE_X37Y38         FDRE                                         r  pwm[1]/b_reg[9]/D
  -------------------------------------------------------------------    -------------------

                         (clock pll_pwm_clk rise edge)
                                                      0.000     0.000 r  
    U18                                               0.000     0.000 r  adc_clk_i[1] (IN)
                         net (fo=0)                   0.000     0.000    adc_clk_i[1]
    U18                  IBUFDS (Prop_ibufds_I_O)     0.433     0.433 r  i_clk/O
                         net (fo=1, routed)           0.481     0.914    pll/adc_clk_in
    PLLE2_ADV_X0Y0       PLLE2_ADV (Prop_plle2_adv_CLKIN1_CLKOUT5)
                                                      0.054     0.968 r  pll/pll/CLKOUT5
                         net (fo=1, routed)           0.544     1.512    pll_pwm_clk
    BUFGCTRL_X0Y2        BUFG (Prop_bufg_I_O)         0.029     1.541 r  bufg_pwm_clk/O
                         net (fo=160, routed)         0.857     2.398    pwm[1]/CLK
    SLICE_X37Y38         FDRE                                         r  pwm[1]/b_reg[9]/C
                         clock pessimism             -0.395     2.003    
    SLICE_X37Y38         FDRE (Hold_fdre_C_D)         0.092     2.095    pwm[1]/b_reg[9]
  -------------------------------------------------------------------
                         required time                         -2.095    
                         arrival time                           2.302    
  -------------------------------------------------------------------
                         slack                                  0.206    

Slack (MET) :             0.213ns  (arrival time - required time)
  Source:                 pwm[2]/b_reg[8]/C
                            (rising edge-triggered cell FDRE clocked by pll_pwm_clk  {rise@0.000ns fall@2.000ns period=4.000ns})
  Destination:            pwm[2]/b_reg[7]/D
                            (rising edge-triggered cell FDRE clocked by pll_pwm_clk  {rise@0.000ns fall@2.000ns period=4.000ns})
  Path Group:             pll_pwm_clk
  Path Type:              Hold (Min at Fast Process Corner)
  Requirement:            0.000ns  (pll_pwm_clk rise@0.000ns - pll_pwm_clk rise@0.000ns)
  Data Path Delay:        0.342ns  (logic 0.186ns (54.411%)  route 0.156ns (45.589%))
  Logic Levels:           1  (LUT6=1)
  Clock Path Skew:        0.037ns (DCD - SCD - CPR)
    Destination Clock Delay (DCD):    2.397ns
    Source Clock Delay      (SCD):    2.001ns
    Clock Pessimism Removal (CPR):    0.359ns

    Location             Delay type                Incr(ns)  Path(ns)    Netlist Resource(s)
  -------------------------------------------------------------------    -------------------
                         (clock pll_pwm_clk rise edge)
                                                      0.000     0.000 r  
    U18                                               0.000     0.000 r  adc_clk_i[1] (IN)
                         net (fo=0)                   0.000     0.000    adc_clk_i[1]
    U18                  IBUFDS (Prop_ibufds_I_O)     0.401     0.401 r  i_clk/O
                         net (fo=1, routed)           0.440     0.842    pll/adc_clk_in
    PLLE2_ADV_X0Y0       PLLE2_ADV (Prop_plle2_adv_CLKIN1_CLKOUT5)
                                                      0.051     0.893 r  pll/pll/CLKOUT5
                         net (fo=1, routed)           0.497     1.390    pll_pwm_clk
    BUFGCTRL_X0Y2        BUFG (Prop_bufg_I_O)         0.026     1.416 r  bufg_pwm_clk/O
                         net (fo=160, routed)         0.586     2.001    pwm[2]/CLK
    SLICE_X39Y35         FDRE                                         r  pwm[2]/b_reg[8]/C
  -------------------------------------------------------------------    -------------------
    SLICE_X39Y35         FDRE (Prop_fdre_C_Q)         0.141     2.142 r  pwm[2]/b_reg[8]/Q
                         net (fo=1, routed)           0.156     2.298    pwm[2]/b_reg_n_0_[8]
    SLICE_X40Y35         LUT6 (Prop_lut6_I0_O)        0.045     2.343 r  pwm[2]/b[7]_i_1__0/O
                         net (fo=1, routed)           0.000     2.343    pwm[2]/p_0_in[7]
    SLICE_X40Y35         FDRE                                         r  pwm[2]/b_reg[7]/D
  -------------------------------------------------------------------    -------------------

                         (clock pll_pwm_clk rise edge)
                                                      0.000     0.000 r  
    U18                                               0.000     0.000 r  adc_clk_i[1] (IN)
                         net (fo=0)                   0.000     0.000    adc_clk_i[1]
    U18                  IBUFDS (Prop_ibufds_I_O)     0.433     0.433 r  i_clk/O
                         net (fo=1, routed)           0.481     0.914    pll/adc_clk_in
    PLLE2_ADV_X0Y0       PLLE2_ADV (Prop_plle2_adv_CLKIN1_CLKOUT5)
                                                      0.054     0.968 r  pll/pll/CLKOUT5
                         net (fo=1, routed)           0.544     1.512    pll_pwm_clk
    BUFGCTRL_X0Y2        BUFG (Prop_bufg_I_O)         0.029     1.541 r  bufg_pwm_clk/O
                         net (fo=160, routed)         0.856     2.397    pwm[2]/CLK
    SLICE_X40Y35         FDRE                                         r  pwm[2]/b_reg[7]/C
                         clock pessimism             -0.359     2.038    
    SLICE_X40Y35         FDRE (Hold_fdre_C_D)         0.092     2.130    pwm[2]/b_reg[7]
  -------------------------------------------------------------------
                         required time                         -2.130    
                         arrival time                           2.343    
  -------------------------------------------------------------------
                         slack                                  0.213    





Pulse Width Checks
--------------------------------------------------------------------------------------
Clock Name:         pll_pwm_clk
Waveform(ns):       { 0.000 2.000 }
Period(ns):         4.000
Sources:            { pll/pll/CLKOUT5 }

Check Type        Corner  Lib Pin            Reference Pin  Required(ns)  Actual(ns)  Slack(ns)  Location        Pin
Min Period        n/a     BUFG/I             n/a            2.155         4.000       1.845      BUFGCTRL_X0Y2   bufg_pwm_clk/I
Min Period        n/a     FDRE/C             n/a            1.474         4.000       2.526      OLOGIC_X0Y48    pwm[1]/pwm_o_reg/C
Min Period        n/a     FDRE/C             n/a            1.474         4.000       2.526      OLOGIC_X0Y2     pwm[2]/pwm_o_reg/C
Min Period        n/a     FDRE/C             n/a            1.474         4.000       2.526      OLOGIC_X0Y44    pwm[3]/pwm_o_reg/C
Min Period        n/a     PLLE2_ADV/CLKOUT5  n/a            1.249         4.000       2.751      PLLE2_ADV_X0Y0  pll/pll/CLKOUT5
Min Period        n/a     FDRE/C             n/a            1.000         4.000       3.000      SLICE_X39Y41    pwm[1]/b_reg[0]/C
Min Period        n/a     FDRE/C             n/a            1.000         4.000       3.000      SLICE_X37Y38    pwm[1]/b_reg[10]/C
Min Period        n/a     FDRE/C             n/a            1.000         4.000       3.000      SLICE_X38Y38    pwm[1]/b_reg[11]/C
Min Period        n/a     FDRE/C             n/a            1.000         4.000       3.000      SLICE_X38Y38    pwm[1]/b_reg[12]/C
Min Period        n/a     FDRE/C             n/a            1.000         4.000       3.000      SLICE_X38Y38    pwm[1]/b_reg[13]/C
Max Period        n/a     PLLE2_ADV/CLKOUT5  n/a            160.000       4.000       156.000    PLLE2_ADV_X0Y0  pll/pll/CLKOUT5
Low Pulse Width   Slow    FDRE/C             n/a            0.500         2.000       1.500      SLICE_X40Y34    pwm[2]/b_reg[0]/C
Low Pulse Width   Slow    FDRE/C             n/a            0.500         2.000       1.500      SLICE_X39Y35    pwm[2]/b_reg[10]/C
Low Pulse Width   Slow    FDRE/C             n/a            0.500         2.000       1.500      SLICE_X39Y35    pwm[2]/b_reg[11]/C
Low Pulse Width   Slow    FDRE/C             n/a            0.500         2.000       1.500      SLICE_X39Y34    pwm[2]/b_reg[12]/C
Low Pulse Width   Slow    FDRE/C             n/a            0.500         2.000       1.500      SLICE_X39Y34    pwm[2]/b_reg[13]/C
Low Pulse Width   Slow    FDRE/C             n/a            0.500         2.000       1.500      SLICE_X39Y34    pwm[2]/b_reg[14]/C
Low Pulse Width   Slow    FDRE/C             n/a            0.500         2.000       1.500      SLICE_X39Y34    pwm[2]/b_reg[15]/C
Low Pulse Width   Slow    FDRE/C             n/a            0.500         2.000       1.500      SLICE_X40Y34    pwm[2]/b_reg[1]/C
Low Pulse Width   Slow    FDRE/C             n/a            0.500         2.000       1.500      SLICE_X40Y34    pwm[2]/b_reg[2]/C
Low Pulse Width   Slow    FDRE/C             n/a            0.500         2.000       1.500      SLICE_X40Y34    pwm[2]/b_reg[3]/C
High Pulse Width  Slow    FDRE/C             n/a            0.500         2.000       1.500      SLICE_X37Y38    pwm[1]/b_reg[10]/C
High Pulse Width  Slow    FDRE/C             n/a            0.500         2.000       1.500      SLICE_X38Y38    pwm[1]/b_reg[11]/C
High Pulse Width  Slow    FDRE/C             n/a            0.500         2.000       1.500      SLICE_X38Y38    pwm[1]/b_reg[12]/C
High Pulse Width  Slow    FDRE/C             n/a            0.500         2.000       1.500      SLICE_X38Y38    pwm[1]/b_reg[13]/C
High Pulse Width  Slow    FDRE/C             n/a            0.500         2.000       1.500      SLICE_X38Y38    pwm[1]/b_reg[14]/C
High Pulse Width  Slow    FDRE/C             n/a            0.500         2.000       1.500      SLICE_X39Y38    pwm[1]/b_reg[3]/C
High Pulse Width  Slow    FDRE/C             n/a            0.500         2.000       1.500      SLICE_X39Y38    pwm[1]/b_reg[4]/C
High Pulse Width  Slow    FDRE/C             n/a            0.500         2.000       1.500      SLICE_X39Y38    pwm[1]/b_reg[5]/C
High Pulse Width  Slow    FDRE/C             n/a            0.500         2.000       1.500      SLICE_X39Y38    pwm[1]/b_reg[6]/C
High Pulse Width  Slow    FDRE/C             n/a            0.500         2.000       1.500      SLICE_X37Y38    pwm[1]/b_reg[7]/C



---------------------------------------------------------------------------------------------------
From Clock:  clk_fpga_3
  To Clock:  clk_fpga_3

Setup :            2  Failing Endpoints,  Worst Slack       -0.054ns,  Total Violation       -0.100ns
Hold  :            0  Failing Endpoints,  Worst Slack        0.075ns,  Total Violation        0.000ns
PW    :            0  Failing Endpoints,  Worst Slack        1.000ns,  Total Violation        0.000ns
---------------------------------------------------------------------------------------------------


Max Delay Paths
--------------------------------------------------------------------------------------
Slack (VIOLATED) :        -0.054ns  (required time - arrival time)
  Source:                 ps/system_i/axi_protocol_converter_0/inst/gen_axilite.gen_b2s_conv.axilite_b2s/WR.aw_channel_0/cmd_translator_0/s_axburst_eq1_reg/C
                            (rising edge-triggered cell FDRE clocked by clk_fpga_3  {rise@0.000ns fall@2.500ns period=5.000ns})
  Destination:            ps/system_i/axi_protocol_converter_0/inst/gen_axilite.gen_b2s_conv.axilite_b2s/WR.aw_channel_0/cmd_translator_0/incr_cmd_0/axaddr_incr_reg[9]/D
                            (rising edge-triggered cell FDRE clocked by clk_fpga_3  {rise@0.000ns fall@2.500ns period=5.000ns})
  Path Group:             clk_fpga_3
  Path Type:              Setup (Max at Slow Process Corner)
  Requirement:            5.000ns  (clk_fpga_3 rise@5.000ns - clk_fpga_3 rise@0.000ns)
  Data Path Delay:        4.971ns  (logic 3.064ns (61.637%)  route 1.907ns (38.363%))
  Logic Levels:           8  (CARRY4=4 LUT3=2 LUT4=1 LUT6=1)
  Clock Path Skew:        -0.109ns (DCD - SCD + CPR)
    Destination Clock Delay (DCD):    2.685ns = ( 7.685 - 5.000 ) 
    Source Clock Delay      (SCD):    3.024ns
    Clock Pessimism Removal (CPR):    0.230ns
  Clock Uncertainty:      0.083ns  ((TSJ^2 + TIJ^2)^1/2 + DJ) / 2 + PE
    Total System Jitter     (TSJ):    0.071ns
    Total Input Jitter      (TIJ):    0.150ns
    Discrete Jitter          (DJ):    0.000ns
    Phase Error              (PE):    0.000ns

    Location             Delay type                Incr(ns)  Path(ns)    Netlist Resource(s)
  -------------------------------------------------------------------    -------------------
                         (clock clk_fpga_3 rise edge)
                                                      0.000     0.000 r  
    PS7_X0Y0             PS7                          0.000     0.000 r  ps/system_i/processing_system7/inst/PS7_i/FCLKCLK[3]
                         net (fo=1, routed)           1.207     1.207    ps/system_i/processing_system7/inst/FCLK_CLK_unbuffered[3]
    BUFGCTRL_X0Y1        BUFG (Prop_bufg_I_O)         0.101     1.308 r  ps/system_i/processing_system7/inst/buffer_fclk_clk_3.FCLK_CLK_3_BUFG/O
                         net (fo=836, routed)         1.716     3.024    ps/system_i/axi_protocol_converter_0/inst/gen_axilite.gen_b2s_conv.axilite_b2s/WR.aw_channel_0/cmd_translator_0/aclk
    SLICE_X4Y58          FDRE                                         r  ps/system_i/axi_protocol_converter_0/inst/gen_axilite.gen_b2s_conv.axilite_b2s/WR.aw_channel_0/cmd_translator_0/s_axburst_eq1_reg/C
  -------------------------------------------------------------------    -------------------
    SLICE_X4Y58          FDRE (Prop_fdre_C_Q)         0.478     3.502 r  ps/system_i/axi_protocol_converter_0/inst/gen_axilite.gen_b2s_conv.axilite_b2s/WR.aw_channel_0/cmd_translator_0/s_axburst_eq1_reg/Q
                         net (fo=1, routed)           0.469     3.971    ps/system_i/axi_protocol_converter_0/inst/gen_axilite.gen_b2s_conv.axilite_b2s/WR.aw_channel_0/cmd_translator_0/s_axburst_eq1
    SLICE_X4Y58          LUT3 (Prop_lut3_I0_O)        0.295     4.266 r  ps/system_i/axi_protocol_converter_0/inst/gen_axilite.gen_b2s_conv.axilite_b2s/WR.aw_channel_0/cmd_translator_0/memory_reg[3][0]_srl4_i_2/O
                         net (fo=4, routed)           0.421     4.687    ps/system_i/axi_protocol_converter_0/inst/gen_axilite.gen_b2s_conv.axilite_b2s/WR.aw_channel_0/aw_cmd_fsm_0/s_axburst_eq1_reg_0
    SLICE_X2Y58          LUT6 (Prop_lut6_I0_O)        0.124     4.811 r  ps/system_i/axi_protocol_converter_0/inst/gen_axilite.gen_b2s_conv.axilite_b2s/WR.aw_channel_0/aw_cmd_fsm_0/next_pending_r_i_3/O
                         net (fo=24, routed)          0.434     5.246    ps/system_i/axi_protocol_converter_0/inst/gen_axilite.gen_b2s_conv.axilite_b2s/WR.aw_channel_0/cmd_translator_0/incr_cmd_0/cnt_read_reg[1]_rep__0
    SLICE_X5Y59          LUT4 (Prop_lut4_I1_O)        0.124     5.370 r  ps/system_i/axi_protocol_converter_0/inst/gen_axilite.gen_b2s_conv.axilite_b2s/WR.aw_channel_0/cmd_translator_0/incr_cmd_0/axaddr_incr[0]_i_17/O
                         net (fo=1, routed)           0.000     5.370    ps/system_i/axi_protocol_converter_0/inst/gen_axilite.gen_b2s_conv.axilite_b2s/SI_REG/aw_pipe/S[1]
    SLICE_X5Y59          CARRY4 (Prop_carry4_S[1]_CO[3])
                                                      0.550     5.920 r  ps/system_i/axi_protocol_converter_0/inst/gen_axilite.gen_b2s_conv.axilite_b2s/SI_REG/aw_pipe/axaddr_incr_reg[0]_i_11/CO[3]
                         net (fo=1, routed)           0.000     5.920    ps/system_i/axi_protocol_converter_0/inst/gen_axilite.gen_b2s_conv.axilite_b2s/SI_REG/aw_pipe/axaddr_incr_reg[0]_i_11_n_0
    SLICE_X5Y60          CARRY4 (Prop_carry4_CI_O[1])
                                                      0.334     6.254 r  ps/system_i/axi_protocol_converter_0/inst/gen_axilite.gen_b2s_conv.axilite_b2s/SI_REG/aw_pipe/axaddr_incr_reg[4]_i_6/O[1]
                         net (fo=1, routed)           0.582     6.836    ps/system_i/axi_protocol_converter_0/inst/gen_axilite.gen_b2s_conv.axilite_b2s/WR.aw_channel_0/cmd_translator_0/incr_cmd_0/m_payload_i_reg[11][1]
    SLICE_X6Y60          LUT3 (Prop_lut3_I0_O)        0.303     7.139 r  ps/system_i/axi_protocol_converter_0/inst/gen_axilite.gen_b2s_conv.axilite_b2s/WR.aw_channel_0/cmd_translator_0/incr_cmd_0/axaddr_incr[4]_i_4/O
                         net (fo=1, routed)           0.000     7.139    ps/system_i/axi_protocol_converter_0/inst/gen_axilite.gen_b2s_conv.axilite_b2s/WR.aw_channel_0/cmd_translator_0/incr_cmd_0/axaddr_incr[4]_i_4_n_0
    SLICE_X6Y60          CARRY4 (Prop_carry4_S[1]_CO[3])
                                                      0.533     7.672 r  ps/system_i/axi_protocol_converter_0/inst/gen_axilite.gen_b2s_conv.axilite_b2s/WR.aw_channel_0/cmd_translator_0/incr_cmd_0/axaddr_incr_reg[4]_i_1/CO[3]
                         net (fo=1, routed)           0.000     7.672    ps/system_i/axi_protocol_converter_0/inst/gen_axilite.gen_b2s_conv.axilite_b2s/WR.aw_channel_0/cmd_translator_0/incr_cmd_0/axaddr_incr_reg[4]_i_1_n_0
    SLICE_X6Y61          CARRY4 (Prop_carry4_CI_O[1])
                                                      0.323     7.995 r  ps/system_i/axi_protocol_converter_0/inst/gen_axilite.gen_b2s_conv.axilite_b2s/WR.aw_channel_0/cmd_translator_0/incr_cmd_0/axaddr_incr_reg[8]_i_1/O[1]
                         net (fo=1, routed)           0.000     7.995    ps/system_i/axi_protocol_converter_0/inst/gen_axilite.gen_b2s_conv.axilite_b2s/WR.aw_channel_0/cmd_translator_0/incr_cmd_0/axaddr_incr_reg[8]_i_1_n_6
    SLICE_X6Y61          FDRE                                         r  ps/system_i/axi_protocol_converter_0/inst/gen_axilite.gen_b2s_conv.axilite_b2s/WR.aw_channel_0/cmd_translator_0/incr_cmd_0/axaddr_incr_reg[9]/D
  -------------------------------------------------------------------    -------------------

                         (clock clk_fpga_3 rise edge)
                                                      5.000     5.000 r  
    PS7_X0Y0             PS7                          0.000     5.000 r  ps/system_i/processing_system7/inst/PS7_i/FCLKCLK[3]
                         net (fo=1, routed)           1.101     6.101    ps/system_i/processing_system7/inst/FCLK_CLK_unbuffered[3]
    BUFGCTRL_X0Y1        BUFG (Prop_bufg_I_O)         0.091     6.192 r  ps/system_i/processing_system7/inst/buffer_fclk_clk_3.FCLK_CLK_3_BUFG/O
                         net (fo=836, routed)         1.493     7.685    ps/system_i/axi_protocol_converter_0/inst/gen_axilite.gen_b2s_conv.axilite_b2s/WR.aw_channel_0/cmd_translator_0/incr_cmd_0/aclk
    SLICE_X6Y61          FDRE                                         r  ps/system_i/axi_protocol_converter_0/inst/gen_axilite.gen_b2s_conv.axilite_b2s/WR.aw_channel_0/cmd_translator_0/incr_cmd_0/axaddr_incr_reg[9]/C
                         clock pessimism              0.230     7.915    
                         clock uncertainty           -0.083     7.832    
    SLICE_X6Y61          FDRE (Setup_fdre_C_D)        0.109     7.941    ps/system_i/axi_protocol_converter_0/inst/gen_axilite.gen_b2s_conv.axilite_b2s/WR.aw_channel_0/cmd_translator_0/incr_cmd_0/axaddr_incr_reg[9]
  -------------------------------------------------------------------
                         required time                          7.941    
                         arrival time                          -7.995    
  -------------------------------------------------------------------
                         slack                                 -0.054    

Slack (VIOLATED) :        -0.046ns  (required time - arrival time)
  Source:                 ps/system_i/axi_protocol_converter_0/inst/gen_axilite.gen_b2s_conv.axilite_b2s/WR.aw_channel_0/cmd_translator_0/s_axburst_eq1_reg/C
                            (rising edge-triggered cell FDRE clocked by clk_fpga_3  {rise@0.000ns fall@2.500ns period=5.000ns})
  Destination:            ps/system_i/axi_protocol_converter_0/inst/gen_axilite.gen_b2s_conv.axilite_b2s/WR.aw_channel_0/cmd_translator_0/incr_cmd_0/axaddr_incr_reg[11]/D
                            (rising edge-triggered cell FDRE clocked by clk_fpga_3  {rise@0.000ns fall@2.500ns period=5.000ns})
  Path Group:             clk_fpga_3
  Path Type:              Setup (Max at Slow Process Corner)
  Requirement:            5.000ns  (clk_fpga_3 rise@5.000ns - clk_fpga_3 rise@0.000ns)
  Data Path Delay:        4.963ns  (logic 3.056ns (61.575%)  route 1.907ns (38.425%))
  Logic Levels:           8  (CARRY4=4 LUT3=2 LUT4=1 LUT6=1)
  Clock Path Skew:        -0.109ns (DCD - SCD + CPR)
    Destination Clock Delay (DCD):    2.685ns = ( 7.685 - 5.000 ) 
    Source Clock Delay      (SCD):    3.024ns
    Clock Pessimism Removal (CPR):    0.230ns
  Clock Uncertainty:      0.083ns  ((TSJ^2 + TIJ^2)^1/2 + DJ) / 2 + PE
    Total System Jitter     (TSJ):    0.071ns
    Total Input Jitter      (TIJ):    0.150ns
    Discrete Jitter          (DJ):    0.000ns
    Phase Error              (PE):    0.000ns

    Location             Delay type                Incr(ns)  Path(ns)    Netlist Resource(s)
  -------------------------------------------------------------------    -------------------
                         (clock clk_fpga_3 rise edge)
                                                      0.000     0.000 r  
    PS7_X0Y0             PS7                          0.000     0.000 r  ps/system_i/processing_system7/inst/PS7_i/FCLKCLK[3]
                         net (fo=1, routed)           1.207     1.207    ps/system_i/processing_system7/inst/FCLK_CLK_unbuffered[3]
    BUFGCTRL_X0Y1        BUFG (Prop_bufg_I_O)         0.101     1.308 r  ps/system_i/processing_system7/inst/buffer_fclk_clk_3.FCLK_CLK_3_BUFG/O
                         net (fo=836, routed)         1.716     3.024    ps/system_i/axi_protocol_converter_0/inst/gen_axilite.gen_b2s_conv.axilite_b2s/WR.aw_channel_0/cmd_translator_0/aclk
    SLICE_X4Y58          FDRE                                         r  ps/system_i/axi_protocol_converter_0/inst/gen_axilite.gen_b2s_conv.axilite_b2s/WR.aw_channel_0/cmd_translator_0/s_axburst_eq1_reg/C
  -------------------------------------------------------------------    -------------------
    SLICE_X4Y58          FDRE (Prop_fdre_C_Q)         0.478     3.502 r  ps/system_i/axi_protocol_converter_0/inst/gen_axilite.gen_b2s_conv.axilite_b2s/WR.aw_channel_0/cmd_translator_0/s_axburst_eq1_reg/Q
                         net (fo=1, routed)           0.469     3.971    ps/system_i/axi_protocol_converter_0/inst/gen_axilite.gen_b2s_conv.axilite_b2s/WR.aw_channel_0/cmd_translator_0/s_axburst_eq1
    SLICE_X4Y58          LUT3 (Prop_lut3_I0_O)        0.295     4.266 r  ps/system_i/axi_protocol_converter_0/inst/gen_axilite.gen_b2s_conv.axilite_b2s/WR.aw_channel_0/cmd_translator_0/memory_reg[3][0]_srl4_i_2/O
                         net (fo=4, routed)           0.421     4.687    ps/system_i/axi_protocol_converter_0/inst/gen_axilite.gen_b2s_conv.axilite_b2s/WR.aw_channel_0/aw_cmd_fsm_0/s_axburst_eq1_reg_0
    SLICE_X2Y58          LUT6 (Prop_lut6_I0_O)        0.124     4.811 r  ps/system_i/axi_protocol_converter_0/inst/gen_axilite.gen_b2s_conv.axilite_b2s/WR.aw_channel_0/aw_cmd_fsm_0/next_pending_r_i_3/O
                         net (fo=24, routed)          0.434     5.246    ps/system_i/axi_protocol_converter_0/inst/gen_axilite.gen_b2s_conv.axilite_b2s/WR.aw_channel_0/cmd_translator_0/incr_cmd_0/cnt_read_reg[1]_rep__0
    SLICE_X5Y59          LUT4 (Prop_lut4_I1_O)        0.124     5.370 r  ps/system_i/axi_protocol_converter_0/inst/gen_axilite.gen_b2s_conv.axilite_b2s/WR.aw_channel_0/cmd_translator_0/incr_cmd_0/axaddr_incr[0]_i_17/O
                         net (fo=1, routed)           0.000     5.370    ps/system_i/axi_protocol_converter_0/inst/gen_axilite.gen_b2s_conv.axilite_b2s/SI_REG/aw_pipe/S[1]
    SLICE_X5Y59          CARRY4 (Prop_carry4_S[1]_CO[3])
                                                      0.550     5.920 r  ps/system_i/axi_protocol_converter_0/inst/gen_axilite.gen_b2s_conv.axilite_b2s/SI_REG/aw_pipe/axaddr_incr_reg[0]_i_11/CO[3]
                         net (fo=1, routed)           0.000     5.920    ps/system_i/axi_protocol_converter_0/inst/gen_axilite.gen_b2s_conv.axilite_b2s/SI_REG/aw_pipe/axaddr_incr_reg[0]_i_11_n_0
    SLICE_X5Y60          CARRY4 (Prop_carry4_CI_O[1])
                                                      0.334     6.254 r  ps/system_i/axi_protocol_converter_0/inst/gen_axilite.gen_b2s_conv.axilite_b2s/SI_REG/aw_pipe/axaddr_incr_reg[4]_i_6/O[1]
                         net (fo=1, routed)           0.582     6.836    ps/system_i/axi_protocol_converter_0/inst/gen_axilite.gen_b2s_conv.axilite_b2s/WR.aw_channel_0/cmd_translator_0/incr_cmd_0/m_payload_i_reg[11][1]
    SLICE_X6Y60          LUT3 (Prop_lut3_I0_O)        0.303     7.139 r  ps/system_i/axi_protocol_converter_0/inst/gen_axilite.gen_b2s_conv.axilite_b2s/WR.aw_channel_0/cmd_translator_0/incr_cmd_0/axaddr_incr[4]_i_4/O
                         net (fo=1, routed)           0.000     7.139    ps/system_i/axi_protocol_converter_0/inst/gen_axilite.gen_b2s_conv.axilite_b2s/WR.aw_channel_0/cmd_translator_0/incr_cmd_0/axaddr_incr[4]_i_4_n_0
    SLICE_X6Y60          CARRY4 (Prop_carry4_S[1]_CO[3])
                                                      0.533     7.672 r  ps/system_i/axi_protocol_converter_0/inst/gen_axilite.gen_b2s_conv.axilite_b2s/WR.aw_channel_0/cmd_translator_0/incr_cmd_0/axaddr_incr_reg[4]_i_1/CO[3]
                         net (fo=1, routed)           0.000     7.672    ps/system_i/axi_protocol_converter_0/inst/gen_axilite.gen_b2s_conv.axilite_b2s/WR.aw_channel_0/cmd_translator_0/incr_cmd_0/axaddr_incr_reg[4]_i_1_n_0
    SLICE_X6Y61          CARRY4 (Prop_carry4_CI_O[3])
                                                      0.315     7.987 r  ps/system_i/axi_protocol_converter_0/inst/gen_axilite.gen_b2s_conv.axilite_b2s/WR.aw_channel_0/cmd_translator_0/incr_cmd_0/axaddr_incr_reg[8]_i_1/O[3]
                         net (fo=1, routed)           0.000     7.987    ps/system_i/axi_protocol_converter_0/inst/gen_axilite.gen_b2s_conv.axilite_b2s/WR.aw_channel_0/cmd_translator_0/incr_cmd_0/axaddr_incr_reg[8]_i_1_n_4
    SLICE_X6Y61          FDRE                                         r  ps/system_i/axi_protocol_converter_0/inst/gen_axilite.gen_b2s_conv.axilite_b2s/WR.aw_channel_0/cmd_translator_0/incr_cmd_0/axaddr_incr_reg[11]/D
  -------------------------------------------------------------------    -------------------

                         (clock clk_fpga_3 rise edge)
                                                      5.000     5.000 r  
    PS7_X0Y0             PS7                          0.000     5.000 r  ps/system_i/processing_system7/inst/PS7_i/FCLKCLK[3]
                         net (fo=1, routed)           1.101     6.101    ps/system_i/processing_system7/inst/FCLK_CLK_unbuffered[3]
    BUFGCTRL_X0Y1        BUFG (Prop_bufg_I_O)         0.091     6.192 r  ps/system_i/processing_system7/inst/buffer_fclk_clk_3.FCLK_CLK_3_BUFG/O
                         net (fo=836, routed)         1.493     7.685    ps/system_i/axi_protocol_converter_0/inst/gen_axilite.gen_b2s_conv.axilite_b2s/WR.aw_channel_0/cmd_translator_0/incr_cmd_0/aclk
    SLICE_X6Y61          FDRE                                         r  ps/system_i/axi_protocol_converter_0/inst/gen_axilite.gen_b2s_conv.axilite_b2s/WR.aw_channel_0/cmd_translator_0/incr_cmd_0/axaddr_incr_reg[11]/C
                         clock pessimism              0.230     7.915    
                         clock uncertainty           -0.083     7.832    
    SLICE_X6Y61          FDRE (Setup_fdre_C_D)        0.109     7.941    ps/system_i/axi_protocol_converter_0/inst/gen_axilite.gen_b2s_conv.axilite_b2s/WR.aw_channel_0/cmd_translator_0/incr_cmd_0/axaddr_incr_reg[11]
  -------------------------------------------------------------------
                         required time                          7.941    
                         arrival time                          -7.987    
  -------------------------------------------------------------------
                         slack                                 -0.046    

Slack (MET) :             0.030ns  (required time - arrival time)
  Source:                 ps/system_i/axi_protocol_converter_0/inst/gen_axilite.gen_b2s_conv.axilite_b2s/WR.aw_channel_0/cmd_translator_0/s_axburst_eq1_reg/C
                            (rising edge-triggered cell FDRE clocked by clk_fpga_3  {rise@0.000ns fall@2.500ns period=5.000ns})
  Destination:            ps/system_i/axi_protocol_converter_0/inst/gen_axilite.gen_b2s_conv.axilite_b2s/WR.aw_channel_0/cmd_translator_0/incr_cmd_0/axaddr_incr_reg[10]/D
                            (rising edge-triggered cell FDRE clocked by clk_fpga_3  {rise@0.000ns fall@2.500ns period=5.000ns})
  Path Group:             clk_fpga_3
  Path Type:              Setup (Max at Slow Process Corner)
  Requirement:            5.000ns  (clk_fpga_3 rise@5.000ns - clk_fpga_3 rise@0.000ns)
  Data Path Delay:        4.887ns  (logic 2.980ns (60.977%)  route 1.907ns (39.023%))
  Logic Levels:           8  (CARRY4=4 LUT3=2 LUT4=1 LUT6=1)
  Clock Path Skew:        -0.109ns (DCD - SCD + CPR)
    Destination Clock Delay (DCD):    2.685ns = ( 7.685 - 5.000 ) 
    Source Clock Delay      (SCD):    3.024ns
    Clock Pessimism Removal (CPR):    0.230ns
  Clock Uncertainty:      0.083ns  ((TSJ^2 + TIJ^2)^1/2 + DJ) / 2 + PE
    Total System Jitter     (TSJ):    0.071ns
    Total Input Jitter      (TIJ):    0.150ns
    Discrete Jitter          (DJ):    0.000ns
    Phase Error              (PE):    0.000ns

    Location             Delay type                Incr(ns)  Path(ns)    Netlist Resource(s)
  -------------------------------------------------------------------    -------------------
                         (clock clk_fpga_3 rise edge)
                                                      0.000     0.000 r  
    PS7_X0Y0             PS7                          0.000     0.000 r  ps/system_i/processing_system7/inst/PS7_i/FCLKCLK[3]
                         net (fo=1, routed)           1.207     1.207    ps/system_i/processing_system7/inst/FCLK_CLK_unbuffered[3]
    BUFGCTRL_X0Y1        BUFG (Prop_bufg_I_O)         0.101     1.308 r  ps/system_i/processing_system7/inst/buffer_fclk_clk_3.FCLK_CLK_3_BUFG/O
                         net (fo=836, routed)         1.716     3.024    ps/system_i/axi_protocol_converter_0/inst/gen_axilite.gen_b2s_conv.axilite_b2s/WR.aw_channel_0/cmd_translator_0/aclk
    SLICE_X4Y58          FDRE                                         r  ps/system_i/axi_protocol_converter_0/inst/gen_axilite.gen_b2s_conv.axilite_b2s/WR.aw_channel_0/cmd_translator_0/s_axburst_eq1_reg/C
  -------------------------------------------------------------------    -------------------
    SLICE_X4Y58          FDRE (Prop_fdre_C_Q)         0.478     3.502 r  ps/system_i/axi_protocol_converter_0/inst/gen_axilite.gen_b2s_conv.axilite_b2s/WR.aw_channel_0/cmd_translator_0/s_axburst_eq1_reg/Q
                         net (fo=1, routed)           0.469     3.971    ps/system_i/axi_protocol_converter_0/inst/gen_axilite.gen_b2s_conv.axilite_b2s/WR.aw_channel_0/cmd_translator_0/s_axburst_eq1
    SLICE_X4Y58          LUT3 (Prop_lut3_I0_O)        0.295     4.266 r  ps/system_i/axi_protocol_converter_0/inst/gen_axilite.gen_b2s_conv.axilite_b2s/WR.aw_channel_0/cmd_translator_0/memory_reg[3][0]_srl4_i_2/O
                         net (fo=4, routed)           0.421     4.687    ps/system_i/axi_protocol_converter_0/inst/gen_axilite.gen_b2s_conv.axilite_b2s/WR.aw_channel_0/aw_cmd_fsm_0/s_axburst_eq1_reg_0
    SLICE_X2Y58          LUT6 (Prop_lut6_I0_O)        0.124     4.811 r  ps/system_i/axi_protocol_converter_0/inst/gen_axilite.gen_b2s_conv.axilite_b2s/WR.aw_channel_0/aw_cmd_fsm_0/next_pending_r_i_3/O
                         net (fo=24, routed)          0.434     5.246    ps/system_i/axi_protocol_converter_0/inst/gen_axilite.gen_b2s_conv.axilite_b2s/WR.aw_channel_0/cmd_translator_0/incr_cmd_0/cnt_read_reg[1]_rep__0
    SLICE_X5Y59          LUT4 (Prop_lut4_I1_O)        0.124     5.370 r  ps/system_i/axi_protocol_converter_0/inst/gen_axilite.gen_b2s_conv.axilite_b2s/WR.aw_channel_0/cmd_translator_0/incr_cmd_0/axaddr_incr[0]_i_17/O
                         net (fo=1, routed)           0.000     5.370    ps/system_i/axi_protocol_converter_0/inst/gen_axilite.gen_b2s_conv.axilite_b2s/SI_REG/aw_pipe/S[1]
    SLICE_X5Y59          CARRY4 (Prop_carry4_S[1]_CO[3])
                                                      0.550     5.920 r  ps/system_i/axi_protocol_converter_0/inst/gen_axilite.gen_b2s_conv.axilite_b2s/SI_REG/aw_pipe/axaddr_incr_reg[0]_i_11/CO[3]
                         net (fo=1, routed)           0.000     5.920    ps/system_i/axi_protocol_converter_0/inst/gen_axilite.gen_b2s_conv.axilite_b2s/SI_REG/aw_pipe/axaddr_incr_reg[0]_i_11_n_0
    SLICE_X5Y60          CARRY4 (Prop_carry4_CI_O[1])
                                                      0.334     6.254 r  ps/system_i/axi_protocol_converter_0/inst/gen_axilite.gen_b2s_conv.axilite_b2s/SI_REG/aw_pipe/axaddr_incr_reg[4]_i_6/O[1]
                         net (fo=1, routed)           0.582     6.836    ps/system_i/axi_protocol_converter_0/inst/gen_axilite.gen_b2s_conv.axilite_b2s/WR.aw_channel_0/cmd_translator_0/incr_cmd_0/m_payload_i_reg[11][1]
    SLICE_X6Y60          LUT3 (Prop_lut3_I0_O)        0.303     7.139 r  ps/system_i/axi_protocol_converter_0/inst/gen_axilite.gen_b2s_conv.axilite_b2s/WR.aw_channel_0/cmd_translator_0/incr_cmd_0/axaddr_incr[4]_i_4/O
                         net (fo=1, routed)           0.000     7.139    ps/system_i/axi_protocol_converter_0/inst/gen_axilite.gen_b2s_conv.axilite_b2s/WR.aw_channel_0/cmd_translator_0/incr_cmd_0/axaddr_incr[4]_i_4_n_0
    SLICE_X6Y60          CARRY4 (Prop_carry4_S[1]_CO[3])
                                                      0.533     7.672 r  ps/system_i/axi_protocol_converter_0/inst/gen_axilite.gen_b2s_conv.axilite_b2s/WR.aw_channel_0/cmd_translator_0/incr_cmd_0/axaddr_incr_reg[4]_i_1/CO[3]
                         net (fo=1, routed)           0.000     7.672    ps/system_i/axi_protocol_converter_0/inst/gen_axilite.gen_b2s_conv.axilite_b2s/WR.aw_channel_0/cmd_translator_0/incr_cmd_0/axaddr_incr_reg[4]_i_1_n_0
    SLICE_X6Y61          CARRY4 (Prop_carry4_CI_O[2])
                                                      0.239     7.911 r  ps/system_i/axi_protocol_converter_0/inst/gen_axilite.gen_b2s_conv.axilite_b2s/WR.aw_channel_0/cmd_translator_0/incr_cmd_0/axaddr_incr_reg[8]_i_1/O[2]
                         net (fo=1, routed)           0.000     7.911    ps/system_i/axi_protocol_converter_0/inst/gen_axilite.gen_b2s_conv.axilite_b2s/WR.aw_channel_0/cmd_translator_0/incr_cmd_0/axaddr_incr_reg[8]_i_1_n_5
    SLICE_X6Y61          FDRE                                         r  ps/system_i/axi_protocol_converter_0/inst/gen_axilite.gen_b2s_conv.axilite_b2s/WR.aw_channel_0/cmd_translator_0/incr_cmd_0/axaddr_incr_reg[10]/D
  -------------------------------------------------------------------    -------------------

                         (clock clk_fpga_3 rise edge)
                                                      5.000     5.000 r  
    PS7_X0Y0             PS7                          0.000     5.000 r  ps/system_i/processing_system7/inst/PS7_i/FCLKCLK[3]
                         net (fo=1, routed)           1.101     6.101    ps/system_i/processing_system7/inst/FCLK_CLK_unbuffered[3]
    BUFGCTRL_X0Y1        BUFG (Prop_bufg_I_O)         0.091     6.192 r  ps/system_i/processing_system7/inst/buffer_fclk_clk_3.FCLK_CLK_3_BUFG/O
                         net (fo=836, routed)         1.493     7.685    ps/system_i/axi_protocol_converter_0/inst/gen_axilite.gen_b2s_conv.axilite_b2s/WR.aw_channel_0/cmd_translator_0/incr_cmd_0/aclk
    SLICE_X6Y61          FDRE                                         r  ps/system_i/axi_protocol_converter_0/inst/gen_axilite.gen_b2s_conv.axilite_b2s/WR.aw_channel_0/cmd_translator_0/incr_cmd_0/axaddr_incr_reg[10]/C
                         clock pessimism              0.230     7.915    
                         clock uncertainty           -0.083     7.832    
    SLICE_X6Y61          FDRE (Setup_fdre_C_D)        0.109     7.941    ps/system_i/axi_protocol_converter_0/inst/gen_axilite.gen_b2s_conv.axilite_b2s/WR.aw_channel_0/cmd_translator_0/incr_cmd_0/axaddr_incr_reg[10]
  -------------------------------------------------------------------
                         required time                          7.941    
                         arrival time                          -7.911    
  -------------------------------------------------------------------
                         slack                                  0.030    

Slack (MET) :             0.050ns  (required time - arrival time)
  Source:                 ps/system_i/axi_protocol_converter_0/inst/gen_axilite.gen_b2s_conv.axilite_b2s/WR.aw_channel_0/cmd_translator_0/s_axburst_eq1_reg/C
                            (rising edge-triggered cell FDRE clocked by clk_fpga_3  {rise@0.000ns fall@2.500ns period=5.000ns})
  Destination:            ps/system_i/axi_protocol_converter_0/inst/gen_axilite.gen_b2s_conv.axilite_b2s/WR.aw_channel_0/cmd_translator_0/incr_cmd_0/axaddr_incr_reg[8]/D
                            (rising edge-triggered cell FDRE clocked by clk_fpga_3  {rise@0.000ns fall@2.500ns period=5.000ns})
  Path Group:             clk_fpga_3
  Path Type:              Setup (Max at Slow Process Corner)
  Requirement:            5.000ns  (clk_fpga_3 rise@5.000ns - clk_fpga_3 rise@0.000ns)
  Data Path Delay:        4.867ns  (logic 2.960ns (60.817%)  route 1.907ns (39.183%))
  Logic Levels:           8  (CARRY4=4 LUT3=2 LUT4=1 LUT6=1)
  Clock Path Skew:        -0.109ns (DCD - SCD + CPR)
    Destination Clock Delay (DCD):    2.685ns = ( 7.685 - 5.000 ) 
    Source Clock Delay      (SCD):    3.024ns
    Clock Pessimism Removal (CPR):    0.230ns
  Clock Uncertainty:      0.083ns  ((TSJ^2 + TIJ^2)^1/2 + DJ) / 2 + PE
    Total System Jitter     (TSJ):    0.071ns
    Total Input Jitter      (TIJ):    0.150ns
    Discrete Jitter          (DJ):    0.000ns
    Phase Error              (PE):    0.000ns

    Location             Delay type                Incr(ns)  Path(ns)    Netlist Resource(s)
  -------------------------------------------------------------------    -------------------
                         (clock clk_fpga_3 rise edge)
                                                      0.000     0.000 r  
    PS7_X0Y0             PS7                          0.000     0.000 r  ps/system_i/processing_system7/inst/PS7_i/FCLKCLK[3]
                         net (fo=1, routed)           1.207     1.207    ps/system_i/processing_system7/inst/FCLK_CLK_unbuffered[3]
    BUFGCTRL_X0Y1        BUFG (Prop_bufg_I_O)         0.101     1.308 r  ps/system_i/processing_system7/inst/buffer_fclk_clk_3.FCLK_CLK_3_BUFG/O
                         net (fo=836, routed)         1.716     3.024    ps/system_i/axi_protocol_converter_0/inst/gen_axilite.gen_b2s_conv.axilite_b2s/WR.aw_channel_0/cmd_translator_0/aclk
    SLICE_X4Y58          FDRE                                         r  ps/system_i/axi_protocol_converter_0/inst/gen_axilite.gen_b2s_conv.axilite_b2s/WR.aw_channel_0/cmd_translator_0/s_axburst_eq1_reg/C
  -------------------------------------------------------------------    -------------------
    SLICE_X4Y58          FDRE (Prop_fdre_C_Q)         0.478     3.502 r  ps/system_i/axi_protocol_converter_0/inst/gen_axilite.gen_b2s_conv.axilite_b2s/WR.aw_channel_0/cmd_translator_0/s_axburst_eq1_reg/Q
                         net (fo=1, routed)           0.469     3.971    ps/system_i/axi_protocol_converter_0/inst/gen_axilite.gen_b2s_conv.axilite_b2s/WR.aw_channel_0/cmd_translator_0/s_axburst_eq1
    SLICE_X4Y58          LUT3 (Prop_lut3_I0_O)        0.295     4.266 r  ps/system_i/axi_protocol_converter_0/inst/gen_axilite.gen_b2s_conv.axilite_b2s/WR.aw_channel_0/cmd_translator_0/memory_reg[3][0]_srl4_i_2/O
                         net (fo=4, routed)           0.421     4.687    ps/system_i/axi_protocol_converter_0/inst/gen_axilite.gen_b2s_conv.axilite_b2s/WR.aw_channel_0/aw_cmd_fsm_0/s_axburst_eq1_reg_0
    SLICE_X2Y58          LUT6 (Prop_lut6_I0_O)        0.124     4.811 r  ps/system_i/axi_protocol_converter_0/inst/gen_axilite.gen_b2s_conv.axilite_b2s/WR.aw_channel_0/aw_cmd_fsm_0/next_pending_r_i_3/O
                         net (fo=24, routed)          0.434     5.246    ps/system_i/axi_protocol_converter_0/inst/gen_axilite.gen_b2s_conv.axilite_b2s/WR.aw_channel_0/cmd_translator_0/incr_cmd_0/cnt_read_reg[1]_rep__0
    SLICE_X5Y59          LUT4 (Prop_lut4_I1_O)        0.124     5.370 r  ps/system_i/axi_protocol_converter_0/inst/gen_axilite.gen_b2s_conv.axilite_b2s/WR.aw_channel_0/cmd_translator_0/incr_cmd_0/axaddr_incr[0]_i_17/O
                         net (fo=1, routed)           0.000     5.370    ps/system_i/axi_protocol_converter_0/inst/gen_axilite.gen_b2s_conv.axilite_b2s/SI_REG/aw_pipe/S[1]
    SLICE_X5Y59          CARRY4 (Prop_carry4_S[1]_CO[3])
                                                      0.550     5.920 r  ps/system_i/axi_protocol_converter_0/inst/gen_axilite.gen_b2s_conv.axilite_b2s/SI_REG/aw_pipe/axaddr_incr_reg[0]_i_11/CO[3]
                         net (fo=1, routed)           0.000     5.920    ps/system_i/axi_protocol_converter_0/inst/gen_axilite.gen_b2s_conv.axilite_b2s/SI_REG/aw_pipe/axaddr_incr_reg[0]_i_11_n_0
    SLICE_X5Y60          CARRY4 (Prop_carry4_CI_O[1])
                                                      0.334     6.254 r  ps/system_i/axi_protocol_converter_0/inst/gen_axilite.gen_b2s_conv.axilite_b2s/SI_REG/aw_pipe/axaddr_incr_reg[4]_i_6/O[1]
                         net (fo=1, routed)           0.582     6.836    ps/system_i/axi_protocol_converter_0/inst/gen_axilite.gen_b2s_conv.axilite_b2s/WR.aw_channel_0/cmd_translator_0/incr_cmd_0/m_payload_i_reg[11][1]
    SLICE_X6Y60          LUT3 (Prop_lut3_I0_O)        0.303     7.139 r  ps/system_i/axi_protocol_converter_0/inst/gen_axilite.gen_b2s_conv.axilite_b2s/WR.aw_channel_0/cmd_translator_0/incr_cmd_0/axaddr_incr[4]_i_4/O
                         net (fo=1, routed)           0.000     7.139    ps/system_i/axi_protocol_converter_0/inst/gen_axilite.gen_b2s_conv.axilite_b2s/WR.aw_channel_0/cmd_translator_0/incr_cmd_0/axaddr_incr[4]_i_4_n_0
    SLICE_X6Y60          CARRY4 (Prop_carry4_S[1]_CO[3])
                                                      0.533     7.672 r  ps/system_i/axi_protocol_converter_0/inst/gen_axilite.gen_b2s_conv.axilite_b2s/WR.aw_channel_0/cmd_translator_0/incr_cmd_0/axaddr_incr_reg[4]_i_1/CO[3]
                         net (fo=1, routed)           0.000     7.672    ps/system_i/axi_protocol_converter_0/inst/gen_axilite.gen_b2s_conv.axilite_b2s/WR.aw_channel_0/cmd_translator_0/incr_cmd_0/axaddr_incr_reg[4]_i_1_n_0
    SLICE_X6Y61          CARRY4 (Prop_carry4_CI_O[0])
                                                      0.219     7.891 r  ps/system_i/axi_protocol_converter_0/inst/gen_axilite.gen_b2s_conv.axilite_b2s/WR.aw_channel_0/cmd_translator_0/incr_cmd_0/axaddr_incr_reg[8]_i_1/O[0]
                         net (fo=1, routed)           0.000     7.891    ps/system_i/axi_protocol_converter_0/inst/gen_axilite.gen_b2s_conv.axilite_b2s/WR.aw_channel_0/cmd_translator_0/incr_cmd_0/axaddr_incr_reg[8]_i_1_n_7
    SLICE_X6Y61          FDRE                                         r  ps/system_i/axi_protocol_converter_0/inst/gen_axilite.gen_b2s_conv.axilite_b2s/WR.aw_channel_0/cmd_translator_0/incr_cmd_0/axaddr_incr_reg[8]/D
  -------------------------------------------------------------------    -------------------

                         (clock clk_fpga_3 rise edge)
                                                      5.000     5.000 r  
    PS7_X0Y0             PS7                          0.000     5.000 r  ps/system_i/processing_system7/inst/PS7_i/FCLKCLK[3]
                         net (fo=1, routed)           1.101     6.101    ps/system_i/processing_system7/inst/FCLK_CLK_unbuffered[3]
    BUFGCTRL_X0Y1        BUFG (Prop_bufg_I_O)         0.091     6.192 r  ps/system_i/processing_system7/inst/buffer_fclk_clk_3.FCLK_CLK_3_BUFG/O
                         net (fo=836, routed)         1.493     7.685    ps/system_i/axi_protocol_converter_0/inst/gen_axilite.gen_b2s_conv.axilite_b2s/WR.aw_channel_0/cmd_translator_0/incr_cmd_0/aclk
    SLICE_X6Y61          FDRE                                         r  ps/system_i/axi_protocol_converter_0/inst/gen_axilite.gen_b2s_conv.axilite_b2s/WR.aw_channel_0/cmd_translator_0/incr_cmd_0/axaddr_incr_reg[8]/C
                         clock pessimism              0.230     7.915    
                         clock uncertainty           -0.083     7.832    
    SLICE_X6Y61          FDRE (Setup_fdre_C_D)        0.109     7.941    ps/system_i/axi_protocol_converter_0/inst/gen_axilite.gen_b2s_conv.axilite_b2s/WR.aw_channel_0/cmd_translator_0/incr_cmd_0/axaddr_incr_reg[8]
  -------------------------------------------------------------------
                         required time                          7.941    
                         arrival time                          -7.891    
  -------------------------------------------------------------------
                         slack                                  0.050    

Slack (MET) :             0.160ns  (required time - arrival time)
  Source:                 ps/system_i/axi_protocol_converter_0/inst/gen_axilite.gen_b2s_conv.axilite_b2s/WR.aw_channel_0/cmd_translator_0/s_axburst_eq1_reg/C
                            (rising edge-triggered cell FDRE clocked by clk_fpga_3  {rise@0.000ns fall@2.500ns period=5.000ns})
  Destination:            ps/system_i/axi_protocol_converter_0/inst/gen_axilite.gen_b2s_conv.axilite_b2s/WR.aw_channel_0/cmd_translator_0/incr_cmd_0/axaddr_incr_reg[7]/D
                            (rising edge-triggered cell FDRE clocked by clk_fpga_3  {rise@0.000ns fall@2.500ns period=5.000ns})
  Path Group:             clk_fpga_3
  Path Type:              Setup (Max at Slow Process Corner)
  Requirement:            5.000ns  (clk_fpga_3 rise@5.000ns - clk_fpga_3 rise@0.000ns)
  Data Path Delay:        4.758ns  (logic 2.851ns (59.919%)  route 1.907ns (40.081%))
  Logic Levels:           7  (CARRY4=3 LUT3=2 LUT4=1 LUT6=1)
  Clock Path Skew:        -0.108ns (DCD - SCD + CPR)
    Destination Clock Delay (DCD):    2.686ns = ( 7.686 - 5.000 ) 
    Source Clock Delay      (SCD):    3.024ns
    Clock Pessimism Removal (CPR):    0.230ns
  Clock Uncertainty:      0.083ns  ((TSJ^2 + TIJ^2)^1/2 + DJ) / 2 + PE
    Total System Jitter     (TSJ):    0.071ns
    Total Input Jitter      (TIJ):    0.150ns
    Discrete Jitter          (DJ):    0.000ns
    Phase Error              (PE):    0.000ns

    Location             Delay type                Incr(ns)  Path(ns)    Netlist Resource(s)
  -------------------------------------------------------------------    -------------------
                         (clock clk_fpga_3 rise edge)
                                                      0.000     0.000 r  
    PS7_X0Y0             PS7                          0.000     0.000 r  ps/system_i/processing_system7/inst/PS7_i/FCLKCLK[3]
                         net (fo=1, routed)           1.207     1.207    ps/system_i/processing_system7/inst/FCLK_CLK_unbuffered[3]
    BUFGCTRL_X0Y1        BUFG (Prop_bufg_I_O)         0.101     1.308 r  ps/system_i/processing_system7/inst/buffer_fclk_clk_3.FCLK_CLK_3_BUFG/O
                         net (fo=836, routed)         1.716     3.024    ps/system_i/axi_protocol_converter_0/inst/gen_axilite.gen_b2s_conv.axilite_b2s/WR.aw_channel_0/cmd_translator_0/aclk
    SLICE_X4Y58          FDRE                                         r  ps/system_i/axi_protocol_converter_0/inst/gen_axilite.gen_b2s_conv.axilite_b2s/WR.aw_channel_0/cmd_translator_0/s_axburst_eq1_reg/C
  -------------------------------------------------------------------    -------------------
    SLICE_X4Y58          FDRE (Prop_fdre_C_Q)         0.478     3.502 r  ps/system_i/axi_protocol_converter_0/inst/gen_axilite.gen_b2s_conv.axilite_b2s/WR.aw_channel_0/cmd_translator_0/s_axburst_eq1_reg/Q
                         net (fo=1, routed)           0.469     3.971    ps/system_i/axi_protocol_converter_0/inst/gen_axilite.gen_b2s_conv.axilite_b2s/WR.aw_channel_0/cmd_translator_0/s_axburst_eq1
    SLICE_X4Y58          LUT3 (Prop_lut3_I0_O)        0.295     4.266 r  ps/system_i/axi_protocol_converter_0/inst/gen_axilite.gen_b2s_conv.axilite_b2s/WR.aw_channel_0/cmd_translator_0/memory_reg[3][0]_srl4_i_2/O
                         net (fo=4, routed)           0.421     4.687    ps/system_i/axi_protocol_converter_0/inst/gen_axilite.gen_b2s_conv.axilite_b2s/WR.aw_channel_0/aw_cmd_fsm_0/s_axburst_eq1_reg_0
    SLICE_X2Y58          LUT6 (Prop_lut6_I0_O)        0.124     4.811 r  ps/system_i/axi_protocol_converter_0/inst/gen_axilite.gen_b2s_conv.axilite_b2s/WR.aw_channel_0/aw_cmd_fsm_0/next_pending_r_i_3/O
                         net (fo=24, routed)          0.434     5.246    ps/system_i/axi_protocol_converter_0/inst/gen_axilite.gen_b2s_conv.axilite_b2s/WR.aw_channel_0/cmd_translator_0/incr_cmd_0/cnt_read_reg[1]_rep__0
    SLICE_X5Y59          LUT4 (Prop_lut4_I1_O)        0.124     5.370 r  ps/system_i/axi_protocol_converter_0/inst/gen_axilite.gen_b2s_conv.axilite_b2s/WR.aw_channel_0/cmd_translator_0/incr_cmd_0/axaddr_incr[0]_i_17/O
                         net (fo=1, routed)           0.000     5.370    ps/system_i/axi_protocol_converter_0/inst/gen_axilite.gen_b2s_conv.axilite_b2s/SI_REG/aw_pipe/S[1]
    SLICE_X5Y59          CARRY4 (Prop_carry4_S[1]_CO[3])
                                                      0.550     5.920 r  ps/system_i/axi_protocol_converter_0/inst/gen_axilite.gen_b2s_conv.axilite_b2s/SI_REG/aw_pipe/axaddr_incr_reg[0]_i_11/CO[3]
                         net (fo=1, routed)           0.000     5.920    ps/system_i/axi_protocol_converter_0/inst/gen_axilite.gen_b2s_conv.axilite_b2s/SI_REG/aw_pipe/axaddr_incr_reg[0]_i_11_n_0
    SLICE_X5Y60          CARRY4 (Prop_carry4_CI_O[1])
                                                      0.334     6.254 r  ps/system_i/axi_protocol_converter_0/inst/gen_axilite.gen_b2s_conv.axilite_b2s/SI_REG/aw_pipe/axaddr_incr_reg[4]_i_6/O[1]
                         net (fo=1, routed)           0.582     6.836    ps/system_i/axi_protocol_converter_0/inst/gen_axilite.gen_b2s_conv.axilite_b2s/WR.aw_channel_0/cmd_translator_0/incr_cmd_0/m_payload_i_reg[11][1]
    SLICE_X6Y60          LUT3 (Prop_lut3_I0_O)        0.303     7.139 r  ps/system_i/axi_protocol_converter_0/inst/gen_axilite.gen_b2s_conv.axilite_b2s/WR.aw_channel_0/cmd_translator_0/incr_cmd_0/axaddr_incr[4]_i_4/O
                         net (fo=1, routed)           0.000     7.139    ps/system_i/axi_protocol_converter_0/inst/gen_axilite.gen_b2s_conv.axilite_b2s/WR.aw_channel_0/cmd_translator_0/incr_cmd_0/axaddr_incr[4]_i_4_n_0
    SLICE_X6Y60          CARRY4 (Prop_carry4_S[1]_O[3])
                                                      0.643     7.782 r  ps/system_i/axi_protocol_converter_0/inst/gen_axilite.gen_b2s_conv.axilite_b2s/WR.aw_channel_0/cmd_translator_0/incr_cmd_0/axaddr_incr_reg[4]_i_1/O[3]
                         net (fo=1, routed)           0.000     7.782    ps/system_i/axi_protocol_converter_0/inst/gen_axilite.gen_b2s_conv.axilite_b2s/WR.aw_channel_0/cmd_translator_0/incr_cmd_0/axaddr_incr_reg[4]_i_1_n_4
    SLICE_X6Y60          FDRE                                         r  ps/system_i/axi_protocol_converter_0/inst/gen_axilite.gen_b2s_conv.axilite_b2s/WR.aw_channel_0/cmd_translator_0/incr_cmd_0/axaddr_incr_reg[7]/D
  -------------------------------------------------------------------    -------------------

                         (clock clk_fpga_3 rise edge)
                                                      5.000     5.000 r  
    PS7_X0Y0             PS7                          0.000     5.000 r  ps/system_i/processing_system7/inst/PS7_i/FCLKCLK[3]
                         net (fo=1, routed)           1.101     6.101    ps/system_i/processing_system7/inst/FCLK_CLK_unbuffered[3]
    BUFGCTRL_X0Y1        BUFG (Prop_bufg_I_O)         0.091     6.192 r  ps/system_i/processing_system7/inst/buffer_fclk_clk_3.FCLK_CLK_3_BUFG/O
                         net (fo=836, routed)         1.494     7.686    ps/system_i/axi_protocol_converter_0/inst/gen_axilite.gen_b2s_conv.axilite_b2s/WR.aw_channel_0/cmd_translator_0/incr_cmd_0/aclk
    SLICE_X6Y60          FDRE                                         r  ps/system_i/axi_protocol_converter_0/inst/gen_axilite.gen_b2s_conv.axilite_b2s/WR.aw_channel_0/cmd_translator_0/incr_cmd_0/axaddr_incr_reg[7]/C
                         clock pessimism              0.230     7.916    
                         clock uncertainty           -0.083     7.833    
    SLICE_X6Y60          FDRE (Setup_fdre_C_D)        0.109     7.942    ps/system_i/axi_protocol_converter_0/inst/gen_axilite.gen_b2s_conv.axilite_b2s/WR.aw_channel_0/cmd_translator_0/incr_cmd_0/axaddr_incr_reg[7]
  -------------------------------------------------------------------
                         required time                          7.942    
                         arrival time                          -7.782    
  -------------------------------------------------------------------
                         slack                                  0.160    

Slack (MET) :             0.225ns  (required time - arrival time)
  Source:                 ps/system_i/axi_protocol_converter_0/inst/gen_axilite.gen_b2s_conv.axilite_b2s/WR.aw_channel_0/cmd_translator_0/s_axburst_eq1_reg/C
                            (rising edge-triggered cell FDRE clocked by clk_fpga_3  {rise@0.000ns fall@2.500ns period=5.000ns})
  Destination:            ps/system_i/axi_protocol_converter_0/inst/gen_axilite.gen_b2s_conv.axilite_b2s/WR.aw_channel_0/cmd_translator_0/incr_cmd_0/axaddr_incr_reg[6]/D
                            (rising edge-triggered cell FDRE clocked by clk_fpga_3  {rise@0.000ns fall@2.500ns period=5.000ns})
  Path Group:             clk_fpga_3
  Path Type:              Setup (Max at Slow Process Corner)
  Requirement:            5.000ns  (clk_fpga_3 rise@5.000ns - clk_fpga_3 rise@0.000ns)
  Data Path Delay:        4.693ns  (logic 2.786ns (59.364%)  route 1.907ns (40.636%))
  Logic Levels:           7  (CARRY4=3 LUT3=2 LUT4=1 LUT6=1)
  Clock Path Skew:        -0.108ns (DCD - SCD + CPR)
    Destination Clock Delay (DCD):    2.686ns = ( 7.686 - 5.000 ) 
    Source Clock Delay      (SCD):    3.024ns
    Clock Pessimism Removal (CPR):    0.230ns
  Clock Uncertainty:      0.083ns  ((TSJ^2 + TIJ^2)^1/2 + DJ) / 2 + PE
    Total System Jitter     (TSJ):    0.071ns
    Total Input Jitter      (TIJ):    0.150ns
    Discrete Jitter          (DJ):    0.000ns
    Phase Error              (PE):    0.000ns

    Location             Delay type                Incr(ns)  Path(ns)    Netlist Resource(s)
  -------------------------------------------------------------------    -------------------
                         (clock clk_fpga_3 rise edge)
                                                      0.000     0.000 r  
    PS7_X0Y0             PS7                          0.000     0.000 r  ps/system_i/processing_system7/inst/PS7_i/FCLKCLK[3]
                         net (fo=1, routed)           1.207     1.207    ps/system_i/processing_system7/inst/FCLK_CLK_unbuffered[3]
    BUFGCTRL_X0Y1        BUFG (Prop_bufg_I_O)         0.101     1.308 r  ps/system_i/processing_system7/inst/buffer_fclk_clk_3.FCLK_CLK_3_BUFG/O
                         net (fo=836, routed)         1.716     3.024    ps/system_i/axi_protocol_converter_0/inst/gen_axilite.gen_b2s_conv.axilite_b2s/WR.aw_channel_0/cmd_translator_0/aclk
    SLICE_X4Y58          FDRE                                         r  ps/system_i/axi_protocol_converter_0/inst/gen_axilite.gen_b2s_conv.axilite_b2s/WR.aw_channel_0/cmd_translator_0/s_axburst_eq1_reg/C
  -------------------------------------------------------------------    -------------------
    SLICE_X4Y58          FDRE (Prop_fdre_C_Q)         0.478     3.502 r  ps/system_i/axi_protocol_converter_0/inst/gen_axilite.gen_b2s_conv.axilite_b2s/WR.aw_channel_0/cmd_translator_0/s_axburst_eq1_reg/Q
                         net (fo=1, routed)           0.469     3.971    ps/system_i/axi_protocol_converter_0/inst/gen_axilite.gen_b2s_conv.axilite_b2s/WR.aw_channel_0/cmd_translator_0/s_axburst_eq1
    SLICE_X4Y58          LUT3 (Prop_lut3_I0_O)        0.295     4.266 r  ps/system_i/axi_protocol_converter_0/inst/gen_axilite.gen_b2s_conv.axilite_b2s/WR.aw_channel_0/cmd_translator_0/memory_reg[3][0]_srl4_i_2/O
                         net (fo=4, routed)           0.421     4.687    ps/system_i/axi_protocol_converter_0/inst/gen_axilite.gen_b2s_conv.axilite_b2s/WR.aw_channel_0/aw_cmd_fsm_0/s_axburst_eq1_reg_0
    SLICE_X2Y58          LUT6 (Prop_lut6_I0_O)        0.124     4.811 r  ps/system_i/axi_protocol_converter_0/inst/gen_axilite.gen_b2s_conv.axilite_b2s/WR.aw_channel_0/aw_cmd_fsm_0/next_pending_r_i_3/O
                         net (fo=24, routed)          0.434     5.246    ps/system_i/axi_protocol_converter_0/inst/gen_axilite.gen_b2s_conv.axilite_b2s/WR.aw_channel_0/cmd_translator_0/incr_cmd_0/cnt_read_reg[1]_rep__0
    SLICE_X5Y59          LUT4 (Prop_lut4_I1_O)        0.124     5.370 r  ps/system_i/axi_protocol_converter_0/inst/gen_axilite.gen_b2s_conv.axilite_b2s/WR.aw_channel_0/cmd_translator_0/incr_cmd_0/axaddr_incr[0]_i_17/O
                         net (fo=1, routed)           0.000     5.370    ps/system_i/axi_protocol_converter_0/inst/gen_axilite.gen_b2s_conv.axilite_b2s/SI_REG/aw_pipe/S[1]
    SLICE_X5Y59          CARRY4 (Prop_carry4_S[1]_CO[3])
                                                      0.550     5.920 r  ps/system_i/axi_protocol_converter_0/inst/gen_axilite.gen_b2s_conv.axilite_b2s/SI_REG/aw_pipe/axaddr_incr_reg[0]_i_11/CO[3]
                         net (fo=1, routed)           0.000     5.920    ps/system_i/axi_protocol_converter_0/inst/gen_axilite.gen_b2s_conv.axilite_b2s/SI_REG/aw_pipe/axaddr_incr_reg[0]_i_11_n_0
    SLICE_X5Y60          CARRY4 (Prop_carry4_CI_O[1])
                                                      0.334     6.254 r  ps/system_i/axi_protocol_converter_0/inst/gen_axilite.gen_b2s_conv.axilite_b2s/SI_REG/aw_pipe/axaddr_incr_reg[4]_i_6/O[1]
                         net (fo=1, routed)           0.582     6.836    ps/system_i/axi_protocol_converter_0/inst/gen_axilite.gen_b2s_conv.axilite_b2s/WR.aw_channel_0/cmd_translator_0/incr_cmd_0/m_payload_i_reg[11][1]
    SLICE_X6Y60          LUT3 (Prop_lut3_I0_O)        0.303     7.139 r  ps/system_i/axi_protocol_converter_0/inst/gen_axilite.gen_b2s_conv.axilite_b2s/WR.aw_channel_0/cmd_translator_0/incr_cmd_0/axaddr_incr[4]_i_4/O
                         net (fo=1, routed)           0.000     7.139    ps/system_i/axi_protocol_converter_0/inst/gen_axilite.gen_b2s_conv.axilite_b2s/WR.aw_channel_0/cmd_translator_0/incr_cmd_0/axaddr_incr[4]_i_4_n_0
    SLICE_X6Y60          CARRY4 (Prop_carry4_S[1]_O[2])
                                                      0.578     7.717 r  ps/system_i/axi_protocol_converter_0/inst/gen_axilite.gen_b2s_conv.axilite_b2s/WR.aw_channel_0/cmd_translator_0/incr_cmd_0/axaddr_incr_reg[4]_i_1/O[2]
                         net (fo=1, routed)           0.000     7.717    ps/system_i/axi_protocol_converter_0/inst/gen_axilite.gen_b2s_conv.axilite_b2s/WR.aw_channel_0/cmd_translator_0/incr_cmd_0/axaddr_incr_reg[4]_i_1_n_5
    SLICE_X6Y60          FDRE                                         r  ps/system_i/axi_protocol_converter_0/inst/gen_axilite.gen_b2s_conv.axilite_b2s/WR.aw_channel_0/cmd_translator_0/incr_cmd_0/axaddr_incr_reg[6]/D
  -------------------------------------------------------------------    -------------------

                         (clock clk_fpga_3 rise edge)
                                                      5.000     5.000 r  
    PS7_X0Y0             PS7                          0.000     5.000 r  ps/system_i/processing_system7/inst/PS7_i/FCLKCLK[3]
                         net (fo=1, routed)           1.101     6.101    ps/system_i/processing_system7/inst/FCLK_CLK_unbuffered[3]
    BUFGCTRL_X0Y1        BUFG (Prop_bufg_I_O)         0.091     6.192 r  ps/system_i/processing_system7/inst/buffer_fclk_clk_3.FCLK_CLK_3_BUFG/O
                         net (fo=836, routed)         1.494     7.686    ps/system_i/axi_protocol_converter_0/inst/gen_axilite.gen_b2s_conv.axilite_b2s/WR.aw_channel_0/cmd_translator_0/incr_cmd_0/aclk
    SLICE_X6Y60          FDRE                                         r  ps/system_i/axi_protocol_converter_0/inst/gen_axilite.gen_b2s_conv.axilite_b2s/WR.aw_channel_0/cmd_translator_0/incr_cmd_0/axaddr_incr_reg[6]/C
                         clock pessimism              0.230     7.916    
                         clock uncertainty           -0.083     7.833    
    SLICE_X6Y60          FDRE (Setup_fdre_C_D)        0.109     7.942    ps/system_i/axi_protocol_converter_0/inst/gen_axilite.gen_b2s_conv.axilite_b2s/WR.aw_channel_0/cmd_translator_0/incr_cmd_0/axaddr_incr_reg[6]
  -------------------------------------------------------------------
                         required time                          7.942    
                         arrival time                          -7.717    
  -------------------------------------------------------------------
                         slack                                  0.225    

Slack (MET) :             0.238ns  (required time - arrival time)
  Source:                 ps/system_i/axi_protocol_converter_0/inst/gen_axilite.gen_b2s_conv.axilite_b2s/RD.r_channel_0/transaction_fifo_0/cnt_read_reg[2]_rep__0/C
                            (rising edge-triggered cell FDSE clocked by clk_fpga_3  {rise@0.000ns fall@2.500ns period=5.000ns})
  Destination:            ps/system_i/axi_protocol_converter_0/inst/gen_axilite.gen_b2s_conv.axilite_b2s/RD.r_channel_0/rd_data_fifo_0/cnt_read_reg[2]_rep/D
                            (rising edge-triggered cell FDSE clocked by clk_fpga_3  {rise@0.000ns fall@2.500ns period=5.000ns})
  Path Group:             clk_fpga_3
  Path Type:              Setup (Max at Slow Process Corner)
  Requirement:            5.000ns  (clk_fpga_3 rise@5.000ns - clk_fpga_3 rise@0.000ns)
  Data Path Delay:        4.289ns  (logic 1.082ns (25.228%)  route 3.207ns (74.772%))
  Logic Levels:           4  (LUT2=1 LUT5=2 LUT6=1)
  Clock Path Skew:        -0.141ns (DCD - SCD + CPR)
    Destination Clock Delay (DCD):    2.733ns = ( 7.733 - 5.000 ) 
    Source Clock Delay      (SCD):    2.990ns
    Clock Pessimism Removal (CPR):    0.116ns
  Clock Uncertainty:      0.083ns  ((TSJ^2 + TIJ^2)^1/2 + DJ) / 2 + PE
    Total System Jitter     (TSJ):    0.071ns
    Total Input Jitter      (TIJ):    0.150ns
    Discrete Jitter          (DJ):    0.000ns
    Phase Error              (PE):    0.000ns

    Location             Delay type                Incr(ns)  Path(ns)    Netlist Resource(s)
  -------------------------------------------------------------------    -------------------
                         (clock clk_fpga_3 rise edge)
                                                      0.000     0.000 r  
    PS7_X0Y0             PS7                          0.000     0.000 r  ps/system_i/processing_system7/inst/PS7_i/FCLKCLK[3]
                         net (fo=1, routed)           1.207     1.207    ps/system_i/processing_system7/inst/FCLK_CLK_unbuffered[3]
    BUFGCTRL_X0Y1        BUFG (Prop_bufg_I_O)         0.101     1.308 r  ps/system_i/processing_system7/inst/buffer_fclk_clk_3.FCLK_CLK_3_BUFG/O
                         net (fo=836, routed)         1.682     2.990    ps/system_i/axi_protocol_converter_0/inst/gen_axilite.gen_b2s_conv.axilite_b2s/RD.r_channel_0/transaction_fifo_0/aclk
    SLICE_X7Y49          FDSE                                         r  ps/system_i/axi_protocol_converter_0/inst/gen_axilite.gen_b2s_conv.axilite_b2s/RD.r_channel_0/transaction_fifo_0/cnt_read_reg[2]_rep__0/C
  -------------------------------------------------------------------    -------------------
    SLICE_X7Y49          FDSE (Prop_fdse_C_Q)         0.419     3.409 r  ps/system_i/axi_protocol_converter_0/inst/gen_axilite.gen_b2s_conv.axilite_b2s/RD.r_channel_0/transaction_fifo_0/cnt_read_reg[2]_rep__0/Q
                         net (fo=5, routed)           1.068     4.477    ps/system_i/axi_protocol_converter_0/inst/gen_axilite.gen_b2s_conv.axilite_b2s/RD.r_channel_0/transaction_fifo_0/cnt_read_reg[2]_rep__0_n_0
    SLICE_X8Y49          LUT5 (Prop_lut5_I0_O)        0.297     4.774 r  ps/system_i/axi_protocol_converter_0/inst/gen_axilite.gen_b2s_conv.axilite_b2s/RD.r_channel_0/transaction_fifo_0/m_valid_i_i_3/O
                         net (fo=1, routed)           0.499     5.273    ps/system_i/axi_protocol_converter_0/inst/gen_axilite.gen_b2s_conv.axilite_b2s/RD.r_channel_0/rd_data_fifo_0/cnt_read_reg[2]_rep__0_0
    SLICE_X8Y51          LUT6 (Prop_lut6_I5_O)        0.124     5.397 r  ps/system_i/axi_protocol_converter_0/inst/gen_axilite.gen_b2s_conv.axilite_b2s/RD.r_channel_0/rd_data_fifo_0/m_valid_i_i_2/O
                         net (fo=7, routed)           0.428     5.826    ps/system_i/axi_protocol_converter_0/inst/gen_axilite.gen_b2s_conv.axilite_b2s/RD.r_channel_0/rd_data_fifo_0/m_valid_i_reg
    SLICE_X9Y52          LUT2 (Prop_lut2_I0_O)        0.124     5.950 r  ps/system_i/axi_protocol_converter_0/inst/gen_axilite.gen_b2s_conv.axilite_b2s/RD.r_channel_0/rd_data_fifo_0/cnt_read[3]_i_3/O
                         net (fo=8, routed)           0.444     6.394    ps/system_i/axi_protocol_converter_0/inst/gen_axilite.gen_b2s_conv.axilite_b2s/RD.r_channel_0/rd_data_fifo_0/cnt_read_reg[1]_rep__3_0
    SLICE_X9Y53          LUT5 (Prop_lut5_I2_O)        0.118     6.512 r  ps/system_i/axi_protocol_converter_0/inst/gen_axilite.gen_b2s_conv.axilite_b2s/RD.r_channel_0/rd_data_fifo_0/cnt_read[2]_i_1/O
                         net (fo=5, routed)           0.767     7.279    ps/system_i/axi_protocol_converter_0/inst/gen_axilite.gen_b2s_conv.axilite_b2s/RD.r_channel_0/rd_data_fifo_0/cnt_read[2]_i_1_n_0
    SLICE_X5Y53          FDSE                                         r  ps/system_i/axi_protocol_converter_0/inst/gen_axilite.gen_b2s_conv.axilite_b2s/RD.r_channel_0/rd_data_fifo_0/cnt_read_reg[2]_rep/D
  -------------------------------------------------------------------    -------------------

                         (clock clk_fpga_3 rise edge)
                                                      5.000     5.000 r  
    PS7_X0Y0             PS7                          0.000     5.000 r  ps/system_i/processing_system7/inst/PS7_i/FCLKCLK[3]
                         net (fo=1, routed)           1.101     6.101    ps/system_i/processing_system7/inst/FCLK_CLK_unbuffered[3]
    BUFGCTRL_X0Y1        BUFG (Prop_bufg_I_O)         0.091     6.192 r  ps/system_i/processing_system7/inst/buffer_fclk_clk_3.FCLK_CLK_3_BUFG/O
                         net (fo=836, routed)         1.541     7.733    ps/system_i/axi_protocol_converter_0/inst/gen_axilite.gen_b2s_conv.axilite_b2s/RD.r_channel_0/rd_data_fifo_0/aclk
    SLICE_X5Y53          FDSE                                         r  ps/system_i/axi_protocol_converter_0/inst/gen_axilite.gen_b2s_conv.axilite_b2s/RD.r_channel_0/rd_data_fifo_0/cnt_read_reg[2]_rep/C
                         clock pessimism              0.116     7.849    
                         clock uncertainty           -0.083     7.766    
    SLICE_X5Y53          FDSE (Setup_fdse_C_D)       -0.249     7.517    ps/system_i/axi_protocol_converter_0/inst/gen_axilite.gen_b2s_conv.axilite_b2s/RD.r_channel_0/rd_data_fifo_0/cnt_read_reg[2]_rep
  -------------------------------------------------------------------
                         required time                          7.517    
                         arrival time                          -7.279    
  -------------------------------------------------------------------
                         slack                                  0.238    

Slack (MET) :             0.276ns  (required time - arrival time)
  Source:                 ps/system_i/axi_protocol_converter_0/inst/gen_axilite.gen_b2s_conv.axilite_b2s/WR.aw_channel_0/cmd_translator_0/s_axburst_eq1_reg/C
                            (rising edge-triggered cell FDRE clocked by clk_fpga_3  {rise@0.000ns fall@2.500ns period=5.000ns})
  Destination:            ps/system_i/axi_protocol_converter_0/inst/gen_axilite.gen_b2s_conv.axilite_b2s/WR.aw_channel_0/cmd_translator_0/incr_cmd_0/axaddr_incr_reg[5]/D
                            (rising edge-triggered cell FDRE clocked by clk_fpga_3  {rise@0.000ns fall@2.500ns period=5.000ns})
  Path Group:             clk_fpga_3
  Path Type:              Setup (Max at Slow Process Corner)
  Requirement:            5.000ns  (clk_fpga_3 rise@5.000ns - clk_fpga_3 rise@0.000ns)
  Data Path Delay:        4.642ns  (logic 2.666ns (57.428%)  route 1.976ns (42.572%))
  Logic Levels:           7  (CARRY4=3 LUT3=1 LUT4=1 LUT5=1 LUT6=1)
  Clock Path Skew:        -0.108ns (DCD - SCD + CPR)
    Destination Clock Delay (DCD):    2.686ns = ( 7.686 - 5.000 ) 
    Source Clock Delay      (SCD):    3.024ns
    Clock Pessimism Removal (CPR):    0.230ns
  Clock Uncertainty:      0.083ns  ((TSJ^2 + TIJ^2)^1/2 + DJ) / 2 + PE
    Total System Jitter     (TSJ):    0.071ns
    Total Input Jitter      (TIJ):    0.150ns
    Discrete Jitter          (DJ):    0.000ns
    Phase Error              (PE):    0.000ns

    Location             Delay type                Incr(ns)  Path(ns)    Netlist Resource(s)
  -------------------------------------------------------------------    -------------------
                         (clock clk_fpga_3 rise edge)
                                                      0.000     0.000 r  
    PS7_X0Y0             PS7                          0.000     0.000 r  ps/system_i/processing_system7/inst/PS7_i/FCLKCLK[3]
                         net (fo=1, routed)           1.207     1.207    ps/system_i/processing_system7/inst/FCLK_CLK_unbuffered[3]
    BUFGCTRL_X0Y1        BUFG (Prop_bufg_I_O)         0.101     1.308 r  ps/system_i/processing_system7/inst/buffer_fclk_clk_3.FCLK_CLK_3_BUFG/O
                         net (fo=836, routed)         1.716     3.024    ps/system_i/axi_protocol_converter_0/inst/gen_axilite.gen_b2s_conv.axilite_b2s/WR.aw_channel_0/cmd_translator_0/aclk
    SLICE_X4Y58          FDRE                                         r  ps/system_i/axi_protocol_converter_0/inst/gen_axilite.gen_b2s_conv.axilite_b2s/WR.aw_channel_0/cmd_translator_0/s_axburst_eq1_reg/C
  -------------------------------------------------------------------    -------------------
    SLICE_X4Y58          FDRE (Prop_fdre_C_Q)         0.478     3.502 r  ps/system_i/axi_protocol_converter_0/inst/gen_axilite.gen_b2s_conv.axilite_b2s/WR.aw_channel_0/cmd_translator_0/s_axburst_eq1_reg/Q
                         net (fo=1, routed)           0.469     3.971    ps/system_i/axi_protocol_converter_0/inst/gen_axilite.gen_b2s_conv.axilite_b2s/WR.aw_channel_0/cmd_translator_0/s_axburst_eq1
    SLICE_X4Y58          LUT3 (Prop_lut3_I0_O)        0.295     4.266 r  ps/system_i/axi_protocol_converter_0/inst/gen_axilite.gen_b2s_conv.axilite_b2s/WR.aw_channel_0/cmd_translator_0/memory_reg[3][0]_srl4_i_2/O
                         net (fo=4, routed)           0.421     4.687    ps/system_i/axi_protocol_converter_0/inst/gen_axilite.gen_b2s_conv.axilite_b2s/WR.aw_channel_0/aw_cmd_fsm_0/s_axburst_eq1_reg_0
    SLICE_X2Y58          LUT6 (Prop_lut6_I0_O)        0.124     4.811 r  ps/system_i/axi_protocol_converter_0/inst/gen_axilite.gen_b2s_conv.axilite_b2s/WR.aw_channel_0/aw_cmd_fsm_0/next_pending_r_i_3/O
                         net (fo=24, routed)          0.434     5.246    ps/system_i/axi_protocol_converter_0/inst/gen_axilite.gen_b2s_conv.axilite_b2s/WR.aw_channel_0/cmd_translator_0/incr_cmd_0/cnt_read_reg[1]_rep__0
    SLICE_X5Y59          LUT4 (Prop_lut4_I1_O)        0.124     5.370 r  ps/system_i/axi_protocol_converter_0/inst/gen_axilite.gen_b2s_conv.axilite_b2s/WR.aw_channel_0/cmd_translator_0/incr_cmd_0/axaddr_incr[0]_i_17/O
                         net (fo=1, routed)           0.000     5.370    ps/system_i/axi_protocol_converter_0/inst/gen_axilite.gen_b2s_conv.axilite_b2s/SI_REG/aw_pipe/S[1]
    SLICE_X5Y59          CARRY4 (Prop_carry4_S[1]_O[3])
                                                      0.640     6.010 r  ps/system_i/axi_protocol_converter_0/inst/gen_axilite.gen_b2s_conv.axilite_b2s/SI_REG/aw_pipe/axaddr_incr_reg[0]_i_11/O[3]
                         net (fo=1, routed)           0.652     6.661    ps/system_i/axi_protocol_converter_0/inst/gen_axilite.gen_b2s_conv.axilite_b2s/SI_REG/aw_pipe/C[3]
    SLICE_X6Y59          LUT5 (Prop_lut5_I4_O)        0.306     6.967 r  ps/system_i/axi_protocol_converter_0/inst/gen_axilite.gen_b2s_conv.axilite_b2s/SI_REG/aw_pipe/axaddr_incr[0]_i_7/O
                         net (fo=1, routed)           0.000     6.967    ps/system_i/axi_protocol_converter_0/inst/gen_axilite.gen_b2s_conv.axilite_b2s/SI_REG/aw_pipe/axaddr_incr[0]_i_7_n_0
    SLICE_X6Y59          CARRY4 (Prop_carry4_S[3]_CO[3])
                                                      0.376     7.343 r  ps/system_i/axi_protocol_converter_0/inst/gen_axilite.gen_b2s_conv.axilite_b2s/SI_REG/aw_pipe/axaddr_incr_reg[0]_i_2/CO[3]
                         net (fo=1, routed)           0.000     7.343    ps/system_i/axi_protocol_converter_0/inst/gen_axilite.gen_b2s_conv.axilite_b2s/WR.aw_channel_0/cmd_translator_0/incr_cmd_0/CO[0]
    SLICE_X6Y60          CARRY4 (Prop_carry4_CI_O[1])
                                                      0.323     7.666 r  ps/system_i/axi_protocol_converter_0/inst/gen_axilite.gen_b2s_conv.axilite_b2s/WR.aw_channel_0/cmd_translator_0/incr_cmd_0/axaddr_incr_reg[4]_i_1/O[1]
                         net (fo=1, routed)           0.000     7.666    ps/system_i/axi_protocol_converter_0/inst/gen_axilite.gen_b2s_conv.axilite_b2s/WR.aw_channel_0/cmd_translator_0/incr_cmd_0/axaddr_incr_reg[4]_i_1_n_6
    SLICE_X6Y60          FDRE                                         r  ps/system_i/axi_protocol_converter_0/inst/gen_axilite.gen_b2s_conv.axilite_b2s/WR.aw_channel_0/cmd_translator_0/incr_cmd_0/axaddr_incr_reg[5]/D
  -------------------------------------------------------------------    -------------------

                         (clock clk_fpga_3 rise edge)
                                                      5.000     5.000 r  
    PS7_X0Y0             PS7                          0.000     5.000 r  ps/system_i/processing_system7/inst/PS7_i/FCLKCLK[3]
                         net (fo=1, routed)           1.101     6.101    ps/system_i/processing_system7/inst/FCLK_CLK_unbuffered[3]
    BUFGCTRL_X0Y1        BUFG (Prop_bufg_I_O)         0.091     6.192 r  ps/system_i/processing_system7/inst/buffer_fclk_clk_3.FCLK_CLK_3_BUFG/O
                         net (fo=836, routed)         1.494     7.686    ps/system_i/axi_protocol_converter_0/inst/gen_axilite.gen_b2s_conv.axilite_b2s/WR.aw_channel_0/cmd_translator_0/incr_cmd_0/aclk
    SLICE_X6Y60          FDRE                                         r  ps/system_i/axi_protocol_converter_0/inst/gen_axilite.gen_b2s_conv.axilite_b2s/WR.aw_channel_0/cmd_translator_0/incr_cmd_0/axaddr_incr_reg[5]/C
                         clock pessimism              0.230     7.916    
                         clock uncertainty           -0.083     7.833    
    SLICE_X6Y60          FDRE (Setup_fdre_C_D)        0.109     7.942    ps/system_i/axi_protocol_converter_0/inst/gen_axilite.gen_b2s_conv.axilite_b2s/WR.aw_channel_0/cmd_translator_0/incr_cmd_0/axaddr_incr_reg[5]
  -------------------------------------------------------------------
                         required time                          7.942    
                         arrival time                          -7.666    
  -------------------------------------------------------------------
                         slack                                  0.276    

Slack (MET) :             0.298ns  (required time - arrival time)
  Source:                 ps/system_i/axi_protocol_converter_0/inst/gen_axilite.gen_b2s_conv.axilite_b2s/RD.r_channel_0/transaction_fifo_0/cnt_read_reg[2]_rep__0/C
                            (rising edge-triggered cell FDSE clocked by clk_fpga_3  {rise@0.000ns fall@2.500ns period=5.000ns})
  Destination:            ps/system_i/axi_protocol_converter_0/inst/gen_axilite.gen_b2s_conv.axilite_b2s/RD.r_channel_0/rd_data_fifo_0/cnt_read_reg[2]_rep__1/D
                            (rising edge-triggered cell FDSE clocked by clk_fpga_3  {rise@0.000ns fall@2.500ns period=5.000ns})
  Path Group:             clk_fpga_3
  Path Type:              Setup (Max at Slow Process Corner)
  Requirement:            5.000ns  (clk_fpga_3 rise@5.000ns - clk_fpga_3 rise@0.000ns)
  Data Path Delay:        4.188ns  (logic 1.082ns (25.835%)  route 3.106ns (74.165%))
  Logic Levels:           4  (LUT2=1 LUT5=2 LUT6=1)
  Clock Path Skew:        -0.184ns (DCD - SCD + CPR)
    Destination Clock Delay (DCD):    2.690ns = ( 7.690 - 5.000 ) 
    Source Clock Delay      (SCD):    2.990ns
    Clock Pessimism Removal (CPR):    0.116ns
  Clock Uncertainty:      0.083ns  ((TSJ^2 + TIJ^2)^1/2 + DJ) / 2 + PE
    Total System Jitter     (TSJ):    0.071ns
    Total Input Jitter      (TIJ):    0.150ns
    Discrete Jitter          (DJ):    0.000ns
    Phase Error              (PE):    0.000ns

    Location             Delay type                Incr(ns)  Path(ns)    Netlist Resource(s)
  -------------------------------------------------------------------    -------------------
                         (clock clk_fpga_3 rise edge)
                                                      0.000     0.000 r  
    PS7_X0Y0             PS7                          0.000     0.000 r  ps/system_i/processing_system7/inst/PS7_i/FCLKCLK[3]
                         net (fo=1, routed)           1.207     1.207    ps/system_i/processing_system7/inst/FCLK_CLK_unbuffered[3]
    BUFGCTRL_X0Y1        BUFG (Prop_bufg_I_O)         0.101     1.308 r  ps/system_i/processing_system7/inst/buffer_fclk_clk_3.FCLK_CLK_3_BUFG/O
                         net (fo=836, routed)         1.682     2.990    ps/system_i/axi_protocol_converter_0/inst/gen_axilite.gen_b2s_conv.axilite_b2s/RD.r_channel_0/transaction_fifo_0/aclk
    SLICE_X7Y49          FDSE                                         r  ps/system_i/axi_protocol_converter_0/inst/gen_axilite.gen_b2s_conv.axilite_b2s/RD.r_channel_0/transaction_fifo_0/cnt_read_reg[2]_rep__0/C
  -------------------------------------------------------------------    -------------------
    SLICE_X7Y49          FDSE (Prop_fdse_C_Q)         0.419     3.409 r  ps/system_i/axi_protocol_converter_0/inst/gen_axilite.gen_b2s_conv.axilite_b2s/RD.r_channel_0/transaction_fifo_0/cnt_read_reg[2]_rep__0/Q
                         net (fo=5, routed)           1.068     4.477    ps/system_i/axi_protocol_converter_0/inst/gen_axilite.gen_b2s_conv.axilite_b2s/RD.r_channel_0/transaction_fifo_0/cnt_read_reg[2]_rep__0_n_0
    SLICE_X8Y49          LUT5 (Prop_lut5_I0_O)        0.297     4.774 r  ps/system_i/axi_protocol_converter_0/inst/gen_axilite.gen_b2s_conv.axilite_b2s/RD.r_channel_0/transaction_fifo_0/m_valid_i_i_3/O
                         net (fo=1, routed)           0.499     5.273    ps/system_i/axi_protocol_converter_0/inst/gen_axilite.gen_b2s_conv.axilite_b2s/RD.r_channel_0/rd_data_fifo_0/cnt_read_reg[2]_rep__0_0
    SLICE_X8Y51          LUT6 (Prop_lut6_I5_O)        0.124     5.397 r  ps/system_i/axi_protocol_converter_0/inst/gen_axilite.gen_b2s_conv.axilite_b2s/RD.r_channel_0/rd_data_fifo_0/m_valid_i_i_2/O
                         net (fo=7, routed)           0.428     5.826    ps/system_i/axi_protocol_converter_0/inst/gen_axilite.gen_b2s_conv.axilite_b2s/RD.r_channel_0/rd_data_fifo_0/m_valid_i_reg
    SLICE_X9Y52          LUT2 (Prop_lut2_I0_O)        0.124     5.950 r  ps/system_i/axi_protocol_converter_0/inst/gen_axilite.gen_b2s_conv.axilite_b2s/RD.r_channel_0/rd_data_fifo_0/cnt_read[3]_i_3/O
                         net (fo=8, routed)           0.444     6.394    ps/system_i/axi_protocol_converter_0/inst/gen_axilite.gen_b2s_conv.axilite_b2s/RD.r_channel_0/rd_data_fifo_0/cnt_read_reg[1]_rep__3_0
    SLICE_X9Y53          LUT5 (Prop_lut5_I2_O)        0.118     6.512 r  ps/system_i/axi_protocol_converter_0/inst/gen_axilite.gen_b2s_conv.axilite_b2s/RD.r_channel_0/rd_data_fifo_0/cnt_read[2]_i_1/O
                         net (fo=5, routed)           0.666     7.178    ps/system_i/axi_protocol_converter_0/inst/gen_axilite.gen_b2s_conv.axilite_b2s/RD.r_channel_0/rd_data_fifo_0/cnt_read[2]_i_1_n_0
    SLICE_X8Y51          FDSE                                         r  ps/system_i/axi_protocol_converter_0/inst/gen_axilite.gen_b2s_conv.axilite_b2s/RD.r_channel_0/rd_data_fifo_0/cnt_read_reg[2]_rep__1/D
  -------------------------------------------------------------------    -------------------

                         (clock clk_fpga_3 rise edge)
                                                      5.000     5.000 r  
    PS7_X0Y0             PS7                          0.000     5.000 r  ps/system_i/processing_system7/inst/PS7_i/FCLKCLK[3]
                         net (fo=1, routed)           1.101     6.101    ps/system_i/processing_system7/inst/FCLK_CLK_unbuffered[3]
    BUFGCTRL_X0Y1        BUFG (Prop_bufg_I_O)         0.091     6.192 r  ps/system_i/processing_system7/inst/buffer_fclk_clk_3.FCLK_CLK_3_BUFG/O
                         net (fo=836, routed)         1.498     7.690    ps/system_i/axi_protocol_converter_0/inst/gen_axilite.gen_b2s_conv.axilite_b2s/RD.r_channel_0/rd_data_fifo_0/aclk
    SLICE_X8Y51          FDSE                                         r  ps/system_i/axi_protocol_converter_0/inst/gen_axilite.gen_b2s_conv.axilite_b2s/RD.r_channel_0/rd_data_fifo_0/cnt_read_reg[2]_rep__1/C
                         clock pessimism              0.116     7.806    
                         clock uncertainty           -0.083     7.723    
    SLICE_X8Y51          FDSE (Setup_fdse_C_D)       -0.247     7.476    ps/system_i/axi_protocol_converter_0/inst/gen_axilite.gen_b2s_conv.axilite_b2s/RD.r_channel_0/rd_data_fifo_0/cnt_read_reg[2]_rep__1
  -------------------------------------------------------------------
                         required time                          7.476    
                         arrival time                          -7.178    
  -------------------------------------------------------------------
                         slack                                  0.298    

Slack (MET) :             0.357ns  (required time - arrival time)
  Source:                 ps/system_i/processing_system7/inst/PS7_i/MAXIGP1ACLK
                            (rising edge-triggered cell PS7 clocked by clk_fpga_3  {rise@0.000ns fall@2.500ns period=5.000ns})
  Destination:            ps/system_i/xadc/inst/AXI_LITE_IPIF_I/I_SLAVE_ATTACHMENT/I_DECODER/GEN_BKEND_CE_REGISTERS[19].ce_out_i_reg[19]/D
                            (rising edge-triggered cell FDRE clocked by clk_fpga_3  {rise@0.000ns fall@2.500ns period=5.000ns})
  Path Group:             clk_fpga_3
  Path Type:              Setup (Max at Slow Process Corner)
  Requirement:            5.000ns  (clk_fpga_3 rise@5.000ns - clk_fpga_3 rise@0.000ns)
  Data Path Delay:        4.522ns  (logic 1.675ns (37.040%)  route 2.847ns (62.960%))
  Logic Levels:           3  (LUT5=1 LUT6=2)
  Clock Path Skew:        -0.069ns (DCD - SCD + CPR)
    Destination Clock Delay (DCD):    2.727ns = ( 7.727 - 5.000 ) 
    Source Clock Delay      (SCD):    3.062ns
    Clock Pessimism Removal (CPR):    0.266ns
  Clock Uncertainty:      0.083ns  ((TSJ^2 + TIJ^2)^1/2 + DJ) / 2 + PE
    Total System Jitter     (TSJ):    0.071ns
    Total Input Jitter      (TIJ):    0.150ns
    Discrete Jitter          (DJ):    0.000ns
    Phase Error              (PE):    0.000ns

    Location             Delay type                Incr(ns)  Path(ns)    Netlist Resource(s)
  -------------------------------------------------------------------    -------------------
                         (clock clk_fpga_3 rise edge)
                                                      0.000     0.000 r  
    PS7_X0Y0             PS7                          0.000     0.000 r  ps/system_i/processing_system7/inst/PS7_i/FCLKCLK[3]
                         net (fo=1, routed)           1.207     1.207    ps/system_i/processing_system7/inst/FCLK_CLK_unbuffered[3]
    BUFGCTRL_X0Y1        BUFG (Prop_bufg_I_O)         0.101     1.308 r  ps/system_i/processing_system7/inst/buffer_fclk_clk_3.FCLK_CLK_3_BUFG/O
                         net (fo=836, routed)         1.754     3.062    ps/system_i/processing_system7/inst/M_AXI_GP1_ACLK
    PS7_X0Y0             PS7                                          r  ps/system_i/processing_system7/inst/PS7_i/MAXIGP1ACLK
  -------------------------------------------------------------------    -------------------
    PS7_X0Y0             PS7 (Prop_ps7_MAXIGP1ACLK_MAXIGP1WVALID)
                                                      1.303     4.365 r  ps/system_i/processing_system7/inst/PS7_i/MAXIGP1WVALID
                         net (fo=3, routed)           1.118     5.483    ps/system_i/xadc/inst/AXI_LITE_IPIF_I/I_SLAVE_ATTACHMENT/I_DECODER/s_axi_wvalid
    SLICE_X1Y59          LUT5 (Prop_lut5_I2_O)        0.124     5.607 r  ps/system_i/xadc/inst/AXI_LITE_IPIF_I/I_SLAVE_ATTACHMENT/I_DECODER/GEN_BKEND_CE_REGISTERS[24].ce_out_i[24]_i_2/O
                         net (fo=27, routed)          0.701     6.308    ps/system_i/xadc/inst/AXI_LITE_IPIF_I/I_SLAVE_ATTACHMENT/I_DECODER/start
    SLICE_X0Y59          LUT6 (Prop_lut6_I0_O)        0.124     6.432 r  ps/system_i/xadc/inst/AXI_LITE_IPIF_I/I_SLAVE_ATTACHMENT/I_DECODER/GEN_BKEND_CE_REGISTERS[23].ce_out_i[23]_i_2/O
                         net (fo=24, routed)          1.028     7.460    ps/system_i/xadc/inst/AXI_LITE_IPIF_I/I_SLAVE_ATTACHMENT/I_DECODER/GEN_BKEND_CE_REGISTERS[23].ce_out_i[23]_i_2_n_0
    SLICE_X1Y59          LUT6 (Prop_lut6_I1_O)        0.124     7.584 r  ps/system_i/xadc/inst/AXI_LITE_IPIF_I/I_SLAVE_ATTACHMENT/I_DECODER/GEN_BKEND_CE_REGISTERS[19].ce_out_i[19]_i_1/O
                         net (fo=1, routed)           0.000     7.584    ps/system_i/xadc/inst/AXI_LITE_IPIF_I/I_SLAVE_ATTACHMENT/I_DECODER/GEN_BKEND_CE_REGISTERS[19].ce_out_i[19]_i_1_n_0
    SLICE_X1Y59          FDRE                                         r  ps/system_i/xadc/inst/AXI_LITE_IPIF_I/I_SLAVE_ATTACHMENT/I_DECODER/GEN_BKEND_CE_REGISTERS[19].ce_out_i_reg[19]/D
  -------------------------------------------------------------------    -------------------

                         (clock clk_fpga_3 rise edge)
                                                      5.000     5.000 r  
    PS7_X0Y0             PS7                          0.000     5.000 r  ps/system_i/processing_system7/inst/PS7_i/FCLKCLK[3]
                         net (fo=1, routed)           1.101     6.101    ps/system_i/processing_system7/inst/FCLK_CLK_unbuffered[3]
    BUFGCTRL_X0Y1        BUFG (Prop_bufg_I_O)         0.091     6.192 r  ps/system_i/processing_system7/inst/buffer_fclk_clk_3.FCLK_CLK_3_BUFG/O
                         net (fo=836, routed)         1.535     7.727    ps/system_i/xadc/inst/AXI_LITE_IPIF_I/I_SLAVE_ATTACHMENT/I_DECODER/s_axi_aclk
    SLICE_X1Y59          FDRE                                         r  ps/system_i/xadc/inst/AXI_LITE_IPIF_I/I_SLAVE_ATTACHMENT/I_DECODER/GEN_BKEND_CE_REGISTERS[19].ce_out_i_reg[19]/C
                         clock pessimism              0.266     7.993    
                         clock uncertainty           -0.083     7.910    
    SLICE_X1Y59          FDRE (Setup_fdre_C_D)        0.031     7.941    ps/system_i/xadc/inst/AXI_LITE_IPIF_I/I_SLAVE_ATTACHMENT/I_DECODER/GEN_BKEND_CE_REGISTERS[19].ce_out_i_reg[19]
  -------------------------------------------------------------------
                         required time                          7.941    
                         arrival time                          -7.584    
  -------------------------------------------------------------------
                         slack                                  0.357    





Min Delay Paths
--------------------------------------------------------------------------------------
Slack (MET) :             0.075ns  (arrival time - required time)
  Source:                 ps/system_i/axi_protocol_converter_0/inst/gen_axilite.gen_b2s_conv.axilite_b2s/RD.r_channel_0/r_arid_r_reg[4]/C
                            (rising edge-triggered cell FDRE clocked by clk_fpga_3  {rise@0.000ns fall@2.500ns period=5.000ns})
  Destination:            ps/system_i/axi_protocol_converter_0/inst/gen_axilite.gen_b2s_conv.axilite_b2s/RD.r_channel_0/transaction_fifo_0/memory_reg[31][5]_srl32/D
                            (rising edge-triggered cell SRLC32E clocked by clk_fpga_3  {rise@0.000ns fall@2.500ns period=5.000ns})
  Path Group:             clk_fpga_3
  Path Type:              Hold (Min at Fast Process Corner)
  Requirement:            0.000ns  (clk_fpga_3 rise@0.000ns - clk_fpga_3 rise@0.000ns)
  Data Path Delay:        0.274ns  (logic 0.164ns (59.853%)  route 0.110ns (40.147%))
  Logic Levels:           0  
  Clock Path Skew:        0.016ns (DCD - SCD - CPR)
    Destination Clock Delay (DCD):    1.224ns
    Source Clock Delay      (SCD):    0.927ns
    Clock Pessimism Removal (CPR):    0.281ns

    Location             Delay type                Incr(ns)  Path(ns)    Netlist Resource(s)
  -------------------------------------------------------------------    -------------------
                         (clock clk_fpga_3 rise edge)
                                                      0.000     0.000 r  
    PS7_X0Y0             PS7                          0.000     0.000 r  ps/system_i/processing_system7/inst/PS7_i/FCLKCLK[3]
                         net (fo=1, routed)           0.315     0.315    ps/system_i/processing_system7/inst/FCLK_CLK_unbuffered[3]
    BUFGCTRL_X0Y1        BUFG (Prop_bufg_I_O)         0.026     0.341 r  ps/system_i/processing_system7/inst/buffer_fclk_clk_3.FCLK_CLK_3_BUFG/O
                         net (fo=836, routed)         0.586     0.927    ps/system_i/axi_protocol_converter_0/inst/gen_axilite.gen_b2s_conv.axilite_b2s/RD.r_channel_0/aclk
    SLICE_X4Y49          FDRE                                         r  ps/system_i/axi_protocol_converter_0/inst/gen_axilite.gen_b2s_conv.axilite_b2s/RD.r_channel_0/r_arid_r_reg[4]/C
  -------------------------------------------------------------------    -------------------
    SLICE_X4Y49          FDRE (Prop_fdre_C_Q)         0.164     1.091 r  ps/system_i/axi_protocol_converter_0/inst/gen_axilite.gen_b2s_conv.axilite_b2s/RD.r_channel_0/r_arid_r_reg[4]/Q
                         net (fo=1, routed)           0.110     1.201    ps/system_i/axi_protocol_converter_0/inst/gen_axilite.gen_b2s_conv.axilite_b2s/RD.r_channel_0/transaction_fifo_0/in[5]
    SLICE_X4Y48          SRLC32E                                      r  ps/system_i/axi_protocol_converter_0/inst/gen_axilite.gen_b2s_conv.axilite_b2s/RD.r_channel_0/transaction_fifo_0/memory_reg[31][5]_srl32/D
  -------------------------------------------------------------------    -------------------

                         (clock clk_fpga_3 rise edge)
                                                      0.000     0.000 r  
    PS7_X0Y0             PS7                          0.000     0.000 r  ps/system_i/processing_system7/inst/PS7_i/FCLKCLK[3]
                         net (fo=1, routed)           0.341     0.341    ps/system_i/processing_system7/inst/FCLK_CLK_unbuffered[3]
    BUFGCTRL_X0Y1        BUFG (Prop_bufg_I_O)         0.029     0.370 r  ps/system_i/processing_system7/inst/buffer_fclk_clk_3.FCLK_CLK_3_BUFG/O
                         net (fo=836, routed)         0.854     1.224    ps/system_i/axi_protocol_converter_0/inst/gen_axilite.gen_b2s_conv.axilite_b2s/RD.r_channel_0/transaction_fifo_0/aclk
    SLICE_X4Y48          SRLC32E                                      r  ps/system_i/axi_protocol_converter_0/inst/gen_axilite.gen_b2s_conv.axilite_b2s/RD.r_channel_0/transaction_fifo_0/memory_reg[31][5]_srl32/CLK
                         clock pessimism             -0.281     0.943    
    SLICE_X4Y48          SRLC32E (Hold_srlc32e_CLK_D)
                                                      0.183     1.126    ps/system_i/axi_protocol_converter_0/inst/gen_axilite.gen_b2s_conv.axilite_b2s/RD.r_channel_0/transaction_fifo_0/memory_reg[31][5]_srl32
  -------------------------------------------------------------------
                         required time                         -1.126    
                         arrival time                           1.201    
  -------------------------------------------------------------------
                         slack                                  0.075    

Slack (MET) :             0.084ns  (arrival time - required time)
  Source:                 ps/system_i/axi_protocol_converter_0/inst/gen_axilite.gen_b2s_conv.axilite_b2s/WR.aw_channel_0/s_awid_r_reg[11]/C
                            (rising edge-triggered cell FDRE clocked by clk_fpga_3  {rise@0.000ns fall@2.500ns period=5.000ns})
  Destination:            ps/system_i/axi_protocol_converter_0/inst/gen_axilite.gen_b2s_conv.axilite_b2s/WR.b_channel_0/bid_fifo_0/memory_reg[3][19]_srl4/D
                            (rising edge-triggered cell SRL16E clocked by clk_fpga_3  {rise@0.000ns fall@2.500ns period=5.000ns})
  Path Group:             clk_fpga_3
  Path Type:              Hold (Min at Fast Process Corner)
  Requirement:            0.000ns  (clk_fpga_3 rise@0.000ns - clk_fpga_3 rise@0.000ns)
  Data Path Delay:        0.300ns  (logic 0.141ns (47.067%)  route 0.159ns (52.933%))
  Logic Levels:           0  
  Clock Path Skew:        0.033ns (DCD - SCD - CPR)
    Destination Clock Delay (DCD):    1.218ns
    Source Clock Delay      (SCD):    0.922ns
    Clock Pessimism Removal (CPR):    0.263ns

    Location             Delay type                Incr(ns)  Path(ns)    Netlist Resource(s)
  -------------------------------------------------------------------    -------------------
                         (clock clk_fpga_3 rise edge)
                                                      0.000     0.000 r  
    PS7_X0Y0             PS7                          0.000     0.000 r  ps/system_i/processing_system7/inst/PS7_i/FCLKCLK[3]
                         net (fo=1, routed)           0.315     0.315    ps/system_i/processing_system7/inst/FCLK_CLK_unbuffered[3]
    BUFGCTRL_X0Y1        BUFG (Prop_bufg_I_O)         0.026     0.341 r  ps/system_i/processing_system7/inst/buffer_fclk_clk_3.FCLK_CLK_3_BUFG/O
                         net (fo=836, routed)         0.581     0.922    ps/system_i/axi_protocol_converter_0/inst/gen_axilite.gen_b2s_conv.axilite_b2s/WR.aw_channel_0/aclk
    SLICE_X5Y61          FDRE                                         r  ps/system_i/axi_protocol_converter_0/inst/gen_axilite.gen_b2s_conv.axilite_b2s/WR.aw_channel_0/s_awid_r_reg[11]/C
  -------------------------------------------------------------------    -------------------
    SLICE_X5Y61          FDRE (Prop_fdre_C_Q)         0.141     1.063 r  ps/system_i/axi_protocol_converter_0/inst/gen_axilite.gen_b2s_conv.axilite_b2s/WR.aw_channel_0/s_awid_r_reg[11]/Q
                         net (fo=1, routed)           0.159     1.221    ps/system_i/axi_protocol_converter_0/inst/gen_axilite.gen_b2s_conv.axilite_b2s/WR.b_channel_0/bid_fifo_0/in[15]
    SLICE_X0Y61          SRL16E                                       r  ps/system_i/axi_protocol_converter_0/inst/gen_axilite.gen_b2s_conv.axilite_b2s/WR.b_channel_0/bid_fifo_0/memory_reg[3][19]_srl4/D
  -------------------------------------------------------------------    -------------------

                         (clock clk_fpga_3 rise edge)
                                                      0.000     0.000 r  
    PS7_X0Y0             PS7                          0.000     0.000 r  ps/system_i/processing_system7/inst/PS7_i/FCLKCLK[3]
                         net (fo=1, routed)           0.341     0.341    ps/system_i/processing_system7/inst/FCLK_CLK_unbuffered[3]
    BUFGCTRL_X0Y1        BUFG (Prop_bufg_I_O)         0.029     0.370 r  ps/system_i/processing_system7/inst/buffer_fclk_clk_3.FCLK_CLK_3_BUFG/O
                         net (fo=836, routed)         0.848     1.218    ps/system_i/axi_protocol_converter_0/inst/gen_axilite.gen_b2s_conv.axilite_b2s/WR.b_channel_0/bid_fifo_0/aclk
    SLICE_X0Y61          SRL16E                                       r  ps/system_i/axi_protocol_converter_0/inst/gen_axilite.gen_b2s_conv.axilite_b2s/WR.b_channel_0/bid_fifo_0/memory_reg[3][19]_srl4/CLK
                         clock pessimism             -0.263     0.955    
    SLICE_X0Y61          SRL16E (Hold_srl16e_CLK_D)
                                                      0.183     1.138    ps/system_i/axi_protocol_converter_0/inst/gen_axilite.gen_b2s_conv.axilite_b2s/WR.b_channel_0/bid_fifo_0/memory_reg[3][19]_srl4
  -------------------------------------------------------------------
                         required time                         -1.138    
                         arrival time                           1.221    
  -------------------------------------------------------------------
                         slack                                  0.084    

Slack (MET) :             0.100ns  (arrival time - required time)
  Source:                 ps/system_i/axi_protocol_converter_0/inst/gen_axilite.gen_b2s_conv.axilite_b2s/RD.r_channel_0/r_arid_r_reg[8]/C
                            (rising edge-triggered cell FDRE clocked by clk_fpga_3  {rise@0.000ns fall@2.500ns period=5.000ns})
  Destination:            ps/system_i/axi_protocol_converter_0/inst/gen_axilite.gen_b2s_conv.axilite_b2s/RD.r_channel_0/transaction_fifo_0/memory_reg[31][9]_srl32/D
                            (rising edge-triggered cell SRLC32E clocked by clk_fpga_3  {rise@0.000ns fall@2.500ns period=5.000ns})
  Path Group:             clk_fpga_3
  Path Type:              Hold (Min at Fast Process Corner)
  Requirement:            0.000ns  (clk_fpga_3 rise@0.000ns - clk_fpga_3 rise@0.000ns)
  Data Path Delay:        0.316ns  (logic 0.141ns (44.577%)  route 0.175ns (55.423%))
  Logic Levels:           0  
  Clock Path Skew:        0.033ns (DCD - SCD - CPR)
    Destination Clock Delay (DCD):    1.221ns
    Source Clock Delay      (SCD):    0.925ns
    Clock Pessimism Removal (CPR):    0.263ns

    Location             Delay type                Incr(ns)  Path(ns)    Netlist Resource(s)
  -------------------------------------------------------------------    -------------------
                         (clock clk_fpga_3 rise edge)
                                                      0.000     0.000 r  
    PS7_X0Y0             PS7                          0.000     0.000 r  ps/system_i/processing_system7/inst/PS7_i/FCLKCLK[3]
                         net (fo=1, routed)           0.315     0.315    ps/system_i/processing_system7/inst/FCLK_CLK_unbuffered[3]
    BUFGCTRL_X0Y1        BUFG (Prop_bufg_I_O)         0.026     0.341 r  ps/system_i/processing_system7/inst/buffer_fclk_clk_3.FCLK_CLK_3_BUFG/O
                         net (fo=836, routed)         0.584     0.925    ps/system_i/axi_protocol_converter_0/inst/gen_axilite.gen_b2s_conv.axilite_b2s/RD.r_channel_0/aclk
    SLICE_X3Y51          FDRE                                         r  ps/system_i/axi_protocol_converter_0/inst/gen_axilite.gen_b2s_conv.axilite_b2s/RD.r_channel_0/r_arid_r_reg[8]/C
  -------------------------------------------------------------------    -------------------
    SLICE_X3Y51          FDRE (Prop_fdre_C_Q)         0.141     1.066 r  ps/system_i/axi_protocol_converter_0/inst/gen_axilite.gen_b2s_conv.axilite_b2s/RD.r_channel_0/r_arid_r_reg[8]/Q
                         net (fo=1, routed)           0.175     1.241    ps/system_i/axi_protocol_converter_0/inst/gen_axilite.gen_b2s_conv.axilite_b2s/RD.r_channel_0/transaction_fifo_0/in[9]
    SLICE_X0Y50          SRLC32E                                      r  ps/system_i/axi_protocol_converter_0/inst/gen_axilite.gen_b2s_conv.axilite_b2s/RD.r_channel_0/transaction_fifo_0/memory_reg[31][9]_srl32/D
  -------------------------------------------------------------------    -------------------

                         (clock clk_fpga_3 rise edge)
                                                      0.000     0.000 r  
    PS7_X0Y0             PS7                          0.000     0.000 r  ps/system_i/processing_system7/inst/PS7_i/FCLKCLK[3]
                         net (fo=1, routed)           0.341     0.341    ps/system_i/processing_system7/inst/FCLK_CLK_unbuffered[3]
    BUFGCTRL_X0Y1        BUFG (Prop_bufg_I_O)         0.029     0.370 r  ps/system_i/processing_system7/inst/buffer_fclk_clk_3.FCLK_CLK_3_BUFG/O
                         net (fo=836, routed)         0.851     1.221    ps/system_i/axi_protocol_converter_0/inst/gen_axilite.gen_b2s_conv.axilite_b2s/RD.r_channel_0/transaction_fifo_0/aclk
    SLICE_X0Y50          SRLC32E                                      r  ps/system_i/axi_protocol_converter_0/inst/gen_axilite.gen_b2s_conv.axilite_b2s/RD.r_channel_0/transaction_fifo_0/memory_reg[31][9]_srl32/CLK
                         clock pessimism             -0.263     0.958    
    SLICE_X0Y50          SRLC32E (Hold_srlc32e_CLK_D)
                                                      0.183     1.141    ps/system_i/axi_protocol_converter_0/inst/gen_axilite.gen_b2s_conv.axilite_b2s/RD.r_channel_0/transaction_fifo_0/memory_reg[31][9]_srl32
  -------------------------------------------------------------------
                         required time                         -1.141    
                         arrival time                           1.241    
  -------------------------------------------------------------------
                         slack                                  0.100    

Slack (MET) :             0.108ns  (arrival time - required time)
  Source:                 ps/system_i/axi_protocol_converter_0/inst/gen_axilite.gen_b2s_conv.axilite_b2s/RD.r_channel_0/r_arid_r_reg[10]/C
                            (rising edge-triggered cell FDRE clocked by clk_fpga_3  {rise@0.000ns fall@2.500ns period=5.000ns})
  Destination:            ps/system_i/axi_protocol_converter_0/inst/gen_axilite.gen_b2s_conv.axilite_b2s/RD.r_channel_0/transaction_fifo_0/memory_reg[31][11]_srl32/D
                            (rising edge-triggered cell SRLC32E clocked by clk_fpga_3  {rise@0.000ns fall@2.500ns period=5.000ns})
  Path Group:             clk_fpga_3
  Path Type:              Hold (Min at Fast Process Corner)
  Requirement:            0.000ns  (clk_fpga_3 rise@0.000ns - clk_fpga_3 rise@0.000ns)
  Data Path Delay:        0.256ns  (logic 0.141ns (55.070%)  route 0.115ns (44.930%))
  Logic Levels:           0  
  Clock Path Skew:        0.033ns (DCD - SCD - CPR)
    Destination Clock Delay (DCD):    1.221ns
    Source Clock Delay      (SCD):    0.925ns
    Clock Pessimism Removal (CPR):    0.263ns

    Location             Delay type                Incr(ns)  Path(ns)    Netlist Resource(s)
  -------------------------------------------------------------------    -------------------
                         (clock clk_fpga_3 rise edge)
                                                      0.000     0.000 r  
    PS7_X0Y0             PS7                          0.000     0.000 r  ps/system_i/processing_system7/inst/PS7_i/FCLKCLK[3]
                         net (fo=1, routed)           0.315     0.315    ps/system_i/processing_system7/inst/FCLK_CLK_unbuffered[3]
    BUFGCTRL_X0Y1        BUFG (Prop_bufg_I_O)         0.026     0.341 r  ps/system_i/processing_system7/inst/buffer_fclk_clk_3.FCLK_CLK_3_BUFG/O
                         net (fo=836, routed)         0.584     0.925    ps/system_i/axi_protocol_converter_0/inst/gen_axilite.gen_b2s_conv.axilite_b2s/RD.r_channel_0/aclk
    SLICE_X3Y51          FDRE                                         r  ps/system_i/axi_protocol_converter_0/inst/gen_axilite.gen_b2s_conv.axilite_b2s/RD.r_channel_0/r_arid_r_reg[10]/C
  -------------------------------------------------------------------    -------------------
    SLICE_X3Y51          FDRE (Prop_fdre_C_Q)         0.141     1.066 r  ps/system_i/axi_protocol_converter_0/inst/gen_axilite.gen_b2s_conv.axilite_b2s/RD.r_channel_0/r_arid_r_reg[10]/Q
                         net (fo=1, routed)           0.115     1.181    ps/system_i/axi_protocol_converter_0/inst/gen_axilite.gen_b2s_conv.axilite_b2s/RD.r_channel_0/transaction_fifo_0/in[11]
    SLICE_X0Y50          SRLC32E                                      r  ps/system_i/axi_protocol_converter_0/inst/gen_axilite.gen_b2s_conv.axilite_b2s/RD.r_channel_0/transaction_fifo_0/memory_reg[31][11]_srl32/D
  -------------------------------------------------------------------    -------------------

                         (clock clk_fpga_3 rise edge)
                                                      0.000     0.000 r  
    PS7_X0Y0             PS7                          0.000     0.000 r  ps/system_i/processing_system7/inst/PS7_i/FCLKCLK[3]
                         net (fo=1, routed)           0.341     0.341    ps/system_i/processing_system7/inst/FCLK_CLK_unbuffered[3]
    BUFGCTRL_X0Y1        BUFG (Prop_bufg_I_O)         0.029     0.370 r  ps/system_i/processing_system7/inst/buffer_fclk_clk_3.FCLK_CLK_3_BUFG/O
                         net (fo=836, routed)         0.851     1.221    ps/system_i/axi_protocol_converter_0/inst/gen_axilite.gen_b2s_conv.axilite_b2s/RD.r_channel_0/transaction_fifo_0/aclk
    SLICE_X0Y50          SRLC32E                                      r  ps/system_i/axi_protocol_converter_0/inst/gen_axilite.gen_b2s_conv.axilite_b2s/RD.r_channel_0/transaction_fifo_0/memory_reg[31][11]_srl32/CLK
                         clock pessimism             -0.263     0.958    
    SLICE_X0Y50          SRLC32E (Hold_srlc32e_CLK_D)
                                                      0.115     1.073    ps/system_i/axi_protocol_converter_0/inst/gen_axilite.gen_b2s_conv.axilite_b2s/RD.r_channel_0/transaction_fifo_0/memory_reg[31][11]_srl32
  -------------------------------------------------------------------
                         required time                         -1.073    
                         arrival time                           1.181    
  -------------------------------------------------------------------
                         slack                                  0.108    

Slack (MET) :             0.114ns  (arrival time - required time)
  Source:                 ps/system_i/axi_protocol_converter_0/inst/gen_axilite.gen_b2s_conv.axilite_b2s/RD.r_channel_0/r_arid_r_reg[7]/C
                            (rising edge-triggered cell FDRE clocked by clk_fpga_3  {rise@0.000ns fall@2.500ns period=5.000ns})
  Destination:            ps/system_i/axi_protocol_converter_0/inst/gen_axilite.gen_b2s_conv.axilite_b2s/RD.r_channel_0/transaction_fifo_0/memory_reg[31][8]_srl32/D
                            (rising edge-triggered cell SRLC32E clocked by clk_fpga_3  {rise@0.000ns fall@2.500ns period=5.000ns})
  Path Group:             clk_fpga_3
  Path Type:              Hold (Min at Fast Process Corner)
  Requirement:            0.000ns  (clk_fpga_3 rise@0.000ns - clk_fpga_3 rise@0.000ns)
  Data Path Delay:        0.256ns  (logic 0.141ns (55.070%)  route 0.115ns (44.930%))
  Logic Levels:           0  
  Clock Path Skew:        0.033ns (DCD - SCD - CPR)
    Destination Clock Delay (DCD):    1.221ns
    Source Clock Delay      (SCD):    0.925ns
    Clock Pessimism Removal (CPR):    0.263ns

    Location             Delay type                Incr(ns)  Path(ns)    Netlist Resource(s)
  -------------------------------------------------------------------    -------------------
                         (clock clk_fpga_3 rise edge)
                                                      0.000     0.000 r  
    PS7_X0Y0             PS7                          0.000     0.000 r  ps/system_i/processing_system7/inst/PS7_i/FCLKCLK[3]
                         net (fo=1, routed)           0.315     0.315    ps/system_i/processing_system7/inst/FCLK_CLK_unbuffered[3]
    BUFGCTRL_X0Y1        BUFG (Prop_bufg_I_O)         0.026     0.341 r  ps/system_i/processing_system7/inst/buffer_fclk_clk_3.FCLK_CLK_3_BUFG/O
                         net (fo=836, routed)         0.584     0.925    ps/system_i/axi_protocol_converter_0/inst/gen_axilite.gen_b2s_conv.axilite_b2s/RD.r_channel_0/aclk
    SLICE_X3Y51          FDRE                                         r  ps/system_i/axi_protocol_converter_0/inst/gen_axilite.gen_b2s_conv.axilite_b2s/RD.r_channel_0/r_arid_r_reg[7]/C
  -------------------------------------------------------------------    -------------------
    SLICE_X3Y51          FDRE (Prop_fdre_C_Q)         0.141     1.066 r  ps/system_i/axi_protocol_converter_0/inst/gen_axilite.gen_b2s_conv.axilite_b2s/RD.r_channel_0/r_arid_r_reg[7]/Q
                         net (fo=1, routed)           0.115     1.181    ps/system_i/axi_protocol_converter_0/inst/gen_axilite.gen_b2s_conv.axilite_b2s/RD.r_channel_0/transaction_fifo_0/in[8]
    SLICE_X0Y50          SRLC32E                                      r  ps/system_i/axi_protocol_converter_0/inst/gen_axilite.gen_b2s_conv.axilite_b2s/RD.r_channel_0/transaction_fifo_0/memory_reg[31][8]_srl32/D
  -------------------------------------------------------------------    -------------------

                         (clock clk_fpga_3 rise edge)
                                                      0.000     0.000 r  
    PS7_X0Y0             PS7                          0.000     0.000 r  ps/system_i/processing_system7/inst/PS7_i/FCLKCLK[3]
                         net (fo=1, routed)           0.341     0.341    ps/system_i/processing_system7/inst/FCLK_CLK_unbuffered[3]
    BUFGCTRL_X0Y1        BUFG (Prop_bufg_I_O)         0.029     0.370 r  ps/system_i/processing_system7/inst/buffer_fclk_clk_3.FCLK_CLK_3_BUFG/O
                         net (fo=836, routed)         0.851     1.221    ps/system_i/axi_protocol_converter_0/inst/gen_axilite.gen_b2s_conv.axilite_b2s/RD.r_channel_0/transaction_fifo_0/aclk
    SLICE_X0Y50          SRLC32E                                      r  ps/system_i/axi_protocol_converter_0/inst/gen_axilite.gen_b2s_conv.axilite_b2s/RD.r_channel_0/transaction_fifo_0/memory_reg[31][8]_srl32/CLK
                         clock pessimism             -0.263     0.958    
    SLICE_X0Y50          SRLC32E (Hold_srlc32e_CLK_D)
                                                      0.109     1.067    ps/system_i/axi_protocol_converter_0/inst/gen_axilite.gen_b2s_conv.axilite_b2s/RD.r_channel_0/transaction_fifo_0/memory_reg[31][8]_srl32
  -------------------------------------------------------------------
                         required time                         -1.067    
                         arrival time                           1.181    
  -------------------------------------------------------------------
                         slack                                  0.114    

Slack (MET) :             0.119ns  (arrival time - required time)
  Source:                 ps/system_i/axi_protocol_converter_0/inst/gen_axilite.gen_b2s_conv.axilite_b2s/RD.ar_channel_0/s_arid_r_reg[9]/C
                            (rising edge-triggered cell FDRE clocked by clk_fpga_3  {rise@0.000ns fall@2.500ns period=5.000ns})
  Destination:            ps/system_i/axi_protocol_converter_0/inst/gen_axilite.gen_b2s_conv.axilite_b2s/RD.r_channel_0/r_arid_r_reg[9]/D
                            (rising edge-triggered cell FDRE clocked by clk_fpga_3  {rise@0.000ns fall@2.500ns period=5.000ns})
  Path Group:             clk_fpga_3
  Path Type:              Hold (Min at Fast Process Corner)
  Requirement:            0.000ns  (clk_fpga_3 rise@0.000ns - clk_fpga_3 rise@0.000ns)
  Data Path Delay:        0.197ns  (logic 0.141ns (71.611%)  route 0.056ns (28.389%))
  Logic Levels:           0  
  Clock Path Skew:        0.000ns (DCD - SCD - CPR)
    Destination Clock Delay (DCD):    1.223ns
    Source Clock Delay      (SCD):    0.925ns
    Clock Pessimism Removal (CPR):    0.298ns

    Location             Delay type                Incr(ns)  Path(ns)    Netlist Resource(s)
  -------------------------------------------------------------------    -------------------
                         (clock clk_fpga_3 rise edge)
                                                      0.000     0.000 r  
    PS7_X0Y0             PS7                          0.000     0.000 r  ps/system_i/processing_system7/inst/PS7_i/FCLKCLK[3]
                         net (fo=1, routed)           0.315     0.315    ps/system_i/processing_system7/inst/FCLK_CLK_unbuffered[3]
    BUFGCTRL_X0Y1        BUFG (Prop_bufg_I_O)         0.026     0.341 r  ps/system_i/processing_system7/inst/buffer_fclk_clk_3.FCLK_CLK_3_BUFG/O
                         net (fo=836, routed)         0.584     0.925    ps/system_i/axi_protocol_converter_0/inst/gen_axilite.gen_b2s_conv.axilite_b2s/RD.ar_channel_0/aclk
    SLICE_X5Y50          FDRE                                         r  ps/system_i/axi_protocol_converter_0/inst/gen_axilite.gen_b2s_conv.axilite_b2s/RD.ar_channel_0/s_arid_r_reg[9]/C
  -------------------------------------------------------------------    -------------------
    SLICE_X5Y50          FDRE (Prop_fdre_C_Q)         0.141     1.066 r  ps/system_i/axi_protocol_converter_0/inst/gen_axilite.gen_b2s_conv.axilite_b2s/RD.ar_channel_0/s_arid_r_reg[9]/Q
                         net (fo=1, routed)           0.056     1.121    ps/system_i/axi_protocol_converter_0/inst/gen_axilite.gen_b2s_conv.axilite_b2s/RD.r_channel_0/D[9]
    SLICE_X5Y50          FDRE                                         r  ps/system_i/axi_protocol_converter_0/inst/gen_axilite.gen_b2s_conv.axilite_b2s/RD.r_channel_0/r_arid_r_reg[9]/D
  -------------------------------------------------------------------    -------------------

                         (clock clk_fpga_3 rise edge)
                                                      0.000     0.000 r  
    PS7_X0Y0             PS7                          0.000     0.000 r  ps/system_i/processing_system7/inst/PS7_i/FCLKCLK[3]
                         net (fo=1, routed)           0.341     0.341    ps/system_i/processing_system7/inst/FCLK_CLK_unbuffered[3]
    BUFGCTRL_X0Y1        BUFG (Prop_bufg_I_O)         0.029     0.370 r  ps/system_i/processing_system7/inst/buffer_fclk_clk_3.FCLK_CLK_3_BUFG/O
                         net (fo=836, routed)         0.853     1.223    ps/system_i/axi_protocol_converter_0/inst/gen_axilite.gen_b2s_conv.axilite_b2s/RD.r_channel_0/aclk
    SLICE_X5Y50          FDRE                                         r  ps/system_i/axi_protocol_converter_0/inst/gen_axilite.gen_b2s_conv.axilite_b2s/RD.r_channel_0/r_arid_r_reg[9]/C
                         clock pessimism             -0.298     0.925    
    SLICE_X5Y50          FDRE (Hold_fdre_C_D)         0.078     1.003    ps/system_i/axi_protocol_converter_0/inst/gen_axilite.gen_b2s_conv.axilite_b2s/RD.r_channel_0/r_arid_r_reg[9]
  -------------------------------------------------------------------
                         required time                         -1.003    
                         arrival time                           1.121    
  -------------------------------------------------------------------
                         slack                                  0.119    

Slack (MET) :             0.121ns  (arrival time - required time)
  Source:                 ps/system_i/axi_protocol_converter_0/inst/gen_axilite.gen_b2s_conv.axilite_b2s/RD.ar_channel_0/s_arid_r_reg[5]/C
                            (rising edge-triggered cell FDRE clocked by clk_fpga_3  {rise@0.000ns fall@2.500ns period=5.000ns})
  Destination:            ps/system_i/axi_protocol_converter_0/inst/gen_axilite.gen_b2s_conv.axilite_b2s/RD.r_channel_0/r_arid_r_reg[5]/D
                            (rising edge-triggered cell FDRE clocked by clk_fpga_3  {rise@0.000ns fall@2.500ns period=5.000ns})
  Path Group:             clk_fpga_3
  Path Type:              Hold (Min at Fast Process Corner)
  Requirement:            0.000ns  (clk_fpga_3 rise@0.000ns - clk_fpga_3 rise@0.000ns)
  Data Path Delay:        0.197ns  (logic 0.141ns (71.611%)  route 0.056ns (28.389%))
  Logic Levels:           0  
  Clock Path Skew:        0.000ns (DCD - SCD - CPR)
    Destination Clock Delay (DCD):    1.223ns
    Source Clock Delay      (SCD):    0.925ns
    Clock Pessimism Removal (CPR):    0.298ns

    Location             Delay type                Incr(ns)  Path(ns)    Netlist Resource(s)
  -------------------------------------------------------------------    -------------------
                         (clock clk_fpga_3 rise edge)
                                                      0.000     0.000 r  
    PS7_X0Y0             PS7                          0.000     0.000 r  ps/system_i/processing_system7/inst/PS7_i/FCLKCLK[3]
                         net (fo=1, routed)           0.315     0.315    ps/system_i/processing_system7/inst/FCLK_CLK_unbuffered[3]
    BUFGCTRL_X0Y1        BUFG (Prop_bufg_I_O)         0.026     0.341 r  ps/system_i/processing_system7/inst/buffer_fclk_clk_3.FCLK_CLK_3_BUFG/O
                         net (fo=836, routed)         0.584     0.925    ps/system_i/axi_protocol_converter_0/inst/gen_axilite.gen_b2s_conv.axilite_b2s/RD.ar_channel_0/aclk
    SLICE_X5Y50          FDRE                                         r  ps/system_i/axi_protocol_converter_0/inst/gen_axilite.gen_b2s_conv.axilite_b2s/RD.ar_channel_0/s_arid_r_reg[5]/C
  -------------------------------------------------------------------    -------------------
    SLICE_X5Y50          FDRE (Prop_fdre_C_Q)         0.141     1.066 r  ps/system_i/axi_protocol_converter_0/inst/gen_axilite.gen_b2s_conv.axilite_b2s/RD.ar_channel_0/s_arid_r_reg[5]/Q
                         net (fo=1, routed)           0.056     1.121    ps/system_i/axi_protocol_converter_0/inst/gen_axilite.gen_b2s_conv.axilite_b2s/RD.r_channel_0/D[5]
    SLICE_X5Y50          FDRE                                         r  ps/system_i/axi_protocol_converter_0/inst/gen_axilite.gen_b2s_conv.axilite_b2s/RD.r_channel_0/r_arid_r_reg[5]/D
  -------------------------------------------------------------------    -------------------

                         (clock clk_fpga_3 rise edge)
                                                      0.000     0.000 r  
    PS7_X0Y0             PS7                          0.000     0.000 r  ps/system_i/processing_system7/inst/PS7_i/FCLKCLK[3]
                         net (fo=1, routed)           0.341     0.341    ps/system_i/processing_system7/inst/FCLK_CLK_unbuffered[3]
    BUFGCTRL_X0Y1        BUFG (Prop_bufg_I_O)         0.029     0.370 r  ps/system_i/processing_system7/inst/buffer_fclk_clk_3.FCLK_CLK_3_BUFG/O
                         net (fo=836, routed)         0.853     1.223    ps/system_i/axi_protocol_converter_0/inst/gen_axilite.gen_b2s_conv.axilite_b2s/RD.r_channel_0/aclk
    SLICE_X5Y50          FDRE                                         r  ps/system_i/axi_protocol_converter_0/inst/gen_axilite.gen_b2s_conv.axilite_b2s/RD.r_channel_0/r_arid_r_reg[5]/C
                         clock pessimism             -0.298     0.925    
    SLICE_X5Y50          FDRE (Hold_fdre_C_D)         0.076     1.001    ps/system_i/axi_protocol_converter_0/inst/gen_axilite.gen_b2s_conv.axilite_b2s/RD.r_channel_0/r_arid_r_reg[5]
  -------------------------------------------------------------------
                         required time                         -1.001    
                         arrival time                           1.121    
  -------------------------------------------------------------------
                         slack                                  0.121    

Slack (MET) :             0.122ns  (arrival time - required time)
  Source:                 ps/system_i/axi_protocol_converter_0/inst/gen_axilite.gen_b2s_conv.axilite_b2s/RD.ar_channel_0/s_arid_r_reg[11]/C
                            (rising edge-triggered cell FDRE clocked by clk_fpga_3  {rise@0.000ns fall@2.500ns period=5.000ns})
  Destination:            ps/system_i/axi_protocol_converter_0/inst/gen_axilite.gen_b2s_conv.axilite_b2s/RD.r_channel_0/r_arid_r_reg[11]/D
                            (rising edge-triggered cell FDRE clocked by clk_fpga_3  {rise@0.000ns fall@2.500ns period=5.000ns})
  Path Group:             clk_fpga_3
  Path Type:              Hold (Min at Fast Process Corner)
  Requirement:            0.000ns  (clk_fpga_3 rise@0.000ns - clk_fpga_3 rise@0.000ns)
  Data Path Delay:        0.197ns  (logic 0.141ns (71.611%)  route 0.056ns (28.389%))
  Logic Levels:           0  
  Clock Path Skew:        0.000ns (DCD - SCD - CPR)
    Destination Clock Delay (DCD):    1.223ns
    Source Clock Delay      (SCD):    0.925ns
    Clock Pessimism Removal (CPR):    0.298ns

    Location             Delay type                Incr(ns)  Path(ns)    Netlist Resource(s)
  -------------------------------------------------------------------    -------------------
                         (clock clk_fpga_3 rise edge)
                                                      0.000     0.000 r  
    PS7_X0Y0             PS7                          0.000     0.000 r  ps/system_i/processing_system7/inst/PS7_i/FCLKCLK[3]
                         net (fo=1, routed)           0.315     0.315    ps/system_i/processing_system7/inst/FCLK_CLK_unbuffered[3]
    BUFGCTRL_X0Y1        BUFG (Prop_bufg_I_O)         0.026     0.341 r  ps/system_i/processing_system7/inst/buffer_fclk_clk_3.FCLK_CLK_3_BUFG/O
                         net (fo=836, routed)         0.584     0.925    ps/system_i/axi_protocol_converter_0/inst/gen_axilite.gen_b2s_conv.axilite_b2s/RD.ar_channel_0/aclk
    SLICE_X5Y50          FDRE                                         r  ps/system_i/axi_protocol_converter_0/inst/gen_axilite.gen_b2s_conv.axilite_b2s/RD.ar_channel_0/s_arid_r_reg[11]/C
  -------------------------------------------------------------------    -------------------
    SLICE_X5Y50          FDRE (Prop_fdre_C_Q)         0.141     1.066 r  ps/system_i/axi_protocol_converter_0/inst/gen_axilite.gen_b2s_conv.axilite_b2s/RD.ar_channel_0/s_arid_r_reg[11]/Q
                         net (fo=1, routed)           0.056     1.121    ps/system_i/axi_protocol_converter_0/inst/gen_axilite.gen_b2s_conv.axilite_b2s/RD.r_channel_0/D[11]
    SLICE_X5Y50          FDRE                                         r  ps/system_i/axi_protocol_converter_0/inst/gen_axilite.gen_b2s_conv.axilite_b2s/RD.r_channel_0/r_arid_r_reg[11]/D
  -------------------------------------------------------------------    -------------------

                         (clock clk_fpga_3 rise edge)
                                                      0.000     0.000 r  
    PS7_X0Y0             PS7                          0.000     0.000 r  ps/system_i/processing_system7/inst/PS7_i/FCLKCLK[3]
                         net (fo=1, routed)           0.341     0.341    ps/system_i/processing_system7/inst/FCLK_CLK_unbuffered[3]
    BUFGCTRL_X0Y1        BUFG (Prop_bufg_I_O)         0.029     0.370 r  ps/system_i/processing_system7/inst/buffer_fclk_clk_3.FCLK_CLK_3_BUFG/O
                         net (fo=836, routed)         0.853     1.223    ps/system_i/axi_protocol_converter_0/inst/gen_axilite.gen_b2s_conv.axilite_b2s/RD.r_channel_0/aclk
    SLICE_X5Y50          FDRE                                         r  ps/system_i/axi_protocol_converter_0/inst/gen_axilite.gen_b2s_conv.axilite_b2s/RD.r_channel_0/r_arid_r_reg[11]/C
                         clock pessimism             -0.298     0.925    
    SLICE_X5Y50          FDRE (Hold_fdre_C_D)         0.075     1.000    ps/system_i/axi_protocol_converter_0/inst/gen_axilite.gen_b2s_conv.axilite_b2s/RD.r_channel_0/r_arid_r_reg[11]
  -------------------------------------------------------------------
                         required time                         -1.000    
                         arrival time                           1.121    
  -------------------------------------------------------------------
                         slack                                  0.122    

Slack (MET) :             0.126ns  (arrival time - required time)
  Source:                 ps/system_i/axi_protocol_converter_0/inst/gen_axilite.gen_b2s_conv.axilite_b2s/RD.ar_channel_0/s_arid_r_reg[2]/C
                            (rising edge-triggered cell FDRE clocked by clk_fpga_3  {rise@0.000ns fall@2.500ns period=5.000ns})
  Destination:            ps/system_i/axi_protocol_converter_0/inst/gen_axilite.gen_b2s_conv.axilite_b2s/RD.r_channel_0/r_arid_r_reg[2]/D
                            (rising edge-triggered cell FDRE clocked by clk_fpga_3  {rise@0.000ns fall@2.500ns period=5.000ns})
  Path Group:             clk_fpga_3
  Path Type:              Hold (Min at Fast Process Corner)
  Requirement:            0.000ns  (clk_fpga_3 rise@0.000ns - clk_fpga_3 rise@0.000ns)
  Data Path Delay:        0.197ns  (logic 0.141ns (71.611%)  route 0.056ns (28.389%))
  Logic Levels:           0  
  Clock Path Skew:        0.000ns (DCD - SCD - CPR)
    Destination Clock Delay (DCD):    1.223ns
    Source Clock Delay      (SCD):    0.925ns
    Clock Pessimism Removal (CPR):    0.298ns

    Location             Delay type                Incr(ns)  Path(ns)    Netlist Resource(s)
  -------------------------------------------------------------------    -------------------
                         (clock clk_fpga_3 rise edge)
                                                      0.000     0.000 r  
    PS7_X0Y0             PS7                          0.000     0.000 r  ps/system_i/processing_system7/inst/PS7_i/FCLKCLK[3]
                         net (fo=1, routed)           0.315     0.315    ps/system_i/processing_system7/inst/FCLK_CLK_unbuffered[3]
    BUFGCTRL_X0Y1        BUFG (Prop_bufg_I_O)         0.026     0.341 r  ps/system_i/processing_system7/inst/buffer_fclk_clk_3.FCLK_CLK_3_BUFG/O
                         net (fo=836, routed)         0.584     0.925    ps/system_i/axi_protocol_converter_0/inst/gen_axilite.gen_b2s_conv.axilite_b2s/RD.ar_channel_0/aclk
    SLICE_X5Y50          FDRE                                         r  ps/system_i/axi_protocol_converter_0/inst/gen_axilite.gen_b2s_conv.axilite_b2s/RD.ar_channel_0/s_arid_r_reg[2]/C
  -------------------------------------------------------------------    -------------------
    SLICE_X5Y50          FDRE (Prop_fdre_C_Q)         0.141     1.066 r  ps/system_i/axi_protocol_converter_0/inst/gen_axilite.gen_b2s_conv.axilite_b2s/RD.ar_channel_0/s_arid_r_reg[2]/Q
                         net (fo=1, routed)           0.056     1.121    ps/system_i/axi_protocol_converter_0/inst/gen_axilite.gen_b2s_conv.axilite_b2s/RD.r_channel_0/D[2]
    SLICE_X5Y50          FDRE                                         r  ps/system_i/axi_protocol_converter_0/inst/gen_axilite.gen_b2s_conv.axilite_b2s/RD.r_channel_0/r_arid_r_reg[2]/D
  -------------------------------------------------------------------    -------------------

                         (clock clk_fpga_3 rise edge)
                                                      0.000     0.000 r  
    PS7_X0Y0             PS7                          0.000     0.000 r  ps/system_i/processing_system7/inst/PS7_i/FCLKCLK[3]
                         net (fo=1, routed)           0.341     0.341    ps/system_i/processing_system7/inst/FCLK_CLK_unbuffered[3]
    BUFGCTRL_X0Y1        BUFG (Prop_bufg_I_O)         0.029     0.370 r  ps/system_i/processing_system7/inst/buffer_fclk_clk_3.FCLK_CLK_3_BUFG/O
                         net (fo=836, routed)         0.853     1.223    ps/system_i/axi_protocol_converter_0/inst/gen_axilite.gen_b2s_conv.axilite_b2s/RD.r_channel_0/aclk
    SLICE_X5Y50          FDRE                                         r  ps/system_i/axi_protocol_converter_0/inst/gen_axilite.gen_b2s_conv.axilite_b2s/RD.r_channel_0/r_arid_r_reg[2]/C
                         clock pessimism             -0.298     0.925    
    SLICE_X5Y50          FDRE (Hold_fdre_C_D)         0.071     0.996    ps/system_i/axi_protocol_converter_0/inst/gen_axilite.gen_b2s_conv.axilite_b2s/RD.r_channel_0/r_arid_r_reg[2]
  -------------------------------------------------------------------
                         required time                         -0.996    
                         arrival time                           1.121    
  -------------------------------------------------------------------
                         slack                                  0.126    

Slack (MET) :             0.132ns  (arrival time - required time)
  Source:                 ps/system_i/axi_protocol_converter_0/inst/gen_axilite.gen_b2s_conv.axilite_b2s/RD.ar_channel_0/cmd_translator_0/wrap_cmd_0/wrap_boundary_axaddr_r_reg[9]/C
                            (rising edge-triggered cell FDRE clocked by clk_fpga_3  {rise@0.000ns fall@2.500ns period=5.000ns})
  Destination:            ps/system_i/axi_protocol_converter_0/inst/gen_axilite.gen_b2s_conv.axilite_b2s/RD.ar_channel_0/cmd_translator_0/wrap_cmd_0/axaddr_wrap_reg[9]/D
                            (rising edge-triggered cell FDRE clocked by clk_fpga_3  {rise@0.000ns fall@2.500ns period=5.000ns})
  Path Group:             clk_fpga_3
  Path Type:              Hold (Min at Fast Process Corner)
  Requirement:            0.000ns  (clk_fpga_3 rise@0.000ns - clk_fpga_3 rise@0.000ns)
  Data Path Delay:        0.266ns  (logic 0.186ns (69.898%)  route 0.080ns (30.103%))
  Logic Levels:           1  (LUT5=1)
  Clock Path Skew:        0.013ns (DCD - SCD - CPR)
    Destination Clock Delay (DCD):    1.198ns
    Source Clock Delay      (SCD):    0.901ns
    Clock Pessimism Removal (CPR):    0.284ns

    Location             Delay type                Incr(ns)  Path(ns)    Netlist Resource(s)
  -------------------------------------------------------------------    -------------------
                         (clock clk_fpga_3 rise edge)
                                                      0.000     0.000 r  
    PS7_X0Y0             PS7                          0.000     0.000 r  ps/system_i/processing_system7/inst/PS7_i/FCLKCLK[3]
                         net (fo=1, routed)           0.315     0.315    ps/system_i/processing_system7/inst/FCLK_CLK_unbuffered[3]
    BUFGCTRL_X0Y1        BUFG (Prop_bufg_I_O)         0.026     0.341 r  ps/system_i/processing_system7/inst/buffer_fclk_clk_3.FCLK_CLK_3_BUFG/O
                         net (fo=836, routed)         0.560     0.901    ps/system_i/axi_protocol_converter_0/inst/gen_axilite.gen_b2s_conv.axilite_b2s/RD.ar_channel_0/cmd_translator_0/wrap_cmd_0/aclk
    SLICE_X11Y63         FDRE                                         r  ps/system_i/axi_protocol_converter_0/inst/gen_axilite.gen_b2s_conv.axilite_b2s/RD.ar_channel_0/cmd_translator_0/wrap_cmd_0/wrap_boundary_axaddr_r_reg[9]/C
  -------------------------------------------------------------------    -------------------
    SLICE_X11Y63         FDRE (Prop_fdre_C_Q)         0.141     1.042 r  ps/system_i/axi_protocol_converter_0/inst/gen_axilite.gen_b2s_conv.axilite_b2s/RD.ar_channel_0/cmd_translator_0/wrap_cmd_0/wrap_boundary_axaddr_r_reg[9]/Q
                         net (fo=1, routed)           0.080     1.122    ps/system_i/axi_protocol_converter_0/inst/gen_axilite.gen_b2s_conv.axilite_b2s/RD.ar_channel_0/cmd_translator_0/wrap_cmd_0/wrap_boundary_axaddr_r_reg_n_0_[9]
    SLICE_X10Y63         LUT5 (Prop_lut5_I2_O)        0.045     1.167 r  ps/system_i/axi_protocol_converter_0/inst/gen_axilite.gen_b2s_conv.axilite_b2s/RD.ar_channel_0/cmd_translator_0/wrap_cmd_0/axaddr_wrap[9]_i_1__0/O
                         net (fo=1, routed)           0.000     1.167    ps/system_i/axi_protocol_converter_0/inst/gen_axilite.gen_b2s_conv.axilite_b2s/RD.ar_channel_0/cmd_translator_0/wrap_cmd_0/axaddr_wrap[9]_i_1__0_n_0
    SLICE_X10Y63         FDRE                                         r  ps/system_i/axi_protocol_converter_0/inst/gen_axilite.gen_b2s_conv.axilite_b2s/RD.ar_channel_0/cmd_translator_0/wrap_cmd_0/axaddr_wrap_reg[9]/D
  -------------------------------------------------------------------    -------------------

                         (clock clk_fpga_3 rise edge)
                                                      0.000     0.000 r  
    PS7_X0Y0             PS7                          0.000     0.000 r  ps/system_i/processing_system7/inst/PS7_i/FCLKCLK[3]
                         net (fo=1, routed)           0.341     0.341    ps/system_i/processing_system7/inst/FCLK_CLK_unbuffered[3]
    BUFGCTRL_X0Y1        BUFG (Prop_bufg_I_O)         0.029     0.370 r  ps/system_i/processing_system7/inst/buffer_fclk_clk_3.FCLK_CLK_3_BUFG/O
                         net (fo=836, routed)         0.828     1.198    ps/system_i/axi_protocol_converter_0/inst/gen_axilite.gen_b2s_conv.axilite_b2s/RD.ar_channel_0/cmd_translator_0/wrap_cmd_0/aclk
    SLICE_X10Y63         FDRE                                         r  ps/system_i/axi_protocol_converter_0/inst/gen_axilite.gen_b2s_conv.axilite_b2s/RD.ar_channel_0/cmd_translator_0/wrap_cmd_0/axaddr_wrap_reg[9]/C
                         clock pessimism             -0.284     0.914    
    SLICE_X10Y63         FDRE (Hold_fdre_C_D)         0.121     1.035    ps/system_i/axi_protocol_converter_0/inst/gen_axilite.gen_b2s_conv.axilite_b2s/RD.ar_channel_0/cmd_translator_0/wrap_cmd_0/axaddr_wrap_reg[9]
  -------------------------------------------------------------------
                         required time                         -1.035    
                         arrival time                           1.167    
  -------------------------------------------------------------------
                         slack                                  0.132    





Pulse Width Checks
--------------------------------------------------------------------------------------
Clock Name:         clk_fpga_3
Waveform(ns):       { 0.000 2.500 }
Period(ns):         5.000
Sources:            { ps/system_i/processing_system7/inst/PS7_i/FCLKCLK[3] }

Check Type        Corner  Lib Pin      Reference Pin  Required(ns)  Actual(ns)  Slack(ns)  Location       Pin
Min Period        n/a     XADC/DCLK    n/a            4.000         5.000       1.000      XADC_X0Y0      ps/system_i/xadc/inst/AXI_XADC_CORE_I/XADC_INST/DCLK
Min Period        n/a     BUFG/I       n/a            2.155         5.000       2.845      BUFGCTRL_X0Y1  ps/system_i/processing_system7/inst/buffer_fclk_clk_3.FCLK_CLK_3_BUFG/I
Min Period        n/a     FDRE/C       n/a            1.000         5.000       4.000      SLICE_X8Y58    ps/system_i/axi_protocol_converter_0/inst/gen_axilite.gen_b2s_conv.axilite_b2s/RD.ar_channel_0/ar_cmd_fsm_0/state_reg[0]/C
Min Period        n/a     FDRE/C       n/a            1.000         5.000       4.000      SLICE_X8Y58    ps/system_i/axi_protocol_converter_0/inst/gen_axilite.gen_b2s_conv.axilite_b2s/RD.ar_channel_0/ar_cmd_fsm_0/state_reg[0]_rep/C
Min Period        n/a     FDRE/C       n/a            1.000         5.000       4.000      SLICE_X8Y58    ps/system_i/axi_protocol_converter_0/inst/gen_axilite.gen_b2s_conv.axilite_b2s/RD.ar_channel_0/ar_cmd_fsm_0/state_reg[1]/C
Min Period        n/a     FDRE/C       n/a            1.000         5.000       4.000      SLICE_X8Y58    ps/system_i/axi_protocol_converter_0/inst/gen_axilite.gen_b2s_conv.axilite_b2s/RD.ar_channel_0/ar_cmd_fsm_0/state_reg[1]_rep/C
Min Period        n/a     FDRE/C       n/a            1.000         5.000       4.000      SLICE_X8Y62    ps/system_i/axi_protocol_converter_0/inst/gen_axilite.gen_b2s_conv.axilite_b2s/RD.ar_channel_0/cmd_translator_0/incr_cmd_0/axaddr_incr_reg[0]/C
Min Period        n/a     FDRE/C       n/a            1.000         5.000       4.000      SLICE_X8Y64    ps/system_i/axi_protocol_converter_0/inst/gen_axilite.gen_b2s_conv.axilite_b2s/RD.ar_channel_0/cmd_translator_0/incr_cmd_0/axaddr_incr_reg[10]/C
Min Period        n/a     FDRE/C       n/a            1.000         5.000       4.000      SLICE_X8Y64    ps/system_i/axi_protocol_converter_0/inst/gen_axilite.gen_b2s_conv.axilite_b2s/RD.ar_channel_0/cmd_translator_0/incr_cmd_0/axaddr_incr_reg[11]/C
Min Period        n/a     FDRE/C       n/a            1.000         5.000       4.000      SLICE_X8Y62    ps/system_i/axi_protocol_converter_0/inst/gen_axilite.gen_b2s_conv.axilite_b2s/RD.ar_channel_0/cmd_translator_0/incr_cmd_0/axaddr_incr_reg[1]/C
Low Pulse Width   Slow    SRLC32E/CLK  n/a            0.980         2.500       1.520      SLICE_X4Y52    ps/system_i/axi_protocol_converter_0/inst/gen_axilite.gen_b2s_conv.axilite_b2s/RD.r_channel_0/rd_data_fifo_0/memory_reg[31][18]_srl32/CLK
Low Pulse Width   Slow    SRLC32E/CLK  n/a            0.980         2.500       1.520      SLICE_X4Y52    ps/system_i/axi_protocol_converter_0/inst/gen_axilite.gen_b2s_conv.axilite_b2s/RD.r_channel_0/rd_data_fifo_0/memory_reg[31][19]_srl32/CLK
Low Pulse Width   Slow    SRLC32E/CLK  n/a            0.980         2.500       1.520      SLICE_X4Y52    ps/system_i/axi_protocol_converter_0/inst/gen_axilite.gen_b2s_conv.axilite_b2s/RD.r_channel_0/rd_data_fifo_0/memory_reg[31][20]_srl32/CLK
Low Pulse Width   Slow    SRLC32E/CLK  n/a            0.980         2.500       1.520      SLICE_X4Y52    ps/system_i/axi_protocol_converter_0/inst/gen_axilite.gen_b2s_conv.axilite_b2s/RD.r_channel_0/rd_data_fifo_0/memory_reg[31][21]_srl32/CLK
Low Pulse Width   Slow    SRLC32E/CLK  n/a            0.980         2.500       1.520      SLICE_X4Y50    ps/system_i/axi_protocol_converter_0/inst/gen_axilite.gen_b2s_conv.axilite_b2s/RD.r_channel_0/transaction_fifo_0/memory_reg[31][12]_srl32/CLK
Low Pulse Width   Slow    SRLC32E/CLK  n/a            0.980         2.500       1.520      SLICE_X4Y50    ps/system_i/axi_protocol_converter_0/inst/gen_axilite.gen_b2s_conv.axilite_b2s/RD.r_channel_0/transaction_fifo_0/memory_reg[31][6]_srl32/CLK
Low Pulse Width   Slow    SRLC32E/CLK  n/a            0.980         2.500       1.520      SLICE_X8Y53    ps/system_i/axi_protocol_converter_0/inst/gen_axilite.gen_b2s_conv.axilite_b2s/RD.r_channel_0/rd_data_fifo_0/memory_reg[31][0]_srl32/CLK
Low Pulse Width   Slow    SRLC32E/CLK  n/a            0.980         2.500       1.520      SLICE_X4Y55    ps/system_i/axi_protocol_converter_0/inst/gen_axilite.gen_b2s_conv.axilite_b2s/RD.r_channel_0/rd_data_fifo_0/memory_reg[31][10]_srl32/CLK
Low Pulse Width   Slow    SRLC32E/CLK  n/a            0.980         2.500       1.520      SLICE_X8Y53    ps/system_i/axi_protocol_converter_0/inst/gen_axilite.gen_b2s_conv.axilite_b2s/RD.r_channel_0/rd_data_fifo_0/memory_reg[31][11]_srl32/CLK
Low Pulse Width   Slow    SRLC32E/CLK  n/a            0.980         2.500       1.520      SLICE_X8Y53    ps/system_i/axi_protocol_converter_0/inst/gen_axilite.gen_b2s_conv.axilite_b2s/RD.r_channel_0/rd_data_fifo_0/memory_reg[31][12]_srl32/CLK
High Pulse Width  Fast    SRLC32E/CLK  n/a            0.980         2.500       1.520      SLICE_X8Y53    ps/system_i/axi_protocol_converter_0/inst/gen_axilite.gen_b2s_conv.axilite_b2s/RD.r_channel_0/rd_data_fifo_0/memory_reg[31][0]_srl32/CLK
High Pulse Width  Fast    SRLC32E/CLK  n/a            0.980         2.500       1.520      SLICE_X4Y55    ps/system_i/axi_protocol_converter_0/inst/gen_axilite.gen_b2s_conv.axilite_b2s/RD.r_channel_0/rd_data_fifo_0/memory_reg[31][10]_srl32/CLK
High Pulse Width  Fast    SRLC32E/CLK  n/a            0.980         2.500       1.520      SLICE_X8Y53    ps/system_i/axi_protocol_converter_0/inst/gen_axilite.gen_b2s_conv.axilite_b2s/RD.r_channel_0/rd_data_fifo_0/memory_reg[31][11]_srl32/CLK
High Pulse Width  Fast    SRLC32E/CLK  n/a            0.980         2.500       1.520      SLICE_X8Y53    ps/system_i/axi_protocol_converter_0/inst/gen_axilite.gen_b2s_conv.axilite_b2s/RD.r_channel_0/rd_data_fifo_0/memory_reg[31][12]_srl32/CLK
High Pulse Width  Fast    SRLC32E/CLK  n/a            0.980         2.500       1.520      SLICE_X6Y53    ps/system_i/axi_protocol_converter_0/inst/gen_axilite.gen_b2s_conv.axilite_b2s/RD.r_channel_0/rd_data_fifo_0/memory_reg[31][13]_srl32/CLK
High Pulse Width  Fast    SRLC32E/CLK  n/a            0.980         2.500       1.520      SLICE_X6Y53    ps/system_i/axi_protocol_converter_0/inst/gen_axilite.gen_b2s_conv.axilite_b2s/RD.r_channel_0/rd_data_fifo_0/memory_reg[31][14]_srl32/CLK
High Pulse Width  Fast    SRLC32E/CLK  n/a            0.980         2.500       1.520      SLICE_X4Y55    ps/system_i/axi_protocol_converter_0/inst/gen_axilite.gen_b2s_conv.axilite_b2s/RD.r_channel_0/rd_data_fifo_0/memory_reg[31][15]_srl32/CLK
High Pulse Width  Fast    SRLC32E/CLK  n/a            0.980         2.500       1.520      SLICE_X4Y53    ps/system_i/axi_protocol_converter_0/inst/gen_axilite.gen_b2s_conv.axilite_b2s/RD.r_channel_0/rd_data_fifo_0/memory_reg[31][16]_srl32/CLK
High Pulse Width  Fast    SRLC32E/CLK  n/a            0.980         2.500       1.520      SLICE_X6Y53    ps/system_i/axi_protocol_converter_0/inst/gen_axilite.gen_b2s_conv.axilite_b2s/RD.r_channel_0/rd_data_fifo_0/memory_reg[31][17]_srl32/CLK
High Pulse Width  Fast    SRLC32E/CLK  n/a            0.980         2.500       1.520      SLICE_X8Y52    ps/system_i/axi_protocol_converter_0/inst/gen_axilite.gen_b2s_conv.axilite_b2s/RD.r_channel_0/rd_data_fifo_0/memory_reg[31][1]_srl32/CLK



---------------------------------------------------------------------------------------------------
From Clock:  adc_clk
  To Clock:  pll_adc_clk

Setup :            0  Failing Endpoints,  Worst Slack        5.940ns,  Total Violation        0.000ns
Hold  :           28  Failing Endpoints,  Worst Slack       -2.163ns,  Total Violation      -58.853ns
---------------------------------------------------------------------------------------------------


Max Delay Paths
--------------------------------------------------------------------------------------
Slack (MET) :             5.940ns  (required time - arrival time)
  Source:                 adc_dat_i[0][7]
                            (input port clocked by adc_clk  {rise@0.000ns fall@4.000ns period=8.000ns})
  Destination:            adc_dat_raw_reg[0][5]/D
                            (rising edge-triggered cell FDRE clocked by pll_adc_clk  {rise@0.000ns fall@4.000ns period=8.000ns})
  Path Group:             pll_adc_clk
  Path Type:              Setup (Max at Fast Process Corner)
  Requirement:            8.000ns  (pll_adc_clk rise@8.000ns - adc_clk rise@0.000ns)
  Data Path Delay:        0.488ns  (logic 0.488ns (100.000%)  route 0.000ns (0.000%))
  Logic Levels:           1  (IBUF=1)
  Input Delay:            3.400ns
  Clock Path Skew:        1.995ns (DCD - SCD + CPR)
    Destination Clock Delay (DCD):    1.995ns = ( 9.995 - 8.000 ) 
    Source Clock Delay      (SCD):    0.000ns
    Clock Pessimism Removal (CPR):    0.000ns
  Clock Uncertainty:      0.166ns  ((TSJ^2 + DJ^2)^1/2) / 2 + PE
    Total System Jitter     (TSJ):    0.071ns
    Discrete Jitter          (DJ):    0.118ns
    Phase Error              (PE):    0.097ns

    Location             Delay type                Incr(ns)  Path(ns)    Netlist Resource(s)
  -------------------------------------------------------------------    -------------------
                         (clock adc_clk rise edge)    0.000     0.000 r  
                         input delay                  3.400     3.400    
    Y14                                               0.000     3.400 r  adc_dat_i[0][7] (IN)
                         net (fo=0)                   0.000     3.400    adc_dat_i[0][7]
    Y14                  IBUF (Prop_ibuf_I_O)         0.488     3.888 r  adc_dat_raw_reg[0][5]_i_1/O
                         net (fo=1, routed)           0.000     3.888    adc_dat_raw_reg[0][5]_i_1_n_0
    ILOGIC_X0Y33         FDRE                                         r  adc_dat_raw_reg[0][5]/D
  -------------------------------------------------------------------    -------------------

                         (clock pll_adc_clk rise edge)
                                                      8.000     8.000 r  
    U18                                               0.000     8.000 r  adc_clk_i[1] (IN)
                         net (fo=0)                   0.000     8.000    adc_clk_i[1]
    U18                  IBUFDS (Prop_ibufds_I_O)     0.401     8.401 r  i_clk/O
                         net (fo=1, routed)           0.440     8.842    pll/adc_clk_in
    PLLE2_ADV_X0Y0       PLLE2_ADV (Prop_plle2_adv_CLKIN1_CLKOUT0)
                                                      0.051     8.893 r  pll/pll/CLKOUT0
                         net (fo=1, routed)           0.497     9.390    pll_adc_clk
    BUFGCTRL_X0Y0        BUFG (Prop_bufg_I_O)         0.026     9.416 r  bufg_adc_clk/O
                         net (fo=3940, routed)        0.580     9.995    adc_clk
    ILOGIC_X0Y33         FDRE                                         r  adc_dat_raw_reg[0][5]/C
                         clock pessimism              0.000     9.995    
                         clock uncertainty           -0.166     9.829    
    ILOGIC_X0Y33         FDRE (Setup_fdre_C_D)       -0.001     9.828    adc_dat_raw_reg[0][5]
  -------------------------------------------------------------------
                         required time                          9.828    
                         arrival time                          -3.888    
  -------------------------------------------------------------------
                         slack                                  5.940    

Slack (MET) :             5.943ns  (required time - arrival time)
  Source:                 adc_dat_i[0][6]
                            (input port clocked by adc_clk  {rise@0.000ns fall@4.000ns period=8.000ns})
  Destination:            adc_dat_raw_reg[0][4]/D
                            (rising edge-triggered cell FDRE clocked by pll_adc_clk  {rise@0.000ns fall@4.000ns period=8.000ns})
  Path Group:             pll_adc_clk
  Path Type:              Setup (Max at Fast Process Corner)
  Requirement:            8.000ns  (pll_adc_clk rise@8.000ns - adc_clk rise@0.000ns)
  Data Path Delay:        0.486ns  (logic 0.486ns (100.000%)  route 0.000ns (0.000%))
  Logic Levels:           1  (IBUF=1)
  Input Delay:            3.400ns
  Clock Path Skew:        1.995ns (DCD - SCD + CPR)
    Destination Clock Delay (DCD):    1.995ns = ( 9.995 - 8.000 ) 
    Source Clock Delay      (SCD):    0.000ns
    Clock Pessimism Removal (CPR):    0.000ns
  Clock Uncertainty:      0.166ns  ((TSJ^2 + DJ^2)^1/2) / 2 + PE
    Total System Jitter     (TSJ):    0.071ns
    Discrete Jitter          (DJ):    0.118ns
    Phase Error              (PE):    0.097ns

    Location             Delay type                Incr(ns)  Path(ns)    Netlist Resource(s)
  -------------------------------------------------------------------    -------------------
                         (clock adc_clk rise edge)    0.000     0.000 r  
                         input delay                  3.400     3.400    
    W14                                               0.000     3.400 r  adc_dat_i[0][6] (IN)
                         net (fo=0)                   0.000     3.400    adc_dat_i[0][6]
    W14                  IBUF (Prop_ibuf_I_O)         0.486     3.886 r  adc_dat_raw_reg[0][4]_i_1/O
                         net (fo=1, routed)           0.000     3.886    adc_dat_raw_reg[0][4]_i_1_n_0
    ILOGIC_X0Y34         FDRE                                         r  adc_dat_raw_reg[0][4]/D
  -------------------------------------------------------------------    -------------------

                         (clock pll_adc_clk rise edge)
                                                      8.000     8.000 r  
    U18                                               0.000     8.000 r  adc_clk_i[1] (IN)
                         net (fo=0)                   0.000     8.000    adc_clk_i[1]
    U18                  IBUFDS (Prop_ibufds_I_O)     0.401     8.401 r  i_clk/O
                         net (fo=1, routed)           0.440     8.842    pll/adc_clk_in
    PLLE2_ADV_X0Y0       PLLE2_ADV (Prop_plle2_adv_CLKIN1_CLKOUT0)
                                                      0.051     8.893 r  pll/pll/CLKOUT0
                         net (fo=1, routed)           0.497     9.390    pll_adc_clk
    BUFGCTRL_X0Y0        BUFG (Prop_bufg_I_O)         0.026     9.416 r  bufg_adc_clk/O
                         net (fo=3940, routed)        0.580     9.995    adc_clk
    ILOGIC_X0Y34         FDRE                                         r  adc_dat_raw_reg[0][4]/C
                         clock pessimism              0.000     9.995    
                         clock uncertainty           -0.166     9.829    
    ILOGIC_X0Y34         FDRE (Setup_fdre_C_D)       -0.001     9.828    adc_dat_raw_reg[0][4]
  -------------------------------------------------------------------
                         required time                          9.828    
                         arrival time                          -3.886    
  -------------------------------------------------------------------
                         slack                                  5.943    

Slack (MET) :             5.953ns  (required time - arrival time)
  Source:                 adc_dat_i[0][13]
                            (input port clocked by adc_clk  {rise@0.000ns fall@4.000ns period=8.000ns})
  Destination:            adc_dat_raw_reg[0][11]/D
                            (rising edge-triggered cell FDRE clocked by pll_adc_clk  {rise@0.000ns fall@4.000ns period=8.000ns})
  Path Group:             pll_adc_clk
  Path Type:              Setup (Max at Fast Process Corner)
  Requirement:            8.000ns  (pll_adc_clk rise@8.000ns - adc_clk rise@0.000ns)
  Data Path Delay:        0.472ns  (logic 0.472ns (100.000%)  route 0.000ns (0.000%))
  Logic Levels:           1  (IBUF=1)
  Input Delay:            3.400ns
  Clock Path Skew:        1.991ns (DCD - SCD + CPR)
    Destination Clock Delay (DCD):    1.991ns = ( 9.991 - 8.000 ) 
    Source Clock Delay      (SCD):    0.000ns
    Clock Pessimism Removal (CPR):    0.000ns
  Clock Uncertainty:      0.166ns  ((TSJ^2 + DJ^2)^1/2) / 2 + PE
    Total System Jitter     (TSJ):    0.071ns
    Discrete Jitter          (DJ):    0.118ns
    Phase Error              (PE):    0.097ns

    Location             Delay type                Incr(ns)  Path(ns)    Netlist Resource(s)
  -------------------------------------------------------------------    -------------------
                         (clock adc_clk rise edge)    0.000     0.000 r  
                         input delay                  3.400     3.400    
    V15                                               0.000     3.400 r  adc_dat_i[0][13] (IN)
                         net (fo=0)                   0.000     3.400    adc_dat_i[0][13]
    V15                  IBUF (Prop_ibuf_I_O)         0.472     3.872 r  adc_dat_raw_reg[0][11]_i_1/O
                         net (fo=1, routed)           0.000     3.872    adc_dat_raw_reg[0][11]_i_1_n_0
    ILOGIC_X0Y30         FDRE                                         r  adc_dat_raw_reg[0][11]/D
  -------------------------------------------------------------------    -------------------

                         (clock pll_adc_clk rise edge)
                                                      8.000     8.000 r  
    U18                                               0.000     8.000 r  adc_clk_i[1] (IN)
                         net (fo=0)                   0.000     8.000    adc_clk_i[1]
    U18                  IBUFDS (Prop_ibufds_I_O)     0.401     8.401 r  i_clk/O
                         net (fo=1, routed)           0.440     8.842    pll/adc_clk_in
    PLLE2_ADV_X0Y0       PLLE2_ADV (Prop_plle2_adv_CLKIN1_CLKOUT0)
                                                      0.051     8.893 r  pll/pll/CLKOUT0
                         net (fo=1, routed)           0.497     9.390    pll_adc_clk
    BUFGCTRL_X0Y0        BUFG (Prop_bufg_I_O)         0.026     9.416 r  bufg_adc_clk/O
                         net (fo=3940, routed)        0.576     9.991    adc_clk
    ILOGIC_X0Y30         FDRE                                         r  adc_dat_raw_reg[0][11]/C
                         clock pessimism              0.000     9.991    
                         clock uncertainty           -0.166     9.825    
    ILOGIC_X0Y30         FDRE (Setup_fdre_C_D)       -0.001     9.824    adc_dat_raw_reg[0][11]
  -------------------------------------------------------------------
                         required time                          9.824    
                         arrival time                          -3.872    
  -------------------------------------------------------------------
                         slack                                  5.953    

Slack (MET) :             5.959ns  (required time - arrival time)
  Source:                 adc_dat_i[0][4]
                            (input port clocked by adc_clk  {rise@0.000ns fall@4.000ns period=8.000ns})
  Destination:            adc_dat_raw_reg[0][2]/D
                            (rising edge-triggered cell FDRE clocked by pll_adc_clk  {rise@0.000ns fall@4.000ns period=8.000ns})
  Path Group:             pll_adc_clk
  Path Type:              Setup (Max at Fast Process Corner)
  Requirement:            8.000ns  (pll_adc_clk rise@8.000ns - adc_clk rise@0.000ns)
  Data Path Delay:        0.470ns  (logic 0.470ns (100.000%)  route 0.000ns (0.000%))
  Logic Levels:           1  (IBUF=1)
  Input Delay:            3.400ns
  Clock Path Skew:        1.995ns (DCD - SCD + CPR)
    Destination Clock Delay (DCD):    1.995ns = ( 9.995 - 8.000 ) 
    Source Clock Delay      (SCD):    0.000ns
    Clock Pessimism Removal (CPR):    0.000ns
  Clock Uncertainty:      0.166ns  ((TSJ^2 + DJ^2)^1/2) / 2 + PE
    Total System Jitter     (TSJ):    0.071ns
    Discrete Jitter          (DJ):    0.118ns
    Phase Error              (PE):    0.097ns

    Location             Delay type                Incr(ns)  Path(ns)    Netlist Resource(s)
  -------------------------------------------------------------------    -------------------
                         (clock adc_clk rise edge)    0.000     0.000 r  
                         input delay                  3.400     3.400    
    Y16                                               0.000     3.400 r  adc_dat_i[0][4] (IN)
                         net (fo=0)                   0.000     3.400    adc_dat_i[0][4]
    Y16                  IBUF (Prop_ibuf_I_O)         0.470     3.870 r  adc_dat_raw_reg[0][2]_i_1/O
                         net (fo=1, routed)           0.000     3.870    adc_dat_raw_reg[0][2]_i_1_n_0
    ILOGIC_X0Y36         FDRE                                         r  adc_dat_raw_reg[0][2]/D
  -------------------------------------------------------------------    -------------------

                         (clock pll_adc_clk rise edge)
                                                      8.000     8.000 r  
    U18                                               0.000     8.000 r  adc_clk_i[1] (IN)
                         net (fo=0)                   0.000     8.000    adc_clk_i[1]
    U18                  IBUFDS (Prop_ibufds_I_O)     0.401     8.401 r  i_clk/O
                         net (fo=1, routed)           0.440     8.842    pll/adc_clk_in
    PLLE2_ADV_X0Y0       PLLE2_ADV (Prop_plle2_adv_CLKIN1_CLKOUT0)
                                                      0.051     8.893 r  pll/pll/CLKOUT0
                         net (fo=1, routed)           0.497     9.390    pll_adc_clk
    BUFGCTRL_X0Y0        BUFG (Prop_bufg_I_O)         0.026     9.416 r  bufg_adc_clk/O
                         net (fo=3940, routed)        0.580     9.995    adc_clk
    ILOGIC_X0Y36         FDRE                                         r  adc_dat_raw_reg[0][2]/C
                         clock pessimism              0.000     9.995    
                         clock uncertainty           -0.166     9.829    
    ILOGIC_X0Y36         FDRE (Setup_fdre_C_D)       -0.001     9.828    adc_dat_raw_reg[0][2]
  -------------------------------------------------------------------
                         required time                          9.828    
                         arrival time                          -3.870    
  -------------------------------------------------------------------
                         slack                                  5.959    

Slack (MET) :             5.959ns  (required time - arrival time)
  Source:                 adc_dat_i[0][5]
                            (input port clocked by adc_clk  {rise@0.000ns fall@4.000ns period=8.000ns})
  Destination:            adc_dat_raw_reg[0][3]/D
                            (rising edge-triggered cell FDRE clocked by pll_adc_clk  {rise@0.000ns fall@4.000ns period=8.000ns})
  Path Group:             pll_adc_clk
  Path Type:              Setup (Max at Fast Process Corner)
  Requirement:            8.000ns  (pll_adc_clk rise@8.000ns - adc_clk rise@0.000ns)
  Data Path Delay:        0.465ns  (logic 0.465ns (100.000%)  route 0.000ns (0.000%))
  Logic Levels:           1  (IBUF=1)
  Input Delay:            3.400ns
  Clock Path Skew:        1.991ns (DCD - SCD + CPR)
    Destination Clock Delay (DCD):    1.991ns = ( 9.991 - 8.000 ) 
    Source Clock Delay      (SCD):    0.000ns
    Clock Pessimism Removal (CPR):    0.000ns
  Clock Uncertainty:      0.166ns  ((TSJ^2 + DJ^2)^1/2) / 2 + PE
    Total System Jitter     (TSJ):    0.071ns
    Discrete Jitter          (DJ):    0.118ns
    Phase Error              (PE):    0.097ns

    Location             Delay type                Incr(ns)  Path(ns)    Netlist Resource(s)
  -------------------------------------------------------------------    -------------------
                         (clock adc_clk rise edge)    0.000     0.000 r  
                         input delay                  3.400     3.400    
    W15                                               0.000     3.400 r  adc_dat_i[0][5] (IN)
                         net (fo=0)                   0.000     3.400    adc_dat_i[0][5]
    W15                  IBUF (Prop_ibuf_I_O)         0.465     3.865 r  adc_dat_raw_reg[0][3]_i_1/O
                         net (fo=1, routed)           0.000     3.865    adc_dat_raw_reg[0][3]_i_1_n_0
    ILOGIC_X0Y29         FDRE                                         r  adc_dat_raw_reg[0][3]/D
  -------------------------------------------------------------------    -------------------

                         (clock pll_adc_clk rise edge)
                                                      8.000     8.000 r  
    U18                                               0.000     8.000 r  adc_clk_i[1] (IN)
                         net (fo=0)                   0.000     8.000    adc_clk_i[1]
    U18                  IBUFDS (Prop_ibufds_I_O)     0.401     8.401 r  i_clk/O
                         net (fo=1, routed)           0.440     8.842    pll/adc_clk_in
    PLLE2_ADV_X0Y0       PLLE2_ADV (Prop_plle2_adv_CLKIN1_CLKOUT0)
                                                      0.051     8.893 r  pll/pll/CLKOUT0
                         net (fo=1, routed)           0.497     9.390    pll_adc_clk
    BUFGCTRL_X0Y0        BUFG (Prop_bufg_I_O)         0.026     9.416 r  bufg_adc_clk/O
                         net (fo=3940, routed)        0.576     9.991    adc_clk
    ILOGIC_X0Y29         FDRE                                         r  adc_dat_raw_reg[0][3]/C
                         clock pessimism              0.000     9.991    
                         clock uncertainty           -0.166     9.825    
    ILOGIC_X0Y29         FDRE (Setup_fdre_C_D)       -0.001     9.824    adc_dat_raw_reg[0][3]
  -------------------------------------------------------------------
                         required time                          9.824    
                         arrival time                          -3.865    
  -------------------------------------------------------------------
                         slack                                  5.959    

Slack (MET) :             5.965ns  (required time - arrival time)
  Source:                 adc_dat_i[0][2]
                            (input port clocked by adc_clk  {rise@0.000ns fall@4.000ns period=8.000ns})
  Destination:            adc_dat_raw_reg[0][0]/D
                            (rising edge-triggered cell FDRE clocked by pll_adc_clk  {rise@0.000ns fall@4.000ns period=8.000ns})
  Path Group:             pll_adc_clk
  Path Type:              Setup (Max at Fast Process Corner)
  Requirement:            8.000ns  (pll_adc_clk rise@8.000ns - adc_clk rise@0.000ns)
  Data Path Delay:        0.463ns  (logic 0.463ns (100.000%)  route 0.000ns (0.000%))
  Logic Levels:           1  (IBUF=1)
  Input Delay:            3.400ns
  Clock Path Skew:        1.995ns (DCD - SCD + CPR)
    Destination Clock Delay (DCD):    1.995ns = ( 9.995 - 8.000 ) 
    Source Clock Delay      (SCD):    0.000ns
    Clock Pessimism Removal (CPR):    0.000ns
  Clock Uncertainty:      0.166ns  ((TSJ^2 + DJ^2)^1/2) / 2 + PE
    Total System Jitter     (TSJ):    0.071ns
    Discrete Jitter          (DJ):    0.118ns
    Phase Error              (PE):    0.097ns

    Location             Delay type                Incr(ns)  Path(ns)    Netlist Resource(s)
  -------------------------------------------------------------------    -------------------
                         (clock adc_clk rise edge)    0.000     0.000 r  
                         input delay                  3.400     3.400    
    Y17                                               0.000     3.400 r  adc_dat_i[0][2] (IN)
                         net (fo=0)                   0.000     3.400    adc_dat_i[0][2]
    Y17                  IBUF (Prop_ibuf_I_O)         0.463     3.863 r  adc_dat_raw_reg[0][0]_i_1/O
                         net (fo=1, routed)           0.000     3.863    adc_dat_raw_reg[0][0]_i_1_n_0
    ILOGIC_X0Y35         FDRE                                         r  adc_dat_raw_reg[0][0]/D
  -------------------------------------------------------------------    -------------------

                         (clock pll_adc_clk rise edge)
                                                      8.000     8.000 r  
    U18                                               0.000     8.000 r  adc_clk_i[1] (IN)
                         net (fo=0)                   0.000     8.000    adc_clk_i[1]
    U18                  IBUFDS (Prop_ibufds_I_O)     0.401     8.401 r  i_clk/O
                         net (fo=1, routed)           0.440     8.842    pll/adc_clk_in
    PLLE2_ADV_X0Y0       PLLE2_ADV (Prop_plle2_adv_CLKIN1_CLKOUT0)
                                                      0.051     8.893 r  pll/pll/CLKOUT0
                         net (fo=1, routed)           0.497     9.390    pll_adc_clk
    BUFGCTRL_X0Y0        BUFG (Prop_bufg_I_O)         0.026     9.416 r  bufg_adc_clk/O
                         net (fo=3940, routed)        0.580     9.995    adc_clk
    ILOGIC_X0Y35         FDRE                                         r  adc_dat_raw_reg[0][0]/C
                         clock pessimism              0.000     9.995    
                         clock uncertainty           -0.166     9.829    
    ILOGIC_X0Y35         FDRE (Setup_fdre_C_D)       -0.001     9.828    adc_dat_raw_reg[0][0]
  -------------------------------------------------------------------
                         required time                          9.828    
                         arrival time                          -3.863    
  -------------------------------------------------------------------
                         slack                                  5.965    

Slack (MET) :             5.988ns  (required time - arrival time)
  Source:                 adc_dat_i[0][8]
                            (input port clocked by adc_clk  {rise@0.000ns fall@4.000ns period=8.000ns})
  Destination:            adc_dat_raw_reg[0][6]/D
                            (rising edge-triggered cell FDRE clocked by pll_adc_clk  {rise@0.000ns fall@4.000ns period=8.000ns})
  Path Group:             pll_adc_clk
  Path Type:              Setup (Max at Fast Process Corner)
  Requirement:            8.000ns  (pll_adc_clk rise@8.000ns - adc_clk rise@0.000ns)
  Data Path Delay:        0.442ns  (logic 0.442ns (100.000%)  route 0.000ns (0.000%))
  Logic Levels:           1  (IBUF=1)
  Input Delay:            3.400ns
  Clock Path Skew:        1.997ns (DCD - SCD + CPR)
    Destination Clock Delay (DCD):    1.997ns = ( 9.997 - 8.000 ) 
    Source Clock Delay      (SCD):    0.000ns
    Clock Pessimism Removal (CPR):    0.000ns
  Clock Uncertainty:      0.166ns  ((TSJ^2 + DJ^2)^1/2) / 2 + PE
    Total System Jitter     (TSJ):    0.071ns
    Discrete Jitter          (DJ):    0.118ns
    Phase Error              (PE):    0.097ns

    Location             Delay type                Incr(ns)  Path(ns)    Netlist Resource(s)
  -------------------------------------------------------------------    -------------------
                         (clock adc_clk rise edge)    0.000     0.000 r  
                         input delay                  3.400     3.400    
    W13                                               0.000     3.400 r  adc_dat_i[0][8] (IN)
                         net (fo=0)                   0.000     3.400    adc_dat_i[0][8]
    W13                  IBUF (Prop_ibuf_I_O)         0.442     3.842 r  adc_dat_raw_reg[0][6]_i_1/O
                         net (fo=1, routed)           0.000     3.842    adc_dat_raw_reg[0][6]_i_1_n_0
    ILOGIC_X0Y41         FDRE                                         r  adc_dat_raw_reg[0][6]/D
  -------------------------------------------------------------------    -------------------

                         (clock pll_adc_clk rise edge)
                                                      8.000     8.000 r  
    U18                                               0.000     8.000 r  adc_clk_i[1] (IN)
                         net (fo=0)                   0.000     8.000    adc_clk_i[1]
    U18                  IBUFDS (Prop_ibufds_I_O)     0.401     8.401 r  i_clk/O
                         net (fo=1, routed)           0.440     8.842    pll/adc_clk_in
    PLLE2_ADV_X0Y0       PLLE2_ADV (Prop_plle2_adv_CLKIN1_CLKOUT0)
                                                      0.051     8.893 r  pll/pll/CLKOUT0
                         net (fo=1, routed)           0.497     9.390    pll_adc_clk
    BUFGCTRL_X0Y0        BUFG (Prop_bufg_I_O)         0.026     9.416 r  bufg_adc_clk/O
                         net (fo=3940, routed)        0.582     9.997    adc_clk
    ILOGIC_X0Y41         FDRE                                         r  adc_dat_raw_reg[0][6]/C
                         clock pessimism              0.000     9.997    
                         clock uncertainty           -0.166     9.831    
    ILOGIC_X0Y41         FDRE (Setup_fdre_C_D)       -0.001     9.830    adc_dat_raw_reg[0][6]
  -------------------------------------------------------------------
                         required time                          9.830    
                         arrival time                          -3.842    
  -------------------------------------------------------------------
                         slack                                  5.988    

Slack (MET) :             5.995ns  (required time - arrival time)
  Source:                 adc_dat_i[0][9]
                            (input port clocked by adc_clk  {rise@0.000ns fall@4.000ns period=8.000ns})
  Destination:            adc_dat_raw_reg[0][7]/D
                            (rising edge-triggered cell FDRE clocked by pll_adc_clk  {rise@0.000ns fall@4.000ns period=8.000ns})
  Path Group:             pll_adc_clk
  Path Type:              Setup (Max at Fast Process Corner)
  Requirement:            8.000ns  (pll_adc_clk rise@8.000ns - adc_clk rise@0.000ns)
  Data Path Delay:        0.435ns  (logic 0.435ns (100.000%)  route 0.000ns (0.000%))
  Logic Levels:           1  (IBUF=1)
  Input Delay:            3.400ns
  Clock Path Skew:        1.997ns (DCD - SCD + CPR)
    Destination Clock Delay (DCD):    1.997ns = ( 9.997 - 8.000 ) 
    Source Clock Delay      (SCD):    0.000ns
    Clock Pessimism Removal (CPR):    0.000ns
  Clock Uncertainty:      0.166ns  ((TSJ^2 + DJ^2)^1/2) / 2 + PE
    Total System Jitter     (TSJ):    0.071ns
    Discrete Jitter          (DJ):    0.118ns
    Phase Error              (PE):    0.097ns

    Location             Delay type                Incr(ns)  Path(ns)    Netlist Resource(s)
  -------------------------------------------------------------------    -------------------
                         (clock adc_clk rise edge)    0.000     0.000 r  
                         input delay                  3.400     3.400    
    V12                                               0.000     3.400 r  adc_dat_i[0][9] (IN)
                         net (fo=0)                   0.000     3.400    adc_dat_i[0][9]
    V12                  IBUF (Prop_ibuf_I_O)         0.435     3.835 r  adc_dat_raw_reg[0][7]_i_1/O
                         net (fo=1, routed)           0.000     3.835    adc_dat_raw_reg[0][7]_i_1_n_0
    ILOGIC_X0Y42         FDRE                                         r  adc_dat_raw_reg[0][7]/D
  -------------------------------------------------------------------    -------------------

                         (clock pll_adc_clk rise edge)
                                                      8.000     8.000 r  
    U18                                               0.000     8.000 r  adc_clk_i[1] (IN)
                         net (fo=0)                   0.000     8.000    adc_clk_i[1]
    U18                  IBUFDS (Prop_ibufds_I_O)     0.401     8.401 r  i_clk/O
                         net (fo=1, routed)           0.440     8.842    pll/adc_clk_in
    PLLE2_ADV_X0Y0       PLLE2_ADV (Prop_plle2_adv_CLKIN1_CLKOUT0)
                                                      0.051     8.893 r  pll/pll/CLKOUT0
                         net (fo=1, routed)           0.497     9.390    pll_adc_clk
    BUFGCTRL_X0Y0        BUFG (Prop_bufg_I_O)         0.026     9.416 r  bufg_adc_clk/O
                         net (fo=3940, routed)        0.582     9.997    adc_clk
    ILOGIC_X0Y42         FDRE                                         r  adc_dat_raw_reg[0][7]/C
                         clock pessimism              0.000     9.997    
                         clock uncertainty           -0.166     9.831    
    ILOGIC_X0Y42         FDRE (Setup_fdre_C_D)       -0.001     9.830    adc_dat_raw_reg[0][7]
  -------------------------------------------------------------------
                         required time                          9.830    
                         arrival time                          -3.835    
  -------------------------------------------------------------------
                         slack                                  5.995    

Slack (MET) :             5.995ns  (required time - arrival time)
  Source:                 adc_dat_i[0][14]
                            (input port clocked by adc_clk  {rise@0.000ns fall@4.000ns period=8.000ns})
  Destination:            adc_dat_raw_reg[0][12]/D
                            (rising edge-triggered cell FDRE clocked by pll_adc_clk  {rise@0.000ns fall@4.000ns period=8.000ns})
  Path Group:             pll_adc_clk
  Path Type:              Setup (Max at Fast Process Corner)
  Requirement:            8.000ns  (pll_adc_clk rise@8.000ns - adc_clk rise@0.000ns)
  Data Path Delay:        0.431ns  (logic 0.431ns (100.000%)  route 0.000ns (0.000%))
  Logic Levels:           1  (IBUF=1)
  Input Delay:            3.400ns
  Clock Path Skew:        1.993ns (DCD - SCD + CPR)
    Destination Clock Delay (DCD):    1.993ns = ( 9.993 - 8.000 ) 
    Source Clock Delay      (SCD):    0.000ns
    Clock Pessimism Removal (CPR):    0.000ns
  Clock Uncertainty:      0.166ns  ((TSJ^2 + DJ^2)^1/2) / 2 + PE
    Total System Jitter     (TSJ):    0.071ns
    Discrete Jitter          (DJ):    0.118ns
    Phase Error              (PE):    0.097ns

    Location             Delay type                Incr(ns)  Path(ns)    Netlist Resource(s)
  -------------------------------------------------------------------    -------------------
                         (clock adc_clk rise edge)    0.000     0.000 r  
                         input delay                  3.400     3.400    
    T16                                               0.000     3.400 r  adc_dat_i[0][14] (IN)
                         net (fo=0)                   0.000     3.400    adc_dat_i[0][14]
    T16                  IBUF (Prop_ibuf_I_O)         0.431     3.831 r  adc_dat_raw_reg[0][12]_i_1/O
                         net (fo=1, routed)           0.000     3.831    adc_dat_raw_reg[0][12]_i_1_n_0
    ILOGIC_X0Y32         FDRE                                         r  adc_dat_raw_reg[0][12]/D
  -------------------------------------------------------------------    -------------------

                         (clock pll_adc_clk rise edge)
                                                      8.000     8.000 r  
    U18                                               0.000     8.000 r  adc_clk_i[1] (IN)
                         net (fo=0)                   0.000     8.000    adc_clk_i[1]
    U18                  IBUFDS (Prop_ibufds_I_O)     0.401     8.401 r  i_clk/O
                         net (fo=1, routed)           0.440     8.842    pll/adc_clk_in
    PLLE2_ADV_X0Y0       PLLE2_ADV (Prop_plle2_adv_CLKIN1_CLKOUT0)
                                                      0.051     8.893 r  pll/pll/CLKOUT0
                         net (fo=1, routed)           0.497     9.390    pll_adc_clk
    BUFGCTRL_X0Y0        BUFG (Prop_bufg_I_O)         0.026     9.416 r  bufg_adc_clk/O
                         net (fo=3940, routed)        0.578     9.993    adc_clk
    ILOGIC_X0Y32         FDRE                                         r  adc_dat_raw_reg[0][12]/C
                         clock pessimism              0.000     9.993    
                         clock uncertainty           -0.166     9.827    
    ILOGIC_X0Y32         FDRE (Setup_fdre_C_D)       -0.001     9.826    adc_dat_raw_reg[0][12]
  -------------------------------------------------------------------
                         required time                          9.826    
                         arrival time                          -3.831    
  -------------------------------------------------------------------
                         slack                                  5.995    

Slack (MET) :             6.009ns  (required time - arrival time)
  Source:                 adc_dat_i[0][10]
                            (input port clocked by adc_clk  {rise@0.000ns fall@4.000ns period=8.000ns})
  Destination:            adc_dat_raw_reg[0][8]/D
                            (rising edge-triggered cell FDRE clocked by pll_adc_clk  {rise@0.000ns fall@4.000ns period=8.000ns})
  Path Group:             pll_adc_clk
  Path Type:              Setup (Max at Fast Process Corner)
  Requirement:            8.000ns  (pll_adc_clk rise@8.000ns - adc_clk rise@0.000ns)
  Data Path Delay:        0.422ns  (logic 0.422ns (100.000%)  route 0.000ns (0.000%))
  Logic Levels:           1  (IBUF=1)
  Input Delay:            3.400ns
  Clock Path Skew:        1.997ns (DCD - SCD + CPR)
    Destination Clock Delay (DCD):    1.997ns = ( 9.997 - 8.000 ) 
    Source Clock Delay      (SCD):    0.000ns
    Clock Pessimism Removal (CPR):    0.000ns
  Clock Uncertainty:      0.166ns  ((TSJ^2 + DJ^2)^1/2) / 2 + PE
    Total System Jitter     (TSJ):    0.071ns
    Discrete Jitter          (DJ):    0.118ns
    Phase Error              (PE):    0.097ns

    Location             Delay type                Incr(ns)  Path(ns)    Netlist Resource(s)
  -------------------------------------------------------------------    -------------------
                         (clock adc_clk rise edge)    0.000     0.000 r  
                         input delay                  3.400     3.400    
    V13                                               0.000     3.400 r  adc_dat_i[0][10] (IN)
                         net (fo=0)                   0.000     3.400    adc_dat_i[0][10]
    V13                  IBUF (Prop_ibuf_I_O)         0.422     3.822 r  adc_dat_raw_reg[0][8]_i_1/O
                         net (fo=1, routed)           0.000     3.822    adc_dat_raw_reg[0][8]_i_1_n_0
    ILOGIC_X0Y43         FDRE                                         r  adc_dat_raw_reg[0][8]/D
  -------------------------------------------------------------------    -------------------

                         (clock pll_adc_clk rise edge)
                                                      8.000     8.000 r  
    U18                                               0.000     8.000 r  adc_clk_i[1] (IN)
                         net (fo=0)                   0.000     8.000    adc_clk_i[1]
    U18                  IBUFDS (Prop_ibufds_I_O)     0.401     8.401 r  i_clk/O
                         net (fo=1, routed)           0.440     8.842    pll/adc_clk_in
    PLLE2_ADV_X0Y0       PLLE2_ADV (Prop_plle2_adv_CLKIN1_CLKOUT0)
                                                      0.051     8.893 r  pll/pll/CLKOUT0
                         net (fo=1, routed)           0.497     9.390    pll_adc_clk
    BUFGCTRL_X0Y0        BUFG (Prop_bufg_I_O)         0.026     9.416 r  bufg_adc_clk/O
                         net (fo=3940, routed)        0.582     9.997    adc_clk
    ILOGIC_X0Y43         FDRE                                         r  adc_dat_raw_reg[0][8]/C
                         clock pessimism              0.000     9.997    
                         clock uncertainty           -0.166     9.831    
    ILOGIC_X0Y43         FDRE (Setup_fdre_C_D)       -0.001     9.830    adc_dat_raw_reg[0][8]
  -------------------------------------------------------------------
                         required time                          9.830    
                         arrival time                          -3.822    
  -------------------------------------------------------------------
                         slack                                  6.009    





Min Delay Paths
--------------------------------------------------------------------------------------
Slack (VIOLATED) :        -2.163ns  (arrival time - required time)
  Source:                 adc_dat_i[1][3]
                            (input port clocked by adc_clk  {rise@0.000ns fall@4.000ns period=8.000ns})
  Destination:            adc_dat_raw_reg[1][1]/D
                            (rising edge-triggered cell FDRE clocked by pll_adc_clk  {rise@0.000ns fall@4.000ns period=8.000ns})
  Path Group:             pll_adc_clk
  Path Type:              Hold (Min at Slow Process Corner)
  Requirement:            0.000ns  (pll_adc_clk rise@0.000ns - adc_clk rise@0.000ns)
  Data Path Delay:        0.805ns  (logic 0.805ns (100.000%)  route 0.000ns (0.000%))
  Logic Levels:           1  (IBUF=1)
  Input Delay:            3.400ns
  Clock Path Skew:        6.011ns (DCD - SCD - CPR)
    Destination Clock Delay (DCD):    6.011ns
    Source Clock Delay      (SCD):    0.000ns
    Clock Pessimism Removal (CPR):    -0.000ns
  Clock Uncertainty:      0.166ns  ((TSJ^2 + DJ^2)^1/2) / 2 + PE
    Total System Jitter     (TSJ):    0.071ns
    Discrete Jitter          (DJ):    0.118ns
    Phase Error              (PE):    0.097ns

    Location             Delay type                Incr(ns)  Path(ns)    Netlist Resource(s)
  -------------------------------------------------------------------    -------------------
                         (clock adc_clk rise edge)    0.000     0.000 r  
                         input delay                  3.400     3.400    
    P16                                               0.000     3.400 r  adc_dat_i[1][3] (IN)
                         net (fo=0)                   0.000     3.400    adc_dat_i[1][3]
    P16                  IBUF (Prop_ibuf_I_O)         0.805     4.205 r  adc_dat_raw_reg[1][1]_i_1/O
                         net (fo=1, routed)           0.000     4.205    adc_dat_raw_reg[1][1]_i_1_n_0
    ILOGIC_X0Y1          FDRE                                         r  adc_dat_raw_reg[1][1]/D
  -------------------------------------------------------------------    -------------------

                         (clock pll_adc_clk rise edge)
                                                      0.000     0.000 r  
    U18                                               0.000     0.000 r  adc_clk_i[1] (IN)
                         net (fo=0)                   0.000     0.000    adc_clk_i[1]
    U18                  IBUFDS (Prop_ibufds_I_O)     0.983     0.983 r  i_clk/O
                         net (fo=1, routed)           1.306     2.289    pll/adc_clk_in
    PLLE2_ADV_X0Y0       PLLE2_ADV (Prop_plle2_adv_CLKIN1_CLKOUT0)
                                                      0.089     2.378 r  pll/pll/CLKOUT0
                         net (fo=1, routed)           1.754     4.132    pll_adc_clk
    BUFGCTRL_X0Y0        BUFG (Prop_bufg_I_O)         0.101     4.233 r  bufg_adc_clk/O
                         net (fo=3940, routed)        1.777     6.011    adc_clk
    ILOGIC_X0Y1          FDRE                                         r  adc_dat_raw_reg[1][1]/C
                         clock pessimism              0.000     6.011    
                         clock uncertainty            0.166     6.176    
    ILOGIC_X0Y1          FDRE (Hold_fdre_C_D)         0.192     6.368    adc_dat_raw_reg[1][1]
  -------------------------------------------------------------------
                         required time                         -6.368    
                         arrival time                           4.205    
  -------------------------------------------------------------------
                         slack                                 -2.163    

Slack (VIOLATED) :        -2.154ns  (arrival time - required time)
  Source:                 adc_dat_i[1][2]
                            (input port clocked by adc_clk  {rise@0.000ns fall@4.000ns period=8.000ns})
  Destination:            adc_dat_raw_reg[1][0]/D
                            (rising edge-triggered cell FDRE clocked by pll_adc_clk  {rise@0.000ns fall@4.000ns period=8.000ns})
  Path Group:             pll_adc_clk
  Path Type:              Hold (Min at Slow Process Corner)
  Requirement:            0.000ns  (pll_adc_clk rise@0.000ns - adc_clk rise@0.000ns)
  Data Path Delay:        0.811ns  (logic 0.811ns (100.000%)  route 0.000ns (0.000%))
  Logic Levels:           1  (IBUF=1)
  Input Delay:            3.400ns
  Clock Path Skew:        6.007ns (DCD - SCD - CPR)
    Destination Clock Delay (DCD):    6.007ns
    Source Clock Delay      (SCD):    0.000ns
    Clock Pessimism Removal (CPR):    -0.000ns
  Clock Uncertainty:      0.166ns  ((TSJ^2 + DJ^2)^1/2) / 2 + PE
    Total System Jitter     (TSJ):    0.071ns
    Discrete Jitter          (DJ):    0.118ns
    Phase Error              (PE):    0.097ns

    Location             Delay type                Incr(ns)  Path(ns)    Netlist Resource(s)
  -------------------------------------------------------------------    -------------------
                         (clock adc_clk rise edge)    0.000     0.000 r  
                         input delay                  3.400     3.400    
    R18                                               0.000     3.400 r  adc_dat_i[1][2] (IN)
                         net (fo=0)                   0.000     3.400    adc_dat_i[1][2]
    R18                  IBUF (Prop_ibuf_I_O)         0.811     4.211 r  adc_dat_raw_reg[1][0]_i_1/O
                         net (fo=1, routed)           0.000     4.211    adc_dat_raw_reg[1][0]_i_1_n_0
    ILOGIC_X0Y9          FDRE                                         r  adc_dat_raw_reg[1][0]/D
  -------------------------------------------------------------------    -------------------

                         (clock pll_adc_clk rise edge)
                                                      0.000     0.000 r  
    U18                                               0.000     0.000 r  adc_clk_i[1] (IN)
                         net (fo=0)                   0.000     0.000    adc_clk_i[1]
    U18                  IBUFDS (Prop_ibufds_I_O)     0.983     0.983 r  i_clk/O
                         net (fo=1, routed)           1.306     2.289    pll/adc_clk_in
    PLLE2_ADV_X0Y0       PLLE2_ADV (Prop_plle2_adv_CLKIN1_CLKOUT0)
                                                      0.089     2.378 r  pll/pll/CLKOUT0
                         net (fo=1, routed)           1.754     4.132    pll_adc_clk
    BUFGCTRL_X0Y0        BUFG (Prop_bufg_I_O)         0.101     4.233 r  bufg_adc_clk/O
                         net (fo=3940, routed)        1.773     6.007    adc_clk
    ILOGIC_X0Y9          FDRE                                         r  adc_dat_raw_reg[1][0]/C
                         clock pessimism              0.000     6.007    
                         clock uncertainty            0.166     6.172    
    ILOGIC_X0Y9          FDRE (Hold_fdre_C_D)         0.192     6.364    adc_dat_raw_reg[1][0]
  -------------------------------------------------------------------
                         required time                         -6.364    
                         arrival time                           4.211    
  -------------------------------------------------------------------
                         slack                                 -2.154    

Slack (VIOLATED) :        -2.152ns  (arrival time - required time)
  Source:                 adc_dat_i[1][8]
                            (input port clocked by adc_clk  {rise@0.000ns fall@4.000ns period=8.000ns})
  Destination:            adc_dat_raw_reg[1][6]/D
                            (rising edge-triggered cell FDRE clocked by pll_adc_clk  {rise@0.000ns fall@4.000ns period=8.000ns})
  Path Group:             pll_adc_clk
  Path Type:              Hold (Min at Slow Process Corner)
  Requirement:            0.000ns  (pll_adc_clk rise@0.000ns - adc_clk rise@0.000ns)
  Data Path Delay:        0.816ns  (logic 0.816ns (100.000%)  route 0.000ns (0.000%))
  Logic Levels:           1  (IBUF=1)
  Input Delay:            3.400ns
  Clock Path Skew:        6.011ns (DCD - SCD - CPR)
    Destination Clock Delay (DCD):    6.011ns
    Source Clock Delay      (SCD):    0.000ns
    Clock Pessimism Removal (CPR):    -0.000ns
  Clock Uncertainty:      0.166ns  ((TSJ^2 + DJ^2)^1/2) / 2 + PE
    Total System Jitter     (TSJ):    0.071ns
    Discrete Jitter          (DJ):    0.118ns
    Phase Error              (PE):    0.097ns

    Location             Delay type                Incr(ns)  Path(ns)    Netlist Resource(s)
  -------------------------------------------------------------------    -------------------
                         (clock adc_clk rise edge)    0.000     0.000 r  
                         input delay                  3.400     3.400    
    T19                                               0.000     3.400 r  adc_dat_i[1][8] (IN)
                         net (fo=0)                   0.000     3.400    adc_dat_i[1][8]
    T19                  IBUF (Prop_ibuf_I_O)         0.816     4.216 r  adc_dat_raw_reg[1][6]_i_1/O
                         net (fo=1, routed)           0.000     4.216    adc_dat_raw_reg[1][6]_i_1_n_0
    ILOGIC_X0Y0          FDRE                                         r  adc_dat_raw_reg[1][6]/D
  -------------------------------------------------------------------    -------------------

                         (clock pll_adc_clk rise edge)
                                                      0.000     0.000 r  
    U18                                               0.000     0.000 r  adc_clk_i[1] (IN)
                         net (fo=0)                   0.000     0.000    adc_clk_i[1]
    U18                  IBUFDS (Prop_ibufds_I_O)     0.983     0.983 r  i_clk/O
                         net (fo=1, routed)           1.306     2.289    pll/adc_clk_in
    PLLE2_ADV_X0Y0       PLLE2_ADV (Prop_plle2_adv_CLKIN1_CLKOUT0)
                                                      0.089     2.378 r  pll/pll/CLKOUT0
                         net (fo=1, routed)           1.754     4.132    pll_adc_clk
    BUFGCTRL_X0Y0        BUFG (Prop_bufg_I_O)         0.101     4.233 r  bufg_adc_clk/O
                         net (fo=3940, routed)        1.777     6.011    adc_clk
    ILOGIC_X0Y0          FDRE                                         r  adc_dat_raw_reg[1][6]/C
                         clock pessimism              0.000     6.011    
                         clock uncertainty            0.166     6.176    
    ILOGIC_X0Y0          FDRE (Hold_fdre_C_D)         0.192     6.368    adc_dat_raw_reg[1][6]
  -------------------------------------------------------------------
                         required time                         -6.368    
                         arrival time                           4.216    
  -------------------------------------------------------------------
                         slack                                 -2.152    

Slack (VIOLATED) :        -2.142ns  (arrival time - required time)
  Source:                 adc_dat_i[1][12]
                            (input port clocked by adc_clk  {rise@0.000ns fall@4.000ns period=8.000ns})
  Destination:            adc_dat_raw_reg[1][10]/D
                            (rising edge-triggered cell FDRE clocked by pll_adc_clk  {rise@0.000ns fall@4.000ns period=8.000ns})
  Path Group:             pll_adc_clk
  Path Type:              Hold (Min at Slow Process Corner)
  Requirement:            0.000ns  (pll_adc_clk rise@0.000ns - adc_clk rise@0.000ns)
  Data Path Delay:        0.823ns  (logic 0.823ns (100.000%)  route 0.000ns (0.000%))
  Logic Levels:           1  (IBUF=1)
  Input Delay:            3.400ns
  Clock Path Skew:        6.008ns (DCD - SCD - CPR)
    Destination Clock Delay (DCD):    6.008ns
    Source Clock Delay      (SCD):    0.000ns
    Clock Pessimism Removal (CPR):    -0.000ns
  Clock Uncertainty:      0.166ns  ((TSJ^2 + DJ^2)^1/2) / 2 + PE
    Total System Jitter     (TSJ):    0.071ns
    Discrete Jitter          (DJ):    0.118ns
    Phase Error              (PE):    0.097ns

    Location             Delay type                Incr(ns)  Path(ns)    Netlist Resource(s)
  -------------------------------------------------------------------    -------------------
                         (clock adc_clk rise edge)    0.000     0.000 r  
                         input delay                  3.400     3.400    
    W19                                               0.000     3.400 r  adc_dat_i[1][12] (IN)
                         net (fo=0)                   0.000     3.400    adc_dat_i[1][12]
    W19                  IBUF (Prop_ibuf_I_O)         0.823     4.223 r  adc_dat_raw_reg[1][10]_i_1/O
                         net (fo=1, routed)           0.000     4.223    adc_dat_raw_reg[1][10]_i_1_n_0
    ILOGIC_X0Y5          FDRE                                         r  adc_dat_raw_reg[1][10]/D
  -------------------------------------------------------------------    -------------------

                         (clock pll_adc_clk rise edge)
                                                      0.000     0.000 r  
    U18                                               0.000     0.000 r  adc_clk_i[1] (IN)
                         net (fo=0)                   0.000     0.000    adc_clk_i[1]
    U18                  IBUFDS (Prop_ibufds_I_O)     0.983     0.983 r  i_clk/O
                         net (fo=1, routed)           1.306     2.289    pll/adc_clk_in
    PLLE2_ADV_X0Y0       PLLE2_ADV (Prop_plle2_adv_CLKIN1_CLKOUT0)
                                                      0.089     2.378 r  pll/pll/CLKOUT0
                         net (fo=1, routed)           1.754     4.132    pll_adc_clk
    BUFGCTRL_X0Y0        BUFG (Prop_bufg_I_O)         0.101     4.233 r  bufg_adc_clk/O
                         net (fo=3940, routed)        1.774     6.008    adc_clk
    ILOGIC_X0Y5          FDRE                                         r  adc_dat_raw_reg[1][10]/C
                         clock pessimism              0.000     6.008    
                         clock uncertainty            0.166     6.173    
    ILOGIC_X0Y5          FDRE (Hold_fdre_C_D)         0.192     6.365    adc_dat_raw_reg[1][10]
  -------------------------------------------------------------------
                         required time                         -6.365    
                         arrival time                           4.223    
  -------------------------------------------------------------------
                         slack                                 -2.142    

Slack (VIOLATED) :        -2.141ns  (arrival time - required time)
  Source:                 adc_dat_i[1][14]
                            (input port clocked by adc_clk  {rise@0.000ns fall@4.000ns period=8.000ns})
  Destination:            adc_dat_raw_reg[1][12]/D
                            (rising edge-triggered cell FDRE clocked by pll_adc_clk  {rise@0.000ns fall@4.000ns period=8.000ns})
  Path Group:             pll_adc_clk
  Path Type:              Hold (Min at Slow Process Corner)
  Requirement:            0.000ns  (pll_adc_clk rise@0.000ns - adc_clk rise@0.000ns)
  Data Path Delay:        0.824ns  (logic 0.824ns (100.000%)  route 0.000ns (0.000%))
  Logic Levels:           1  (IBUF=1)
  Input Delay:            3.400ns
  Clock Path Skew:        6.008ns (DCD - SCD - CPR)
    Destination Clock Delay (DCD):    6.008ns
    Source Clock Delay      (SCD):    0.000ns
    Clock Pessimism Removal (CPR):    -0.000ns
  Clock Uncertainty:      0.166ns  ((TSJ^2 + DJ^2)^1/2) / 2 + PE
    Total System Jitter     (TSJ):    0.071ns
    Discrete Jitter          (DJ):    0.118ns
    Phase Error              (PE):    0.097ns

    Location             Delay type                Incr(ns)  Path(ns)    Netlist Resource(s)
  -------------------------------------------------------------------    -------------------
                         (clock adc_clk rise edge)    0.000     0.000 r  
                         input delay                  3.400     3.400    
    W18                                               0.000     3.400 r  adc_dat_i[1][14] (IN)
                         net (fo=0)                   0.000     3.400    adc_dat_i[1][14]
    W18                  IBUF (Prop_ibuf_I_O)         0.824     4.224 r  adc_dat_raw_reg[1][12]_i_1/O
                         net (fo=1, routed)           0.000     4.224    adc_dat_raw_reg[1][12]_i_1_n_0
    ILOGIC_X0Y6          FDRE                                         r  adc_dat_raw_reg[1][12]/D
  -------------------------------------------------------------------    -------------------

                         (clock pll_adc_clk rise edge)
                                                      0.000     0.000 r  
    U18                                               0.000     0.000 r  adc_clk_i[1] (IN)
                         net (fo=0)                   0.000     0.000    adc_clk_i[1]
    U18                  IBUFDS (Prop_ibufds_I_O)     0.983     0.983 r  i_clk/O
                         net (fo=1, routed)           1.306     2.289    pll/adc_clk_in
    PLLE2_ADV_X0Y0       PLLE2_ADV (Prop_plle2_adv_CLKIN1_CLKOUT0)
                                                      0.089     2.378 r  pll/pll/CLKOUT0
                         net (fo=1, routed)           1.754     4.132    pll_adc_clk
    BUFGCTRL_X0Y0        BUFG (Prop_bufg_I_O)         0.101     4.233 r  bufg_adc_clk/O
                         net (fo=3940, routed)        1.774     6.008    adc_clk
    ILOGIC_X0Y6          FDRE                                         r  adc_dat_raw_reg[1][12]/C
                         clock pessimism              0.000     6.008    
                         clock uncertainty            0.166     6.173    
    ILOGIC_X0Y6          FDRE (Hold_fdre_C_D)         0.192     6.365    adc_dat_raw_reg[1][12]
  -------------------------------------------------------------------
                         required time                         -6.365    
                         arrival time                           4.224    
  -------------------------------------------------------------------
                         slack                                 -2.141    

Slack (VIOLATED) :        -2.139ns  (arrival time - required time)
  Source:                 adc_dat_i[0][15]
                            (input port clocked by adc_clk  {rise@0.000ns fall@4.000ns period=8.000ns})
  Destination:            adc_dat_raw_reg[0][13]/D
                            (rising edge-triggered cell FDRE clocked by pll_adc_clk  {rise@0.000ns fall@4.000ns period=8.000ns})
  Path Group:             pll_adc_clk
  Path Type:              Hold (Min at Slow Process Corner)
  Requirement:            0.000ns  (pll_adc_clk rise@0.000ns - adc_clk rise@0.000ns)
  Data Path Delay:        0.823ns  (logic 0.823ns (100.000%)  route 0.000ns (0.000%))
  Logic Levels:           1  (IBUF=1)
  Input Delay:            3.400ns
  Clock Path Skew:        6.004ns (DCD - SCD - CPR)
    Destination Clock Delay (DCD):    6.004ns
    Source Clock Delay      (SCD):    0.000ns
    Clock Pessimism Removal (CPR):    -0.000ns
  Clock Uncertainty:      0.166ns  ((TSJ^2 + DJ^2)^1/2) / 2 + PE
    Total System Jitter     (TSJ):    0.071ns
    Discrete Jitter          (DJ):    0.118ns
    Phase Error              (PE):    0.097ns

    Location             Delay type                Incr(ns)  Path(ns)    Netlist Resource(s)
  -------------------------------------------------------------------    -------------------
                         (clock adc_clk rise edge)    0.000     0.000 r  
                         input delay                  3.400     3.400    
    V16                                               0.000     3.400 r  adc_dat_i[0][15] (IN)
                         net (fo=0)                   0.000     3.400    adc_dat_i[0][15]
    V16                  IBUF (Prop_ibuf_I_O)         0.823     4.223 r  adc_dat_raw_reg[0][13]_i_1/O
                         net (fo=1, routed)           0.000     4.223    adc_dat_raw_reg[0][13]_i_1_n_0
    ILOGIC_X0Y14         FDRE                                         r  adc_dat_raw_reg[0][13]/D
  -------------------------------------------------------------------    -------------------

                         (clock pll_adc_clk rise edge)
                                                      0.000     0.000 r  
    U18                                               0.000     0.000 r  adc_clk_i[1] (IN)
                         net (fo=0)                   0.000     0.000    adc_clk_i[1]
    U18                  IBUFDS (Prop_ibufds_I_O)     0.983     0.983 r  i_clk/O
                         net (fo=1, routed)           1.306     2.289    pll/adc_clk_in
    PLLE2_ADV_X0Y0       PLLE2_ADV (Prop_plle2_adv_CLKIN1_CLKOUT0)
                                                      0.089     2.378 r  pll/pll/CLKOUT0
                         net (fo=1, routed)           1.754     4.132    pll_adc_clk
    BUFGCTRL_X0Y0        BUFG (Prop_bufg_I_O)         0.101     4.233 r  bufg_adc_clk/O
                         net (fo=3940, routed)        1.770     6.004    adc_clk
    ILOGIC_X0Y14         FDRE                                         r  adc_dat_raw_reg[0][13]/C
                         clock pessimism              0.000     6.004    
                         clock uncertainty            0.166     6.169    
    ILOGIC_X0Y14         FDRE (Hold_fdre_C_D)         0.192     6.361    adc_dat_raw_reg[0][13]
  -------------------------------------------------------------------
                         required time                         -6.361    
                         arrival time                           4.223    
  -------------------------------------------------------------------
                         slack                                 -2.139    

Slack (VIOLATED) :        -2.134ns  (arrival time - required time)
  Source:                 adc_dat_i[0][3]
                            (input port clocked by adc_clk  {rise@0.000ns fall@4.000ns period=8.000ns})
  Destination:            adc_dat_raw_reg[0][1]/D
                            (rising edge-triggered cell FDRE clocked by pll_adc_clk  {rise@0.000ns fall@4.000ns period=8.000ns})
  Path Group:             pll_adc_clk
  Path Type:              Hold (Min at Slow Process Corner)
  Requirement:            0.000ns  (pll_adc_clk rise@0.000ns - adc_clk rise@0.000ns)
  Data Path Delay:        0.828ns  (logic 0.828ns (100.000%)  route 0.000ns (0.000%))
  Logic Levels:           1  (IBUF=1)
  Input Delay:            3.400ns
  Clock Path Skew:        6.004ns (DCD - SCD - CPR)
    Destination Clock Delay (DCD):    6.004ns
    Source Clock Delay      (SCD):    0.000ns
    Clock Pessimism Removal (CPR):    -0.000ns
  Clock Uncertainty:      0.166ns  ((TSJ^2 + DJ^2)^1/2) / 2 + PE
    Total System Jitter     (TSJ):    0.071ns
    Discrete Jitter          (DJ):    0.118ns
    Phase Error              (PE):    0.097ns

    Location             Delay type                Incr(ns)  Path(ns)    Netlist Resource(s)
  -------------------------------------------------------------------    -------------------
                         (clock adc_clk rise edge)    0.000     0.000 r  
                         input delay                  3.400     3.400    
    W16                                               0.000     3.400 r  adc_dat_i[0][3] (IN)
                         net (fo=0)                   0.000     3.400    adc_dat_i[0][3]
    W16                  IBUF (Prop_ibuf_I_O)         0.828     4.228 r  adc_dat_raw_reg[0][1]_i_1/O
                         net (fo=1, routed)           0.000     4.228    adc_dat_raw_reg[0][1]_i_1_n_0
    ILOGIC_X0Y13         FDRE                                         r  adc_dat_raw_reg[0][1]/D
  -------------------------------------------------------------------    -------------------

                         (clock pll_adc_clk rise edge)
                                                      0.000     0.000 r  
    U18                                               0.000     0.000 r  adc_clk_i[1] (IN)
                         net (fo=0)                   0.000     0.000    adc_clk_i[1]
    U18                  IBUFDS (Prop_ibufds_I_O)     0.983     0.983 r  i_clk/O
                         net (fo=1, routed)           1.306     2.289    pll/adc_clk_in
    PLLE2_ADV_X0Y0       PLLE2_ADV (Prop_plle2_adv_CLKIN1_CLKOUT0)
                                                      0.089     2.378 r  pll/pll/CLKOUT0
                         net (fo=1, routed)           1.754     4.132    pll_adc_clk
    BUFGCTRL_X0Y0        BUFG (Prop_bufg_I_O)         0.101     4.233 r  bufg_adc_clk/O
                         net (fo=3940, routed)        1.770     6.004    adc_clk
    ILOGIC_X0Y13         FDRE                                         r  adc_dat_raw_reg[0][1]/C
                         clock pessimism              0.000     6.004    
                         clock uncertainty            0.166     6.169    
    ILOGIC_X0Y13         FDRE (Hold_fdre_C_D)         0.192     6.361    adc_dat_raw_reg[0][1]
  -------------------------------------------------------------------
                         required time                         -6.361    
                         arrival time                           4.228    
  -------------------------------------------------------------------
                         slack                                 -2.134    

Slack (VIOLATED) :        -2.129ns  (arrival time - required time)
  Source:                 adc_dat_i[1][4]
                            (input port clocked by adc_clk  {rise@0.000ns fall@4.000ns period=8.000ns})
  Destination:            adc_dat_raw_reg[1][2]/D
                            (rising edge-triggered cell FDRE clocked by pll_adc_clk  {rise@0.000ns fall@4.000ns period=8.000ns})
  Path Group:             pll_adc_clk
  Path Type:              Hold (Min at Slow Process Corner)
  Requirement:            0.000ns  (pll_adc_clk rise@0.000ns - adc_clk rise@0.000ns)
  Data Path Delay:        0.838ns  (logic 0.838ns (100.000%)  route 0.000ns (0.000%))
  Logic Levels:           1  (IBUF=1)
  Input Delay:            3.400ns
  Clock Path Skew:        6.010ns (DCD - SCD - CPR)
    Destination Clock Delay (DCD):    6.010ns
    Source Clock Delay      (SCD):    0.000ns
    Clock Pessimism Removal (CPR):    -0.000ns
  Clock Uncertainty:      0.166ns  ((TSJ^2 + DJ^2)^1/2) / 2 + PE
    Total System Jitter     (TSJ):    0.071ns
    Discrete Jitter          (DJ):    0.118ns
    Phase Error              (PE):    0.097ns

    Location             Delay type                Incr(ns)  Path(ns)    Netlist Resource(s)
  -------------------------------------------------------------------    -------------------
                         (clock adc_clk rise edge)    0.000     0.000 r  
                         input delay                  3.400     3.400    
    P18                                               0.000     3.400 r  adc_dat_i[1][4] (IN)
                         net (fo=0)                   0.000     3.400    adc_dat_i[1][4]
    P18                  IBUF (Prop_ibuf_I_O)         0.838     4.238 r  adc_dat_raw_reg[1][2]_i_1/O
                         net (fo=1, routed)           0.000     4.238    adc_dat_raw_reg[1][2]_i_1_n_0
    ILOGIC_X0Y3          FDRE                                         r  adc_dat_raw_reg[1][2]/D
  -------------------------------------------------------------------    -------------------

                         (clock pll_adc_clk rise edge)
                                                      0.000     0.000 r  
    U18                                               0.000     0.000 r  adc_clk_i[1] (IN)
                         net (fo=0)                   0.000     0.000    adc_clk_i[1]
    U18                  IBUFDS (Prop_ibufds_I_O)     0.983     0.983 r  i_clk/O
                         net (fo=1, routed)           1.306     2.289    pll/adc_clk_in
    PLLE2_ADV_X0Y0       PLLE2_ADV (Prop_plle2_adv_CLKIN1_CLKOUT0)
                                                      0.089     2.378 r  pll/pll/CLKOUT0
                         net (fo=1, routed)           1.754     4.132    pll_adc_clk
    BUFGCTRL_X0Y0        BUFG (Prop_bufg_I_O)         0.101     4.233 r  bufg_adc_clk/O
                         net (fo=3940, routed)        1.776     6.010    adc_clk
    ILOGIC_X0Y3          FDRE                                         r  adc_dat_raw_reg[1][2]/C
                         clock pessimism              0.000     6.010    
                         clock uncertainty            0.166     6.175    
    ILOGIC_X0Y3          FDRE (Hold_fdre_C_D)         0.192     6.367    adc_dat_raw_reg[1][2]
  -------------------------------------------------------------------
                         required time                         -6.367    
                         arrival time                           4.238    
  -------------------------------------------------------------------
                         slack                                 -2.129    

Slack (VIOLATED) :        -2.123ns  (arrival time - required time)
  Source:                 adc_dat_i[1][9]
                            (input port clocked by adc_clk  {rise@0.000ns fall@4.000ns period=8.000ns})
  Destination:            adc_dat_raw_reg[1][7]/D
                            (rising edge-triggered cell FDRE clocked by pll_adc_clk  {rise@0.000ns fall@4.000ns period=8.000ns})
  Path Group:             pll_adc_clk
  Path Type:              Hold (Min at Slow Process Corner)
  Requirement:            0.000ns  (pll_adc_clk rise@0.000ns - adc_clk rise@0.000ns)
  Data Path Delay:        0.830ns  (logic 0.830ns (100.000%)  route 0.000ns (0.000%))
  Logic Levels:           1  (IBUF=1)
  Input Delay:            3.400ns
  Clock Path Skew:        5.996ns (DCD - SCD - CPR)
    Destination Clock Delay (DCD):    5.996ns
    Source Clock Delay      (SCD):    0.000ns
    Clock Pessimism Removal (CPR):    -0.000ns
  Clock Uncertainty:      0.166ns  ((TSJ^2 + DJ^2)^1/2) / 2 + PE
    Total System Jitter     (TSJ):    0.071ns
    Discrete Jitter          (DJ):    0.118ns
    Phase Error              (PE):    0.097ns

    Location             Delay type                Incr(ns)  Path(ns)    Netlist Resource(s)
  -------------------------------------------------------------------    -------------------
                         (clock adc_clk rise edge)    0.000     0.000 r  
                         input delay                  3.400     3.400    
    U20                                               0.000     3.400 r  adc_dat_i[1][9] (IN)
                         net (fo=0)                   0.000     3.400    adc_dat_i[1][9]
    U20                  IBUF (Prop_ibuf_I_O)         0.830     4.230 r  adc_dat_raw_reg[1][7]_i_1/O
                         net (fo=1, routed)           0.000     4.230    adc_dat_raw_reg[1][7]_i_1_n_0
    ILOGIC_X0Y19         FDRE                                         r  adc_dat_raw_reg[1][7]/D
  -------------------------------------------------------------------    -------------------

                         (clock pll_adc_clk rise edge)
                                                      0.000     0.000 r  
    U18                                               0.000     0.000 r  adc_clk_i[1] (IN)
                         net (fo=0)                   0.000     0.000    adc_clk_i[1]
    U18                  IBUFDS (Prop_ibufds_I_O)     0.983     0.983 r  i_clk/O
                         net (fo=1, routed)           1.306     2.289    pll/adc_clk_in
    PLLE2_ADV_X0Y0       PLLE2_ADV (Prop_plle2_adv_CLKIN1_CLKOUT0)
                                                      0.089     2.378 r  pll/pll/CLKOUT0
                         net (fo=1, routed)           1.754     4.132    pll_adc_clk
    BUFGCTRL_X0Y0        BUFG (Prop_bufg_I_O)         0.101     4.233 r  bufg_adc_clk/O
                         net (fo=3940, routed)        1.762     5.996    adc_clk
    ILOGIC_X0Y19         FDRE                                         r  adc_dat_raw_reg[1][7]/C
                         clock pessimism              0.000     5.996    
                         clock uncertainty            0.166     6.161    
    ILOGIC_X0Y19         FDRE (Hold_fdre_C_D)         0.192     6.353    adc_dat_raw_reg[1][7]
  -------------------------------------------------------------------
                         required time                         -6.353    
                         arrival time                           4.230    
  -------------------------------------------------------------------
                         slack                                 -2.123    

Slack (VIOLATED) :        -2.120ns  (arrival time - required time)
  Source:                 adc_dat_i[1][5]
                            (input port clocked by adc_clk  {rise@0.000ns fall@4.000ns period=8.000ns})
  Destination:            adc_dat_raw_reg[1][3]/D
                            (rising edge-triggered cell FDRE clocked by pll_adc_clk  {rise@0.000ns fall@4.000ns period=8.000ns})
  Path Group:             pll_adc_clk
  Path Type:              Hold (Min at Slow Process Corner)
  Requirement:            0.000ns  (pll_adc_clk rise@0.000ns - adc_clk rise@0.000ns)
  Data Path Delay:        0.847ns  (logic 0.847ns (100.000%)  route 0.000ns (0.000%))
  Logic Levels:           1  (IBUF=1)
  Input Delay:            3.400ns
  Clock Path Skew:        6.010ns (DCD - SCD - CPR)
    Destination Clock Delay (DCD):    6.010ns
    Source Clock Delay      (SCD):    0.000ns
    Clock Pessimism Removal (CPR):    -0.000ns
  Clock Uncertainty:      0.166ns  ((TSJ^2 + DJ^2)^1/2) / 2 + PE
    Total System Jitter     (TSJ):    0.071ns
    Discrete Jitter          (DJ):    0.118ns
    Phase Error              (PE):    0.097ns

    Location             Delay type                Incr(ns)  Path(ns)    Netlist Resource(s)
  -------------------------------------------------------------------    -------------------
                         (clock adc_clk rise edge)    0.000     0.000 r  
                         input delay                  3.400     3.400    
    N17                                               0.000     3.400 r  adc_dat_i[1][5] (IN)
                         net (fo=0)                   0.000     3.400    adc_dat_i[1][5]
    N17                  IBUF (Prop_ibuf_I_O)         0.847     4.247 r  adc_dat_raw_reg[1][3]_i_1/O
                         net (fo=1, routed)           0.000     4.247    adc_dat_raw_reg[1][3]_i_1_n_0
    ILOGIC_X0Y4          FDRE                                         r  adc_dat_raw_reg[1][3]/D
  -------------------------------------------------------------------    -------------------

                         (clock pll_adc_clk rise edge)
                                                      0.000     0.000 r  
    U18                                               0.000     0.000 r  adc_clk_i[1] (IN)
                         net (fo=0)                   0.000     0.000    adc_clk_i[1]
    U18                  IBUFDS (Prop_ibufds_I_O)     0.983     0.983 r  i_clk/O
                         net (fo=1, routed)           1.306     2.289    pll/adc_clk_in
    PLLE2_ADV_X0Y0       PLLE2_ADV (Prop_plle2_adv_CLKIN1_CLKOUT0)
                                                      0.089     2.378 r  pll/pll/CLKOUT0
                         net (fo=1, routed)           1.754     4.132    pll_adc_clk
    BUFGCTRL_X0Y0        BUFG (Prop_bufg_I_O)         0.101     4.233 r  bufg_adc_clk/O
                         net (fo=3940, routed)        1.776     6.010    adc_clk
    ILOGIC_X0Y4          FDRE                                         r  adc_dat_raw_reg[1][3]/C
                         clock pessimism              0.000     6.010    
                         clock uncertainty            0.166     6.175    
    ILOGIC_X0Y4          FDRE (Hold_fdre_C_D)         0.192     6.367    adc_dat_raw_reg[1][3]
  -------------------------------------------------------------------
                         required time                         -6.367    
                         arrival time                           4.247    
  -------------------------------------------------------------------
                         slack                                 -2.120    





---------------------------------------------------------------------------------------------------
From Clock:  pll_adc_clk
  To Clock:  pll_dac_clk_1x

Setup :            0  Failing Endpoints,  Worst Slack        4.309ns,  Total Violation        0.000ns
Hold  :            0  Failing Endpoints,  Worst Slack        0.181ns,  Total Violation        0.000ns
---------------------------------------------------------------------------------------------------


Max Delay Paths
--------------------------------------------------------------------------------------
Slack (MET) :             4.309ns  (required time - arrival time)
  Source:                 e_def/ch[0]/dac_trigr_reg/C
                            (rising edge-triggered cell FDRE clocked by pll_adc_clk  {rise@0.000ns fall@4.000ns period=8.000ns})
  Destination:            on_trg_cnt_a_reg/D
                            (rising edge-triggered cell FDRE clocked by pll_dac_clk_1x  {rise@0.000ns fall@4.000ns period=8.000ns})
  Path Group:             pll_dac_clk_1x
  Path Type:              Setup (Max at Slow Process Corner)
  Requirement:            8.000ns  (pll_dac_clk_1x rise@8.000ns - pll_adc_clk rise@0.000ns)
  Data Path Delay:        2.890ns  (logic 0.608ns (21.036%)  route 2.282ns (78.964%))
  Logic Levels:           1  (LUT3=1)
  Clock Path Skew:        -0.343ns (DCD - SCD + CPR)
    Destination Clock Delay (DCD):    5.391ns = ( 13.391 - 8.000 ) 
    Source Clock Delay      (SCD):    5.907ns
    Clock Pessimism Removal (CPR):    0.173ns
  Clock Uncertainty:      0.189ns  ((TSJ^2 + DJ^2)^1/2) / 2 + PE
    Total System Jitter     (TSJ):    0.071ns
    Discrete Jitter          (DJ):    0.118ns
    Phase Error              (PE):    0.120ns

    Location             Delay type                Incr(ns)  Path(ns)    Netlist Resource(s)
  -------------------------------------------------------------------    -------------------
                         (clock pll_adc_clk rise edge)
                                                      0.000     0.000 r  
    U18                                               0.000     0.000 r  adc_clk_i[1] (IN)
                         net (fo=0)                   0.000     0.000    adc_clk_i[1]
    U18                  IBUFDS (Prop_ibufds_I_O)     0.983     0.983 r  i_clk/O
                         net (fo=1, routed)           1.306     2.289    pll/adc_clk_in
    PLLE2_ADV_X0Y0       PLLE2_ADV (Prop_plle2_adv_CLKIN1_CLKOUT0)
                                                      0.089     2.378 r  pll/pll/CLKOUT0
                         net (fo=1, routed)           1.754     4.132    pll_adc_clk
    BUFGCTRL_X0Y0        BUFG (Prop_bufg_I_O)         0.101     4.233 r  bufg_adc_clk/O
                         net (fo=3940, routed)        1.674     5.907    e_def/ch[0]/adc_clk
    SLICE_X33Y46         FDRE                                         r  e_def/ch[0]/dac_trigr_reg/C
  -------------------------------------------------------------------    -------------------
    SLICE_X33Y46         FDRE (Prop_fdre_C_Q)         0.456     6.363 r  e_def/ch[0]/dac_trigr_reg/Q
                         net (fo=54, routed)          1.900     8.263    e_def/ch[0]/asg_trig_in_reg[1]
    SLICE_X35Y46         LUT3 (Prop_lut3_I2_O)        0.152     8.415 r  e_def/ch[0]/on_trg_cnt_a_i_1/O
                         net (fo=1, routed)           0.382     8.797    e_def_n_226
    SLICE_X35Y47         FDRE                                         r  on_trg_cnt_a_reg/D
  -------------------------------------------------------------------    -------------------

                         (clock pll_dac_clk_1x rise edge)
                                                      8.000     8.000 r  
    U18                                               0.000     8.000 r  adc_clk_i[1] (IN)
                         net (fo=0)                   0.000     8.000    adc_clk_i[1]
    U18                  IBUFDS (Prop_ibufds_I_O)     0.940     8.940 r  i_clk/O
                         net (fo=1, routed)           1.181    10.121    pll/adc_clk_in
    PLLE2_ADV_X0Y0       PLLE2_ADV (Prop_plle2_adv_CLKIN1_CLKOUT1)
                                                      0.084    10.205 r  pll/pll/CLKOUT1
                         net (fo=1, routed)           1.594    11.799    pll_dac_clk_1x
    BUFGCTRL_X0Y3        BUFG (Prop_bufg_I_O)         0.091    11.890 r  bufg_dac_clk_1x/O
                         net (fo=63, routed)          1.501    13.391    dac_clk_1x
    SLICE_X35Y47         FDRE                                         r  on_trg_cnt_a_reg/C
                         clock pessimism              0.173    13.565    
                         clock uncertainty           -0.189    13.376    
    SLICE_X35Y47         FDRE (Setup_fdre_C_D)       -0.269    13.107    on_trg_cnt_a_reg
  -------------------------------------------------------------------
                         required time                         13.107    
                         arrival time                          -8.797    
  -------------------------------------------------------------------
                         slack                                  4.309    

Slack (MET) :             4.614ns  (required time - arrival time)
  Source:                 e_def/ch[0]/dac_trigr_reg/C
                            (rising edge-triggered cell FDRE clocked by pll_adc_clk  {rise@0.000ns fall@4.000ns period=8.000ns})
  Destination:            trg_cnt_a_reg[0]/R
                            (rising edge-triggered cell FDRE clocked by pll_dac_clk_1x  {rise@0.000ns fall@4.000ns period=8.000ns})
  Path Group:             pll_dac_clk_1x
  Path Type:              Setup (Max at Slow Process Corner)
  Requirement:            8.000ns  (pll_dac_clk_1x rise@8.000ns - pll_adc_clk rise@0.000ns)
  Data Path Delay:        2.328ns  (logic 0.456ns (19.590%)  route 1.872ns (80.410%))
  Logic Levels:           0  
  Clock Path Skew:        -0.346ns (DCD - SCD + CPR)
    Destination Clock Delay (DCD):    5.388ns = ( 13.388 - 8.000 ) 
    Source Clock Delay      (SCD):    5.907ns
    Clock Pessimism Removal (CPR):    0.173ns
  Clock Uncertainty:      0.189ns  ((TSJ^2 + DJ^2)^1/2) / 2 + PE
    Total System Jitter     (TSJ):    0.071ns
    Discrete Jitter          (DJ):    0.118ns
    Phase Error              (PE):    0.120ns

    Location             Delay type                Incr(ns)  Path(ns)    Netlist Resource(s)
  -------------------------------------------------------------------    -------------------
                         (clock pll_adc_clk rise edge)
                                                      0.000     0.000 r  
    U18                                               0.000     0.000 r  adc_clk_i[1] (IN)
                         net (fo=0)                   0.000     0.000    adc_clk_i[1]
    U18                  IBUFDS (Prop_ibufds_I_O)     0.983     0.983 r  i_clk/O
                         net (fo=1, routed)           1.306     2.289    pll/adc_clk_in
    PLLE2_ADV_X0Y0       PLLE2_ADV (Prop_plle2_adv_CLKIN1_CLKOUT0)
                                                      0.089     2.378 r  pll/pll/CLKOUT0
                         net (fo=1, routed)           1.754     4.132    pll_adc_clk
    BUFGCTRL_X0Y0        BUFG (Prop_bufg_I_O)         0.101     4.233 r  bufg_adc_clk/O
                         net (fo=3940, routed)        1.674     5.907    e_def/ch[0]/adc_clk
    SLICE_X33Y46         FDRE                                         r  e_def/ch[0]/dac_trigr_reg/C
  -------------------------------------------------------------------    -------------------
    SLICE_X33Y46         FDRE (Prop_fdre_C_Q)         0.456     6.363 r  e_def/ch[0]/dac_trigr_reg/Q
                         net (fo=54, routed)          1.872     8.235    dac_trigr_a
    SLICE_X34Y40         FDRE                                         r  trg_cnt_a_reg[0]/R
  -------------------------------------------------------------------    -------------------

                         (clock pll_dac_clk_1x rise edge)
                                                      8.000     8.000 r  
    U18                                               0.000     8.000 r  adc_clk_i[1] (IN)
                         net (fo=0)                   0.000     8.000    adc_clk_i[1]
    U18                  IBUFDS (Prop_ibufds_I_O)     0.940     8.940 r  i_clk/O
                         net (fo=1, routed)           1.181    10.121    pll/adc_clk_in
    PLLE2_ADV_X0Y0       PLLE2_ADV (Prop_plle2_adv_CLKIN1_CLKOUT1)
                                                      0.084    10.205 r  pll/pll/CLKOUT1
                         net (fo=1, routed)           1.594    11.799    pll_dac_clk_1x
    BUFGCTRL_X0Y3        BUFG (Prop_bufg_I_O)         0.091    11.890 r  bufg_dac_clk_1x/O
                         net (fo=63, routed)          1.498    13.388    dac_clk_1x
    SLICE_X34Y40         FDRE                                         r  trg_cnt_a_reg[0]/C
                         clock pessimism              0.173    13.562    
                         clock uncertainty           -0.189    13.373    
    SLICE_X34Y40         FDRE (Setup_fdre_C_R)       -0.524    12.849    trg_cnt_a_reg[0]
  -------------------------------------------------------------------
                         required time                         12.849    
                         arrival time                          -8.235    
  -------------------------------------------------------------------
                         slack                                  4.614    

Slack (MET) :             4.614ns  (required time - arrival time)
  Source:                 e_def/ch[0]/dac_trigr_reg/C
                            (rising edge-triggered cell FDRE clocked by pll_adc_clk  {rise@0.000ns fall@4.000ns period=8.000ns})
  Destination:            trg_cnt_a_reg[1]/R
                            (rising edge-triggered cell FDRE clocked by pll_dac_clk_1x  {rise@0.000ns fall@4.000ns period=8.000ns})
  Path Group:             pll_dac_clk_1x
  Path Type:              Setup (Max at Slow Process Corner)
  Requirement:            8.000ns  (pll_dac_clk_1x rise@8.000ns - pll_adc_clk rise@0.000ns)
  Data Path Delay:        2.328ns  (logic 0.456ns (19.590%)  route 1.872ns (80.410%))
  Logic Levels:           0  
  Clock Path Skew:        -0.346ns (DCD - SCD + CPR)
    Destination Clock Delay (DCD):    5.388ns = ( 13.388 - 8.000 ) 
    Source Clock Delay      (SCD):    5.907ns
    Clock Pessimism Removal (CPR):    0.173ns
  Clock Uncertainty:      0.189ns  ((TSJ^2 + DJ^2)^1/2) / 2 + PE
    Total System Jitter     (TSJ):    0.071ns
    Discrete Jitter          (DJ):    0.118ns
    Phase Error              (PE):    0.120ns

    Location             Delay type                Incr(ns)  Path(ns)    Netlist Resource(s)
  -------------------------------------------------------------------    -------------------
                         (clock pll_adc_clk rise edge)
                                                      0.000     0.000 r  
    U18                                               0.000     0.000 r  adc_clk_i[1] (IN)
                         net (fo=0)                   0.000     0.000    adc_clk_i[1]
    U18                  IBUFDS (Prop_ibufds_I_O)     0.983     0.983 r  i_clk/O
                         net (fo=1, routed)           1.306     2.289    pll/adc_clk_in
    PLLE2_ADV_X0Y0       PLLE2_ADV (Prop_plle2_adv_CLKIN1_CLKOUT0)
                                                      0.089     2.378 r  pll/pll/CLKOUT0
                         net (fo=1, routed)           1.754     4.132    pll_adc_clk
    BUFGCTRL_X0Y0        BUFG (Prop_bufg_I_O)         0.101     4.233 r  bufg_adc_clk/O
                         net (fo=3940, routed)        1.674     5.907    e_def/ch[0]/adc_clk
    SLICE_X33Y46         FDRE                                         r  e_def/ch[0]/dac_trigr_reg/C
  -------------------------------------------------------------------    -------------------
    SLICE_X33Y46         FDRE (Prop_fdre_C_Q)         0.456     6.363 r  e_def/ch[0]/dac_trigr_reg/Q
                         net (fo=54, routed)          1.872     8.235    dac_trigr_a
    SLICE_X34Y40         FDRE                                         r  trg_cnt_a_reg[1]/R
  -------------------------------------------------------------------    -------------------

                         (clock pll_dac_clk_1x rise edge)
                                                      8.000     8.000 r  
    U18                                               0.000     8.000 r  adc_clk_i[1] (IN)
                         net (fo=0)                   0.000     8.000    adc_clk_i[1]
    U18                  IBUFDS (Prop_ibufds_I_O)     0.940     8.940 r  i_clk/O
                         net (fo=1, routed)           1.181    10.121    pll/adc_clk_in
    PLLE2_ADV_X0Y0       PLLE2_ADV (Prop_plle2_adv_CLKIN1_CLKOUT1)
                                                      0.084    10.205 r  pll/pll/CLKOUT1
                         net (fo=1, routed)           1.594    11.799    pll_dac_clk_1x
    BUFGCTRL_X0Y3        BUFG (Prop_bufg_I_O)         0.091    11.890 r  bufg_dac_clk_1x/O
                         net (fo=63, routed)          1.498    13.388    dac_clk_1x
    SLICE_X34Y40         FDRE                                         r  trg_cnt_a_reg[1]/C
                         clock pessimism              0.173    13.562    
                         clock uncertainty           -0.189    13.373    
    SLICE_X34Y40         FDRE (Setup_fdre_C_R)       -0.524    12.849    trg_cnt_a_reg[1]
  -------------------------------------------------------------------
                         required time                         12.849    
                         arrival time                          -8.235    
  -------------------------------------------------------------------
                         slack                                  4.614    

Slack (MET) :             4.614ns  (required time - arrival time)
  Source:                 e_def/ch[0]/dac_trigr_reg/C
                            (rising edge-triggered cell FDRE clocked by pll_adc_clk  {rise@0.000ns fall@4.000ns period=8.000ns})
  Destination:            trg_cnt_a_reg[2]/R
                            (rising edge-triggered cell FDRE clocked by pll_dac_clk_1x  {rise@0.000ns fall@4.000ns period=8.000ns})
  Path Group:             pll_dac_clk_1x
  Path Type:              Setup (Max at Slow Process Corner)
  Requirement:            8.000ns  (pll_dac_clk_1x rise@8.000ns - pll_adc_clk rise@0.000ns)
  Data Path Delay:        2.328ns  (logic 0.456ns (19.590%)  route 1.872ns (80.410%))
  Logic Levels:           0  
  Clock Path Skew:        -0.346ns (DCD - SCD + CPR)
    Destination Clock Delay (DCD):    5.388ns = ( 13.388 - 8.000 ) 
    Source Clock Delay      (SCD):    5.907ns
    Clock Pessimism Removal (CPR):    0.173ns
  Clock Uncertainty:      0.189ns  ((TSJ^2 + DJ^2)^1/2) / 2 + PE
    Total System Jitter     (TSJ):    0.071ns
    Discrete Jitter          (DJ):    0.118ns
    Phase Error              (PE):    0.120ns

    Location             Delay type                Incr(ns)  Path(ns)    Netlist Resource(s)
  -------------------------------------------------------------------    -------------------
                         (clock pll_adc_clk rise edge)
                                                      0.000     0.000 r  
    U18                                               0.000     0.000 r  adc_clk_i[1] (IN)
                         net (fo=0)                   0.000     0.000    adc_clk_i[1]
    U18                  IBUFDS (Prop_ibufds_I_O)     0.983     0.983 r  i_clk/O
                         net (fo=1, routed)           1.306     2.289    pll/adc_clk_in
    PLLE2_ADV_X0Y0       PLLE2_ADV (Prop_plle2_adv_CLKIN1_CLKOUT0)
                                                      0.089     2.378 r  pll/pll/CLKOUT0
                         net (fo=1, routed)           1.754     4.132    pll_adc_clk
    BUFGCTRL_X0Y0        BUFG (Prop_bufg_I_O)         0.101     4.233 r  bufg_adc_clk/O
                         net (fo=3940, routed)        1.674     5.907    e_def/ch[0]/adc_clk
    SLICE_X33Y46         FDRE                                         r  e_def/ch[0]/dac_trigr_reg/C
  -------------------------------------------------------------------    -------------------
    SLICE_X33Y46         FDRE (Prop_fdre_C_Q)         0.456     6.363 r  e_def/ch[0]/dac_trigr_reg/Q
                         net (fo=54, routed)          1.872     8.235    dac_trigr_a
    SLICE_X34Y40         FDRE                                         r  trg_cnt_a_reg[2]/R
  -------------------------------------------------------------------    -------------------

                         (clock pll_dac_clk_1x rise edge)
                                                      8.000     8.000 r  
    U18                                               0.000     8.000 r  adc_clk_i[1] (IN)
                         net (fo=0)                   0.000     8.000    adc_clk_i[1]
    U18                  IBUFDS (Prop_ibufds_I_O)     0.940     8.940 r  i_clk/O
                         net (fo=1, routed)           1.181    10.121    pll/adc_clk_in
    PLLE2_ADV_X0Y0       PLLE2_ADV (Prop_plle2_adv_CLKIN1_CLKOUT1)
                                                      0.084    10.205 r  pll/pll/CLKOUT1
                         net (fo=1, routed)           1.594    11.799    pll_dac_clk_1x
    BUFGCTRL_X0Y3        BUFG (Prop_bufg_I_O)         0.091    11.890 r  bufg_dac_clk_1x/O
                         net (fo=63, routed)          1.498    13.388    dac_clk_1x
    SLICE_X34Y40         FDRE                                         r  trg_cnt_a_reg[2]/C
                         clock pessimism              0.173    13.562    
                         clock uncertainty           -0.189    13.373    
    SLICE_X34Y40         FDRE (Setup_fdre_C_R)       -0.524    12.849    trg_cnt_a_reg[2]
  -------------------------------------------------------------------
                         required time                         12.849    
                         arrival time                          -8.235    
  -------------------------------------------------------------------
                         slack                                  4.614    

Slack (MET) :             4.614ns  (required time - arrival time)
  Source:                 e_def/ch[0]/dac_trigr_reg/C
                            (rising edge-triggered cell FDRE clocked by pll_adc_clk  {rise@0.000ns fall@4.000ns period=8.000ns})
  Destination:            trg_cnt_a_reg[3]/R
                            (rising edge-triggered cell FDRE clocked by pll_dac_clk_1x  {rise@0.000ns fall@4.000ns period=8.000ns})
  Path Group:             pll_dac_clk_1x
  Path Type:              Setup (Max at Slow Process Corner)
  Requirement:            8.000ns  (pll_dac_clk_1x rise@8.000ns - pll_adc_clk rise@0.000ns)
  Data Path Delay:        2.328ns  (logic 0.456ns (19.590%)  route 1.872ns (80.410%))
  Logic Levels:           0  
  Clock Path Skew:        -0.346ns (DCD - SCD + CPR)
    Destination Clock Delay (DCD):    5.388ns = ( 13.388 - 8.000 ) 
    Source Clock Delay      (SCD):    5.907ns
    Clock Pessimism Removal (CPR):    0.173ns
  Clock Uncertainty:      0.189ns  ((TSJ^2 + DJ^2)^1/2) / 2 + PE
    Total System Jitter     (TSJ):    0.071ns
    Discrete Jitter          (DJ):    0.118ns
    Phase Error              (PE):    0.120ns

    Location             Delay type                Incr(ns)  Path(ns)    Netlist Resource(s)
  -------------------------------------------------------------------    -------------------
                         (clock pll_adc_clk rise edge)
                                                      0.000     0.000 r  
    U18                                               0.000     0.000 r  adc_clk_i[1] (IN)
                         net (fo=0)                   0.000     0.000    adc_clk_i[1]
    U18                  IBUFDS (Prop_ibufds_I_O)     0.983     0.983 r  i_clk/O
                         net (fo=1, routed)           1.306     2.289    pll/adc_clk_in
    PLLE2_ADV_X0Y0       PLLE2_ADV (Prop_plle2_adv_CLKIN1_CLKOUT0)
                                                      0.089     2.378 r  pll/pll/CLKOUT0
                         net (fo=1, routed)           1.754     4.132    pll_adc_clk
    BUFGCTRL_X0Y0        BUFG (Prop_bufg_I_O)         0.101     4.233 r  bufg_adc_clk/O
                         net (fo=3940, routed)        1.674     5.907    e_def/ch[0]/adc_clk
    SLICE_X33Y46         FDRE                                         r  e_def/ch[0]/dac_trigr_reg/C
  -------------------------------------------------------------------    -------------------
    SLICE_X33Y46         FDRE (Prop_fdre_C_Q)         0.456     6.363 r  e_def/ch[0]/dac_trigr_reg/Q
                         net (fo=54, routed)          1.872     8.235    dac_trigr_a
    SLICE_X34Y40         FDRE                                         r  trg_cnt_a_reg[3]/R
  -------------------------------------------------------------------    -------------------

                         (clock pll_dac_clk_1x rise edge)
                                                      8.000     8.000 r  
    U18                                               0.000     8.000 r  adc_clk_i[1] (IN)
                         net (fo=0)                   0.000     8.000    adc_clk_i[1]
    U18                  IBUFDS (Prop_ibufds_I_O)     0.940     8.940 r  i_clk/O
                         net (fo=1, routed)           1.181    10.121    pll/adc_clk_in
    PLLE2_ADV_X0Y0       PLLE2_ADV (Prop_plle2_adv_CLKIN1_CLKOUT1)
                                                      0.084    10.205 r  pll/pll/CLKOUT1
                         net (fo=1, routed)           1.594    11.799    pll_dac_clk_1x
    BUFGCTRL_X0Y3        BUFG (Prop_bufg_I_O)         0.091    11.890 r  bufg_dac_clk_1x/O
                         net (fo=63, routed)          1.498    13.388    dac_clk_1x
    SLICE_X34Y40         FDRE                                         r  trg_cnt_a_reg[3]/C
                         clock pessimism              0.173    13.562    
                         clock uncertainty           -0.189    13.373    
    SLICE_X34Y40         FDRE (Setup_fdre_C_R)       -0.524    12.849    trg_cnt_a_reg[3]
  -------------------------------------------------------------------
                         required time                         12.849    
                         arrival time                          -8.235    
  -------------------------------------------------------------------
                         slack                                  4.614    

Slack (MET) :             4.664ns  (required time - arrival time)
  Source:                 e_def/ch[0]/dac_trigr_reg/C
                            (rising edge-triggered cell FDRE clocked by pll_adc_clk  {rise@0.000ns fall@4.000ns period=8.000ns})
  Destination:            trg_cnt_a_reg[4]/R
                            (rising edge-triggered cell FDRE clocked by pll_dac_clk_1x  {rise@0.000ns fall@4.000ns period=8.000ns})
  Path Group:             pll_dac_clk_1x
  Path Type:              Setup (Max at Slow Process Corner)
  Requirement:            8.000ns  (pll_dac_clk_1x rise@8.000ns - pll_adc_clk rise@0.000ns)
  Data Path Delay:        2.279ns  (logic 0.456ns (20.011%)  route 1.823ns (79.989%))
  Logic Levels:           0  
  Clock Path Skew:        -0.345ns (DCD - SCD + CPR)
    Destination Clock Delay (DCD):    5.389ns = ( 13.389 - 8.000 ) 
    Source Clock Delay      (SCD):    5.907ns
    Clock Pessimism Removal (CPR):    0.173ns
  Clock Uncertainty:      0.189ns  ((TSJ^2 + DJ^2)^1/2) / 2 + PE
    Total System Jitter     (TSJ):    0.071ns
    Discrete Jitter          (DJ):    0.118ns
    Phase Error              (PE):    0.120ns

    Location             Delay type                Incr(ns)  Path(ns)    Netlist Resource(s)
  -------------------------------------------------------------------    -------------------
                         (clock pll_adc_clk rise edge)
                                                      0.000     0.000 r  
    U18                                               0.000     0.000 r  adc_clk_i[1] (IN)
                         net (fo=0)                   0.000     0.000    adc_clk_i[1]
    U18                  IBUFDS (Prop_ibufds_I_O)     0.983     0.983 r  i_clk/O
                         net (fo=1, routed)           1.306     2.289    pll/adc_clk_in
    PLLE2_ADV_X0Y0       PLLE2_ADV (Prop_plle2_adv_CLKIN1_CLKOUT0)
                                                      0.089     2.378 r  pll/pll/CLKOUT0
                         net (fo=1, routed)           1.754     4.132    pll_adc_clk
    BUFGCTRL_X0Y0        BUFG (Prop_bufg_I_O)         0.101     4.233 r  bufg_adc_clk/O
                         net (fo=3940, routed)        1.674     5.907    e_def/ch[0]/adc_clk
    SLICE_X33Y46         FDRE                                         r  e_def/ch[0]/dac_trigr_reg/C
  -------------------------------------------------------------------    -------------------
    SLICE_X33Y46         FDRE (Prop_fdre_C_Q)         0.456     6.363 r  e_def/ch[0]/dac_trigr_reg/Q
                         net (fo=54, routed)          1.823     8.186    dac_trigr_a
    SLICE_X34Y41         FDRE                                         r  trg_cnt_a_reg[4]/R
  -------------------------------------------------------------------    -------------------

                         (clock pll_dac_clk_1x rise edge)
                                                      8.000     8.000 r  
    U18                                               0.000     8.000 r  adc_clk_i[1] (IN)
                         net (fo=0)                   0.000     8.000    adc_clk_i[1]
    U18                  IBUFDS (Prop_ibufds_I_O)     0.940     8.940 r  i_clk/O
                         net (fo=1, routed)           1.181    10.121    pll/adc_clk_in
    PLLE2_ADV_X0Y0       PLLE2_ADV (Prop_plle2_adv_CLKIN1_CLKOUT1)
                                                      0.084    10.205 r  pll/pll/CLKOUT1
                         net (fo=1, routed)           1.594    11.799    pll_dac_clk_1x
    BUFGCTRL_X0Y3        BUFG (Prop_bufg_I_O)         0.091    11.890 r  bufg_dac_clk_1x/O
                         net (fo=63, routed)          1.499    13.389    dac_clk_1x
    SLICE_X34Y41         FDRE                                         r  trg_cnt_a_reg[4]/C
                         clock pessimism              0.173    13.563    
                         clock uncertainty           -0.189    13.374    
    SLICE_X34Y41         FDRE (Setup_fdre_C_R)       -0.524    12.850    trg_cnt_a_reg[4]
  -------------------------------------------------------------------
                         required time                         12.850    
                         arrival time                          -8.186    
  -------------------------------------------------------------------
                         slack                                  4.664    

Slack (MET) :             4.664ns  (required time - arrival time)
  Source:                 e_def/ch[0]/dac_trigr_reg/C
                            (rising edge-triggered cell FDRE clocked by pll_adc_clk  {rise@0.000ns fall@4.000ns period=8.000ns})
  Destination:            trg_cnt_a_reg[5]/R
                            (rising edge-triggered cell FDRE clocked by pll_dac_clk_1x  {rise@0.000ns fall@4.000ns period=8.000ns})
  Path Group:             pll_dac_clk_1x
  Path Type:              Setup (Max at Slow Process Corner)
  Requirement:            8.000ns  (pll_dac_clk_1x rise@8.000ns - pll_adc_clk rise@0.000ns)
  Data Path Delay:        2.279ns  (logic 0.456ns (20.011%)  route 1.823ns (79.989%))
  Logic Levels:           0  
  Clock Path Skew:        -0.345ns (DCD - SCD + CPR)
    Destination Clock Delay (DCD):    5.389ns = ( 13.389 - 8.000 ) 
    Source Clock Delay      (SCD):    5.907ns
    Clock Pessimism Removal (CPR):    0.173ns
  Clock Uncertainty:      0.189ns  ((TSJ^2 + DJ^2)^1/2) / 2 + PE
    Total System Jitter     (TSJ):    0.071ns
    Discrete Jitter          (DJ):    0.118ns
    Phase Error              (PE):    0.120ns

    Location             Delay type                Incr(ns)  Path(ns)    Netlist Resource(s)
  -------------------------------------------------------------------    -------------------
                         (clock pll_adc_clk rise edge)
                                                      0.000     0.000 r  
    U18                                               0.000     0.000 r  adc_clk_i[1] (IN)
                         net (fo=0)                   0.000     0.000    adc_clk_i[1]
    U18                  IBUFDS (Prop_ibufds_I_O)     0.983     0.983 r  i_clk/O
                         net (fo=1, routed)           1.306     2.289    pll/adc_clk_in
    PLLE2_ADV_X0Y0       PLLE2_ADV (Prop_plle2_adv_CLKIN1_CLKOUT0)
                                                      0.089     2.378 r  pll/pll/CLKOUT0
                         net (fo=1, routed)           1.754     4.132    pll_adc_clk
    BUFGCTRL_X0Y0        BUFG (Prop_bufg_I_O)         0.101     4.233 r  bufg_adc_clk/O
                         net (fo=3940, routed)        1.674     5.907    e_def/ch[0]/adc_clk
    SLICE_X33Y46         FDRE                                         r  e_def/ch[0]/dac_trigr_reg/C
  -------------------------------------------------------------------    -------------------
    SLICE_X33Y46         FDRE (Prop_fdre_C_Q)         0.456     6.363 r  e_def/ch[0]/dac_trigr_reg/Q
                         net (fo=54, routed)          1.823     8.186    dac_trigr_a
    SLICE_X34Y41         FDRE                                         r  trg_cnt_a_reg[5]/R
  -------------------------------------------------------------------    -------------------

                         (clock pll_dac_clk_1x rise edge)
                                                      8.000     8.000 r  
    U18                                               0.000     8.000 r  adc_clk_i[1] (IN)
                         net (fo=0)                   0.000     8.000    adc_clk_i[1]
    U18                  IBUFDS (Prop_ibufds_I_O)     0.940     8.940 r  i_clk/O
                         net (fo=1, routed)           1.181    10.121    pll/adc_clk_in
    PLLE2_ADV_X0Y0       PLLE2_ADV (Prop_plle2_adv_CLKIN1_CLKOUT1)
                                                      0.084    10.205 r  pll/pll/CLKOUT1
                         net (fo=1, routed)           1.594    11.799    pll_dac_clk_1x
    BUFGCTRL_X0Y3        BUFG (Prop_bufg_I_O)         0.091    11.890 r  bufg_dac_clk_1x/O
                         net (fo=63, routed)          1.499    13.389    dac_clk_1x
    SLICE_X34Y41         FDRE                                         r  trg_cnt_a_reg[5]/C
                         clock pessimism              0.173    13.563    
                         clock uncertainty           -0.189    13.374    
    SLICE_X34Y41         FDRE (Setup_fdre_C_R)       -0.524    12.850    trg_cnt_a_reg[5]
  -------------------------------------------------------------------
                         required time                         12.850    
                         arrival time                          -8.186    
  -------------------------------------------------------------------
                         slack                                  4.664    

Slack (MET) :             4.664ns  (required time - arrival time)
  Source:                 e_def/ch[0]/dac_trigr_reg/C
                            (rising edge-triggered cell FDRE clocked by pll_adc_clk  {rise@0.000ns fall@4.000ns period=8.000ns})
  Destination:            trg_cnt_a_reg[6]/R
                            (rising edge-triggered cell FDRE clocked by pll_dac_clk_1x  {rise@0.000ns fall@4.000ns period=8.000ns})
  Path Group:             pll_dac_clk_1x
  Path Type:              Setup (Max at Slow Process Corner)
  Requirement:            8.000ns  (pll_dac_clk_1x rise@8.000ns - pll_adc_clk rise@0.000ns)
  Data Path Delay:        2.279ns  (logic 0.456ns (20.011%)  route 1.823ns (79.989%))
  Logic Levels:           0  
  Clock Path Skew:        -0.345ns (DCD - SCD + CPR)
    Destination Clock Delay (DCD):    5.389ns = ( 13.389 - 8.000 ) 
    Source Clock Delay      (SCD):    5.907ns
    Clock Pessimism Removal (CPR):    0.173ns
  Clock Uncertainty:      0.189ns  ((TSJ^2 + DJ^2)^1/2) / 2 + PE
    Total System Jitter     (TSJ):    0.071ns
    Discrete Jitter          (DJ):    0.118ns
    Phase Error              (PE):    0.120ns

    Location             Delay type                Incr(ns)  Path(ns)    Netlist Resource(s)
  -------------------------------------------------------------------    -------------------
                         (clock pll_adc_clk rise edge)
                                                      0.000     0.000 r  
    U18                                               0.000     0.000 r  adc_clk_i[1] (IN)
                         net (fo=0)                   0.000     0.000    adc_clk_i[1]
    U18                  IBUFDS (Prop_ibufds_I_O)     0.983     0.983 r  i_clk/O
                         net (fo=1, routed)           1.306     2.289    pll/adc_clk_in
    PLLE2_ADV_X0Y0       PLLE2_ADV (Prop_plle2_adv_CLKIN1_CLKOUT0)
                                                      0.089     2.378 r  pll/pll/CLKOUT0
                         net (fo=1, routed)           1.754     4.132    pll_adc_clk
    BUFGCTRL_X0Y0        BUFG (Prop_bufg_I_O)         0.101     4.233 r  bufg_adc_clk/O
                         net (fo=3940, routed)        1.674     5.907    e_def/ch[0]/adc_clk
    SLICE_X33Y46         FDRE                                         r  e_def/ch[0]/dac_trigr_reg/C
  -------------------------------------------------------------------    -------------------
    SLICE_X33Y46         FDRE (Prop_fdre_C_Q)         0.456     6.363 r  e_def/ch[0]/dac_trigr_reg/Q
                         net (fo=54, routed)          1.823     8.186    dac_trigr_a
    SLICE_X34Y41         FDRE                                         r  trg_cnt_a_reg[6]/R
  -------------------------------------------------------------------    -------------------

                         (clock pll_dac_clk_1x rise edge)
                                                      8.000     8.000 r  
    U18                                               0.000     8.000 r  adc_clk_i[1] (IN)
                         net (fo=0)                   0.000     8.000    adc_clk_i[1]
    U18                  IBUFDS (Prop_ibufds_I_O)     0.940     8.940 r  i_clk/O
                         net (fo=1, routed)           1.181    10.121    pll/adc_clk_in
    PLLE2_ADV_X0Y0       PLLE2_ADV (Prop_plle2_adv_CLKIN1_CLKOUT1)
                                                      0.084    10.205 r  pll/pll/CLKOUT1
                         net (fo=1, routed)           1.594    11.799    pll_dac_clk_1x
    BUFGCTRL_X0Y3        BUFG (Prop_bufg_I_O)         0.091    11.890 r  bufg_dac_clk_1x/O
                         net (fo=63, routed)          1.499    13.389    dac_clk_1x
    SLICE_X34Y41         FDRE                                         r  trg_cnt_a_reg[6]/C
                         clock pessimism              0.173    13.563    
                         clock uncertainty           -0.189    13.374    
    SLICE_X34Y41         FDRE (Setup_fdre_C_R)       -0.524    12.850    trg_cnt_a_reg[6]
  -------------------------------------------------------------------
                         required time                         12.850    
                         arrival time                          -8.186    
  -------------------------------------------------------------------
                         slack                                  4.664    

Slack (MET) :             4.664ns  (required time - arrival time)
  Source:                 e_def/ch[0]/dac_trigr_reg/C
                            (rising edge-triggered cell FDRE clocked by pll_adc_clk  {rise@0.000ns fall@4.000ns period=8.000ns})
  Destination:            trg_cnt_a_reg[7]/R
                            (rising edge-triggered cell FDRE clocked by pll_dac_clk_1x  {rise@0.000ns fall@4.000ns period=8.000ns})
  Path Group:             pll_dac_clk_1x
  Path Type:              Setup (Max at Slow Process Corner)
  Requirement:            8.000ns  (pll_dac_clk_1x rise@8.000ns - pll_adc_clk rise@0.000ns)
  Data Path Delay:        2.279ns  (logic 0.456ns (20.011%)  route 1.823ns (79.989%))
  Logic Levels:           0  
  Clock Path Skew:        -0.345ns (DCD - SCD + CPR)
    Destination Clock Delay (DCD):    5.389ns = ( 13.389 - 8.000 ) 
    Source Clock Delay      (SCD):    5.907ns
    Clock Pessimism Removal (CPR):    0.173ns
  Clock Uncertainty:      0.189ns  ((TSJ^2 + DJ^2)^1/2) / 2 + PE
    Total System Jitter     (TSJ):    0.071ns
    Discrete Jitter          (DJ):    0.118ns
    Phase Error              (PE):    0.120ns

    Location             Delay type                Incr(ns)  Path(ns)    Netlist Resource(s)
  -------------------------------------------------------------------    -------------------
                         (clock pll_adc_clk rise edge)
                                                      0.000     0.000 r  
    U18                                               0.000     0.000 r  adc_clk_i[1] (IN)
                         net (fo=0)                   0.000     0.000    adc_clk_i[1]
    U18                  IBUFDS (Prop_ibufds_I_O)     0.983     0.983 r  i_clk/O
                         net (fo=1, routed)           1.306     2.289    pll/adc_clk_in
    PLLE2_ADV_X0Y0       PLLE2_ADV (Prop_plle2_adv_CLKIN1_CLKOUT0)
                                                      0.089     2.378 r  pll/pll/CLKOUT0
                         net (fo=1, routed)           1.754     4.132    pll_adc_clk
    BUFGCTRL_X0Y0        BUFG (Prop_bufg_I_O)         0.101     4.233 r  bufg_adc_clk/O
                         net (fo=3940, routed)        1.674     5.907    e_def/ch[0]/adc_clk
    SLICE_X33Y46         FDRE                                         r  e_def/ch[0]/dac_trigr_reg/C
  -------------------------------------------------------------------    -------------------
    SLICE_X33Y46         FDRE (Prop_fdre_C_Q)         0.456     6.363 r  e_def/ch[0]/dac_trigr_reg/Q
                         net (fo=54, routed)          1.823     8.186    dac_trigr_a
    SLICE_X34Y41         FDRE                                         r  trg_cnt_a_reg[7]/R
  -------------------------------------------------------------------    -------------------

                         (clock pll_dac_clk_1x rise edge)
                                                      8.000     8.000 r  
    U18                                               0.000     8.000 r  adc_clk_i[1] (IN)
                         net (fo=0)                   0.000     8.000    adc_clk_i[1]
    U18                  IBUFDS (Prop_ibufds_I_O)     0.940     8.940 r  i_clk/O
                         net (fo=1, routed)           1.181    10.121    pll/adc_clk_in
    PLLE2_ADV_X0Y0       PLLE2_ADV (Prop_plle2_adv_CLKIN1_CLKOUT1)
                                                      0.084    10.205 r  pll/pll/CLKOUT1
                         net (fo=1, routed)           1.594    11.799    pll_dac_clk_1x
    BUFGCTRL_X0Y3        BUFG (Prop_bufg_I_O)         0.091    11.890 r  bufg_dac_clk_1x/O
                         net (fo=63, routed)          1.499    13.389    dac_clk_1x
    SLICE_X34Y41         FDRE                                         r  trg_cnt_a_reg[7]/C
                         clock pessimism              0.173    13.563    
                         clock uncertainty           -0.189    13.374    
    SLICE_X34Y41         FDRE (Setup_fdre_C_R)       -0.524    12.850    trg_cnt_a_reg[7]
  -------------------------------------------------------------------
                         required time                         12.850    
                         arrival time                          -8.186    
  -------------------------------------------------------------------
                         slack                                  4.664    

Slack (MET) :             4.667ns  (required time - arrival time)
  Source:                 e_def/ch[0]/dac_trigr_reg/C
                            (rising edge-triggered cell FDRE clocked by pll_adc_clk  {rise@0.000ns fall@4.000ns period=8.000ns})
  Destination:            trg_cnt_a_reg[16]/R
                            (rising edge-triggered cell FDRE clocked by pll_dac_clk_1x  {rise@0.000ns fall@4.000ns period=8.000ns})
  Path Group:             pll_dac_clk_1x
  Path Type:              Setup (Max at Slow Process Corner)
  Requirement:            8.000ns  (pll_dac_clk_1x rise@8.000ns - pll_adc_clk rise@0.000ns)
  Data Path Delay:        2.277ns  (logic 0.456ns (20.027%)  route 1.821ns (79.973%))
  Logic Levels:           0  
  Clock Path Skew:        -0.344ns (DCD - SCD + CPR)
    Destination Clock Delay (DCD):    5.390ns = ( 13.390 - 8.000 ) 
    Source Clock Delay      (SCD):    5.907ns
    Clock Pessimism Removal (CPR):    0.173ns
  Clock Uncertainty:      0.189ns  ((TSJ^2 + DJ^2)^1/2) / 2 + PE
    Total System Jitter     (TSJ):    0.071ns
    Discrete Jitter          (DJ):    0.118ns
    Phase Error              (PE):    0.120ns

    Location             Delay type                Incr(ns)  Path(ns)    Netlist Resource(s)
  -------------------------------------------------------------------    -------------------
                         (clock pll_adc_clk rise edge)
                                                      0.000     0.000 r  
    U18                                               0.000     0.000 r  adc_clk_i[1] (IN)
                         net (fo=0)                   0.000     0.000    adc_clk_i[1]
    U18                  IBUFDS (Prop_ibufds_I_O)     0.983     0.983 r  i_clk/O
                         net (fo=1, routed)           1.306     2.289    pll/adc_clk_in
    PLLE2_ADV_X0Y0       PLLE2_ADV (Prop_plle2_adv_CLKIN1_CLKOUT0)
                                                      0.089     2.378 r  pll/pll/CLKOUT0
                         net (fo=1, routed)           1.754     4.132    pll_adc_clk
    BUFGCTRL_X0Y0        BUFG (Prop_bufg_I_O)         0.101     4.233 r  bufg_adc_clk/O
                         net (fo=3940, routed)        1.674     5.907    e_def/ch[0]/adc_clk
    SLICE_X33Y46         FDRE                                         r  e_def/ch[0]/dac_trigr_reg/C
  -------------------------------------------------------------------    -------------------
    SLICE_X33Y46         FDRE (Prop_fdre_C_Q)         0.456     6.363 r  e_def/ch[0]/dac_trigr_reg/Q
                         net (fo=54, routed)          1.821     8.184    dac_trigr_a
    SLICE_X34Y44         FDRE                                         r  trg_cnt_a_reg[16]/R
  -------------------------------------------------------------------    -------------------

                         (clock pll_dac_clk_1x rise edge)
                                                      8.000     8.000 r  
    U18                                               0.000     8.000 r  adc_clk_i[1] (IN)
                         net (fo=0)                   0.000     8.000    adc_clk_i[1]
    U18                  IBUFDS (Prop_ibufds_I_O)     0.940     8.940 r  i_clk/O
                         net (fo=1, routed)           1.181    10.121    pll/adc_clk_in
    PLLE2_ADV_X0Y0       PLLE2_ADV (Prop_plle2_adv_CLKIN1_CLKOUT1)
                                                      0.084    10.205 r  pll/pll/CLKOUT1
                         net (fo=1, routed)           1.594    11.799    pll_dac_clk_1x
    BUFGCTRL_X0Y3        BUFG (Prop_bufg_I_O)         0.091    11.890 r  bufg_dac_clk_1x/O
                         net (fo=63, routed)          1.500    13.390    dac_clk_1x
    SLICE_X34Y44         FDRE                                         r  trg_cnt_a_reg[16]/C
                         clock pessimism              0.173    13.564    
                         clock uncertainty           -0.189    13.375    
    SLICE_X34Y44         FDRE (Setup_fdre_C_R)       -0.524    12.851    trg_cnt_a_reg[16]
  -------------------------------------------------------------------
                         required time                         12.851    
                         arrival time                          -8.184    
  -------------------------------------------------------------------
                         slack                                  4.667    





Min Delay Paths
--------------------------------------------------------------------------------------
Slack (MET) :             0.181ns  (arrival time - required time)
  Source:                 e_def/ch[0]/dac_o_reg[11]/C
                            (rising edge-triggered cell FDRE clocked by pll_adc_clk  {rise@0.000ns fall@4.000ns period=8.000ns})
  Destination:            dac_dat_a_reg[11]/D
                            (rising edge-triggered cell FDRE clocked by pll_dac_clk_1x  {rise@0.000ns fall@4.000ns period=8.000ns})
  Path Group:             pll_dac_clk_1x
  Path Type:              Hold (Min at Fast Process Corner)
  Requirement:            0.000ns  (pll_dac_clk_1x rise@0.000ns - pll_adc_clk rise@0.000ns)
  Data Path Delay:        0.748ns  (logic 0.164ns (21.937%)  route 0.584ns (78.063%))
  Logic Levels:           0  
  Clock Path Skew:        0.318ns (DCD - SCD - CPR)
    Destination Clock Delay (DCD):    2.395ns
    Source Clock Delay      (SCD):    2.001ns
    Clock Pessimism Removal (CPR):    0.075ns
  Clock Uncertainty:      0.189ns  ((TSJ^2 + DJ^2)^1/2) / 2 + PE
    Total System Jitter     (TSJ):    0.071ns
    Discrete Jitter          (DJ):    0.118ns
    Phase Error              (PE):    0.120ns

    Location             Delay type                Incr(ns)  Path(ns)    Netlist Resource(s)
  -------------------------------------------------------------------    -------------------
                         (clock pll_adc_clk rise edge)
                                                      0.000     0.000 r  
    U18                                               0.000     0.000 r  adc_clk_i[1] (IN)
                         net (fo=0)                   0.000     0.000    adc_clk_i[1]
    U18                  IBUFDS (Prop_ibufds_I_O)     0.401     0.401 r  i_clk/O
                         net (fo=1, routed)           0.440     0.842    pll/adc_clk_in
    PLLE2_ADV_X0Y0       PLLE2_ADV (Prop_plle2_adv_CLKIN1_CLKOUT0)
                                                      0.051     0.893 r  pll/pll/CLKOUT0
                         net (fo=1, routed)           0.497     1.390    pll_adc_clk
    BUFGCTRL_X0Y0        BUFG (Prop_bufg_I_O)         0.026     1.416 r  bufg_adc_clk/O
                         net (fo=3940, routed)        0.586     2.001    e_def/ch[0]/adc_clk
    SLICE_X38Y61         FDRE                                         r  e_def/ch[0]/dac_o_reg[11]/C
  -------------------------------------------------------------------    -------------------
    SLICE_X38Y61         FDRE (Prop_fdre_C_Q)         0.164     2.165 r  e_def/ch[0]/dac_o_reg[11]/Q
                         net (fo=1, routed)           0.584     2.749    asg_dat[0][11]
    SLICE_X38Y62         FDRE                                         r  dac_dat_a_reg[11]/D
  -------------------------------------------------------------------    -------------------

                         (clock pll_dac_clk_1x rise edge)
                                                      0.000     0.000 r  
    U18                                               0.000     0.000 r  adc_clk_i[1] (IN)
                         net (fo=0)                   0.000     0.000    adc_clk_i[1]
    U18                  IBUFDS (Prop_ibufds_I_O)     0.433     0.433 r  i_clk/O
                         net (fo=1, routed)           0.481     0.914    pll/adc_clk_in
    PLLE2_ADV_X0Y0       PLLE2_ADV (Prop_plle2_adv_CLKIN1_CLKOUT1)
                                                      0.054     0.968 r  pll/pll/CLKOUT1
                         net (fo=1, routed)           0.544     1.512    pll_dac_clk_1x
    BUFGCTRL_X0Y3        BUFG (Prop_bufg_I_O)         0.029     1.541 r  bufg_dac_clk_1x/O
                         net (fo=63, routed)          0.854     2.395    dac_clk_1x
    SLICE_X38Y62         FDRE                                         r  dac_dat_a_reg[11]/C
                         clock pessimism             -0.075     2.320    
                         clock uncertainty            0.189     2.509    
    SLICE_X38Y62         FDRE (Hold_fdre_C_D)         0.059     2.568    dac_dat_a_reg[11]
  -------------------------------------------------------------------
                         required time                         -2.568    
                         arrival time                           2.749    
  -------------------------------------------------------------------
                         slack                                  0.181    

Slack (MET) :             0.188ns  (arrival time - required time)
  Source:                 e_def/ch[0]/dac_o_reg[5]/C
                            (rising edge-triggered cell FDRE clocked by pll_adc_clk  {rise@0.000ns fall@4.000ns period=8.000ns})
  Destination:            dac_dat_a_reg[5]/D
                            (rising edge-triggered cell FDRE clocked by pll_dac_clk_1x  {rise@0.000ns fall@4.000ns period=8.000ns})
  Path Group:             pll_dac_clk_1x
  Path Type:              Hold (Min at Fast Process Corner)
  Requirement:            0.000ns  (pll_dac_clk_1x rise@0.000ns - pll_adc_clk rise@0.000ns)
  Data Path Delay:        0.758ns  (logic 0.164ns (21.630%)  route 0.594ns (78.370%))
  Logic Levels:           0  
  Clock Path Skew:        0.311ns (DCD - SCD - CPR)
    Destination Clock Delay (DCD):    2.388ns
    Source Clock Delay      (SCD):    2.001ns
    Clock Pessimism Removal (CPR):    0.075ns
  Clock Uncertainty:      0.189ns  ((TSJ^2 + DJ^2)^1/2) / 2 + PE
    Total System Jitter     (TSJ):    0.071ns
    Discrete Jitter          (DJ):    0.118ns
    Phase Error              (PE):    0.120ns

    Location             Delay type                Incr(ns)  Path(ns)    Netlist Resource(s)
  -------------------------------------------------------------------    -------------------
                         (clock pll_adc_clk rise edge)
                                                      0.000     0.000 r  
    U18                                               0.000     0.000 r  adc_clk_i[1] (IN)
                         net (fo=0)                   0.000     0.000    adc_clk_i[1]
    U18                  IBUFDS (Prop_ibufds_I_O)     0.401     0.401 r  i_clk/O
                         net (fo=1, routed)           0.440     0.842    pll/adc_clk_in
    PLLE2_ADV_X0Y0       PLLE2_ADV (Prop_plle2_adv_CLKIN1_CLKOUT0)
                                                      0.051     0.893 r  pll/pll/CLKOUT0
                         net (fo=1, routed)           0.497     1.390    pll_adc_clk
    BUFGCTRL_X0Y0        BUFG (Prop_bufg_I_O)         0.026     1.416 r  bufg_adc_clk/O
                         net (fo=3940, routed)        0.586     2.001    e_def/ch[0]/adc_clk
    SLICE_X38Y61         FDRE                                         r  e_def/ch[0]/dac_o_reg[5]/C
  -------------------------------------------------------------------    -------------------
    SLICE_X38Y61         FDRE (Prop_fdre_C_Q)         0.164     2.165 r  e_def/ch[0]/dac_o_reg[5]/Q
                         net (fo=2, routed)           0.594     2.759    asg_dat[0][5]
    SLICE_X43Y77         FDRE                                         r  dac_dat_a_reg[5]/D
  -------------------------------------------------------------------    -------------------

                         (clock pll_dac_clk_1x rise edge)
                                                      0.000     0.000 r  
    U18                                               0.000     0.000 r  adc_clk_i[1] (IN)
                         net (fo=0)                   0.000     0.000    adc_clk_i[1]
    U18                  IBUFDS (Prop_ibufds_I_O)     0.433     0.433 r  i_clk/O
                         net (fo=1, routed)           0.481     0.914    pll/adc_clk_in
    PLLE2_ADV_X0Y0       PLLE2_ADV (Prop_plle2_adv_CLKIN1_CLKOUT1)
                                                      0.054     0.968 r  pll/pll/CLKOUT1
                         net (fo=1, routed)           0.544     1.512    pll_dac_clk_1x
    BUFGCTRL_X0Y3        BUFG (Prop_bufg_I_O)         0.029     1.541 r  bufg_dac_clk_1x/O
                         net (fo=63, routed)          0.847     2.388    dac_clk_1x
    SLICE_X43Y77         FDRE                                         r  dac_dat_a_reg[5]/C
                         clock pessimism             -0.075     2.313    
                         clock uncertainty            0.189     2.502    
    SLICE_X43Y77         FDRE (Hold_fdre_C_D)         0.070     2.572    dac_dat_a_reg[5]
  -------------------------------------------------------------------
                         required time                         -2.572    
                         arrival time                           2.759    
  -------------------------------------------------------------------
                         slack                                  0.188    

Slack (MET) :             0.191ns  (arrival time - required time)
  Source:                 e_def/ch[0]/dac_o_reg[7]/C
                            (rising edge-triggered cell FDRE clocked by pll_adc_clk  {rise@0.000ns fall@4.000ns period=8.000ns})
  Destination:            dac_dat_a_reg[7]/D
                            (rising edge-triggered cell FDRE clocked by pll_dac_clk_1x  {rise@0.000ns fall@4.000ns period=8.000ns})
  Path Group:             pll_dac_clk_1x
  Path Type:              Hold (Min at Fast Process Corner)
  Requirement:            0.000ns  (pll_dac_clk_1x rise@0.000ns - pll_adc_clk rise@0.000ns)
  Data Path Delay:        0.792ns  (logic 0.164ns (20.703%)  route 0.628ns (79.297%))
  Logic Levels:           0  
  Clock Path Skew:        0.346ns (DCD - SCD - CPR)
    Destination Clock Delay (DCD):    2.401ns
    Source Clock Delay      (SCD):    1.979ns
    Clock Pessimism Removal (CPR):    0.075ns
  Clock Uncertainty:      0.189ns  ((TSJ^2 + DJ^2)^1/2) / 2 + PE
    Total System Jitter     (TSJ):    0.071ns
    Discrete Jitter          (DJ):    0.118ns
    Phase Error              (PE):    0.120ns

    Location             Delay type                Incr(ns)  Path(ns)    Netlist Resource(s)
  -------------------------------------------------------------------    -------------------
                         (clock pll_adc_clk rise edge)
                                                      0.000     0.000 r  
    U18                                               0.000     0.000 r  adc_clk_i[1] (IN)
                         net (fo=0)                   0.000     0.000    adc_clk_i[1]
    U18                  IBUFDS (Prop_ibufds_I_O)     0.401     0.401 r  i_clk/O
                         net (fo=1, routed)           0.440     0.842    pll/adc_clk_in
    PLLE2_ADV_X0Y0       PLLE2_ADV (Prop_plle2_adv_CLKIN1_CLKOUT0)
                                                      0.051     0.893 r  pll/pll/CLKOUT0
                         net (fo=1, routed)           0.497     1.390    pll_adc_clk
    BUFGCTRL_X0Y0        BUFG (Prop_bufg_I_O)         0.026     1.416 r  bufg_adc_clk/O
                         net (fo=3940, routed)        0.564     1.979    e_def/ch[0]/adc_clk
    SLICE_X34Y47         FDRE                                         r  e_def/ch[0]/dac_o_reg[7]/C
  -------------------------------------------------------------------    -------------------
    SLICE_X34Y47         FDRE (Prop_fdre_C_Q)         0.164     2.143 r  e_def/ch[0]/dac_o_reg[7]/Q
                         net (fo=2, routed)           0.628     2.771    asg_dat[0][7]
    SLICE_X43Y55         FDRE                                         r  dac_dat_a_reg[7]/D
  -------------------------------------------------------------------    -------------------

                         (clock pll_dac_clk_1x rise edge)
                                                      0.000     0.000 r  
    U18                                               0.000     0.000 r  adc_clk_i[1] (IN)
                         net (fo=0)                   0.000     0.000    adc_clk_i[1]
    U18                  IBUFDS (Prop_ibufds_I_O)     0.433     0.433 r  i_clk/O
                         net (fo=1, routed)           0.481     0.914    pll/adc_clk_in
    PLLE2_ADV_X0Y0       PLLE2_ADV (Prop_plle2_adv_CLKIN1_CLKOUT1)
                                                      0.054     0.968 r  pll/pll/CLKOUT1
                         net (fo=1, routed)           0.544     1.512    pll_dac_clk_1x
    BUFGCTRL_X0Y3        BUFG (Prop_bufg_I_O)         0.029     1.541 r  bufg_dac_clk_1x/O
                         net (fo=63, routed)          0.860     2.401    dac_clk_1x
    SLICE_X43Y55         FDRE                                         r  dac_dat_a_reg[7]/C
                         clock pessimism             -0.075     2.326    
                         clock uncertainty            0.189     2.515    
    SLICE_X43Y55         FDRE (Hold_fdre_C_D)         0.066     2.581    dac_dat_a_reg[7]
  -------------------------------------------------------------------
                         required time                         -2.581    
                         arrival time                           2.771    
  -------------------------------------------------------------------
                         slack                                  0.191    

Slack (MET) :             0.201ns  (arrival time - required time)
  Source:                 e_def/ch[0]/dac_o_reg[6]/C
                            (rising edge-triggered cell FDRE clocked by pll_adc_clk  {rise@0.000ns fall@4.000ns period=8.000ns})
  Destination:            dac_dat_a_reg[6]/D
                            (rising edge-triggered cell FDRE clocked by pll_dac_clk_1x  {rise@0.000ns fall@4.000ns period=8.000ns})
  Path Group:             pll_dac_clk_1x
  Path Type:              Hold (Min at Fast Process Corner)
  Requirement:            0.000ns  (pll_dac_clk_1x rise@0.000ns - pll_adc_clk rise@0.000ns)
  Data Path Delay:        0.807ns  (logic 0.164ns (20.325%)  route 0.643ns (79.675%))
  Logic Levels:           0  
  Clock Path Skew:        0.346ns (DCD - SCD - CPR)
    Destination Clock Delay (DCD):    2.401ns
    Source Clock Delay      (SCD):    1.979ns
    Clock Pessimism Removal (CPR):    0.075ns
  Clock Uncertainty:      0.189ns  ((TSJ^2 + DJ^2)^1/2) / 2 + PE
    Total System Jitter     (TSJ):    0.071ns
    Discrete Jitter          (DJ):    0.118ns
    Phase Error              (PE):    0.120ns

    Location             Delay type                Incr(ns)  Path(ns)    Netlist Resource(s)
  -------------------------------------------------------------------    -------------------
                         (clock pll_adc_clk rise edge)
                                                      0.000     0.000 r  
    U18                                               0.000     0.000 r  adc_clk_i[1] (IN)
                         net (fo=0)                   0.000     0.000    adc_clk_i[1]
    U18                  IBUFDS (Prop_ibufds_I_O)     0.401     0.401 r  i_clk/O
                         net (fo=1, routed)           0.440     0.842    pll/adc_clk_in
    PLLE2_ADV_X0Y0       PLLE2_ADV (Prop_plle2_adv_CLKIN1_CLKOUT0)
                                                      0.051     0.893 r  pll/pll/CLKOUT0
                         net (fo=1, routed)           0.497     1.390    pll_adc_clk
    BUFGCTRL_X0Y0        BUFG (Prop_bufg_I_O)         0.026     1.416 r  bufg_adc_clk/O
                         net (fo=3940, routed)        0.564     1.979    e_def/ch[0]/adc_clk
    SLICE_X34Y47         FDRE                                         r  e_def/ch[0]/dac_o_reg[6]/C
  -------------------------------------------------------------------    -------------------
    SLICE_X34Y47         FDRE (Prop_fdre_C_Q)         0.164     2.143 r  e_def/ch[0]/dac_o_reg[6]/Q
                         net (fo=2, routed)           0.643     2.786    asg_dat[0][6]
    SLICE_X43Y55         FDRE                                         r  dac_dat_a_reg[6]/D
  -------------------------------------------------------------------    -------------------

                         (clock pll_dac_clk_1x rise edge)
                                                      0.000     0.000 r  
    U18                                               0.000     0.000 r  adc_clk_i[1] (IN)
                         net (fo=0)                   0.000     0.000    adc_clk_i[1]
    U18                  IBUFDS (Prop_ibufds_I_O)     0.433     0.433 r  i_clk/O
                         net (fo=1, routed)           0.481     0.914    pll/adc_clk_in
    PLLE2_ADV_X0Y0       PLLE2_ADV (Prop_plle2_adv_CLKIN1_CLKOUT1)
                                                      0.054     0.968 r  pll/pll/CLKOUT1
                         net (fo=1, routed)           0.544     1.512    pll_dac_clk_1x
    BUFGCTRL_X0Y3        BUFG (Prop_bufg_I_O)         0.029     1.541 r  bufg_dac_clk_1x/O
                         net (fo=63, routed)          0.860     2.401    dac_clk_1x
    SLICE_X43Y55         FDRE                                         r  dac_dat_a_reg[6]/C
                         clock pessimism             -0.075     2.326    
                         clock uncertainty            0.189     2.515    
    SLICE_X43Y55         FDRE (Hold_fdre_C_D)         0.070     2.585    dac_dat_a_reg[6]
  -------------------------------------------------------------------
                         required time                         -2.585    
                         arrival time                           2.786    
  -------------------------------------------------------------------
                         slack                                  0.201    

Slack (MET) :             0.203ns  (arrival time - required time)
  Source:                 e_def/ch[0]/dac_o_reg[0]/C
                            (rising edge-triggered cell FDRE clocked by pll_adc_clk  {rise@0.000ns fall@4.000ns period=8.000ns})
  Destination:            dac_dat_a_reg[0]/D
                            (rising edge-triggered cell FDRE clocked by pll_dac_clk_1x  {rise@0.000ns fall@4.000ns period=8.000ns})
  Path Group:             pll_dac_clk_1x
  Path Type:              Hold (Min at Fast Process Corner)
  Requirement:            0.000ns  (pll_dac_clk_1x rise@0.000ns - pll_adc_clk rise@0.000ns)
  Data Path Delay:        0.774ns  (logic 0.141ns (18.223%)  route 0.633ns (81.777%))
  Logic Levels:           0  
  Clock Path Skew:        0.311ns (DCD - SCD - CPR)
    Destination Clock Delay (DCD):    2.390ns
    Source Clock Delay      (SCD):    2.003ns
    Clock Pessimism Removal (CPR):    0.075ns
  Clock Uncertainty:      0.189ns  ((TSJ^2 + DJ^2)^1/2) / 2 + PE
    Total System Jitter     (TSJ):    0.071ns
    Discrete Jitter          (DJ):    0.118ns
    Phase Error              (PE):    0.120ns

    Location             Delay type                Incr(ns)  Path(ns)    Netlist Resource(s)
  -------------------------------------------------------------------    -------------------
                         (clock pll_adc_clk rise edge)
                                                      0.000     0.000 r  
    U18                                               0.000     0.000 r  adc_clk_i[1] (IN)
                         net (fo=0)                   0.000     0.000    adc_clk_i[1]
    U18                  IBUFDS (Prop_ibufds_I_O)     0.401     0.401 r  i_clk/O
                         net (fo=1, routed)           0.440     0.842    pll/adc_clk_in
    PLLE2_ADV_X0Y0       PLLE2_ADV (Prop_plle2_adv_CLKIN1_CLKOUT0)
                                                      0.051     0.893 r  pll/pll/CLKOUT0
                         net (fo=1, routed)           0.497     1.390    pll_adc_clk
    BUFGCTRL_X0Y0        BUFG (Prop_bufg_I_O)         0.026     1.416 r  bufg_adc_clk/O
                         net (fo=3940, routed)        0.588     2.003    e_def/ch[0]/adc_clk
    SLICE_X37Y56         FDRE                                         r  e_def/ch[0]/dac_o_reg[0]/C
  -------------------------------------------------------------------    -------------------
    SLICE_X37Y56         FDRE (Prop_fdre_C_Q)         0.141     2.144 r  e_def/ch[0]/dac_o_reg[0]/Q
                         net (fo=1, routed)           0.633     2.777    asg_dat[0][0]
    SLICE_X37Y68         FDRE                                         r  dac_dat_a_reg[0]/D
  -------------------------------------------------------------------    -------------------

                         (clock pll_dac_clk_1x rise edge)
                                                      0.000     0.000 r  
    U18                                               0.000     0.000 r  adc_clk_i[1] (IN)
                         net (fo=0)                   0.000     0.000    adc_clk_i[1]
    U18                  IBUFDS (Prop_ibufds_I_O)     0.433     0.433 r  i_clk/O
                         net (fo=1, routed)           0.481     0.914    pll/adc_clk_in
    PLLE2_ADV_X0Y0       PLLE2_ADV (Prop_plle2_adv_CLKIN1_CLKOUT1)
                                                      0.054     0.968 r  pll/pll/CLKOUT1
                         net (fo=1, routed)           0.544     1.512    pll_dac_clk_1x
    BUFGCTRL_X0Y3        BUFG (Prop_bufg_I_O)         0.029     1.541 r  bufg_dac_clk_1x/O
                         net (fo=63, routed)          0.849     2.390    dac_clk_1x
    SLICE_X37Y68         FDRE                                         r  dac_dat_a_reg[0]/C
                         clock pessimism             -0.075     2.315    
                         clock uncertainty            0.189     2.504    
    SLICE_X37Y68         FDRE (Hold_fdre_C_D)         0.070     2.574    dac_dat_a_reg[0]
  -------------------------------------------------------------------
                         required time                         -2.574    
                         arrival time                           2.777    
  -------------------------------------------------------------------
                         slack                                  0.203    

Slack (MET) :             0.211ns  (arrival time - required time)
  Source:                 e_def/ch[0]/dac_o_reg[12]/C
                            (rising edge-triggered cell FDRE clocked by pll_adc_clk  {rise@0.000ns fall@4.000ns period=8.000ns})
  Destination:            dac_dat_a_reg[12]/D
                            (rising edge-triggered cell FDRE clocked by pll_dac_clk_1x  {rise@0.000ns fall@4.000ns period=8.000ns})
  Path Group:             pll_dac_clk_1x
  Path Type:              Hold (Min at Fast Process Corner)
  Requirement:            0.000ns  (pll_dac_clk_1x rise@0.000ns - pll_adc_clk rise@0.000ns)
  Data Path Delay:        0.776ns  (logic 0.141ns (18.175%)  route 0.635ns (81.825%))
  Logic Levels:           0  
  Clock Path Skew:        0.305ns (DCD - SCD - CPR)
    Destination Clock Delay (DCD):    2.384ns
    Source Clock Delay      (SCD):    2.003ns
    Clock Pessimism Removal (CPR):    0.075ns
  Clock Uncertainty:      0.189ns  ((TSJ^2 + DJ^2)^1/2) / 2 + PE
    Total System Jitter     (TSJ):    0.071ns
    Discrete Jitter          (DJ):    0.118ns
    Phase Error              (PE):    0.120ns

    Location             Delay type                Incr(ns)  Path(ns)    Netlist Resource(s)
  -------------------------------------------------------------------    -------------------
                         (clock pll_adc_clk rise edge)
                                                      0.000     0.000 r  
    U18                                               0.000     0.000 r  adc_clk_i[1] (IN)
                         net (fo=0)                   0.000     0.000    adc_clk_i[1]
    U18                  IBUFDS (Prop_ibufds_I_O)     0.401     0.401 r  i_clk/O
                         net (fo=1, routed)           0.440     0.842    pll/adc_clk_in
    PLLE2_ADV_X0Y0       PLLE2_ADV (Prop_plle2_adv_CLKIN1_CLKOUT0)
                                                      0.051     0.893 r  pll/pll/CLKOUT0
                         net (fo=1, routed)           0.497     1.390    pll_adc_clk
    BUFGCTRL_X0Y0        BUFG (Prop_bufg_I_O)         0.026     1.416 r  bufg_adc_clk/O
                         net (fo=3940, routed)        0.588     2.003    e_def/ch[0]/adc_clk
    SLICE_X36Y56         FDRE                                         r  e_def/ch[0]/dac_o_reg[12]/C
  -------------------------------------------------------------------    -------------------
    SLICE_X36Y56         FDRE (Prop_fdre_C_Q)         0.141     2.144 r  e_def/ch[0]/dac_o_reg[12]/Q
                         net (fo=1, routed)           0.635     2.779    asg_dat[0][12]
    SLICE_X37Y73         FDRE                                         r  dac_dat_a_reg[12]/D
  -------------------------------------------------------------------    -------------------

                         (clock pll_dac_clk_1x rise edge)
                                                      0.000     0.000 r  
    U18                                               0.000     0.000 r  adc_clk_i[1] (IN)
                         net (fo=0)                   0.000     0.000    adc_clk_i[1]
    U18                  IBUFDS (Prop_ibufds_I_O)     0.433     0.433 r  i_clk/O
                         net (fo=1, routed)           0.481     0.914    pll/adc_clk_in
    PLLE2_ADV_X0Y0       PLLE2_ADV (Prop_plle2_adv_CLKIN1_CLKOUT1)
                                                      0.054     0.968 r  pll/pll/CLKOUT1
                         net (fo=1, routed)           0.544     1.512    pll_dac_clk_1x
    BUFGCTRL_X0Y3        BUFG (Prop_bufg_I_O)         0.029     1.541 r  bufg_dac_clk_1x/O
                         net (fo=63, routed)          0.843     2.384    dac_clk_1x
    SLICE_X37Y73         FDRE                                         r  dac_dat_a_reg[12]/C
                         clock pessimism             -0.075     2.309    
                         clock uncertainty            0.189     2.498    
    SLICE_X37Y73         FDRE (Hold_fdre_C_D)         0.070     2.568    dac_dat_a_reg[12]
  -------------------------------------------------------------------
                         required time                         -2.568    
                         arrival time                           2.779    
  -------------------------------------------------------------------
                         slack                                  0.211    

Slack (MET) :             0.212ns  (arrival time - required time)
  Source:                 e_def/ch[0]/dac_o_reg[10]/C
                            (rising edge-triggered cell FDRE clocked by pll_adc_clk  {rise@0.000ns fall@4.000ns period=8.000ns})
  Destination:            dac_dat_a_reg[10]/D
                            (rising edge-triggered cell FDRE clocked by pll_dac_clk_1x  {rise@0.000ns fall@4.000ns period=8.000ns})
  Path Group:             pll_dac_clk_1x
  Path Type:              Hold (Min at Fast Process Corner)
  Requirement:            0.000ns  (pll_dac_clk_1x rise@0.000ns - pll_adc_clk rise@0.000ns)
  Data Path Delay:        0.788ns  (logic 0.141ns (17.900%)  route 0.647ns (82.100%))
  Logic Levels:           0  
  Clock Path Skew:        0.316ns (DCD - SCD - CPR)
    Destination Clock Delay (DCD):    2.395ns
    Source Clock Delay      (SCD):    2.003ns
    Clock Pessimism Removal (CPR):    0.075ns
  Clock Uncertainty:      0.189ns  ((TSJ^2 + DJ^2)^1/2) / 2 + PE
    Total System Jitter     (TSJ):    0.071ns
    Discrete Jitter          (DJ):    0.118ns
    Phase Error              (PE):    0.120ns

    Location             Delay type                Incr(ns)  Path(ns)    Netlist Resource(s)
  -------------------------------------------------------------------    -------------------
                         (clock pll_adc_clk rise edge)
                                                      0.000     0.000 r  
    U18                                               0.000     0.000 r  adc_clk_i[1] (IN)
                         net (fo=0)                   0.000     0.000    adc_clk_i[1]
    U18                  IBUFDS (Prop_ibufds_I_O)     0.401     0.401 r  i_clk/O
                         net (fo=1, routed)           0.440     0.842    pll/adc_clk_in
    PLLE2_ADV_X0Y0       PLLE2_ADV (Prop_plle2_adv_CLKIN1_CLKOUT0)
                                                      0.051     0.893 r  pll/pll/CLKOUT0
                         net (fo=1, routed)           0.497     1.390    pll_adc_clk
    BUFGCTRL_X0Y0        BUFG (Prop_bufg_I_O)         0.026     1.416 r  bufg_adc_clk/O
                         net (fo=3940, routed)        0.588     2.003    e_def/ch[0]/adc_clk
    SLICE_X37Y56         FDRE                                         r  e_def/ch[0]/dac_o_reg[10]/C
  -------------------------------------------------------------------    -------------------
    SLICE_X37Y56         FDRE (Prop_fdre_C_Q)         0.141     2.144 r  e_def/ch[0]/dac_o_reg[10]/Q
                         net (fo=1, routed)           0.647     2.791    asg_dat[0][10]
    SLICE_X36Y62         FDRE                                         r  dac_dat_a_reg[10]/D
  -------------------------------------------------------------------    -------------------

                         (clock pll_dac_clk_1x rise edge)
                                                      0.000     0.000 r  
    U18                                               0.000     0.000 r  adc_clk_i[1] (IN)
                         net (fo=0)                   0.000     0.000    adc_clk_i[1]
    U18                  IBUFDS (Prop_ibufds_I_O)     0.433     0.433 r  i_clk/O
                         net (fo=1, routed)           0.481     0.914    pll/adc_clk_in
    PLLE2_ADV_X0Y0       PLLE2_ADV (Prop_plle2_adv_CLKIN1_CLKOUT1)
                                                      0.054     0.968 r  pll/pll/CLKOUT1
                         net (fo=1, routed)           0.544     1.512    pll_dac_clk_1x
    BUFGCTRL_X0Y3        BUFG (Prop_bufg_I_O)         0.029     1.541 r  bufg_dac_clk_1x/O
                         net (fo=63, routed)          0.854     2.395    dac_clk_1x
    SLICE_X36Y62         FDRE                                         r  dac_dat_a_reg[10]/C
                         clock pessimism             -0.075     2.320    
                         clock uncertainty            0.189     2.509    
    SLICE_X36Y62         FDRE (Hold_fdre_C_D)         0.070     2.579    dac_dat_a_reg[10]
  -------------------------------------------------------------------
                         required time                         -2.579    
                         arrival time                           2.791    
  -------------------------------------------------------------------
                         slack                                  0.212    

Slack (MET) :             0.232ns  (arrival time - required time)
  Source:                 e_def/ch[0]/dac_o_reg[13]/C
                            (rising edge-triggered cell FDRE clocked by pll_adc_clk  {rise@0.000ns fall@4.000ns period=8.000ns})
  Destination:            dac_dat_a_reg[13]/D
                            (rising edge-triggered cell FDRE clocked by pll_dac_clk_1x  {rise@0.000ns fall@4.000ns period=8.000ns})
  Path Group:             pll_dac_clk_1x
  Path Type:              Hold (Min at Fast Process Corner)
  Requirement:            0.000ns  (pll_dac_clk_1x rise@0.000ns - pll_adc_clk rise@0.000ns)
  Data Path Delay:        0.792ns  (logic 0.141ns (17.797%)  route 0.651ns (82.203%))
  Logic Levels:           0  
  Clock Path Skew:        0.305ns (DCD - SCD - CPR)
    Destination Clock Delay (DCD):    2.384ns
    Source Clock Delay      (SCD):    2.003ns
    Clock Pessimism Removal (CPR):    0.075ns
  Clock Uncertainty:      0.189ns  ((TSJ^2 + DJ^2)^1/2) / 2 + PE
    Total System Jitter     (TSJ):    0.071ns
    Discrete Jitter          (DJ):    0.118ns
    Phase Error              (PE):    0.120ns

    Location             Delay type                Incr(ns)  Path(ns)    Netlist Resource(s)
  -------------------------------------------------------------------    -------------------
                         (clock pll_adc_clk rise edge)
                                                      0.000     0.000 r  
    U18                                               0.000     0.000 r  adc_clk_i[1] (IN)
                         net (fo=0)                   0.000     0.000    adc_clk_i[1]
    U18                  IBUFDS (Prop_ibufds_I_O)     0.401     0.401 r  i_clk/O
                         net (fo=1, routed)           0.440     0.842    pll/adc_clk_in
    PLLE2_ADV_X0Y0       PLLE2_ADV (Prop_plle2_adv_CLKIN1_CLKOUT0)
                                                      0.051     0.893 r  pll/pll/CLKOUT0
                         net (fo=1, routed)           0.497     1.390    pll_adc_clk
    BUFGCTRL_X0Y0        BUFG (Prop_bufg_I_O)         0.026     1.416 r  bufg_adc_clk/O
                         net (fo=3940, routed)        0.588     2.003    e_def/ch[0]/adc_clk
    SLICE_X36Y56         FDRE                                         r  e_def/ch[0]/dac_o_reg[13]/C
  -------------------------------------------------------------------    -------------------
    SLICE_X36Y56         FDRE (Prop_fdre_C_Q)         0.141     2.144 r  e_def/ch[0]/dac_o_reg[13]/Q
                         net (fo=1, routed)           0.651     2.796    asg_dat[0][13]
    SLICE_X37Y73         FDRE                                         r  dac_dat_a_reg[13]/D
  -------------------------------------------------------------------    -------------------

                         (clock pll_dac_clk_1x rise edge)
                                                      0.000     0.000 r  
    U18                                               0.000     0.000 r  adc_clk_i[1] (IN)
                         net (fo=0)                   0.000     0.000    adc_clk_i[1]
    U18                  IBUFDS (Prop_ibufds_I_O)     0.433     0.433 r  i_clk/O
                         net (fo=1, routed)           0.481     0.914    pll/adc_clk_in
    PLLE2_ADV_X0Y0       PLLE2_ADV (Prop_plle2_adv_CLKIN1_CLKOUT1)
                                                      0.054     0.968 r  pll/pll/CLKOUT1
                         net (fo=1, routed)           0.544     1.512    pll_dac_clk_1x
    BUFGCTRL_X0Y3        BUFG (Prop_bufg_I_O)         0.029     1.541 r  bufg_dac_clk_1x/O
                         net (fo=63, routed)          0.843     2.384    dac_clk_1x
    SLICE_X37Y73         FDRE                                         r  dac_dat_a_reg[13]/C
                         clock pessimism             -0.075     2.309    
                         clock uncertainty            0.189     2.498    
    SLICE_X37Y73         FDRE (Hold_fdre_C_D)         0.066     2.564    dac_dat_a_reg[13]
  -------------------------------------------------------------------
                         required time                         -2.564    
                         arrival time                           2.796    
  -------------------------------------------------------------------
                         slack                                  0.232    

Slack (MET) :             0.238ns  (arrival time - required time)
  Source:                 e_def/ch[0]/dac_o_reg[9]/C
                            (rising edge-triggered cell FDRE clocked by pll_adc_clk  {rise@0.000ns fall@4.000ns period=8.000ns})
  Destination:            dac_dat_a_reg[9]/D
                            (rising edge-triggered cell FDRE clocked by pll_dac_clk_1x  {rise@0.000ns fall@4.000ns period=8.000ns})
  Path Group:             pll_dac_clk_1x
  Path Type:              Hold (Min at Fast Process Corner)
  Requirement:            0.000ns  (pll_dac_clk_1x rise@0.000ns - pll_adc_clk rise@0.000ns)
  Data Path Delay:        0.846ns  (logic 0.164ns (19.394%)  route 0.682ns (80.606%))
  Logic Levels:           0  
  Clock Path Skew:        0.346ns (DCD - SCD - CPR)
    Destination Clock Delay (DCD):    2.401ns
    Source Clock Delay      (SCD):    1.979ns
    Clock Pessimism Removal (CPR):    0.075ns
  Clock Uncertainty:      0.189ns  ((TSJ^2 + DJ^2)^1/2) / 2 + PE
    Total System Jitter     (TSJ):    0.071ns
    Discrete Jitter          (DJ):    0.118ns
    Phase Error              (PE):    0.120ns

    Location             Delay type                Incr(ns)  Path(ns)    Netlist Resource(s)
  -------------------------------------------------------------------    -------------------
                         (clock pll_adc_clk rise edge)
                                                      0.000     0.000 r  
    U18                                               0.000     0.000 r  adc_clk_i[1] (IN)
                         net (fo=0)                   0.000     0.000    adc_clk_i[1]
    U18                  IBUFDS (Prop_ibufds_I_O)     0.401     0.401 r  i_clk/O
                         net (fo=1, routed)           0.440     0.842    pll/adc_clk_in
    PLLE2_ADV_X0Y0       PLLE2_ADV (Prop_plle2_adv_CLKIN1_CLKOUT0)
                                                      0.051     0.893 r  pll/pll/CLKOUT0
                         net (fo=1, routed)           0.497     1.390    pll_adc_clk
    BUFGCTRL_X0Y0        BUFG (Prop_bufg_I_O)         0.026     1.416 r  bufg_adc_clk/O
                         net (fo=3940, routed)        0.564     1.979    e_def/ch[0]/adc_clk
    SLICE_X34Y47         FDRE                                         r  e_def/ch[0]/dac_o_reg[9]/C
  -------------------------------------------------------------------    -------------------
    SLICE_X34Y47         FDRE (Prop_fdre_C_Q)         0.164     2.143 r  e_def/ch[0]/dac_o_reg[9]/Q
                         net (fo=1, routed)           0.682     2.825    asg_dat[0][9]
    SLICE_X43Y55         FDRE                                         r  dac_dat_a_reg[9]/D
  -------------------------------------------------------------------    -------------------

                         (clock pll_dac_clk_1x rise edge)
                                                      0.000     0.000 r  
    U18                                               0.000     0.000 r  adc_clk_i[1] (IN)
                         net (fo=0)                   0.000     0.000    adc_clk_i[1]
    U18                  IBUFDS (Prop_ibufds_I_O)     0.433     0.433 r  i_clk/O
                         net (fo=1, routed)           0.481     0.914    pll/adc_clk_in
    PLLE2_ADV_X0Y0       PLLE2_ADV (Prop_plle2_adv_CLKIN1_CLKOUT1)
                                                      0.054     0.968 r  pll/pll/CLKOUT1
                         net (fo=1, routed)           0.544     1.512    pll_dac_clk_1x
    BUFGCTRL_X0Y3        BUFG (Prop_bufg_I_O)         0.029     1.541 r  bufg_dac_clk_1x/O
                         net (fo=63, routed)          0.860     2.401    dac_clk_1x
    SLICE_X43Y55         FDRE                                         r  dac_dat_a_reg[9]/C
                         clock pessimism             -0.075     2.326    
                         clock uncertainty            0.189     2.515    
    SLICE_X43Y55         FDRE (Hold_fdre_C_D)         0.072     2.587    dac_dat_a_reg[9]
  -------------------------------------------------------------------
                         required time                         -2.587    
                         arrival time                           2.825    
  -------------------------------------------------------------------
                         slack                                  0.238    

Slack (MET) :             0.248ns  (arrival time - required time)
  Source:                 e_def/ch[1]/dac_o_reg[2]/C
                            (rising edge-triggered cell FDRE clocked by pll_adc_clk  {rise@0.000ns fall@4.000ns period=8.000ns})
  Destination:            dac_dat_b_reg[2]/D
                            (rising edge-triggered cell FDRE clocked by pll_dac_clk_1x  {rise@0.000ns fall@4.000ns period=8.000ns})
  Path Group:             pll_dac_clk_1x
  Path Type:              Hold (Min at Fast Process Corner)
  Requirement:            0.000ns  (pll_dac_clk_1x rise@0.000ns - pll_adc_clk rise@0.000ns)
  Data Path Delay:        0.846ns  (logic 0.164ns (19.388%)  route 0.682ns (80.612%))
  Logic Levels:           0  
  Clock Path Skew:        0.339ns (DCD - SCD - CPR)
    Destination Clock Delay (DCD):    2.390ns
    Source Clock Delay      (SCD):    1.975ns
    Clock Pessimism Removal (CPR):    0.075ns
  Clock Uncertainty:      0.189ns  ((TSJ^2 + DJ^2)^1/2) / 2 + PE
    Total System Jitter     (TSJ):    0.071ns
    Discrete Jitter          (DJ):    0.118ns
    Phase Error              (PE):    0.120ns

    Location             Delay type                Incr(ns)  Path(ns)    Netlist Resource(s)
  -------------------------------------------------------------------    -------------------
                         (clock pll_adc_clk rise edge)
                                                      0.000     0.000 r  
    U18                                               0.000     0.000 r  adc_clk_i[1] (IN)
                         net (fo=0)                   0.000     0.000    adc_clk_i[1]
    U18                  IBUFDS (Prop_ibufds_I_O)     0.401     0.401 r  i_clk/O
                         net (fo=1, routed)           0.440     0.842    pll/adc_clk_in
    PLLE2_ADV_X0Y0       PLLE2_ADV (Prop_plle2_adv_CLKIN1_CLKOUT0)
                                                      0.051     0.893 r  pll/pll/CLKOUT0
                         net (fo=1, routed)           0.497     1.390    pll_adc_clk
    BUFGCTRL_X0Y0        BUFG (Prop_bufg_I_O)         0.026     1.416 r  bufg_adc_clk/O
                         net (fo=3940, routed)        0.560     1.975    e_def/ch[1]/adc_clk
    SLICE_X30Y58         FDRE                                         r  e_def/ch[1]/dac_o_reg[2]/C
  -------------------------------------------------------------------    -------------------
    SLICE_X30Y58         FDRE (Prop_fdre_C_Q)         0.164     2.139 r  e_def/ch[1]/dac_o_reg[2]/Q
                         net (fo=1, routed)           0.682     2.821    asg_dat[1][2]
    SLICE_X36Y68         FDRE                                         r  dac_dat_b_reg[2]/D
  -------------------------------------------------------------------    -------------------

                         (clock pll_dac_clk_1x rise edge)
                                                      0.000     0.000 r  
    U18                                               0.000     0.000 r  adc_clk_i[1] (IN)
                         net (fo=0)                   0.000     0.000    adc_clk_i[1]
    U18                  IBUFDS (Prop_ibufds_I_O)     0.433     0.433 r  i_clk/O
                         net (fo=1, routed)           0.481     0.914    pll/adc_clk_in
    PLLE2_ADV_X0Y0       PLLE2_ADV (Prop_plle2_adv_CLKIN1_CLKOUT1)
                                                      0.054     0.968 r  pll/pll/CLKOUT1
                         net (fo=1, routed)           0.544     1.512    pll_dac_clk_1x
    BUFGCTRL_X0Y3        BUFG (Prop_bufg_I_O)         0.029     1.541 r  bufg_dac_clk_1x/O
                         net (fo=63, routed)          0.849     2.390    dac_clk_1x
    SLICE_X36Y68         FDRE                                         r  dac_dat_b_reg[2]/C
                         clock pessimism             -0.075     2.315    
                         clock uncertainty            0.189     2.504    
    SLICE_X36Y68         FDRE (Hold_fdre_C_D)         0.070     2.574    dac_dat_b_reg[2]
  -------------------------------------------------------------------
                         required time                         -2.574    
                         arrival time                           2.821    
  -------------------------------------------------------------------
                         slack                                  0.248    





---------------------------------------------------------------------------------------------------
From Clock:  pll_adc_clk
  To Clock:  pll_pwm_clk

Setup :            0  Failing Endpoints,  Worst Slack        0.617ns,  Total Violation        0.000ns
Hold  :            0  Failing Endpoints,  Worst Slack        0.128ns,  Total Violation        0.000ns
---------------------------------------------------------------------------------------------------


Max Delay Paths
--------------------------------------------------------------------------------------
Slack (MET) :             0.617ns  (required time - arrival time)
  Source:                 i_ams/dac_c_o_reg[19]/C
                            (rising edge-triggered cell FDRE clocked by pll_adc_clk  {rise@0.000ns fall@4.000ns period=8.000ns})
  Destination:            pwm[2]/v_reg[3]/D
                            (rising edge-triggered cell FDRE clocked by pll_pwm_clk  {rise@0.000ns fall@2.000ns period=4.000ns})
  Path Group:             pll_pwm_clk
  Path Type:              Setup (Max at Slow Process Corner)
  Requirement:            4.000ns  (pll_pwm_clk rise@4.000ns - pll_adc_clk rise@0.000ns)
  Data Path Delay:        2.830ns  (logic 0.518ns (18.306%)  route 2.312ns (81.694%))
  Logic Levels:           0  
  Clock Path Skew:        -0.263ns (DCD - SCD + CPR)
    Destination Clock Delay (DCD):    5.459ns = ( 9.459 - 4.000 ) 
    Source Clock Delay      (SCD):    5.895ns
    Clock Pessimism Removal (CPR):    0.173ns
  Clock Uncertainty:      0.189ns  ((TSJ^2 + DJ^2)^1/2) / 2 + PE
    Total System Jitter     (TSJ):    0.071ns
    Discrete Jitter          (DJ):    0.118ns
    Phase Error              (PE):    0.120ns

    Location             Delay type                Incr(ns)  Path(ns)    Netlist Resource(s)
  -------------------------------------------------------------------    -------------------
                         (clock pll_adc_clk rise edge)
                                                      0.000     0.000 r  
    U18                                               0.000     0.000 r  adc_clk_i[1] (IN)
                         net (fo=0)                   0.000     0.000    adc_clk_i[1]
    U18                  IBUFDS (Prop_ibufds_I_O)     0.983     0.983 r  i_clk/O
                         net (fo=1, routed)           1.306     2.289    pll/adc_clk_in
    PLLE2_ADV_X0Y0       PLLE2_ADV (Prop_plle2_adv_CLKIN1_CLKOUT0)
                                                      0.089     2.378 r  pll/pll/CLKOUT0
                         net (fo=1, routed)           1.754     4.132    pll_adc_clk
    BUFGCTRL_X0Y0        BUFG (Prop_bufg_I_O)         0.101     4.233 r  bufg_adc_clk/O
                         net (fo=3940, routed)        1.662     5.895    i_ams/adc_clk
    SLICE_X24Y34         FDRE                                         r  i_ams/dac_c_o_reg[19]/C
  -------------------------------------------------------------------    -------------------
    SLICE_X24Y34         FDRE (Prop_fdre_C_Q)         0.518     6.413 r  i_ams/dac_c_o_reg[19]/Q
                         net (fo=2, routed)           2.312     8.725    pwm[2]/dac_c_o_reg[23][19]
    SLICE_X41Y33         FDRE                                         r  pwm[2]/v_reg[3]/D
  -------------------------------------------------------------------    -------------------

                         (clock pll_pwm_clk rise edge)
                                                      4.000     4.000 r  
    U18                                               0.000     4.000 r  adc_clk_i[1] (IN)
                         net (fo=0)                   0.000     4.000    adc_clk_i[1]
    U18                  IBUFDS (Prop_ibufds_I_O)     0.940     4.940 r  i_clk/O
                         net (fo=1, routed)           1.181     6.121    pll/adc_clk_in
    PLLE2_ADV_X0Y0       PLLE2_ADV (Prop_plle2_adv_CLKIN1_CLKOUT5)
                                                      0.084     6.205 r  pll/pll/CLKOUT5
                         net (fo=1, routed)           1.594     7.799    pll_pwm_clk
    BUFGCTRL_X0Y2        BUFG (Prop_bufg_I_O)         0.091     7.890 r  bufg_pwm_clk/O
                         net (fo=160, routed)         1.569     9.459    pwm[2]/CLK
    SLICE_X41Y33         FDRE                                         r  pwm[2]/v_reg[3]/C
                         clock pessimism              0.173     9.633    
                         clock uncertainty           -0.189     9.444    
    SLICE_X41Y33         FDRE (Setup_fdre_C_D)       -0.102     9.342    pwm[2]/v_reg[3]
  -------------------------------------------------------------------
                         required time                          9.342    
                         arrival time                          -8.725    
  -------------------------------------------------------------------
                         slack                                  0.617    

Slack (MET) :             0.681ns  (required time - arrival time)
  Source:                 i_ams/dac_c_o_reg[4]/C
                            (rising edge-triggered cell FDRE clocked by pll_adc_clk  {rise@0.000ns fall@4.000ns period=8.000ns})
  Destination:            pwm[2]/b_reg[4]/D
                            (rising edge-triggered cell FDRE clocked by pll_pwm_clk  {rise@0.000ns fall@2.000ns period=4.000ns})
  Path Group:             pll_pwm_clk
  Path Type:              Setup (Max at Slow Process Corner)
  Requirement:            4.000ns  (pll_pwm_clk rise@4.000ns - pll_adc_clk rise@0.000ns)
  Data Path Delay:        2.814ns  (logic 0.642ns (22.818%)  route 2.172ns (77.182%))
  Logic Levels:           1  (LUT6=1)
  Clock Path Skew:        -0.346ns (DCD - SCD + CPR)
    Destination Clock Delay (DCD):    5.461ns = ( 9.461 - 4.000 ) 
    Source Clock Delay      (SCD):    5.980ns
    Clock Pessimism Removal (CPR):    0.173ns
  Clock Uncertainty:      0.189ns  ((TSJ^2 + DJ^2)^1/2) / 2 + PE
    Total System Jitter     (TSJ):    0.071ns
    Discrete Jitter          (DJ):    0.118ns
    Phase Error              (PE):    0.120ns

    Location             Delay type                Incr(ns)  Path(ns)    Netlist Resource(s)
  -------------------------------------------------------------------    -------------------
                         (clock pll_adc_clk rise edge)
                                                      0.000     0.000 r  
    U18                                               0.000     0.000 r  adc_clk_i[1] (IN)
                         net (fo=0)                   0.000     0.000    adc_clk_i[1]
    U18                  IBUFDS (Prop_ibufds_I_O)     0.983     0.983 r  i_clk/O
                         net (fo=1, routed)           1.306     2.289    pll/adc_clk_in
    PLLE2_ADV_X0Y0       PLLE2_ADV (Prop_plle2_adv_CLKIN1_CLKOUT0)
                                                      0.089     2.378 r  pll/pll/CLKOUT0
                         net (fo=1, routed)           1.754     4.132    pll_adc_clk
    BUFGCTRL_X0Y0        BUFG (Prop_bufg_I_O)         0.101     4.233 r  bufg_adc_clk/O
                         net (fo=3940, routed)        1.747     5.980    i_ams/adc_clk
    SLICE_X38Y35         FDRE                                         r  i_ams/dac_c_o_reg[4]/C
  -------------------------------------------------------------------    -------------------
    SLICE_X38Y35         FDRE (Prop_fdre_C_Q)         0.518     6.498 r  i_ams/dac_c_o_reg[4]/Q
                         net (fo=2, routed)           2.172     8.670    pwm[2]/dac_c_o_reg[23][4]
    SLICE_X40Y35         LUT6 (Prop_lut6_I5_O)        0.124     8.794 r  pwm[2]/b[4]_i_1__0/O
                         net (fo=1, routed)           0.000     8.794    pwm[2]/p_0_in[4]
    SLICE_X40Y35         FDRE                                         r  pwm[2]/b_reg[4]/D
  -------------------------------------------------------------------    -------------------

                         (clock pll_pwm_clk rise edge)
                                                      4.000     4.000 r  
    U18                                               0.000     4.000 r  adc_clk_i[1] (IN)
                         net (fo=0)                   0.000     4.000    adc_clk_i[1]
    U18                  IBUFDS (Prop_ibufds_I_O)     0.940     4.940 r  i_clk/O
                         net (fo=1, routed)           1.181     6.121    pll/adc_clk_in
    PLLE2_ADV_X0Y0       PLLE2_ADV (Prop_plle2_adv_CLKIN1_CLKOUT5)
                                                      0.084     6.205 r  pll/pll/CLKOUT5
                         net (fo=1, routed)           1.594     7.799    pll_pwm_clk
    BUFGCTRL_X0Y2        BUFG (Prop_bufg_I_O)         0.091     7.890 r  bufg_pwm_clk/O
                         net (fo=160, routed)         1.571     9.461    pwm[2]/CLK
    SLICE_X40Y35         FDRE                                         r  pwm[2]/b_reg[4]/C
                         clock pessimism              0.173     9.635    
                         clock uncertainty           -0.189     9.446    
    SLICE_X40Y35         FDRE (Setup_fdre_C_D)        0.029     9.475    pwm[2]/b_reg[4]
  -------------------------------------------------------------------
                         required time                          9.475    
                         arrival time                          -8.794    
  -------------------------------------------------------------------
                         slack                                  0.681    

Slack (MET) :             0.762ns  (required time - arrival time)
  Source:                 i_ams/dac_b_o_reg[6]/C
                            (rising edge-triggered cell FDRE clocked by pll_adc_clk  {rise@0.000ns fall@4.000ns period=8.000ns})
  Destination:            pwm[1]/b_reg[6]/D
                            (rising edge-triggered cell FDRE clocked by pll_pwm_clk  {rise@0.000ns fall@2.000ns period=4.000ns})
  Path Group:             pll_pwm_clk
  Path Type:              Setup (Max at Slow Process Corner)
  Requirement:            4.000ns  (pll_pwm_clk rise@4.000ns - pll_adc_clk rise@0.000ns)
  Data Path Delay:        2.735ns  (logic 0.718ns (26.248%)  route 2.017ns (73.752%))
  Logic Levels:           1  (LUT6=1)
  Clock Path Skew:        -0.346ns (DCD - SCD + CPR)
    Destination Clock Delay (DCD):    5.462ns = ( 9.462 - 4.000 ) 
    Source Clock Delay      (SCD):    5.981ns
    Clock Pessimism Removal (CPR):    0.173ns
  Clock Uncertainty:      0.189ns  ((TSJ^2 + DJ^2)^1/2) / 2 + PE
    Total System Jitter     (TSJ):    0.071ns
    Discrete Jitter          (DJ):    0.118ns
    Phase Error              (PE):    0.120ns

    Location             Delay type                Incr(ns)  Path(ns)    Netlist Resource(s)
  -------------------------------------------------------------------    -------------------
                         (clock pll_adc_clk rise edge)
                                                      0.000     0.000 r  
    U18                                               0.000     0.000 r  adc_clk_i[1] (IN)
                         net (fo=0)                   0.000     0.000    adc_clk_i[1]
    U18                  IBUFDS (Prop_ibufds_I_O)     0.983     0.983 r  i_clk/O
                         net (fo=1, routed)           1.306     2.289    pll/adc_clk_in
    PLLE2_ADV_X0Y0       PLLE2_ADV (Prop_plle2_adv_CLKIN1_CLKOUT0)
                                                      0.089     2.378 r  pll/pll/CLKOUT0
                         net (fo=1, routed)           1.754     4.132    pll_adc_clk
    BUFGCTRL_X0Y0        BUFG (Prop_bufg_I_O)         0.101     4.233 r  bufg_adc_clk/O
                         net (fo=3940, routed)        1.748     5.981    i_ams/adc_clk
    SLICE_X36Y37         FDRE                                         r  i_ams/dac_b_o_reg[6]/C
  -------------------------------------------------------------------    -------------------
    SLICE_X36Y37         FDRE (Prop_fdre_C_Q)         0.419     6.400 r  i_ams/dac_b_o_reg[6]/Q
                         net (fo=2, routed)           2.017     8.418    pwm[1]/Q[6]
    SLICE_X39Y38         LUT6 (Prop_lut6_I5_O)        0.299     8.717 r  pwm[1]/b[6]_i_1__1/O
                         net (fo=1, routed)           0.000     8.717    pwm[1]/p_0_in[6]
    SLICE_X39Y38         FDRE                                         r  pwm[1]/b_reg[6]/D
  -------------------------------------------------------------------    -------------------

                         (clock pll_pwm_clk rise edge)
                                                      4.000     4.000 r  
    U18                                               0.000     4.000 r  adc_clk_i[1] (IN)
                         net (fo=0)                   0.000     4.000    adc_clk_i[1]
    U18                  IBUFDS (Prop_ibufds_I_O)     0.940     4.940 r  i_clk/O
                         net (fo=1, routed)           1.181     6.121    pll/adc_clk_in
    PLLE2_ADV_X0Y0       PLLE2_ADV (Prop_plle2_adv_CLKIN1_CLKOUT5)
                                                      0.084     6.205 r  pll/pll/CLKOUT5
                         net (fo=1, routed)           1.594     7.799    pll_pwm_clk
    BUFGCTRL_X0Y2        BUFG (Prop_bufg_I_O)         0.091     7.890 r  bufg_pwm_clk/O
                         net (fo=160, routed)         1.572     9.462    pwm[1]/CLK
    SLICE_X39Y38         FDRE                                         r  pwm[1]/b_reg[6]/C
                         clock pessimism              0.173     9.636    
                         clock uncertainty           -0.189     9.447    
    SLICE_X39Y38         FDRE (Setup_fdre_C_D)        0.032     9.479    pwm[1]/b_reg[6]
  -------------------------------------------------------------------
                         required time                          9.479    
                         arrival time                          -8.717    
  -------------------------------------------------------------------
                         slack                                  0.762    

Slack (MET) :             0.948ns  (required time - arrival time)
  Source:                 i_ams/dac_d_o_reg[1]/C
                            (rising edge-triggered cell FDRE clocked by pll_adc_clk  {rise@0.000ns fall@4.000ns period=8.000ns})
  Destination:            pwm[3]/b_reg[1]/D
                            (rising edge-triggered cell FDRE clocked by pll_pwm_clk  {rise@0.000ns fall@2.000ns period=4.000ns})
  Path Group:             pll_pwm_clk
  Path Type:              Setup (Max at Slow Process Corner)
  Requirement:            4.000ns  (pll_pwm_clk rise@4.000ns - pll_adc_clk rise@0.000ns)
  Data Path Delay:        2.549ns  (logic 0.718ns (28.164%)  route 1.831ns (71.836%))
  Logic Levels:           1  (LUT6=1)
  Clock Path Skew:        -0.342ns (DCD - SCD + CPR)
    Destination Clock Delay (DCD):    5.464ns = ( 9.464 - 4.000 ) 
    Source Clock Delay      (SCD):    5.980ns
    Clock Pessimism Removal (CPR):    0.173ns
  Clock Uncertainty:      0.189ns  ((TSJ^2 + DJ^2)^1/2) / 2 + PE
    Total System Jitter     (TSJ):    0.071ns
    Discrete Jitter          (DJ):    0.118ns
    Phase Error              (PE):    0.120ns

    Location             Delay type                Incr(ns)  Path(ns)    Netlist Resource(s)
  -------------------------------------------------------------------    -------------------
                         (clock pll_adc_clk rise edge)
                                                      0.000     0.000 r  
    U18                                               0.000     0.000 r  adc_clk_i[1] (IN)
                         net (fo=0)                   0.000     0.000    adc_clk_i[1]
    U18                  IBUFDS (Prop_ibufds_I_O)     0.983     0.983 r  i_clk/O
                         net (fo=1, routed)           1.306     2.289    pll/adc_clk_in
    PLLE2_ADV_X0Y0       PLLE2_ADV (Prop_plle2_adv_CLKIN1_CLKOUT0)
                                                      0.089     2.378 r  pll/pll/CLKOUT0
                         net (fo=1, routed)           1.754     4.132    pll_adc_clk
    BUFGCTRL_X0Y0        BUFG (Prop_bufg_I_O)         0.101     4.233 r  bufg_adc_clk/O
                         net (fo=3940, routed)        1.747     5.980    i_ams/adc_clk
    SLICE_X37Y36         FDRE                                         r  i_ams/dac_d_o_reg[1]/C
  -------------------------------------------------------------------    -------------------
    SLICE_X37Y36         FDRE (Prop_fdre_C_Q)         0.419     6.399 r  i_ams/dac_d_o_reg[1]/Q
                         net (fo=2, routed)           1.831     8.230    pwm[3]/dac_d_o_reg[23][1]
    SLICE_X40Y40         LUT6 (Prop_lut6_I5_O)        0.299     8.529 r  pwm[3]/b[1]_i_1/O
                         net (fo=1, routed)           0.000     8.529    pwm[3]/p_0_in__0[1]
    SLICE_X40Y40         FDRE                                         r  pwm[3]/b_reg[1]/D
  -------------------------------------------------------------------    -------------------

                         (clock pll_pwm_clk rise edge)
                                                      4.000     4.000 r  
    U18                                               0.000     4.000 r  adc_clk_i[1] (IN)
                         net (fo=0)                   0.000     4.000    adc_clk_i[1]
    U18                  IBUFDS (Prop_ibufds_I_O)     0.940     4.940 r  i_clk/O
                         net (fo=1, routed)           1.181     6.121    pll/adc_clk_in
    PLLE2_ADV_X0Y0       PLLE2_ADV (Prop_plle2_adv_CLKIN1_CLKOUT5)
                                                      0.084     6.205 r  pll/pll/CLKOUT5
                         net (fo=1, routed)           1.594     7.799    pll_pwm_clk
    BUFGCTRL_X0Y2        BUFG (Prop_bufg_I_O)         0.091     7.890 r  bufg_pwm_clk/O
                         net (fo=160, routed)         1.574     9.464    pwm[3]/CLK
    SLICE_X40Y40         FDRE                                         r  pwm[3]/b_reg[1]/C
                         clock pessimism              0.173     9.638    
                         clock uncertainty           -0.189     9.449    
    SLICE_X40Y40         FDRE (Setup_fdre_C_D)        0.029     9.478    pwm[3]/b_reg[1]
  -------------------------------------------------------------------
                         required time                          9.478    
                         arrival time                          -8.529    
  -------------------------------------------------------------------
                         slack                                  0.948    

Slack (MET) :             0.969ns  (required time - arrival time)
  Source:                 i_ams/dac_c_o_reg[18]/C
                            (rising edge-triggered cell FDSE clocked by pll_adc_clk  {rise@0.000ns fall@4.000ns period=8.000ns})
  Destination:            pwm[2]/v_reg[2]/D
                            (rising edge-triggered cell FDRE clocked by pll_pwm_clk  {rise@0.000ns fall@2.000ns period=4.000ns})
  Path Group:             pll_pwm_clk
  Path Type:              Setup (Max at Slow Process Corner)
  Requirement:            4.000ns  (pll_pwm_clk rise@4.000ns - pll_adc_clk rise@0.000ns)
  Data Path Delay:        2.470ns  (logic 0.456ns (18.461%)  route 2.014ns (81.539%))
  Logic Levels:           0  
  Clock Path Skew:        -0.265ns (DCD - SCD + CPR)
    Destination Clock Delay (DCD):    5.459ns = ( 9.459 - 4.000 ) 
    Source Clock Delay      (SCD):    5.897ns
    Clock Pessimism Removal (CPR):    0.173ns
  Clock Uncertainty:      0.189ns  ((TSJ^2 + DJ^2)^1/2) / 2 + PE
    Total System Jitter     (TSJ):    0.071ns
    Discrete Jitter          (DJ):    0.118ns
    Phase Error              (PE):    0.120ns

    Location             Delay type                Incr(ns)  Path(ns)    Netlist Resource(s)
  -------------------------------------------------------------------    -------------------
                         (clock pll_adc_clk rise edge)
                                                      0.000     0.000 r  
    U18                                               0.000     0.000 r  adc_clk_i[1] (IN)
                         net (fo=0)                   0.000     0.000    adc_clk_i[1]
    U18                  IBUFDS (Prop_ibufds_I_O)     0.983     0.983 r  i_clk/O
                         net (fo=1, routed)           1.306     2.289    pll/adc_clk_in
    PLLE2_ADV_X0Y0       PLLE2_ADV (Prop_plle2_adv_CLKIN1_CLKOUT0)
                                                      0.089     2.378 r  pll/pll/CLKOUT0
                         net (fo=1, routed)           1.754     4.132    pll_adc_clk
    BUFGCTRL_X0Y0        BUFG (Prop_bufg_I_O)         0.101     4.233 r  bufg_adc_clk/O
                         net (fo=3940, routed)        1.664     5.897    i_ams/adc_clk
    SLICE_X22Y35         FDSE                                         r  i_ams/dac_c_o_reg[18]/C
  -------------------------------------------------------------------    -------------------
    SLICE_X22Y35         FDSE (Prop_fdse_C_Q)         0.456     6.353 r  i_ams/dac_c_o_reg[18]/Q
                         net (fo=2, routed)           2.014     8.367    pwm[2]/dac_c_o_reg[23][18]
    SLICE_X41Y33         FDRE                                         r  pwm[2]/v_reg[2]/D
  -------------------------------------------------------------------    -------------------

                         (clock pll_pwm_clk rise edge)
                                                      4.000     4.000 r  
    U18                                               0.000     4.000 r  adc_clk_i[1] (IN)
                         net (fo=0)                   0.000     4.000    adc_clk_i[1]
    U18                  IBUFDS (Prop_ibufds_I_O)     0.940     4.940 r  i_clk/O
                         net (fo=1, routed)           1.181     6.121    pll/adc_clk_in
    PLLE2_ADV_X0Y0       PLLE2_ADV (Prop_plle2_adv_CLKIN1_CLKOUT5)
                                                      0.084     6.205 r  pll/pll/CLKOUT5
                         net (fo=1, routed)           1.594     7.799    pll_pwm_clk
    BUFGCTRL_X0Y2        BUFG (Prop_bufg_I_O)         0.091     7.890 r  bufg_pwm_clk/O
                         net (fo=160, routed)         1.569     9.459    pwm[2]/CLK
    SLICE_X41Y33         FDRE                                         r  pwm[2]/v_reg[2]/C
                         clock pessimism              0.173     9.633    
                         clock uncertainty           -0.189     9.444    
    SLICE_X41Y33         FDRE (Setup_fdre_C_D)       -0.108     9.336    pwm[2]/v_reg[2]
  -------------------------------------------------------------------
                         required time                          9.336    
                         arrival time                          -8.367    
  -------------------------------------------------------------------
                         slack                                  0.969    

Slack (MET) :             0.978ns  (required time - arrival time)
  Source:                 i_ams/dac_d_o_reg[8]/C
                            (rising edge-triggered cell FDRE clocked by pll_adc_clk  {rise@0.000ns fall@4.000ns period=8.000ns})
  Destination:            pwm[3]/b_reg[8]/D
                            (rising edge-triggered cell FDRE clocked by pll_pwm_clk  {rise@0.000ns fall@2.000ns period=4.000ns})
  Path Group:             pll_pwm_clk
  Path Type:              Setup (Max at Slow Process Corner)
  Requirement:            4.000ns  (pll_pwm_clk rise@4.000ns - pll_adc_clk rise@0.000ns)
  Data Path Delay:        2.519ns  (logic 0.716ns (28.429%)  route 1.803ns (71.571%))
  Logic Levels:           1  (LUT6=1)
  Clock Path Skew:        -0.346ns (DCD - SCD + CPR)
    Destination Clock Delay (DCD):    5.462ns = ( 9.462 - 4.000 ) 
    Source Clock Delay      (SCD):    5.981ns
    Clock Pessimism Removal (CPR):    0.173ns
  Clock Uncertainty:      0.189ns  ((TSJ^2 + DJ^2)^1/2) / 2 + PE
    Total System Jitter     (TSJ):    0.071ns
    Discrete Jitter          (DJ):    0.118ns
    Phase Error              (PE):    0.120ns

    Location             Delay type                Incr(ns)  Path(ns)    Netlist Resource(s)
  -------------------------------------------------------------------    -------------------
                         (clock pll_adc_clk rise edge)
                                                      0.000     0.000 r  
    U18                                               0.000     0.000 r  adc_clk_i[1] (IN)
                         net (fo=0)                   0.000     0.000    adc_clk_i[1]
    U18                  IBUFDS (Prop_ibufds_I_O)     0.983     0.983 r  i_clk/O
                         net (fo=1, routed)           1.306     2.289    pll/adc_clk_in
    PLLE2_ADV_X0Y0       PLLE2_ADV (Prop_plle2_adv_CLKIN1_CLKOUT0)
                                                      0.089     2.378 r  pll/pll/CLKOUT0
                         net (fo=1, routed)           1.754     4.132    pll_adc_clk
    BUFGCTRL_X0Y0        BUFG (Prop_bufg_I_O)         0.101     4.233 r  bufg_adc_clk/O
                         net (fo=3940, routed)        1.748     5.981    i_ams/adc_clk
    SLICE_X37Y37         FDRE                                         r  i_ams/dac_d_o_reg[8]/C
  -------------------------------------------------------------------    -------------------
    SLICE_X37Y37         FDRE (Prop_fdre_C_Q)         0.419     6.400 r  i_ams/dac_d_o_reg[8]/Q
                         net (fo=2, routed)           1.803     8.203    pwm[3]/dac_d_o_reg[23][8]
    SLICE_X41Y37         LUT6 (Prop_lut6_I5_O)        0.297     8.500 r  pwm[3]/b[8]_i_1/O
                         net (fo=1, routed)           0.000     8.500    pwm[3]/p_0_in__0[8]
    SLICE_X41Y37         FDRE                                         r  pwm[3]/b_reg[8]/D
  -------------------------------------------------------------------    -------------------

                         (clock pll_pwm_clk rise edge)
                                                      4.000     4.000 r  
    U18                                               0.000     4.000 r  adc_clk_i[1] (IN)
                         net (fo=0)                   0.000     4.000    adc_clk_i[1]
    U18                  IBUFDS (Prop_ibufds_I_O)     0.940     4.940 r  i_clk/O
                         net (fo=1, routed)           1.181     6.121    pll/adc_clk_in
    PLLE2_ADV_X0Y0       PLLE2_ADV (Prop_plle2_adv_CLKIN1_CLKOUT5)
                                                      0.084     6.205 r  pll/pll/CLKOUT5
                         net (fo=1, routed)           1.594     7.799    pll_pwm_clk
    BUFGCTRL_X0Y2        BUFG (Prop_bufg_I_O)         0.091     7.890 r  bufg_pwm_clk/O
                         net (fo=160, routed)         1.572     9.462    pwm[3]/CLK
    SLICE_X41Y37         FDRE                                         r  pwm[3]/b_reg[8]/C
                         clock pessimism              0.173     9.636    
                         clock uncertainty           -0.189     9.447    
    SLICE_X41Y37         FDRE (Setup_fdre_C_D)        0.031     9.478    pwm[3]/b_reg[8]
  -------------------------------------------------------------------
                         required time                          9.478    
                         arrival time                          -8.500    
  -------------------------------------------------------------------
                         slack                                  0.978    

Slack (MET) :             0.984ns  (required time - arrival time)
  Source:                 i_ams/dac_c_o_reg[8]/C
                            (rising edge-triggered cell FDRE clocked by pll_adc_clk  {rise@0.000ns fall@4.000ns period=8.000ns})
  Destination:            pwm[2]/b_reg[8]/D
                            (rising edge-triggered cell FDRE clocked by pll_pwm_clk  {rise@0.000ns fall@2.000ns period=4.000ns})
  Path Group:             pll_pwm_clk
  Path Type:              Setup (Max at Slow Process Corner)
  Requirement:            4.000ns  (pll_pwm_clk rise@4.000ns - pll_adc_clk rise@0.000ns)
  Data Path Delay:        2.511ns  (logic 0.776ns (30.901%)  route 1.735ns (69.099%))
  Logic Levels:           1  (LUT6=1)
  Clock Path Skew:        -0.347ns (DCD - SCD + CPR)
    Destination Clock Delay (DCD):    5.460ns = ( 9.460 - 4.000 ) 
    Source Clock Delay      (SCD):    5.980ns
    Clock Pessimism Removal (CPR):    0.173ns
  Clock Uncertainty:      0.189ns  ((TSJ^2 + DJ^2)^1/2) / 2 + PE
    Total System Jitter     (TSJ):    0.071ns
    Discrete Jitter          (DJ):    0.118ns
    Phase Error              (PE):    0.120ns

    Location             Delay type                Incr(ns)  Path(ns)    Netlist Resource(s)
  -------------------------------------------------------------------    -------------------
                         (clock pll_adc_clk rise edge)
                                                      0.000     0.000 r  
    U18                                               0.000     0.000 r  adc_clk_i[1] (IN)
                         net (fo=0)                   0.000     0.000    adc_clk_i[1]
    U18                  IBUFDS (Prop_ibufds_I_O)     0.983     0.983 r  i_clk/O
                         net (fo=1, routed)           1.306     2.289    pll/adc_clk_in
    PLLE2_ADV_X0Y0       PLLE2_ADV (Prop_plle2_adv_CLKIN1_CLKOUT0)
                                                      0.089     2.378 r  pll/pll/CLKOUT0
                         net (fo=1, routed)           1.754     4.132    pll_adc_clk
    BUFGCTRL_X0Y0        BUFG (Prop_bufg_I_O)         0.101     4.233 r  bufg_adc_clk/O
                         net (fo=3940, routed)        1.747     5.980    i_ams/adc_clk
    SLICE_X38Y35         FDRE                                         r  i_ams/dac_c_o_reg[8]/C
  -------------------------------------------------------------------    -------------------
    SLICE_X38Y35         FDRE (Prop_fdre_C_Q)         0.478     6.458 r  i_ams/dac_c_o_reg[8]/Q
                         net (fo=2, routed)           1.735     8.193    pwm[2]/dac_c_o_reg[23][8]
    SLICE_X39Y35         LUT6 (Prop_lut6_I5_O)        0.298     8.491 r  pwm[2]/b[8]_i_1__0/O
                         net (fo=1, routed)           0.000     8.491    pwm[2]/p_0_in[8]
    SLICE_X39Y35         FDRE                                         r  pwm[2]/b_reg[8]/D
  -------------------------------------------------------------------    -------------------

                         (clock pll_pwm_clk rise edge)
                                                      4.000     4.000 r  
    U18                                               0.000     4.000 r  adc_clk_i[1] (IN)
                         net (fo=0)                   0.000     4.000    adc_clk_i[1]
    U18                  IBUFDS (Prop_ibufds_I_O)     0.940     4.940 r  i_clk/O
                         net (fo=1, routed)           1.181     6.121    pll/adc_clk_in
    PLLE2_ADV_X0Y0       PLLE2_ADV (Prop_plle2_adv_CLKIN1_CLKOUT5)
                                                      0.084     6.205 r  pll/pll/CLKOUT5
                         net (fo=1, routed)           1.594     7.799    pll_pwm_clk
    BUFGCTRL_X0Y2        BUFG (Prop_bufg_I_O)         0.091     7.890 r  bufg_pwm_clk/O
                         net (fo=160, routed)         1.570     9.460    pwm[2]/CLK
    SLICE_X39Y35         FDRE                                         r  pwm[2]/b_reg[8]/C
                         clock pessimism              0.173     9.634    
                         clock uncertainty           -0.189     9.445    
    SLICE_X39Y35         FDRE (Setup_fdre_C_D)        0.031     9.476    pwm[2]/b_reg[8]
  -------------------------------------------------------------------
                         required time                          9.476    
                         arrival time                          -8.491    
  -------------------------------------------------------------------
                         slack                                  0.984    

Slack (MET) :             1.008ns  (required time - arrival time)
  Source:                 i_ams/dac_c_o_reg[9]/C
                            (rising edge-triggered cell FDRE clocked by pll_adc_clk  {rise@0.000ns fall@4.000ns period=8.000ns})
  Destination:            pwm[2]/b_reg[9]/D
                            (rising edge-triggered cell FDRE clocked by pll_pwm_clk  {rise@0.000ns fall@2.000ns period=4.000ns})
  Path Group:             pll_pwm_clk
  Path Type:              Setup (Max at Slow Process Corner)
  Requirement:            4.000ns  (pll_pwm_clk rise@4.000ns - pll_adc_clk rise@0.000ns)
  Data Path Delay:        2.489ns  (logic 0.580ns (23.307%)  route 1.909ns (76.693%))
  Logic Levels:           1  (LUT6=1)
  Clock Path Skew:        -0.347ns (DCD - SCD + CPR)
    Destination Clock Delay (DCD):    5.460ns = ( 9.460 - 4.000 ) 
    Source Clock Delay      (SCD):    5.980ns
    Clock Pessimism Removal (CPR):    0.173ns
  Clock Uncertainty:      0.189ns  ((TSJ^2 + DJ^2)^1/2) / 2 + PE
    Total System Jitter     (TSJ):    0.071ns
    Discrete Jitter          (DJ):    0.118ns
    Phase Error              (PE):    0.120ns

    Location             Delay type                Incr(ns)  Path(ns)    Netlist Resource(s)
  -------------------------------------------------------------------    -------------------
                         (clock pll_adc_clk rise edge)
                                                      0.000     0.000 r  
    U18                                               0.000     0.000 r  adc_clk_i[1] (IN)
                         net (fo=0)                   0.000     0.000    adc_clk_i[1]
    U18                  IBUFDS (Prop_ibufds_I_O)     0.983     0.983 r  i_clk/O
                         net (fo=1, routed)           1.306     2.289    pll/adc_clk_in
    PLLE2_ADV_X0Y0       PLLE2_ADV (Prop_plle2_adv_CLKIN1_CLKOUT0)
                                                      0.089     2.378 r  pll/pll/CLKOUT0
                         net (fo=1, routed)           1.754     4.132    pll_adc_clk
    BUFGCTRL_X0Y0        BUFG (Prop_bufg_I_O)         0.101     4.233 r  bufg_adc_clk/O
                         net (fo=3940, routed)        1.747     5.980    i_ams/adc_clk
    SLICE_X36Y35         FDRE                                         r  i_ams/dac_c_o_reg[9]/C
  -------------------------------------------------------------------    -------------------
    SLICE_X36Y35         FDRE (Prop_fdre_C_Q)         0.456     6.436 r  i_ams/dac_c_o_reg[9]/Q
                         net (fo=2, routed)           1.909     8.345    pwm[2]/dac_c_o_reg[23][9]
    SLICE_X39Y35         LUT6 (Prop_lut6_I5_O)        0.124     8.469 r  pwm[2]/b[9]_i_1__0/O
                         net (fo=1, routed)           0.000     8.469    pwm[2]/p_0_in[9]
    SLICE_X39Y35         FDRE                                         r  pwm[2]/b_reg[9]/D
  -------------------------------------------------------------------    -------------------

                         (clock pll_pwm_clk rise edge)
                                                      4.000     4.000 r  
    U18                                               0.000     4.000 r  adc_clk_i[1] (IN)
                         net (fo=0)                   0.000     4.000    adc_clk_i[1]
    U18                  IBUFDS (Prop_ibufds_I_O)     0.940     4.940 r  i_clk/O
                         net (fo=1, routed)           1.181     6.121    pll/adc_clk_in
    PLLE2_ADV_X0Y0       PLLE2_ADV (Prop_plle2_adv_CLKIN1_CLKOUT5)
                                                      0.084     6.205 r  pll/pll/CLKOUT5
                         net (fo=1, routed)           1.594     7.799    pll_pwm_clk
    BUFGCTRL_X0Y2        BUFG (Prop_bufg_I_O)         0.091     7.890 r  bufg_pwm_clk/O
                         net (fo=160, routed)         1.570     9.460    pwm[2]/CLK
    SLICE_X39Y35         FDRE                                         r  pwm[2]/b_reg[9]/C
                         clock pessimism              0.173     9.634    
                         clock uncertainty           -0.189     9.445    
    SLICE_X39Y35         FDRE (Setup_fdre_C_D)        0.032     9.477    pwm[2]/b_reg[9]
  -------------------------------------------------------------------
                         required time                          9.477    
                         arrival time                          -8.469    
  -------------------------------------------------------------------
                         slack                                  1.008    

Slack (MET) :             1.015ns  (required time - arrival time)
  Source:                 i_ams/dac_c_o_reg[22]/C
                            (rising edge-triggered cell FDSE clocked by pll_adc_clk  {rise@0.000ns fall@4.000ns period=8.000ns})
  Destination:            pwm[2]/v_reg[6]/D
                            (rising edge-triggered cell FDRE clocked by pll_pwm_clk  {rise@0.000ns fall@2.000ns period=4.000ns})
  Path Group:             pll_pwm_clk
  Path Type:              Setup (Max at Slow Process Corner)
  Requirement:            4.000ns  (pll_pwm_clk rise@4.000ns - pll_adc_clk rise@0.000ns)
  Data Path Delay:        2.488ns  (logic 0.456ns (18.330%)  route 2.032ns (81.670%))
  Logic Levels:           0  
  Clock Path Skew:        -0.266ns (DCD - SCD + CPR)
    Destination Clock Delay (DCD):    5.459ns = ( 9.459 - 4.000 ) 
    Source Clock Delay      (SCD):    5.898ns
    Clock Pessimism Removal (CPR):    0.173ns
  Clock Uncertainty:      0.189ns  ((TSJ^2 + DJ^2)^1/2) / 2 + PE
    Total System Jitter     (TSJ):    0.071ns
    Discrete Jitter          (DJ):    0.118ns
    Phase Error              (PE):    0.120ns

    Location             Delay type                Incr(ns)  Path(ns)    Netlist Resource(s)
  -------------------------------------------------------------------    -------------------
                         (clock pll_adc_clk rise edge)
                                                      0.000     0.000 r  
    U18                                               0.000     0.000 r  adc_clk_i[1] (IN)
                         net (fo=0)                   0.000     0.000    adc_clk_i[1]
    U18                  IBUFDS (Prop_ibufds_I_O)     0.983     0.983 r  i_clk/O
                         net (fo=1, routed)           1.306     2.289    pll/adc_clk_in
    PLLE2_ADV_X0Y0       PLLE2_ADV (Prop_plle2_adv_CLKIN1_CLKOUT0)
                                                      0.089     2.378 r  pll/pll/CLKOUT0
                         net (fo=1, routed)           1.754     4.132    pll_adc_clk
    BUFGCTRL_X0Y0        BUFG (Prop_bufg_I_O)         0.101     4.233 r  bufg_adc_clk/O
                         net (fo=3940, routed)        1.665     5.898    i_ams/adc_clk
    SLICE_X21Y33         FDSE                                         r  i_ams/dac_c_o_reg[22]/C
  -------------------------------------------------------------------    -------------------
    SLICE_X21Y33         FDSE (Prop_fdse_C_Q)         0.456     6.354 r  i_ams/dac_c_o_reg[22]/Q
                         net (fo=2, routed)           2.032     8.386    pwm[2]/dac_c_o_reg[23][22]
    SLICE_X41Y33         FDRE                                         r  pwm[2]/v_reg[6]/D
  -------------------------------------------------------------------    -------------------

                         (clock pll_pwm_clk rise edge)
                                                      4.000     4.000 r  
    U18                                               0.000     4.000 r  adc_clk_i[1] (IN)
                         net (fo=0)                   0.000     4.000    adc_clk_i[1]
    U18                  IBUFDS (Prop_ibufds_I_O)     0.940     4.940 r  i_clk/O
                         net (fo=1, routed)           1.181     6.121    pll/adc_clk_in
    PLLE2_ADV_X0Y0       PLLE2_ADV (Prop_plle2_adv_CLKIN1_CLKOUT5)
                                                      0.084     6.205 r  pll/pll/CLKOUT5
                         net (fo=1, routed)           1.594     7.799    pll_pwm_clk
    BUFGCTRL_X0Y2        BUFG (Prop_bufg_I_O)         0.091     7.890 r  bufg_pwm_clk/O
                         net (fo=160, routed)         1.569     9.459    pwm[2]/CLK
    SLICE_X41Y33         FDRE                                         r  pwm[2]/v_reg[6]/C
                         clock pessimism              0.173     9.633    
                         clock uncertainty           -0.189     9.444    
    SLICE_X41Y33         FDRE (Setup_fdre_C_D)       -0.043     9.401    pwm[2]/v_reg[6]
  -------------------------------------------------------------------
                         required time                          9.401    
                         arrival time                          -8.386    
  -------------------------------------------------------------------
                         slack                                  1.015    

Slack (MET) :             1.017ns  (required time - arrival time)
  Source:                 i_ams/dac_c_o_reg[5]/C
                            (rising edge-triggered cell FDRE clocked by pll_adc_clk  {rise@0.000ns fall@4.000ns period=8.000ns})
  Destination:            pwm[2]/b_reg[5]/D
                            (rising edge-triggered cell FDRE clocked by pll_pwm_clk  {rise@0.000ns fall@2.000ns period=4.000ns})
  Path Group:             pll_pwm_clk
  Path Type:              Setup (Max at Slow Process Corner)
  Requirement:            4.000ns  (pll_pwm_clk rise@4.000ns - pll_adc_clk rise@0.000ns)
  Data Path Delay:        2.479ns  (logic 0.773ns (31.179%)  route 1.706ns (68.821%))
  Logic Levels:           1  (LUT6=1)
  Clock Path Skew:        -0.346ns (DCD - SCD + CPR)
    Destination Clock Delay (DCD):    5.461ns = ( 9.461 - 4.000 ) 
    Source Clock Delay      (SCD):    5.980ns
    Clock Pessimism Removal (CPR):    0.173ns
  Clock Uncertainty:      0.189ns  ((TSJ^2 + DJ^2)^1/2) / 2 + PE
    Total System Jitter     (TSJ):    0.071ns
    Discrete Jitter          (DJ):    0.118ns
    Phase Error              (PE):    0.120ns

    Location             Delay type                Incr(ns)  Path(ns)    Netlist Resource(s)
  -------------------------------------------------------------------    -------------------
                         (clock pll_adc_clk rise edge)
                                                      0.000     0.000 r  
    U18                                               0.000     0.000 r  adc_clk_i[1] (IN)
                         net (fo=0)                   0.000     0.000    adc_clk_i[1]
    U18                  IBUFDS (Prop_ibufds_I_O)     0.983     0.983 r  i_clk/O
                         net (fo=1, routed)           1.306     2.289    pll/adc_clk_in
    PLLE2_ADV_X0Y0       PLLE2_ADV (Prop_plle2_adv_CLKIN1_CLKOUT0)
                                                      0.089     2.378 r  pll/pll/CLKOUT0
                         net (fo=1, routed)           1.754     4.132    pll_adc_clk
    BUFGCTRL_X0Y0        BUFG (Prop_bufg_I_O)         0.101     4.233 r  bufg_adc_clk/O
                         net (fo=3940, routed)        1.747     5.980    i_ams/adc_clk
    SLICE_X38Y35         FDRE                                         r  i_ams/dac_c_o_reg[5]/C
  -------------------------------------------------------------------    -------------------
    SLICE_X38Y35         FDRE (Prop_fdre_C_Q)         0.478     6.458 r  i_ams/dac_c_o_reg[5]/Q
                         net (fo=2, routed)           1.706     8.164    pwm[2]/dac_c_o_reg[23][5]
    SLICE_X40Y35         LUT6 (Prop_lut6_I5_O)        0.295     8.459 r  pwm[2]/b[5]_i_1__0/O
                         net (fo=1, routed)           0.000     8.459    pwm[2]/p_0_in[5]
    SLICE_X40Y35         FDRE                                         r  pwm[2]/b_reg[5]/D
  -------------------------------------------------------------------    -------------------

                         (clock pll_pwm_clk rise edge)
                                                      4.000     4.000 r  
    U18                                               0.000     4.000 r  adc_clk_i[1] (IN)
                         net (fo=0)                   0.000     4.000    adc_clk_i[1]
    U18                  IBUFDS (Prop_ibufds_I_O)     0.940     4.940 r  i_clk/O
                         net (fo=1, routed)           1.181     6.121    pll/adc_clk_in
    PLLE2_ADV_X0Y0       PLLE2_ADV (Prop_plle2_adv_CLKIN1_CLKOUT5)
                                                      0.084     6.205 r  pll/pll/CLKOUT5
                         net (fo=1, routed)           1.594     7.799    pll_pwm_clk
    BUFGCTRL_X0Y2        BUFG (Prop_bufg_I_O)         0.091     7.890 r  bufg_pwm_clk/O
                         net (fo=160, routed)         1.571     9.461    pwm[2]/CLK
    SLICE_X40Y35         FDRE                                         r  pwm[2]/b_reg[5]/C
                         clock pessimism              0.173     9.635    
                         clock uncertainty           -0.189     9.446    
    SLICE_X40Y35         FDRE (Setup_fdre_C_D)        0.031     9.477    pwm[2]/b_reg[5]
  -------------------------------------------------------------------
                         required time                          9.477    
                         arrival time                          -8.459    
  -------------------------------------------------------------------
                         slack                                  1.017    





Min Delay Paths
--------------------------------------------------------------------------------------
Slack (MET) :             0.128ns  (arrival time - required time)
  Source:                 i_ams/dac_c_o_reg[6]/C
                            (rising edge-triggered cell FDRE clocked by pll_adc_clk  {rise@0.000ns fall@4.000ns period=8.000ns})
  Destination:            pwm[2]/b_reg[6]/D
                            (rising edge-triggered cell FDRE clocked by pll_pwm_clk  {rise@0.000ns fall@2.000ns period=4.000ns})
  Path Group:             pll_pwm_clk
  Path Type:              Hold (Min at Fast Process Corner)
  Requirement:            0.000ns  (pll_pwm_clk rise@0.000ns - pll_adc_clk rise@0.000ns)
  Data Path Delay:        0.729ns  (logic 0.247ns (33.873%)  route 0.482ns (66.127%))
  Logic Levels:           1  (LUT6=1)
  Clock Path Skew:        0.320ns (DCD - SCD - CPR)
    Destination Clock Delay (DCD):    2.397ns
    Source Clock Delay      (SCD):    2.001ns
    Clock Pessimism Removal (CPR):    0.075ns
  Clock Uncertainty:      0.189ns  ((TSJ^2 + DJ^2)^1/2) / 2 + PE
    Total System Jitter     (TSJ):    0.071ns
    Discrete Jitter          (DJ):    0.118ns
    Phase Error              (PE):    0.120ns

    Location             Delay type                Incr(ns)  Path(ns)    Netlist Resource(s)
  -------------------------------------------------------------------    -------------------
                         (clock pll_adc_clk rise edge)
                                                      0.000     0.000 r  
    U18                                               0.000     0.000 r  adc_clk_i[1] (IN)
                         net (fo=0)                   0.000     0.000    adc_clk_i[1]
    U18                  IBUFDS (Prop_ibufds_I_O)     0.401     0.401 r  i_clk/O
                         net (fo=1, routed)           0.440     0.842    pll/adc_clk_in
    PLLE2_ADV_X0Y0       PLLE2_ADV (Prop_plle2_adv_CLKIN1_CLKOUT0)
                                                      0.051     0.893 r  pll/pll/CLKOUT0
                         net (fo=1, routed)           0.497     1.390    pll_adc_clk
    BUFGCTRL_X0Y0        BUFG (Prop_bufg_I_O)         0.026     1.416 r  bufg_adc_clk/O
                         net (fo=3940, routed)        0.586     2.001    i_ams/adc_clk
    SLICE_X38Y35         FDRE                                         r  i_ams/dac_c_o_reg[6]/C
  -------------------------------------------------------------------    -------------------
    SLICE_X38Y35         FDRE (Prop_fdre_C_Q)         0.148     2.149 r  i_ams/dac_c_o_reg[6]/Q
                         net (fo=2, routed)           0.482     2.631    pwm[2]/dac_c_o_reg[23][6]
    SLICE_X40Y35         LUT6 (Prop_lut6_I5_O)        0.099     2.730 r  pwm[2]/b[6]_i_1__0/O
                         net (fo=1, routed)           0.000     2.730    pwm[2]/p_0_in[6]
    SLICE_X40Y35         FDRE                                         r  pwm[2]/b_reg[6]/D
  -------------------------------------------------------------------    -------------------

                         (clock pll_pwm_clk rise edge)
                                                      0.000     0.000 r  
    U18                                               0.000     0.000 r  adc_clk_i[1] (IN)
                         net (fo=0)                   0.000     0.000    adc_clk_i[1]
    U18                  IBUFDS (Prop_ibufds_I_O)     0.433     0.433 r  i_clk/O
                         net (fo=1, routed)           0.481     0.914    pll/adc_clk_in
    PLLE2_ADV_X0Y0       PLLE2_ADV (Prop_plle2_adv_CLKIN1_CLKOUT5)
                                                      0.054     0.968 r  pll/pll/CLKOUT5
                         net (fo=1, routed)           0.544     1.512    pll_pwm_clk
    BUFGCTRL_X0Y2        BUFG (Prop_bufg_I_O)         0.029     1.541 r  bufg_pwm_clk/O
                         net (fo=160, routed)         0.856     2.397    pwm[2]/CLK
    SLICE_X40Y35         FDRE                                         r  pwm[2]/b_reg[6]/C
                         clock pessimism             -0.075     2.322    
                         clock uncertainty            0.189     2.511    
    SLICE_X40Y35         FDRE (Hold_fdre_C_D)         0.092     2.603    pwm[2]/b_reg[6]
  -------------------------------------------------------------------
                         required time                         -2.603    
                         arrival time                           2.730    
  -------------------------------------------------------------------
                         slack                                  0.128    

Slack (MET) :             0.154ns  (arrival time - required time)
  Source:                 i_ams/dac_d_o_reg[7]/C
                            (rising edge-triggered cell FDRE clocked by pll_adc_clk  {rise@0.000ns fall@4.000ns period=8.000ns})
  Destination:            pwm[3]/b_reg[7]/D
                            (rising edge-triggered cell FDRE clocked by pll_pwm_clk  {rise@0.000ns fall@2.000ns period=4.000ns})
  Path Group:             pll_pwm_clk
  Path Type:              Hold (Min at Fast Process Corner)
  Requirement:            0.000ns  (pll_pwm_clk rise@0.000ns - pll_adc_clk rise@0.000ns)
  Data Path Delay:        0.756ns  (logic 0.226ns (29.904%)  route 0.530ns (70.096%))
  Logic Levels:           1  (LUT6=1)
  Clock Path Skew:        0.320ns (DCD - SCD - CPR)
    Destination Clock Delay (DCD):    2.398ns
    Source Clock Delay      (SCD):    2.002ns
    Clock Pessimism Removal (CPR):    0.075ns
  Clock Uncertainty:      0.189ns  ((TSJ^2 + DJ^2)^1/2) / 2 + PE
    Total System Jitter     (TSJ):    0.071ns
    Discrete Jitter          (DJ):    0.118ns
    Phase Error              (PE):    0.120ns

    Location             Delay type                Incr(ns)  Path(ns)    Netlist Resource(s)
  -------------------------------------------------------------------    -------------------
                         (clock pll_adc_clk rise edge)
                                                      0.000     0.000 r  
    U18                                               0.000     0.000 r  adc_clk_i[1] (IN)
                         net (fo=0)                   0.000     0.000    adc_clk_i[1]
    U18                  IBUFDS (Prop_ibufds_I_O)     0.401     0.401 r  i_clk/O
                         net (fo=1, routed)           0.440     0.842    pll/adc_clk_in
    PLLE2_ADV_X0Y0       PLLE2_ADV (Prop_plle2_adv_CLKIN1_CLKOUT0)
                                                      0.051     0.893 r  pll/pll/CLKOUT0
                         net (fo=1, routed)           0.497     1.390    pll_adc_clk
    BUFGCTRL_X0Y0        BUFG (Prop_bufg_I_O)         0.026     1.416 r  bufg_adc_clk/O
                         net (fo=3940, routed)        0.587     2.002    i_ams/adc_clk
    SLICE_X37Y37         FDRE                                         r  i_ams/dac_d_o_reg[7]/C
  -------------------------------------------------------------------    -------------------
    SLICE_X37Y37         FDRE (Prop_fdre_C_Q)         0.128     2.130 r  i_ams/dac_d_o_reg[7]/Q
                         net (fo=2, routed)           0.530     2.660    pwm[3]/dac_d_o_reg[23][7]
    SLICE_X40Y37         LUT6 (Prop_lut6_I5_O)        0.098     2.758 r  pwm[3]/b[7]_i_1/O
                         net (fo=1, routed)           0.000     2.758    pwm[3]/p_0_in__0[7]
    SLICE_X40Y37         FDRE                                         r  pwm[3]/b_reg[7]/D
  -------------------------------------------------------------------    -------------------

                         (clock pll_pwm_clk rise edge)
                                                      0.000     0.000 r  
    U18                                               0.000     0.000 r  adc_clk_i[1] (IN)
                         net (fo=0)                   0.000     0.000    adc_clk_i[1]
    U18                  IBUFDS (Prop_ibufds_I_O)     0.433     0.433 r  i_clk/O
                         net (fo=1, routed)           0.481     0.914    pll/adc_clk_in
    PLLE2_ADV_X0Y0       PLLE2_ADV (Prop_plle2_adv_CLKIN1_CLKOUT5)
                                                      0.054     0.968 r  pll/pll/CLKOUT5
                         net (fo=1, routed)           0.544     1.512    pll_pwm_clk
    BUFGCTRL_X0Y2        BUFG (Prop_bufg_I_O)         0.029     1.541 r  bufg_pwm_clk/O
                         net (fo=160, routed)         0.857     2.398    pwm[3]/CLK
    SLICE_X40Y37         FDRE                                         r  pwm[3]/b_reg[7]/C
                         clock pessimism             -0.075     2.323    
                         clock uncertainty            0.189     2.512    
    SLICE_X40Y37         FDRE (Hold_fdre_C_D)         0.092     2.604    pwm[3]/b_reg[7]
  -------------------------------------------------------------------
                         required time                         -2.604    
                         arrival time                           2.758    
  -------------------------------------------------------------------
                         slack                                  0.154    

Slack (MET) :             0.167ns  (arrival time - required time)
  Source:                 i_ams/dac_d_o_reg[13]/C
                            (rising edge-triggered cell FDRE clocked by pll_adc_clk  {rise@0.000ns fall@4.000ns period=8.000ns})
  Destination:            pwm[3]/b_reg[13]/D
                            (rising edge-triggered cell FDRE clocked by pll_pwm_clk  {rise@0.000ns fall@2.000ns period=4.000ns})
  Path Group:             pll_pwm_clk
  Path Type:              Hold (Min at Fast Process Corner)
  Requirement:            0.000ns  (pll_pwm_clk rise@0.000ns - pll_adc_clk rise@0.000ns)
  Data Path Delay:        0.770ns  (logic 0.186ns (24.171%)  route 0.584ns (75.829%))
  Logic Levels:           1  (LUT6=1)
  Clock Path Skew:        0.322ns (DCD - SCD - CPR)
    Destination Clock Delay (DCD):    2.400ns
    Source Clock Delay      (SCD):    2.003ns
    Clock Pessimism Removal (CPR):    0.075ns
  Clock Uncertainty:      0.189ns  ((TSJ^2 + DJ^2)^1/2) / 2 + PE
    Total System Jitter     (TSJ):    0.071ns
    Discrete Jitter          (DJ):    0.118ns
    Phase Error              (PE):    0.120ns

    Location             Delay type                Incr(ns)  Path(ns)    Netlist Resource(s)
  -------------------------------------------------------------------    -------------------
                         (clock pll_adc_clk rise edge)
                                                      0.000     0.000 r  
    U18                                               0.000     0.000 r  adc_clk_i[1] (IN)
                         net (fo=0)                   0.000     0.000    adc_clk_i[1]
    U18                  IBUFDS (Prop_ibufds_I_O)     0.401     0.401 r  i_clk/O
                         net (fo=1, routed)           0.440     0.842    pll/adc_clk_in
    PLLE2_ADV_X0Y0       PLLE2_ADV (Prop_plle2_adv_CLKIN1_CLKOUT0)
                                                      0.051     0.893 r  pll/pll/CLKOUT0
                         net (fo=1, routed)           0.497     1.390    pll_adc_clk
    BUFGCTRL_X0Y0        BUFG (Prop_bufg_I_O)         0.026     1.416 r  bufg_adc_clk/O
                         net (fo=3940, routed)        0.588     2.003    i_ams/adc_clk
    SLICE_X39Y39         FDRE                                         r  i_ams/dac_d_o_reg[13]/C
  -------------------------------------------------------------------    -------------------
    SLICE_X39Y39         FDRE (Prop_fdre_C_Q)         0.141     2.144 r  i_ams/dac_d_o_reg[13]/Q
                         net (fo=2, routed)           0.584     2.728    pwm[3]/dac_d_o_reg[23][13]
    SLICE_X41Y38         LUT6 (Prop_lut6_I5_O)        0.045     2.773 r  pwm[3]/b[13]_i_1/O
                         net (fo=1, routed)           0.000     2.773    pwm[3]/p_0_in__0[13]
    SLICE_X41Y38         FDRE                                         r  pwm[3]/b_reg[13]/D
  -------------------------------------------------------------------    -------------------

                         (clock pll_pwm_clk rise edge)
                                                      0.000     0.000 r  
    U18                                               0.000     0.000 r  adc_clk_i[1] (IN)
                         net (fo=0)                   0.000     0.000    adc_clk_i[1]
    U18                  IBUFDS (Prop_ibufds_I_O)     0.433     0.433 r  i_clk/O
                         net (fo=1, routed)           0.481     0.914    pll/adc_clk_in
    PLLE2_ADV_X0Y0       PLLE2_ADV (Prop_plle2_adv_CLKIN1_CLKOUT5)
                                                      0.054     0.968 r  pll/pll/CLKOUT5
                         net (fo=1, routed)           0.544     1.512    pll_pwm_clk
    BUFGCTRL_X0Y2        BUFG (Prop_bufg_I_O)         0.029     1.541 r  bufg_pwm_clk/O
                         net (fo=160, routed)         0.859     2.400    pwm[3]/CLK
    SLICE_X41Y38         FDRE                                         r  pwm[3]/b_reg[13]/C
                         clock pessimism             -0.075     2.325    
                         clock uncertainty            0.189     2.514    
    SLICE_X41Y38         FDRE (Hold_fdre_C_D)         0.092     2.606    pwm[3]/b_reg[13]
  -------------------------------------------------------------------
                         required time                         -2.606    
                         arrival time                           2.773    
  -------------------------------------------------------------------
                         slack                                  0.167    

Slack (MET) :             0.171ns  (arrival time - required time)
  Source:                 i_ams/dac_b_o_reg[7]/C
                            (rising edge-triggered cell FDRE clocked by pll_adc_clk  {rise@0.000ns fall@4.000ns period=8.000ns})
  Destination:            pwm[1]/b_reg[7]/D
                            (rising edge-triggered cell FDRE clocked by pll_pwm_clk  {rise@0.000ns fall@2.000ns period=4.000ns})
  Path Group:             pll_pwm_clk
  Path Type:              Hold (Min at Fast Process Corner)
  Requirement:            0.000ns  (pll_pwm_clk rise@0.000ns - pll_adc_clk rise@0.000ns)
  Data Path Delay:        0.772ns  (logic 0.226ns (29.274%)  route 0.546ns (70.726%))
  Logic Levels:           1  (LUT6=1)
  Clock Path Skew:        0.320ns (DCD - SCD - CPR)
    Destination Clock Delay (DCD):    2.398ns
    Source Clock Delay      (SCD):    2.002ns
    Clock Pessimism Removal (CPR):    0.075ns
  Clock Uncertainty:      0.189ns  ((TSJ^2 + DJ^2)^1/2) / 2 + PE
    Total System Jitter     (TSJ):    0.071ns
    Discrete Jitter          (DJ):    0.118ns
    Phase Error              (PE):    0.120ns

    Location             Delay type                Incr(ns)  Path(ns)    Netlist Resource(s)
  -------------------------------------------------------------------    -------------------
                         (clock pll_adc_clk rise edge)
                                                      0.000     0.000 r  
    U18                                               0.000     0.000 r  adc_clk_i[1] (IN)
                         net (fo=0)                   0.000     0.000    adc_clk_i[1]
    U18                  IBUFDS (Prop_ibufds_I_O)     0.401     0.401 r  i_clk/O
                         net (fo=1, routed)           0.440     0.842    pll/adc_clk_in
    PLLE2_ADV_X0Y0       PLLE2_ADV (Prop_plle2_adv_CLKIN1_CLKOUT0)
                                                      0.051     0.893 r  pll/pll/CLKOUT0
                         net (fo=1, routed)           0.497     1.390    pll_adc_clk
    BUFGCTRL_X0Y0        BUFG (Prop_bufg_I_O)         0.026     1.416 r  bufg_adc_clk/O
                         net (fo=3940, routed)        0.587     2.002    i_ams/adc_clk
    SLICE_X36Y37         FDRE                                         r  i_ams/dac_b_o_reg[7]/C
  -------------------------------------------------------------------    -------------------
    SLICE_X36Y37         FDRE (Prop_fdre_C_Q)         0.128     2.130 r  i_ams/dac_b_o_reg[7]/Q
                         net (fo=2, routed)           0.546     2.676    pwm[1]/Q[7]
    SLICE_X37Y38         LUT6 (Prop_lut6_I5_O)        0.098     2.774 r  pwm[1]/b[7]_i_1__1/O
                         net (fo=1, routed)           0.000     2.774    pwm[1]/p_0_in[7]
    SLICE_X37Y38         FDRE                                         r  pwm[1]/b_reg[7]/D
  -------------------------------------------------------------------    -------------------

                         (clock pll_pwm_clk rise edge)
                                                      0.000     0.000 r  
    U18                                               0.000     0.000 r  adc_clk_i[1] (IN)
                         net (fo=0)                   0.000     0.000    adc_clk_i[1]
    U18                  IBUFDS (Prop_ibufds_I_O)     0.433     0.433 r  i_clk/O
                         net (fo=1, routed)           0.481     0.914    pll/adc_clk_in
    PLLE2_ADV_X0Y0       PLLE2_ADV (Prop_plle2_adv_CLKIN1_CLKOUT5)
                                                      0.054     0.968 r  pll/pll/CLKOUT5
                         net (fo=1, routed)           0.544     1.512    pll_pwm_clk
    BUFGCTRL_X0Y2        BUFG (Prop_bufg_I_O)         0.029     1.541 r  bufg_pwm_clk/O
                         net (fo=160, routed)         0.857     2.398    pwm[1]/CLK
    SLICE_X37Y38         FDRE                                         r  pwm[1]/b_reg[7]/C
                         clock pessimism             -0.075     2.323    
                         clock uncertainty            0.189     2.512    
    SLICE_X37Y38         FDRE (Hold_fdre_C_D)         0.092     2.604    pwm[1]/b_reg[7]
  -------------------------------------------------------------------
                         required time                         -2.604    
                         arrival time                           2.774    
  -------------------------------------------------------------------
                         slack                                  0.171    

Slack (MET) :             0.172ns  (arrival time - required time)
  Source:                 i_ams/dac_d_o_reg[12]/C
                            (rising edge-triggered cell FDRE clocked by pll_adc_clk  {rise@0.000ns fall@4.000ns period=8.000ns})
  Destination:            pwm[3]/b_reg[12]/D
                            (rising edge-triggered cell FDRE clocked by pll_pwm_clk  {rise@0.000ns fall@2.000ns period=4.000ns})
  Path Group:             pll_pwm_clk
  Path Type:              Hold (Min at Fast Process Corner)
  Requirement:            0.000ns  (pll_pwm_clk rise@0.000ns - pll_adc_clk rise@0.000ns)
  Data Path Delay:        0.777ns  (logic 0.186ns (23.948%)  route 0.591ns (76.052%))
  Logic Levels:           1  (LUT6=1)
  Clock Path Skew:        0.323ns (DCD - SCD - CPR)
    Destination Clock Delay (DCD):    2.400ns
    Source Clock Delay      (SCD):    2.001ns
    Clock Pessimism Removal (CPR):    0.075ns
  Clock Uncertainty:      0.189ns  ((TSJ^2 + DJ^2)^1/2) / 2 + PE
    Total System Jitter     (TSJ):    0.071ns
    Discrete Jitter          (DJ):    0.118ns
    Phase Error              (PE):    0.120ns

    Location             Delay type                Incr(ns)  Path(ns)    Netlist Resource(s)
  -------------------------------------------------------------------    -------------------
                         (clock pll_adc_clk rise edge)
                                                      0.000     0.000 r  
    U18                                               0.000     0.000 r  adc_clk_i[1] (IN)
                         net (fo=0)                   0.000     0.000    adc_clk_i[1]
    U18                  IBUFDS (Prop_ibufds_I_O)     0.401     0.401 r  i_clk/O
                         net (fo=1, routed)           0.440     0.842    pll/adc_clk_in
    PLLE2_ADV_X0Y0       PLLE2_ADV (Prop_plle2_adv_CLKIN1_CLKOUT0)
                                                      0.051     0.893 r  pll/pll/CLKOUT0
                         net (fo=1, routed)           0.497     1.390    pll_adc_clk
    BUFGCTRL_X0Y0        BUFG (Prop_bufg_I_O)         0.026     1.416 r  bufg_adc_clk/O
                         net (fo=3940, routed)        0.586     2.001    i_ams/adc_clk
    SLICE_X37Y36         FDRE                                         r  i_ams/dac_d_o_reg[12]/C
  -------------------------------------------------------------------    -------------------
    SLICE_X37Y36         FDRE (Prop_fdre_C_Q)         0.141     2.142 r  i_ams/dac_d_o_reg[12]/Q
                         net (fo=2, routed)           0.591     2.733    pwm[3]/dac_d_o_reg[23][12]
    SLICE_X41Y38         LUT6 (Prop_lut6_I5_O)        0.045     2.778 r  pwm[3]/b[12]_i_1/O
                         net (fo=1, routed)           0.000     2.778    pwm[3]/p_0_in__0[12]
    SLICE_X41Y38         FDRE                                         r  pwm[3]/b_reg[12]/D
  -------------------------------------------------------------------    -------------------

                         (clock pll_pwm_clk rise edge)
                                                      0.000     0.000 r  
    U18                                               0.000     0.000 r  adc_clk_i[1] (IN)
                         net (fo=0)                   0.000     0.000    adc_clk_i[1]
    U18                  IBUFDS (Prop_ibufds_I_O)     0.433     0.433 r  i_clk/O
                         net (fo=1, routed)           0.481     0.914    pll/adc_clk_in
    PLLE2_ADV_X0Y0       PLLE2_ADV (Prop_plle2_adv_CLKIN1_CLKOUT5)
                                                      0.054     0.968 r  pll/pll/CLKOUT5
                         net (fo=1, routed)           0.544     1.512    pll_pwm_clk
    BUFGCTRL_X0Y2        BUFG (Prop_bufg_I_O)         0.029     1.541 r  bufg_pwm_clk/O
                         net (fo=160, routed)         0.859     2.400    pwm[3]/CLK
    SLICE_X41Y38         FDRE                                         r  pwm[3]/b_reg[12]/C
                         clock pessimism             -0.075     2.325    
                         clock uncertainty            0.189     2.514    
    SLICE_X41Y38         FDRE (Hold_fdre_C_D)         0.092     2.606    pwm[3]/b_reg[12]
  -------------------------------------------------------------------
                         required time                         -2.606    
                         arrival time                           2.778    
  -------------------------------------------------------------------
                         slack                                  0.172    

Slack (MET) :             0.172ns  (arrival time - required time)
  Source:                 i_ams/dac_d_o_reg[10]/C
                            (rising edge-triggered cell FDRE clocked by pll_adc_clk  {rise@0.000ns fall@4.000ns period=8.000ns})
  Destination:            pwm[3]/b_reg[10]/D
                            (rising edge-triggered cell FDRE clocked by pll_pwm_clk  {rise@0.000ns fall@2.000ns period=4.000ns})
  Path Group:             pll_pwm_clk
  Path Type:              Hold (Min at Fast Process Corner)
  Requirement:            0.000ns  (pll_pwm_clk rise@0.000ns - pll_adc_clk rise@0.000ns)
  Data Path Delay:        0.774ns  (logic 0.186ns (24.038%)  route 0.588ns (75.962%))
  Logic Levels:           1  (LUT6=1)
  Clock Path Skew:        0.321ns (DCD - SCD - CPR)
    Destination Clock Delay (DCD):    2.398ns
    Source Clock Delay      (SCD):    2.001ns
    Clock Pessimism Removal (CPR):    0.075ns
  Clock Uncertainty:      0.189ns  ((TSJ^2 + DJ^2)^1/2) / 2 + PE
    Total System Jitter     (TSJ):    0.071ns
    Discrete Jitter          (DJ):    0.118ns
    Phase Error              (PE):    0.120ns

    Location             Delay type                Incr(ns)  Path(ns)    Netlist Resource(s)
  -------------------------------------------------------------------    -------------------
                         (clock pll_adc_clk rise edge)
                                                      0.000     0.000 r  
    U18                                               0.000     0.000 r  adc_clk_i[1] (IN)
                         net (fo=0)                   0.000     0.000    adc_clk_i[1]
    U18                  IBUFDS (Prop_ibufds_I_O)     0.401     0.401 r  i_clk/O
                         net (fo=1, routed)           0.440     0.842    pll/adc_clk_in
    PLLE2_ADV_X0Y0       PLLE2_ADV (Prop_plle2_adv_CLKIN1_CLKOUT0)
                                                      0.051     0.893 r  pll/pll/CLKOUT0
                         net (fo=1, routed)           0.497     1.390    pll_adc_clk
    BUFGCTRL_X0Y0        BUFG (Prop_bufg_I_O)         0.026     1.416 r  bufg_adc_clk/O
                         net (fo=3940, routed)        0.586     2.001    i_ams/adc_clk
    SLICE_X37Y36         FDRE                                         r  i_ams/dac_d_o_reg[10]/C
  -------------------------------------------------------------------    -------------------
    SLICE_X37Y36         FDRE (Prop_fdre_C_Q)         0.141     2.142 r  i_ams/dac_d_o_reg[10]/Q
                         net (fo=2, routed)           0.588     2.730    pwm[3]/dac_d_o_reg[23][10]
    SLICE_X41Y37         LUT6 (Prop_lut6_I5_O)        0.045     2.775 r  pwm[3]/b[10]_i_1/O
                         net (fo=1, routed)           0.000     2.775    pwm[3]/p_0_in__0[10]
    SLICE_X41Y37         FDRE                                         r  pwm[3]/b_reg[10]/D
  -------------------------------------------------------------------    -------------------

                         (clock pll_pwm_clk rise edge)
                                                      0.000     0.000 r  
    U18                                               0.000     0.000 r  adc_clk_i[1] (IN)
                         net (fo=0)                   0.000     0.000    adc_clk_i[1]
    U18                  IBUFDS (Prop_ibufds_I_O)     0.433     0.433 r  i_clk/O
                         net (fo=1, routed)           0.481     0.914    pll/adc_clk_in
    PLLE2_ADV_X0Y0       PLLE2_ADV (Prop_plle2_adv_CLKIN1_CLKOUT5)
                                                      0.054     0.968 r  pll/pll/CLKOUT5
                         net (fo=1, routed)           0.544     1.512    pll_pwm_clk
    BUFGCTRL_X0Y2        BUFG (Prop_bufg_I_O)         0.029     1.541 r  bufg_pwm_clk/O
                         net (fo=160, routed)         0.857     2.398    pwm[3]/CLK
    SLICE_X41Y37         FDRE                                         r  pwm[3]/b_reg[10]/C
                         clock pessimism             -0.075     2.323    
                         clock uncertainty            0.189     2.512    
    SLICE_X41Y37         FDRE (Hold_fdre_C_D)         0.091     2.603    pwm[3]/b_reg[10]
  -------------------------------------------------------------------
                         required time                         -2.603    
                         arrival time                           2.775    
  -------------------------------------------------------------------
                         slack                                  0.172    

Slack (MET) :             0.173ns  (arrival time - required time)
  Source:                 i_ams/dac_c_o_reg[13]/C
                            (rising edge-triggered cell FDRE clocked by pll_adc_clk  {rise@0.000ns fall@4.000ns period=8.000ns})
  Destination:            pwm[2]/b_reg[13]/D
                            (rising edge-triggered cell FDRE clocked by pll_pwm_clk  {rise@0.000ns fall@2.000ns period=4.000ns})
  Path Group:             pll_pwm_clk
  Path Type:              Hold (Min at Fast Process Corner)
  Requirement:            0.000ns  (pll_pwm_clk rise@0.000ns - pll_adc_clk rise@0.000ns)
  Data Path Delay:        0.772ns  (logic 0.209ns (27.080%)  route 0.563ns (72.920%))
  Logic Levels:           1  (LUT6=1)
  Clock Path Skew:        0.317ns (DCD - SCD - CPR)
    Destination Clock Delay (DCD):    2.394ns
    Source Clock Delay      (SCD):    2.001ns
    Clock Pessimism Removal (CPR):    0.075ns
  Clock Uncertainty:      0.189ns  ((TSJ^2 + DJ^2)^1/2) / 2 + PE
    Total System Jitter     (TSJ):    0.071ns
    Discrete Jitter          (DJ):    0.118ns
    Phase Error              (PE):    0.120ns

    Location             Delay type                Incr(ns)  Path(ns)    Netlist Resource(s)
  -------------------------------------------------------------------    -------------------
                         (clock pll_adc_clk rise edge)
                                                      0.000     0.000 r  
    U18                                               0.000     0.000 r  adc_clk_i[1] (IN)
                         net (fo=0)                   0.000     0.000    adc_clk_i[1]
    U18                  IBUFDS (Prop_ibufds_I_O)     0.401     0.401 r  i_clk/O
                         net (fo=1, routed)           0.440     0.842    pll/adc_clk_in
    PLLE2_ADV_X0Y0       PLLE2_ADV (Prop_plle2_adv_CLKIN1_CLKOUT0)
                                                      0.051     0.893 r  pll/pll/CLKOUT0
                         net (fo=1, routed)           0.497     1.390    pll_adc_clk
    BUFGCTRL_X0Y0        BUFG (Prop_bufg_I_O)         0.026     1.416 r  bufg_adc_clk/O
                         net (fo=3940, routed)        0.586     2.001    i_ams/adc_clk
    SLICE_X38Y35         FDRE                                         r  i_ams/dac_c_o_reg[13]/C
  -------------------------------------------------------------------    -------------------
    SLICE_X38Y35         FDRE (Prop_fdre_C_Q)         0.164     2.165 r  i_ams/dac_c_o_reg[13]/Q
                         net (fo=2, routed)           0.563     2.728    pwm[2]/dac_c_o_reg[23][13]
    SLICE_X39Y34         LUT6 (Prop_lut6_I5_O)        0.045     2.773 r  pwm[2]/b[13]_i_1__0/O
                         net (fo=1, routed)           0.000     2.773    pwm[2]/p_0_in[13]
    SLICE_X39Y34         FDRE                                         r  pwm[2]/b_reg[13]/D
  -------------------------------------------------------------------    -------------------

                         (clock pll_pwm_clk rise edge)
                                                      0.000     0.000 r  
    U18                                               0.000     0.000 r  adc_clk_i[1] (IN)
                         net (fo=0)                   0.000     0.000    adc_clk_i[1]
    U18                  IBUFDS (Prop_ibufds_I_O)     0.433     0.433 r  i_clk/O
                         net (fo=1, routed)           0.481     0.914    pll/adc_clk_in
    PLLE2_ADV_X0Y0       PLLE2_ADV (Prop_plle2_adv_CLKIN1_CLKOUT5)
                                                      0.054     0.968 r  pll/pll/CLKOUT5
                         net (fo=1, routed)           0.544     1.512    pll_pwm_clk
    BUFGCTRL_X0Y2        BUFG (Prop_bufg_I_O)         0.029     1.541 r  bufg_pwm_clk/O
                         net (fo=160, routed)         0.853     2.394    pwm[2]/CLK
    SLICE_X39Y34         FDRE                                         r  pwm[2]/b_reg[13]/C
                         clock pessimism             -0.075     2.319    
                         clock uncertainty            0.189     2.508    
    SLICE_X39Y34         FDRE (Hold_fdre_C_D)         0.092     2.600    pwm[2]/b_reg[13]
  -------------------------------------------------------------------
                         required time                         -2.600    
                         arrival time                           2.773    
  -------------------------------------------------------------------
                         slack                                  0.173    

Slack (MET) :             0.176ns  (arrival time - required time)
  Source:                 i_ams/dac_d_o_reg[17]/C
                            (rising edge-triggered cell FDRE clocked by pll_adc_clk  {rise@0.000ns fall@4.000ns period=8.000ns})
  Destination:            pwm[3]/v_reg[1]/D
                            (rising edge-triggered cell FDRE clocked by pll_pwm_clk  {rise@0.000ns fall@2.000ns period=4.000ns})
  Path Group:             pll_pwm_clk
  Path Type:              Hold (Min at Fast Process Corner)
  Requirement:            0.000ns  (pll_pwm_clk rise@0.000ns - pll_adc_clk rise@0.000ns)
  Data Path Delay:        0.764ns  (logic 0.164ns (21.466%)  route 0.600ns (78.534%))
  Logic Levels:           0  
  Clock Path Skew:        0.352ns (DCD - SCD - CPR)
    Destination Clock Delay (DCD):    2.401ns
    Source Clock Delay      (SCD):    1.973ns
    Clock Pessimism Removal (CPR):    0.075ns
  Clock Uncertainty:      0.189ns  ((TSJ^2 + DJ^2)^1/2) / 2 + PE
    Total System Jitter     (TSJ):    0.071ns
    Discrete Jitter          (DJ):    0.118ns
    Phase Error              (PE):    0.120ns

    Location             Delay type                Incr(ns)  Path(ns)    Netlist Resource(s)
  -------------------------------------------------------------------    -------------------
                         (clock pll_adc_clk rise edge)
                                                      0.000     0.000 r  
    U18                                               0.000     0.000 r  adc_clk_i[1] (IN)
                         net (fo=0)                   0.000     0.000    adc_clk_i[1]
    U18                  IBUFDS (Prop_ibufds_I_O)     0.401     0.401 r  i_clk/O
                         net (fo=1, routed)           0.440     0.842    pll/adc_clk_in
    PLLE2_ADV_X0Y0       PLLE2_ADV (Prop_plle2_adv_CLKIN1_CLKOUT0)
                                                      0.051     0.893 r  pll/pll/CLKOUT0
                         net (fo=1, routed)           0.497     1.390    pll_adc_clk
    BUFGCTRL_X0Y0        BUFG (Prop_bufg_I_O)         0.026     1.416 r  bufg_adc_clk/O
                         net (fo=3940, routed)        0.558     1.973    i_ams/adc_clk
    SLICE_X24Y38         FDRE                                         r  i_ams/dac_d_o_reg[17]/C
  -------------------------------------------------------------------    -------------------
    SLICE_X24Y38         FDRE (Prop_fdre_C_Q)         0.164     2.137 r  i_ams/dac_d_o_reg[17]/Q
                         net (fo=2, routed)           0.600     2.737    pwm[3]/dac_d_o_reg[23][17]
    SLICE_X41Y40         FDRE                                         r  pwm[3]/v_reg[1]/D
  -------------------------------------------------------------------    -------------------

                         (clock pll_pwm_clk rise edge)
                                                      0.000     0.000 r  
    U18                                               0.000     0.000 r  adc_clk_i[1] (IN)
                         net (fo=0)                   0.000     0.000    adc_clk_i[1]
    U18                  IBUFDS (Prop_ibufds_I_O)     0.433     0.433 r  i_clk/O
                         net (fo=1, routed)           0.481     0.914    pll/adc_clk_in
    PLLE2_ADV_X0Y0       PLLE2_ADV (Prop_plle2_adv_CLKIN1_CLKOUT5)
                                                      0.054     0.968 r  pll/pll/CLKOUT5
                         net (fo=1, routed)           0.544     1.512    pll_pwm_clk
    BUFGCTRL_X0Y2        BUFG (Prop_bufg_I_O)         0.029     1.541 r  bufg_pwm_clk/O
                         net (fo=160, routed)         0.860     2.401    pwm[3]/CLK
    SLICE_X41Y40         FDRE                                         r  pwm[3]/v_reg[1]/C
                         clock pessimism             -0.075     2.326    
                         clock uncertainty            0.189     2.515    
    SLICE_X41Y40         FDRE (Hold_fdre_C_D)         0.047     2.562    pwm[3]/v_reg[1]
  -------------------------------------------------------------------
                         required time                         -2.562    
                         arrival time                           2.737    
  -------------------------------------------------------------------
                         slack                                  0.176    

Slack (MET) :             0.178ns  (arrival time - required time)
  Source:                 i_ams/dac_d_o_reg[18]/C
                            (rising edge-triggered cell FDSE clocked by pll_adc_clk  {rise@0.000ns fall@4.000ns period=8.000ns})
  Destination:            pwm[3]/v_reg[2]/D
                            (rising edge-triggered cell FDRE clocked by pll_pwm_clk  {rise@0.000ns fall@2.000ns period=4.000ns})
  Path Group:             pll_pwm_clk
  Path Type:              Hold (Min at Fast Process Corner)
  Requirement:            0.000ns  (pll_pwm_clk rise@0.000ns - pll_adc_clk rise@0.000ns)
  Data Path Delay:        0.766ns  (logic 0.164ns (21.404%)  route 0.602ns (78.596%))
  Logic Levels:           0  
  Clock Path Skew:        0.352ns (DCD - SCD - CPR)
    Destination Clock Delay (DCD):    2.401ns
    Source Clock Delay      (SCD):    1.973ns
    Clock Pessimism Removal (CPR):    0.075ns
  Clock Uncertainty:      0.189ns  ((TSJ^2 + DJ^2)^1/2) / 2 + PE
    Total System Jitter     (TSJ):    0.071ns
    Discrete Jitter          (DJ):    0.118ns
    Phase Error              (PE):    0.120ns

    Location             Delay type                Incr(ns)  Path(ns)    Netlist Resource(s)
  -------------------------------------------------------------------    -------------------
                         (clock pll_adc_clk rise edge)
                                                      0.000     0.000 r  
    U18                                               0.000     0.000 r  adc_clk_i[1] (IN)
                         net (fo=0)                   0.000     0.000    adc_clk_i[1]
    U18                  IBUFDS (Prop_ibufds_I_O)     0.401     0.401 r  i_clk/O
                         net (fo=1, routed)           0.440     0.842    pll/adc_clk_in
    PLLE2_ADV_X0Y0       PLLE2_ADV (Prop_plle2_adv_CLKIN1_CLKOUT0)
                                                      0.051     0.893 r  pll/pll/CLKOUT0
                         net (fo=1, routed)           0.497     1.390    pll_adc_clk
    BUFGCTRL_X0Y0        BUFG (Prop_bufg_I_O)         0.026     1.416 r  bufg_adc_clk/O
                         net (fo=3940, routed)        0.558     1.973    i_ams/adc_clk
    SLICE_X24Y38         FDSE                                         r  i_ams/dac_d_o_reg[18]/C
  -------------------------------------------------------------------    -------------------
    SLICE_X24Y38         FDSE (Prop_fdse_C_Q)         0.164     2.137 r  i_ams/dac_d_o_reg[18]/Q
                         net (fo=2, routed)           0.602     2.739    pwm[3]/dac_d_o_reg[23][18]
    SLICE_X41Y40         FDRE                                         r  pwm[3]/v_reg[2]/D
  -------------------------------------------------------------------    -------------------

                         (clock pll_pwm_clk rise edge)
                                                      0.000     0.000 r  
    U18                                               0.000     0.000 r  adc_clk_i[1] (IN)
                         net (fo=0)                   0.000     0.000    adc_clk_i[1]
    U18                  IBUFDS (Prop_ibufds_I_O)     0.433     0.433 r  i_clk/O
                         net (fo=1, routed)           0.481     0.914    pll/adc_clk_in
    PLLE2_ADV_X0Y0       PLLE2_ADV (Prop_plle2_adv_CLKIN1_CLKOUT5)
                                                      0.054     0.968 r  pll/pll/CLKOUT5
                         net (fo=1, routed)           0.544     1.512    pll_pwm_clk
    BUFGCTRL_X0Y2        BUFG (Prop_bufg_I_O)         0.029     1.541 r  bufg_pwm_clk/O
                         net (fo=160, routed)         0.860     2.401    pwm[3]/CLK
    SLICE_X41Y40         FDRE                                         r  pwm[3]/v_reg[2]/C
                         clock pessimism             -0.075     2.326    
                         clock uncertainty            0.189     2.515    
    SLICE_X41Y40         FDRE (Hold_fdre_C_D)         0.047     2.562    pwm[3]/v_reg[2]
  -------------------------------------------------------------------
                         required time                         -2.562    
                         arrival time                           2.739    
  -------------------------------------------------------------------
                         slack                                  0.178    

Slack (MET) :             0.181ns  (arrival time - required time)
  Source:                 i_ams/dac_b_o_reg[5]/C
                            (rising edge-triggered cell FDRE clocked by pll_adc_clk  {rise@0.000ns fall@4.000ns period=8.000ns})
  Destination:            pwm[1]/b_reg[5]/D
                            (rising edge-triggered cell FDRE clocked by pll_pwm_clk  {rise@0.000ns fall@2.000ns period=4.000ns})
  Path Group:             pll_pwm_clk
  Path Type:              Hold (Min at Fast Process Corner)
  Requirement:            0.000ns  (pll_pwm_clk rise@0.000ns - pll_adc_clk rise@0.000ns)
  Data Path Delay:        0.782ns  (logic 0.186ns (23.787%)  route 0.596ns (76.213%))
  Logic Levels:           1  (LUT6=1)
  Clock Path Skew:        0.320ns (DCD - SCD - CPR)
    Destination Clock Delay (DCD):    2.398ns
    Source Clock Delay      (SCD):    2.002ns
    Clock Pessimism Removal (CPR):    0.075ns
  Clock Uncertainty:      0.189ns  ((TSJ^2 + DJ^2)^1/2) / 2 + PE
    Total System Jitter     (TSJ):    0.071ns
    Discrete Jitter          (DJ):    0.118ns
    Phase Error              (PE):    0.120ns

    Location             Delay type                Incr(ns)  Path(ns)    Netlist Resource(s)
  -------------------------------------------------------------------    -------------------
                         (clock pll_adc_clk rise edge)
                                                      0.000     0.000 r  
    U18                                               0.000     0.000 r  adc_clk_i[1] (IN)
                         net (fo=0)                   0.000     0.000    adc_clk_i[1]
    U18                  IBUFDS (Prop_ibufds_I_O)     0.401     0.401 r  i_clk/O
                         net (fo=1, routed)           0.440     0.842    pll/adc_clk_in
    PLLE2_ADV_X0Y0       PLLE2_ADV (Prop_plle2_adv_CLKIN1_CLKOUT0)
                                                      0.051     0.893 r  pll/pll/CLKOUT0
                         net (fo=1, routed)           0.497     1.390    pll_adc_clk
    BUFGCTRL_X0Y0        BUFG (Prop_bufg_I_O)         0.026     1.416 r  bufg_adc_clk/O
                         net (fo=3940, routed)        0.587     2.002    i_ams/adc_clk
    SLICE_X36Y37         FDRE                                         r  i_ams/dac_b_o_reg[5]/C
  -------------------------------------------------------------------    -------------------
    SLICE_X36Y37         FDRE (Prop_fdre_C_Q)         0.141     2.143 r  i_ams/dac_b_o_reg[5]/Q
                         net (fo=2, routed)           0.596     2.739    pwm[1]/Q[5]
    SLICE_X39Y38         LUT6 (Prop_lut6_I5_O)        0.045     2.784 r  pwm[1]/b[5]_i_1__1/O
                         net (fo=1, routed)           0.000     2.784    pwm[1]/p_0_in[5]
    SLICE_X39Y38         FDRE                                         r  pwm[1]/b_reg[5]/D
  -------------------------------------------------------------------    -------------------

                         (clock pll_pwm_clk rise edge)
                                                      0.000     0.000 r  
    U18                                               0.000     0.000 r  adc_clk_i[1] (IN)
                         net (fo=0)                   0.000     0.000    adc_clk_i[1]
    U18                  IBUFDS (Prop_ibufds_I_O)     0.433     0.433 r  i_clk/O
                         net (fo=1, routed)           0.481     0.914    pll/adc_clk_in
    PLLE2_ADV_X0Y0       PLLE2_ADV (Prop_plle2_adv_CLKIN1_CLKOUT5)
                                                      0.054     0.968 r  pll/pll/CLKOUT5
                         net (fo=1, routed)           0.544     1.512    pll_pwm_clk
    BUFGCTRL_X0Y2        BUFG (Prop_bufg_I_O)         0.029     1.541 r  bufg_pwm_clk/O
                         net (fo=160, routed)         0.857     2.398    pwm[1]/CLK
    SLICE_X39Y38         FDRE                                         r  pwm[1]/b_reg[5]/C
                         clock pessimism             -0.075     2.323    
                         clock uncertainty            0.189     2.512    
    SLICE_X39Y38         FDRE (Hold_fdre_C_D)         0.092     2.604    pwm[1]/b_reg[5]
  -------------------------------------------------------------------
                         required time                         -2.604    
                         arrival time                           2.784    
  -------------------------------------------------------------------
                         slack                                  0.181    





