Copyright 1986-2016 Xilinx, Inc. All Rights Reserved.
---------------------------------------------------------------------------------------------------------------------------------------------------------------------
| Tool Version : Vivado v.2016.4 (win64) Build 1733598 Wed Dec 14 22:35:39 MST 2016
| Date         : Fri Mar 31 17:03:15 2017
| Host         : vova-PC running 64-bit Service Pack 1  (build 7601)
| Command      : report_timing_summary -warn_on_violation -max_paths 10 -file red_pitaya_top_timing_summary_routed.rpt -rpx red_pitaya_top_timing_summary_routed.rpx
| Design       : red_pitaya_top
| Device       : 7z010-clg400
| Speed File   : -1  PRODUCTION 1.11 2014-09-11
---------------------------------------------------------------------------------------------------------------------------------------------------------------------

Timing Summary Report

------------------------------------------------------------------------------------------------
| Timer Settings
| --------------
------------------------------------------------------------------------------------------------

  Enable Multi Corner Analysis               :  Yes
  Enable Pessimism Removal                   :  Yes
  Pessimism Removal Resolution               :  Nearest Common Node
  Enable Input Delay Default Clock           :  No
  Enable Preset / Clear Arcs                 :  No
  Disable Flight Delays                      :  No
  Ignore I/O Paths                           :  No
  Timing Early Launch at Borrowing Latches   :  false

  Corner  Analyze    Analyze    
  Name    Max Paths  Min Paths  
  ------  ---------  ---------  
  Slow    Yes        Yes        
  Fast    Yes        Yes        



check_timing report

Table of Contents
-----------------
1. checking no_clock
2. checking constant_clock
3. checking pulse_width_clock
4. checking unconstrained_internal_endpoints
5. checking no_input_delay
6. checking no_output_delay
7. checking multiple_clock
8. checking generated_clocks
9. checking loops
10. checking partial_input_delay
11. checking partial_output_delay
12. checking latch_loops

1. checking no_clock
--------------------
 There is 1 register/latch pin with no clock driven by root clock pin: i_hk/dna_clk_reg/Q (HIGH)


2. checking constant_clock
--------------------------
 There are 0 register/latch pins with constant_clock.


3. checking pulse_width_clock
-----------------------------
 There are 0 register/latch pins which need pulse_width check


4. checking unconstrained_internal_endpoints
--------------------------------------------
 There are 2 pins that are not constrained for maximum delay. (HIGH)

 There are 0 pins that are not constrained for maximum delay due to constant clock.


5. checking no_input_delay
--------------------------
 There are 16 input ports with no input delay specified. (HIGH)

 There are 0 input ports with no input delay but user has a false path constraint.


6. checking no_output_delay
---------------------------
 There are 46 ports with no output delay specified. (HIGH)

 There are 0 ports with no output delay but user has a false path constraint

 There are 0 ports with no output delay but with a timing clock defined on it or propagating through it


7. checking multiple_clock
--------------------------
 There are 0 register/latch pins with multiple clocks.


8. checking generated_clocks
----------------------------
 There are 0 generated clocks that are not connected to a clock source.


9. checking loops
-----------------
 There are 0 combinational loops in the design.


10. checking partial_input_delay
--------------------------------
 There are 0 input ports with partial input delay specified.


11. checking partial_output_delay
---------------------------------
 There are 0 ports with partial output delay specified.


12. checking latch_loops
------------------------
 There are 0 combinational latch loops in the design through latch input



------------------------------------------------------------------------------------------------
| Design Timing Summary
| ---------------------
------------------------------------------------------------------------------------------------

    WNS(ns)      TNS(ns)  TNS Failing Endpoints  TNS Total Endpoints      WHS(ns)      THS(ns)  THS Failing Endpoints  THS Total Endpoints     WPWS(ns)     TPWS(ns)  TPWS Failing Endpoints  TPWS Total Endpoints  
    -------      -------  ---------------------  -------------------      -------      -------  ---------------------  -------------------     --------     --------  ----------------------  --------------------  
     -0.284       -0.706                      4                16984       -2.163      -58.853                     28                16984        1.000        0.000                       0                  5484  


Timing constraints are not met.


------------------------------------------------------------------------------------------------
| Clock Summary
| -------------
------------------------------------------------------------------------------------------------

Clock             Waveform(ns)         Period(ns)      Frequency(MHz)
-----             ------------         ----------      --------------
adc_clk           {0.000 4.000}        8.000           125.000         
  clk_fb          {0.000 4.000}        8.000           125.000         
  pll_adc_clk     {0.000 4.000}        8.000           125.000         
  pll_dac_clk_1x  {0.000 4.000}        8.000           125.000         
  pll_dac_clk_2p  {-0.500 1.500}       4.000           250.000         
  pll_dac_clk_2x  {0.000 2.000}        4.000           250.000         
  pll_pwm_clk     {0.000 2.000}        4.000           250.000         
clk_fpga_0        {0.000 4.000}        8.000           125.000         
clk_fpga_1        {0.000 2.000}        4.000           250.000         
clk_fpga_2        {0.000 10.000}       20.000          50.000          
clk_fpga_3        {0.000 2.500}        5.000           200.000         
rx_clk            {0.000 2.000}        4.000           250.000         


------------------------------------------------------------------------------------------------
| Intra Clock Table
| -----------------
------------------------------------------------------------------------------------------------

Clock                 WNS(ns)      TNS(ns)  TNS Failing Endpoints  TNS Total Endpoints      WHS(ns)      THS(ns)  THS Failing Endpoints  THS Total Endpoints     WPWS(ns)     TPWS(ns)  TPWS Failing Endpoints  TPWS Total Endpoints  
-----                 -------      -------  ---------------------  -------------------      -------      -------  ---------------------  -------------------     --------     --------  ----------------------  --------------------  
adc_clk                                                                                                                                                             2.000        0.000                       0                     1  
  clk_fb                                                                                                                                                            6.751        0.000                       0                     2  
  pll_adc_clk           0.289        0.000                      0                14693        0.056        0.000                      0                14693        2.750        0.000                       0                  4345  
  pll_dac_clk_1x        0.269        0.000                      0                   77        0.203        0.000                      0                   77        3.500        0.000                       0                    79  
  pll_dac_clk_2p                                                                                                                                                    1.845        0.000                       0                     3  
  pll_dac_clk_2x                                                                                                                                                    1.845        0.000                       0                     3  
  pll_pwm_clk          -0.284       -0.706                      4                  408        0.147        0.000                      0                  408        1.500        0.000                       0                   215  
clk_fpga_3              0.250        0.000                      0                 1718        0.055        0.000                      0                 1718        1.000        0.000                       0                   836  


------------------------------------------------------------------------------------------------
| Inter Clock Table
| -----------------
------------------------------------------------------------------------------------------------

From Clock      To Clock            WNS(ns)      TNS(ns)  TNS Failing Endpoints  TNS Total Endpoints      WHS(ns)      THS(ns)  THS Failing Endpoints  THS Total Endpoints  
----------      --------            -------      -------  ---------------------  -------------------      -------      -------  ---------------------  -------------------  
adc_clk         pll_adc_clk           5.940        0.000                      0                   28       -2.163      -58.853                     28                   28  
pll_adc_clk     pll_dac_clk_1x        3.155        0.000                      0                   28        0.170        0.000                      0                   28  
pll_adc_clk     pll_pwm_clk           0.559        0.000                      0                   96        0.159        0.000                      0                   96  


------------------------------------------------------------------------------------------------
| Other Path Groups Table
| -----------------------
------------------------------------------------------------------------------------------------

Path Group    From Clock    To Clock          WNS(ns)      TNS(ns)  TNS Failing Endpoints  TNS Total Endpoints      WHS(ns)      THS(ns)  THS Failing Endpoints  THS Total Endpoints  
----------    ----------    --------          -------      -------  ---------------------  -------------------      -------      -------  ---------------------  -------------------  


------------------------------------------------------------------------------------------------
| Timing Details
| --------------
------------------------------------------------------------------------------------------------


---------------------------------------------------------------------------------------------------
From Clock:  adc_clk
  To Clock:  adc_clk

Setup :           NA  Failing Endpoints,  Worst Slack           NA  ,  Total Violation           NA
Hold  :           NA  Failing Endpoints,  Worst Slack           NA  ,  Total Violation           NA
PW    :            0  Failing Endpoints,  Worst Slack        2.000ns,  Total Violation        0.000ns
---------------------------------------------------------------------------------------------------


Pulse Width Checks
--------------------------------------------------------------------------------------
Clock Name:         adc_clk
Waveform(ns):       { 0.000 4.000 }
Period(ns):         8.000
Sources:            { adc_clk_i[1] }

Check Type        Corner  Lib Pin           Reference Pin  Required(ns)  Actual(ns)  Slack(ns)  Location        Pin
Min Period        n/a     PLLE2_ADV/CLKIN1  n/a            1.249         8.000       6.751      PLLE2_ADV_X0Y0  pll/pll/CLKIN1
Max Period        n/a     PLLE2_ADV/CLKIN1  n/a            52.633        8.000       44.633     PLLE2_ADV_X0Y0  pll/pll/CLKIN1
Low Pulse Width   Fast    PLLE2_ADV/CLKIN1  n/a            2.000         4.000       2.000      PLLE2_ADV_X0Y0  pll/pll/CLKIN1
Low Pulse Width   Slow    PLLE2_ADV/CLKIN1  n/a            2.000         4.000       2.000      PLLE2_ADV_X0Y0  pll/pll/CLKIN1
High Pulse Width  Slow    PLLE2_ADV/CLKIN1  n/a            2.000         4.000       2.000      PLLE2_ADV_X0Y0  pll/pll/CLKIN1
High Pulse Width  Fast    PLLE2_ADV/CLKIN1  n/a            2.000         4.000       2.000      PLLE2_ADV_X0Y0  pll/pll/CLKIN1



---------------------------------------------------------------------------------------------------
From Clock:  clk_fb
  To Clock:  clk_fb

Setup :           NA  Failing Endpoints,  Worst Slack           NA  ,  Total Violation           NA
Hold  :           NA  Failing Endpoints,  Worst Slack           NA  ,  Total Violation           NA
PW    :            0  Failing Endpoints,  Worst Slack        6.751ns,  Total Violation        0.000ns
---------------------------------------------------------------------------------------------------


Pulse Width Checks
--------------------------------------------------------------------------------------
Clock Name:         clk_fb
Waveform(ns):       { 0.000 4.000 }
Period(ns):         8.000
Sources:            { pll/pll/CLKFBOUT }

Check Type  Corner  Lib Pin             Reference Pin  Required(ns)  Actual(ns)  Slack(ns)  Location        Pin
Min Period  n/a     PLLE2_ADV/CLKFBOUT  n/a            1.249         8.000       6.751      PLLE2_ADV_X0Y0  pll/pll/CLKFBOUT
Min Period  n/a     PLLE2_ADV/CLKFBIN   n/a            1.249         8.000       6.751      PLLE2_ADV_X0Y0  pll/pll/CLKFBIN
Max Period  n/a     PLLE2_ADV/CLKFBIN   n/a            52.633        8.000       44.633     PLLE2_ADV_X0Y0  pll/pll/CLKFBIN
Max Period  n/a     PLLE2_ADV/CLKFBOUT  n/a            160.000       8.000       152.000    PLLE2_ADV_X0Y0  pll/pll/CLKFBOUT



---------------------------------------------------------------------------------------------------
From Clock:  pll_adc_clk
  To Clock:  pll_adc_clk

Setup :            0  Failing Endpoints,  Worst Slack        0.289ns,  Total Violation        0.000ns
Hold  :            0  Failing Endpoints,  Worst Slack        0.056ns,  Total Violation        0.000ns
PW    :            0  Failing Endpoints,  Worst Slack        2.750ns,  Total Violation        0.000ns
---------------------------------------------------------------------------------------------------


Max Delay Paths
--------------------------------------------------------------------------------------
Slack (MET) :             0.289ns  (required time - arrival time)
  Source:                 i_asg/ch[1]/dac_o_reg[5]/C
                            (rising edge-triggered cell FDRE clocked by pll_adc_clk  {rise@0.000ns fall@4.000ns period=8.000ns})
  Destination:            i_scope/i_dfilt1_chb/bb_mult/B[7]
                            (rising edge-triggered cell DSP48E1 clocked by pll_adc_clk  {rise@0.000ns fall@4.000ns period=8.000ns})
  Path Group:             pll_adc_clk
  Path Type:              Setup (Max at Slow Process Corner)
  Requirement:            8.000ns  (pll_adc_clk rise@8.000ns - pll_adc_clk rise@0.000ns)
  Data Path Delay:        4.173ns  (logic 1.943ns (46.566%)  route 2.230ns (53.434%))
  Logic Levels:           5  (CARRY4=3 LUT2=1 LUT5=1)
  Clock Path Skew:        0.067ns (DCD - SCD + CPR)
    Destination Clock Delay (DCD):    5.470ns = ( 13.470 - 8.000 ) 
    Source Clock Delay      (SCD):    5.895ns
    Clock Pessimism Removal (CPR):    0.492ns
  Clock Uncertainty:      0.069ns  ((TSJ^2 + DJ^2)^1/2) / 2 + PE
    Total System Jitter     (TSJ):    0.071ns
    Discrete Jitter          (DJ):    0.118ns
    Phase Error              (PE):    0.000ns

    Location             Delay type                Incr(ns)  Path(ns)    Netlist Resource(s)
  -------------------------------------------------------------------    -------------------
                         (clock pll_adc_clk rise edge)
                                                      0.000     0.000 r  
    U18                                               0.000     0.000 r  adc_clk_i[1] (IN)
                         net (fo=0)                   0.000     0.000    adc_clk_i[1]
    U18                  IBUFDS (Prop_ibufds_I_O)     0.983     0.983 r  i_clk/O
                         net (fo=1, routed)           1.306     2.289    pll/adc_clk_in
    PLLE2_ADV_X0Y0       PLLE2_ADV (Prop_plle2_adv_CLKIN1_CLKOUT0)
                                                      0.089     2.378 r  pll/pll/CLKOUT0
                         net (fo=1, routed)           1.754     4.132    pll_adc_clk
    BUFGCTRL_X0Y0        BUFG (Prop_bufg_I_O)         0.101     4.233 r  bufg_adc_clk/O
                         net (fo=4352, routed)        1.662     5.895    i_asg/ch[1]/clk_i
    SLICE_X32Y19         FDRE                                         r  i_asg/ch[1]/dac_o_reg[5]/C
  -------------------------------------------------------------------    -------------------
    SLICE_X32Y19         FDRE (Prop_fdre_C_Q)         0.518     6.413 r  i_asg/ch[1]/dac_o_reg[5]/Q
                         net (fo=2, routed)           0.789     7.202    i_asg/ch[1]/asg_dat[1][5]
    SLICE_X33Y16         LUT2 (Prop_lut2_I0_O)        0.124     7.326 r  i_asg/ch[1]/r01_reg[25]_i_5/O
                         net (fo=1, routed)           0.000     7.326    i_asg/ch[1]/r01_reg[25]_i_5_n_0
    SLICE_X33Y16         CARRY4 (Prop_carry4_S[1]_CO[3])
                                                      0.550     7.876 r  i_asg/ch[1]/r01_reg_reg[25]_i_2/CO[3]
                         net (fo=1, routed)           0.000     7.876    i_asg/ch[1]/r01_reg_reg[25]_i_2_n_0
    SLICE_X33Y17         CARRY4 (Prop_carry4_CI_CO[3])
                                                      0.114     7.990 r  i_asg/ch[1]/r01_reg_reg[29]_i_2/CO[3]
                         net (fo=1, routed)           0.000     7.990    i_asg/ch[1]/r01_reg_reg[29]_i_2_n_0
    SLICE_X33Y18         CARRY4 (Prop_carry4_CI_O[1])
                                                      0.334     8.324 r  i_asg/ch[1]/r01_reg_reg[31]_i_2/O[1]
                         net (fo=26, routed)          0.709     9.033    i_hk/dac_o_reg[12]_1[1]
    SLICE_X34Y18         LUT5 (Prop_lut5_I1_O)        0.303     9.336 r  i_hk/r01_reg[25]_i_1__0/O
                         net (fo=8, routed)           0.732    10.068    i_scope/i_dfilt1_chb/adc_dat_raw_reg[1][13][7]
    DSP48_X1Y7           DSP48E1                                      r  i_scope/i_dfilt1_chb/bb_mult/B[7]
  -------------------------------------------------------------------    -------------------

                         (clock pll_adc_clk rise edge)
                                                      8.000     8.000 r  
    U18                                               0.000     8.000 r  adc_clk_i[1] (IN)
                         net (fo=0)                   0.000     8.000    adc_clk_i[1]
    U18                  IBUFDS (Prop_ibufds_I_O)     0.940     8.940 r  i_clk/O
                         net (fo=1, routed)           1.181    10.121    pll/adc_clk_in
    PLLE2_ADV_X0Y0       PLLE2_ADV (Prop_plle2_adv_CLKIN1_CLKOUT0)
                                                      0.084    10.205 r  pll/pll/CLKOUT0
                         net (fo=1, routed)           1.594    11.799    pll_adc_clk
    BUFGCTRL_X0Y0        BUFG (Prop_bufg_I_O)         0.091    11.890 r  bufg_adc_clk/O
                         net (fo=4352, routed)        1.580    13.470    i_scope/i_dfilt1_chb/clk_i
    DSP48_X1Y7           DSP48E1                                      r  i_scope/i_dfilt1_chb/bb_mult/CLK
                         clock pessimism              0.492    13.962    
                         clock uncertainty           -0.069    13.893    
    DSP48_X1Y7           DSP48E1 (Setup_dsp48e1_CLK_B[7])
                                                     -3.536    10.357    i_scope/i_dfilt1_chb/bb_mult
  -------------------------------------------------------------------
                         required time                         10.357    
                         arrival time                         -10.068    
  -------------------------------------------------------------------
                         slack                                  0.289    

Slack (MET) :             0.326ns  (required time - arrival time)
  Source:                 i_pid/out_1_sat_reg[3]/C
                            (rising edge-triggered cell FDRE clocked by pll_adc_clk  {rise@0.000ns fall@4.000ns period=8.000ns})
  Destination:            i_scope/i_dfilt1_cha/bb_mult/B[6]
                            (rising edge-triggered cell DSP48E1 clocked by pll_adc_clk  {rise@0.000ns fall@4.000ns period=8.000ns})
  Path Group:             pll_adc_clk
  Path Type:              Setup (Max at Slow Process Corner)
  Requirement:            8.000ns  (pll_adc_clk rise@8.000ns - pll_adc_clk rise@0.000ns)
  Data Path Delay:        4.027ns  (logic 1.522ns (37.796%)  route 2.505ns (62.204%))
  Logic Levels:           4  (CARRY4=2 LUT2=1 LUT5=1)
  Clock Path Skew:        -0.042ns (DCD - SCD + CPR)
    Destination Clock Delay (DCD):    5.473ns = ( 13.473 - 8.000 ) 
    Source Clock Delay      (SCD):    5.973ns
    Clock Pessimism Removal (CPR):    0.458ns
  Clock Uncertainty:      0.069ns  ((TSJ^2 + DJ^2)^1/2) / 2 + PE
    Total System Jitter     (TSJ):    0.071ns
    Discrete Jitter          (DJ):    0.118ns
    Phase Error              (PE):    0.000ns

    Location             Delay type                Incr(ns)  Path(ns)    Netlist Resource(s)
  -------------------------------------------------------------------    -------------------
                         (clock pll_adc_clk rise edge)
                                                      0.000     0.000 r  
    U18                                               0.000     0.000 r  adc_clk_i[1] (IN)
                         net (fo=0)                   0.000     0.000    adc_clk_i[1]
    U18                  IBUFDS (Prop_ibufds_I_O)     0.983     0.983 r  i_clk/O
                         net (fo=1, routed)           1.306     2.289    pll/adc_clk_in
    PLLE2_ADV_X0Y0       PLLE2_ADV (Prop_plle2_adv_CLKIN1_CLKOUT0)
                                                      0.089     2.378 r  pll/pll/CLKOUT0
                         net (fo=1, routed)           1.754     4.132    pll_adc_clk
    BUFGCTRL_X0Y0        BUFG (Prop_bufg_I_O)         0.101     4.233 r  bufg_adc_clk/O
                         net (fo=4352, routed)        1.740     5.973    i_pid/clk_i
    SLICE_X36Y30         FDRE                                         r  i_pid/out_1_sat_reg[3]/C
  -------------------------------------------------------------------    -------------------
    SLICE_X36Y30         FDRE (Prop_fdre_C_Q)         0.456     6.429 r  i_pid/out_1_sat_reg[3]/Q
                         net (fo=1, routed)           0.628     7.057    i_asg/ch[0]/pid_dat[0][3]
    SLICE_X35Y30         LUT2 (Prop_lut2_I1_O)        0.124     7.181 r  i_asg/ch[0]/r01_reg[21]_i_3__0/O
                         net (fo=1, routed)           0.000     7.181    i_asg/ch[0]/r01_reg[21]_i_3__0_n_0
    SLICE_X35Y30         CARRY4 (Prop_carry4_S[3]_CO[3])
                                                      0.401     7.582 r  i_asg/ch[0]/r01_reg_reg[21]_i_2__0/CO[3]
                         net (fo=1, routed)           0.000     7.582    i_asg/ch[0]/r01_reg_reg[21]_i_2__0_n_0
    SLICE_X35Y31         CARRY4 (Prop_carry4_CI_O[2])
                                                      0.239     7.821 r  i_asg/ch[0]/r01_reg_reg[25]_i_2__0/O[2]
                         net (fo=2, routed)           1.047     8.868    i_hk/dac_o_reg[7][2]
    SLICE_X36Y33         LUT5 (Prop_lut5_I0_O)        0.302     9.170 r  i_hk/r01_reg[24]_i_1/O
                         net (fo=8, routed)           0.830    10.000    i_scope/i_dfilt1_cha/A[6]
    DSP48_X1Y13          DSP48E1                                      r  i_scope/i_dfilt1_cha/bb_mult/B[6]
  -------------------------------------------------------------------    -------------------

                         (clock pll_adc_clk rise edge)
                                                      8.000     8.000 r  
    U18                                               0.000     8.000 r  adc_clk_i[1] (IN)
                         net (fo=0)                   0.000     8.000    adc_clk_i[1]
    U18                  IBUFDS (Prop_ibufds_I_O)     0.940     8.940 r  i_clk/O
                         net (fo=1, routed)           1.181    10.121    pll/adc_clk_in
    PLLE2_ADV_X0Y0       PLLE2_ADV (Prop_plle2_adv_CLKIN1_CLKOUT0)
                                                      0.084    10.205 r  pll/pll/CLKOUT0
                         net (fo=1, routed)           1.594    11.799    pll_adc_clk
    BUFGCTRL_X0Y0        BUFG (Prop_bufg_I_O)         0.091    11.890 r  bufg_adc_clk/O
                         net (fo=4352, routed)        1.583    13.473    i_scope/i_dfilt1_cha/clk_i
    DSP48_X1Y13          DSP48E1                                      r  i_scope/i_dfilt1_cha/bb_mult/CLK
                         clock pessimism              0.458    13.931    
                         clock uncertainty           -0.069    13.862    
    DSP48_X1Y13          DSP48E1 (Setup_dsp48e1_CLK_B[6])
                                                     -3.536    10.326    i_scope/i_dfilt1_cha/bb_mult
  -------------------------------------------------------------------
                         required time                         10.326    
                         arrival time                         -10.000    
  -------------------------------------------------------------------
                         slack                                  0.326    

Slack (MET) :             0.370ns  (required time - arrival time)
  Source:                 i_asg/ch[1]/dac_o_reg[5]/C
                            (rising edge-triggered cell FDRE clocked by pll_adc_clk  {rise@0.000ns fall@4.000ns period=8.000ns})
  Destination:            i_scope/i_dfilt1_chb/bb_mult/B[5]
                            (rising edge-triggered cell DSP48E1 clocked by pll_adc_clk  {rise@0.000ns fall@4.000ns period=8.000ns})
  Path Group:             pll_adc_clk
  Path Type:              Setup (Max at Slow Process Corner)
  Requirement:            8.000ns  (pll_adc_clk rise@8.000ns - pll_adc_clk rise@0.000ns)
  Data Path Delay:        4.091ns  (logic 1.943ns (47.492%)  route 2.148ns (52.508%))
  Logic Levels:           5  (CARRY4=3 LUT2=1 LUT5=1)
  Clock Path Skew:        0.067ns (DCD - SCD + CPR)
    Destination Clock Delay (DCD):    5.470ns = ( 13.470 - 8.000 ) 
    Source Clock Delay      (SCD):    5.895ns
    Clock Pessimism Removal (CPR):    0.492ns
  Clock Uncertainty:      0.069ns  ((TSJ^2 + DJ^2)^1/2) / 2 + PE
    Total System Jitter     (TSJ):    0.071ns
    Discrete Jitter          (DJ):    0.118ns
    Phase Error              (PE):    0.000ns

    Location             Delay type                Incr(ns)  Path(ns)    Netlist Resource(s)
  -------------------------------------------------------------------    -------------------
                         (clock pll_adc_clk rise edge)
                                                      0.000     0.000 r  
    U18                                               0.000     0.000 r  adc_clk_i[1] (IN)
                         net (fo=0)                   0.000     0.000    adc_clk_i[1]
    U18                  IBUFDS (Prop_ibufds_I_O)     0.983     0.983 r  i_clk/O
                         net (fo=1, routed)           1.306     2.289    pll/adc_clk_in
    PLLE2_ADV_X0Y0       PLLE2_ADV (Prop_plle2_adv_CLKIN1_CLKOUT0)
                                                      0.089     2.378 r  pll/pll/CLKOUT0
                         net (fo=1, routed)           1.754     4.132    pll_adc_clk
    BUFGCTRL_X0Y0        BUFG (Prop_bufg_I_O)         0.101     4.233 r  bufg_adc_clk/O
                         net (fo=4352, routed)        1.662     5.895    i_asg/ch[1]/clk_i
    SLICE_X32Y19         FDRE                                         r  i_asg/ch[1]/dac_o_reg[5]/C
  -------------------------------------------------------------------    -------------------
    SLICE_X32Y19         FDRE (Prop_fdre_C_Q)         0.518     6.413 r  i_asg/ch[1]/dac_o_reg[5]/Q
                         net (fo=2, routed)           0.789     7.202    i_asg/ch[1]/asg_dat[1][5]
    SLICE_X33Y16         LUT2 (Prop_lut2_I0_O)        0.124     7.326 r  i_asg/ch[1]/r01_reg[25]_i_5/O
                         net (fo=1, routed)           0.000     7.326    i_asg/ch[1]/r01_reg[25]_i_5_n_0
    SLICE_X33Y16         CARRY4 (Prop_carry4_S[1]_CO[3])
                                                      0.550     7.876 r  i_asg/ch[1]/r01_reg_reg[25]_i_2/CO[3]
                         net (fo=1, routed)           0.000     7.876    i_asg/ch[1]/r01_reg_reg[25]_i_2_n_0
    SLICE_X33Y17         CARRY4 (Prop_carry4_CI_CO[3])
                                                      0.114     7.990 r  i_asg/ch[1]/r01_reg_reg[29]_i_2/CO[3]
                         net (fo=1, routed)           0.000     7.990    i_asg/ch[1]/r01_reg_reg[29]_i_2_n_0
    SLICE_X33Y18         CARRY4 (Prop_carry4_CI_O[1])
                                                      0.334     8.324 r  i_asg/ch[1]/r01_reg_reg[31]_i_2/O[1]
                         net (fo=26, routed)          0.607     8.931    i_hk/dac_o_reg[12]_1[1]
    SLICE_X33Y19         LUT5 (Prop_lut5_I1_O)        0.303     9.234 r  i_hk/r01_reg[23]_i_1__0/O
                         net (fo=8, routed)           0.752     9.986    i_scope/i_dfilt1_chb/adc_dat_raw_reg[1][13][5]
    DSP48_X1Y7           DSP48E1                                      r  i_scope/i_dfilt1_chb/bb_mult/B[5]
  -------------------------------------------------------------------    -------------------

                         (clock pll_adc_clk rise edge)
                                                      8.000     8.000 r  
    U18                                               0.000     8.000 r  adc_clk_i[1] (IN)
                         net (fo=0)                   0.000     8.000    adc_clk_i[1]
    U18                  IBUFDS (Prop_ibufds_I_O)     0.940     8.940 r  i_clk/O
                         net (fo=1, routed)           1.181    10.121    pll/adc_clk_in
    PLLE2_ADV_X0Y0       PLLE2_ADV (Prop_plle2_adv_CLKIN1_CLKOUT0)
                                                      0.084    10.205 r  pll/pll/CLKOUT0
                         net (fo=1, routed)           1.594    11.799    pll_adc_clk
    BUFGCTRL_X0Y0        BUFG (Prop_bufg_I_O)         0.091    11.890 r  bufg_adc_clk/O
                         net (fo=4352, routed)        1.580    13.470    i_scope/i_dfilt1_chb/clk_i
    DSP48_X1Y7           DSP48E1                                      r  i_scope/i_dfilt1_chb/bb_mult/CLK
                         clock pessimism              0.492    13.962    
                         clock uncertainty           -0.069    13.893    
    DSP48_X1Y7           DSP48E1 (Setup_dsp48e1_CLK_B[5])
                                                     -3.536    10.357    i_scope/i_dfilt1_chb/bb_mult
  -------------------------------------------------------------------
                         required time                         10.357    
                         arrival time                          -9.986    
  -------------------------------------------------------------------
                         slack                                  0.370    

Slack (MET) :             0.376ns  (required time - arrival time)
  Source:                 ps/axi_slave_gp0/wr_wdata_reg[1]/C
                            (rising edge-triggered cell FDRE clocked by pll_adc_clk  {rise@0.000ns fall@4.000ns period=8.000ns})
  Destination:            i_scope/adc_trig_sw_reg/D
                            (rising edge-triggered cell FDRE clocked by pll_adc_clk  {rise@0.000ns fall@4.000ns period=8.000ns})
  Path Group:             pll_adc_clk
  Path Type:              Setup (Max at Slow Process Corner)
  Requirement:            8.000ns  (pll_adc_clk rise@8.000ns - pll_adc_clk rise@0.000ns)
  Data Path Delay:        7.363ns  (logic 0.642ns (8.719%)  route 6.721ns (91.281%))
  Logic Levels:           1  (LUT5=1)
  Clock Path Skew:        -0.221ns (DCD - SCD + CPR)
    Destination Clock Delay (DCD):    5.382ns = ( 13.382 - 8.000 ) 
    Source Clock Delay      (SCD):    5.960ns
    Clock Pessimism Removal (CPR):    0.357ns
  Clock Uncertainty:      0.069ns  ((TSJ^2 + DJ^2)^1/2) / 2 + PE
    Total System Jitter     (TSJ):    0.071ns
    Discrete Jitter          (DJ):    0.118ns
    Phase Error              (PE):    0.000ns

    Location             Delay type                Incr(ns)  Path(ns)    Netlist Resource(s)
  -------------------------------------------------------------------    -------------------
                         (clock pll_adc_clk rise edge)
                                                      0.000     0.000 r  
    U18                                               0.000     0.000 r  adc_clk_i[1] (IN)
                         net (fo=0)                   0.000     0.000    adc_clk_i[1]
    U18                  IBUFDS (Prop_ibufds_I_O)     0.983     0.983 r  i_clk/O
                         net (fo=1, routed)           1.306     2.289    pll/adc_clk_in
    PLLE2_ADV_X0Y0       PLLE2_ADV (Prop_plle2_adv_CLKIN1_CLKOUT0)
                                                      0.089     2.378 r  pll/pll/CLKOUT0
                         net (fo=1, routed)           1.754     4.132    pll_adc_clk
    BUFGCTRL_X0Y0        BUFG (Prop_bufg_I_O)         0.101     4.233 r  bufg_adc_clk/O
                         net (fo=4352, routed)        1.727     5.960    ps/axi_slave_gp0/clk_i
    SLICE_X4Y42          FDRE                                         r  ps/axi_slave_gp0/wr_wdata_reg[1]/C
  -------------------------------------------------------------------    -------------------
    SLICE_X4Y42          FDRE (Prop_fdre_C_Q)         0.518     6.478 f  ps/axi_slave_gp0/wr_wdata_reg[1]/Q
                         net (fo=91, routed)          6.721    13.199    ps/axi_slave_gp0/Q[1]
    SLICE_X26Y16         LUT5 (Prop_lut5_I2_O)        0.124    13.323 r  ps/axi_slave_gp0/adc_trig_sw_i_1/O
                         net (fo=1, routed)           0.000    13.323    i_scope/adc_trig_sw0
    SLICE_X26Y16         FDRE                                         r  i_scope/adc_trig_sw_reg/D
  -------------------------------------------------------------------    -------------------

                         (clock pll_adc_clk rise edge)
                                                      8.000     8.000 r  
    U18                                               0.000     8.000 r  adc_clk_i[1] (IN)
                         net (fo=0)                   0.000     8.000    adc_clk_i[1]
    U18                  IBUFDS (Prop_ibufds_I_O)     0.940     8.940 r  i_clk/O
                         net (fo=1, routed)           1.181    10.121    pll/adc_clk_in
    PLLE2_ADV_X0Y0       PLLE2_ADV (Prop_plle2_adv_CLKIN1_CLKOUT0)
                                                      0.084    10.205 r  pll/pll/CLKOUT0
                         net (fo=1, routed)           1.594    11.799    pll_adc_clk
    BUFGCTRL_X0Y0        BUFG (Prop_bufg_I_O)         0.091    11.890 r  bufg_adc_clk/O
                         net (fo=4352, routed)        1.492    13.382    i_scope/clk_i
    SLICE_X26Y16         FDRE                                         r  i_scope/adc_trig_sw_reg/C
                         clock pessimism              0.357    13.740    
                         clock uncertainty           -0.069    13.671    
    SLICE_X26Y16         FDRE (Setup_fdre_C_D)        0.029    13.700    i_scope/adc_trig_sw_reg
  -------------------------------------------------------------------
                         required time                         13.700    
                         arrival time                         -13.323    
  -------------------------------------------------------------------
                         slack                                  0.376    

Slack (MET) :             0.390ns  (required time - arrival time)
  Source:                 i_asg/ch[0]/dac_o_reg[5]/C
                            (rising edge-triggered cell FDRE clocked by pll_adc_clk  {rise@0.000ns fall@4.000ns period=8.000ns})
  Destination:            i_scope/i_dfilt1_cha/bb_mult/B[2]
                            (rising edge-triggered cell DSP48E1 clocked by pll_adc_clk  {rise@0.000ns fall@4.000ns period=8.000ns})
  Path Group:             pll_adc_clk
  Path Type:              Setup (Max at Slow Process Corner)
  Requirement:            8.000ns  (pll_adc_clk rise@8.000ns - pll_adc_clk rise@0.000ns)
  Data Path Delay:        3.962ns  (logic 1.881ns (47.476%)  route 2.081ns (52.524%))
  Logic Levels:           5  (CARRY4=3 LUT2=1 LUT5=1)
  Clock Path Skew:        -0.043ns (DCD - SCD + CPR)
    Destination Clock Delay (DCD):    5.473ns = ( 13.473 - 8.000 ) 
    Source Clock Delay      (SCD):    5.974ns
    Clock Pessimism Removal (CPR):    0.458ns
  Clock Uncertainty:      0.069ns  ((TSJ^2 + DJ^2)^1/2) / 2 + PE
    Total System Jitter     (TSJ):    0.071ns
    Discrete Jitter          (DJ):    0.118ns
    Phase Error              (PE):    0.000ns

    Location             Delay type                Incr(ns)  Path(ns)    Netlist Resource(s)
  -------------------------------------------------------------------    -------------------
                         (clock pll_adc_clk rise edge)
                                                      0.000     0.000 r  
    U18                                               0.000     0.000 r  adc_clk_i[1] (IN)
                         net (fo=0)                   0.000     0.000    adc_clk_i[1]
    U18                  IBUFDS (Prop_ibufds_I_O)     0.983     0.983 r  i_clk/O
                         net (fo=1, routed)           1.306     2.289    pll/adc_clk_in
    PLLE2_ADV_X0Y0       PLLE2_ADV (Prop_plle2_adv_CLKIN1_CLKOUT0)
                                                      0.089     2.378 r  pll/pll/CLKOUT0
                         net (fo=1, routed)           1.754     4.132    pll_adc_clk
    BUFGCTRL_X0Y0        BUFG (Prop_bufg_I_O)         0.101     4.233 r  bufg_adc_clk/O
                         net (fo=4352, routed)        1.741     5.974    i_asg/ch[0]/clk_i
    SLICE_X36Y31         FDRE                                         r  i_asg/ch[0]/dac_o_reg[5]/C
  -------------------------------------------------------------------    -------------------
    SLICE_X36Y31         FDRE (Prop_fdre_C_Q)         0.456     6.430 r  i_asg/ch[0]/dac_o_reg[5]/Q
                         net (fo=2, routed)           0.643     7.073    i_asg/ch[0]/asg_dat[0][5]
    SLICE_X35Y31         LUT2 (Prop_lut2_I0_O)        0.124     7.197 r  i_asg/ch[0]/r01_reg[25]_i_5__0/O
                         net (fo=1, routed)           0.000     7.197    i_asg/ch[0]/r01_reg[25]_i_5__0_n_0
    SLICE_X35Y31         CARRY4 (Prop_carry4_S[1]_CO[3])
                                                      0.550     7.747 r  i_asg/ch[0]/r01_reg_reg[25]_i_2__0/CO[3]
                         net (fo=1, routed)           0.000     7.747    i_asg/ch[0]/r01_reg_reg[25]_i_2__0_n_0
    SLICE_X35Y32         CARRY4 (Prop_carry4_CI_CO[3])
                                                      0.114     7.861 r  i_asg/ch[0]/r01_reg_reg[29]_i_2__0/CO[3]
                         net (fo=1, routed)           0.000     7.861    i_asg/ch[0]/r01_reg_reg[29]_i_2__0_n_0
    SLICE_X35Y33         CARRY4 (Prop_carry4_CI_O[1])
                                                      0.334     8.195 r  i_asg/ch[0]/r01_reg_reg[31]_i_2__0/O[1]
                         net (fo=26, routed)          0.582     8.777    i_hk/dac_o_reg[12][1]
    SLICE_X35Y34         LUT5 (Prop_lut5_I1_O)        0.303     9.080 r  i_hk/r01_reg[20]_i_1/O
                         net (fo=8, routed)           0.856     9.936    i_scope/i_dfilt1_cha/A[2]
    DSP48_X1Y13          DSP48E1                                      r  i_scope/i_dfilt1_cha/bb_mult/B[2]
  -------------------------------------------------------------------    -------------------

                         (clock pll_adc_clk rise edge)
                                                      8.000     8.000 r  
    U18                                               0.000     8.000 r  adc_clk_i[1] (IN)
                         net (fo=0)                   0.000     8.000    adc_clk_i[1]
    U18                  IBUFDS (Prop_ibufds_I_O)     0.940     8.940 r  i_clk/O
                         net (fo=1, routed)           1.181    10.121    pll/adc_clk_in
    PLLE2_ADV_X0Y0       PLLE2_ADV (Prop_plle2_adv_CLKIN1_CLKOUT0)
                                                      0.084    10.205 r  pll/pll/CLKOUT0
                         net (fo=1, routed)           1.594    11.799    pll_adc_clk
    BUFGCTRL_X0Y0        BUFG (Prop_bufg_I_O)         0.091    11.890 r  bufg_adc_clk/O
                         net (fo=4352, routed)        1.583    13.473    i_scope/i_dfilt1_cha/clk_i
    DSP48_X1Y13          DSP48E1                                      r  i_scope/i_dfilt1_cha/bb_mult/CLK
                         clock pessimism              0.458    13.931    
                         clock uncertainty           -0.069    13.862    
    DSP48_X1Y13          DSP48E1 (Setup_dsp48e1_CLK_B[2])
                                                     -3.536    10.326    i_scope/i_dfilt1_cha/bb_mult
  -------------------------------------------------------------------
                         required time                         10.326    
                         arrival time                          -9.936    
  -------------------------------------------------------------------
                         slack                                  0.390    

Slack (MET) :             0.398ns  (required time - arrival time)
  Source:                 i_scope/i_dfilt1_chb/r3_sum/CLK
                            (rising edge-triggered cell DSP48E1 clocked by pll_adc_clk  {rise@0.000ns fall@4.000ns period=8.000ns})
  Destination:            i_scope/i_dfilt1_chb/r3_reg_reg[22]/D
                            (rising edge-triggered cell FDRE clocked by pll_adc_clk  {rise@0.000ns fall@4.000ns period=8.000ns})
  Path Group:             pll_adc_clk
  Path Type:              Setup (Max at Slow Process Corner)
  Requirement:            8.000ns  (pll_adc_clk rise@8.000ns - pll_adc_clk rise@0.000ns)
  Data Path Delay:        7.282ns  (logic 5.724ns (78.602%)  route 1.558ns (21.398%))
  Logic Levels:           1  (DSP48E1=1)
  Clock Path Skew:        -0.146ns (DCD - SCD + CPR)
    Destination Clock Delay (DCD):    5.397ns = ( 13.397 - 8.000 ) 
    Source Clock Delay      (SCD):    6.001ns
    Clock Pessimism Removal (CPR):    0.458ns
  Clock Uncertainty:      0.069ns  ((TSJ^2 + DJ^2)^1/2) / 2 + PE
    Total System Jitter     (TSJ):    0.071ns
    Discrete Jitter          (DJ):    0.118ns
    Phase Error              (PE):    0.000ns

    Location             Delay type                Incr(ns)  Path(ns)    Netlist Resource(s)
  -------------------------------------------------------------------    -------------------
                         (clock pll_adc_clk rise edge)
                                                      0.000     0.000 r  
    U18                                               0.000     0.000 r  adc_clk_i[1] (IN)
                         net (fo=0)                   0.000     0.000    adc_clk_i[1]
    U18                  IBUFDS (Prop_ibufds_I_O)     0.983     0.983 r  i_clk/O
                         net (fo=1, routed)           1.306     2.289    pll/adc_clk_in
    PLLE2_ADV_X0Y0       PLLE2_ADV (Prop_plle2_adv_CLKIN1_CLKOUT0)
                                                      0.089     2.378 r  pll/pll/CLKOUT0
                         net (fo=1, routed)           1.754     4.132    pll_adc_clk
    BUFGCTRL_X0Y0        BUFG (Prop_bufg_I_O)         0.101     4.233 r  bufg_adc_clk/O
                         net (fo=4352, routed)        1.768     6.001    i_scope/i_dfilt1_chb/clk_i
    DSP48_X0Y4           DSP48E1                                      r  i_scope/i_dfilt1_chb/r3_sum/CLK
  -------------------------------------------------------------------    -------------------
    DSP48_X0Y4           DSP48E1 (Prop_dsp48e1_CLK_PCOUT[47])
                                                      4.206    10.207 r  i_scope/i_dfilt1_chb/r3_sum/PCOUT[47]
                         net (fo=1, routed)           0.002    10.209    i_scope/i_dfilt1_chb/r3_sum_n_106
    DSP48_X0Y5           DSP48E1 (Prop_dsp48e1_PCIN[47]_P[47])
                                                      1.518    11.727 r  i_scope/i_dfilt1_chb/r3_sum__0/P[47]
                         net (fo=10, routed)          1.556    13.283    i_scope/i_dfilt1_chb/A[29]
    SLICE_X11Y4          FDRE                                         r  i_scope/i_dfilt1_chb/r3_reg_reg[22]/D
  -------------------------------------------------------------------    -------------------

                         (clock pll_adc_clk rise edge)
                                                      8.000     8.000 r  
    U18                                               0.000     8.000 r  adc_clk_i[1] (IN)
                         net (fo=0)                   0.000     8.000    adc_clk_i[1]
    U18                  IBUFDS (Prop_ibufds_I_O)     0.940     8.940 r  i_clk/O
                         net (fo=1, routed)           1.181    10.121    pll/adc_clk_in
    PLLE2_ADV_X0Y0       PLLE2_ADV (Prop_plle2_adv_CLKIN1_CLKOUT0)
                                                      0.084    10.205 r  pll/pll/CLKOUT0
                         net (fo=1, routed)           1.594    11.799    pll_adc_clk
    BUFGCTRL_X0Y0        BUFG (Prop_bufg_I_O)         0.091    11.890 r  bufg_adc_clk/O
                         net (fo=4352, routed)        1.507    13.397    i_scope/i_dfilt1_chb/clk_i
    SLICE_X11Y4          FDRE                                         r  i_scope/i_dfilt1_chb/r3_reg_reg[22]/C
                         clock pessimism              0.458    13.855    
                         clock uncertainty           -0.069    13.786    
    SLICE_X11Y4          FDRE (Setup_fdre_C_D)       -0.105    13.681    i_scope/i_dfilt1_chb/r3_reg_reg[22]
  -------------------------------------------------------------------
                         required time                         13.681    
                         arrival time                         -13.283    
  -------------------------------------------------------------------
                         slack                                  0.398    

Slack (MET) :             0.419ns  (required time - arrival time)
  Source:                 i_asg/ch[0]/dac_o_reg[5]/C
                            (rising edge-triggered cell FDRE clocked by pll_adc_clk  {rise@0.000ns fall@4.000ns period=8.000ns})
  Destination:            i_scope/i_dfilt1_cha/bb_mult/B[11]
                            (rising edge-triggered cell DSP48E1 clocked by pll_adc_clk  {rise@0.000ns fall@4.000ns period=8.000ns})
  Path Group:             pll_adc_clk
  Path Type:              Setup (Max at Slow Process Corner)
  Requirement:            8.000ns  (pll_adc_clk rise@8.000ns - pll_adc_clk rise@0.000ns)
  Data Path Delay:        3.933ns  (logic 1.749ns (44.470%)  route 2.184ns (55.530%))
  Logic Levels:           4  (CARRY4=2 LUT2=1 LUT5=1)
  Clock Path Skew:        -0.043ns (DCD - SCD + CPR)
    Destination Clock Delay (DCD):    5.473ns = ( 13.473 - 8.000 ) 
    Source Clock Delay      (SCD):    5.974ns
    Clock Pessimism Removal (CPR):    0.458ns
  Clock Uncertainty:      0.069ns  ((TSJ^2 + DJ^2)^1/2) / 2 + PE
    Total System Jitter     (TSJ):    0.071ns
    Discrete Jitter          (DJ):    0.118ns
    Phase Error              (PE):    0.000ns

    Location             Delay type                Incr(ns)  Path(ns)    Netlist Resource(s)
  -------------------------------------------------------------------    -------------------
                         (clock pll_adc_clk rise edge)
                                                      0.000     0.000 r  
    U18                                               0.000     0.000 r  adc_clk_i[1] (IN)
                         net (fo=0)                   0.000     0.000    adc_clk_i[1]
    U18                  IBUFDS (Prop_ibufds_I_O)     0.983     0.983 r  i_clk/O
                         net (fo=1, routed)           1.306     2.289    pll/adc_clk_in
    PLLE2_ADV_X0Y0       PLLE2_ADV (Prop_plle2_adv_CLKIN1_CLKOUT0)
                                                      0.089     2.378 r  pll/pll/CLKOUT0
                         net (fo=1, routed)           1.754     4.132    pll_adc_clk
    BUFGCTRL_X0Y0        BUFG (Prop_bufg_I_O)         0.101     4.233 r  bufg_adc_clk/O
                         net (fo=4352, routed)        1.741     5.974    i_asg/ch[0]/clk_i
    SLICE_X36Y31         FDRE                                         r  i_asg/ch[0]/dac_o_reg[5]/C
  -------------------------------------------------------------------    -------------------
    SLICE_X36Y31         FDRE (Prop_fdre_C_Q)         0.456     6.430 r  i_asg/ch[0]/dac_o_reg[5]/Q
                         net (fo=2, routed)           0.643     7.073    i_asg/ch[0]/asg_dat[0][5]
    SLICE_X35Y31         LUT2 (Prop_lut2_I0_O)        0.124     7.197 r  i_asg/ch[0]/r01_reg[25]_i_5__0/O
                         net (fo=1, routed)           0.000     7.197    i_asg/ch[0]/r01_reg[25]_i_5__0_n_0
    SLICE_X35Y31         CARRY4 (Prop_carry4_S[1]_CO[3])
                                                      0.550     7.747 r  i_asg/ch[0]/r01_reg_reg[25]_i_2__0/CO[3]
                         net (fo=1, routed)           0.000     7.747    i_asg/ch[0]/r01_reg_reg[25]_i_2__0_n_0
    SLICE_X35Y32         CARRY4 (Prop_carry4_CI_O[3])
                                                      0.313     8.060 r  i_asg/ch[0]/r01_reg_reg[29]_i_2__0/O[3]
                         net (fo=2, routed)           0.804     8.864    i_hk/dac_o_reg[11][3]
    SLICE_X35Y34         LUT5 (Prop_lut5_I0_O)        0.306     9.170 r  i_hk/r01_reg[29]_i_1/O
                         net (fo=8, routed)           0.737     9.907    i_scope/i_dfilt1_cha/A[11]
    DSP48_X1Y13          DSP48E1                                      r  i_scope/i_dfilt1_cha/bb_mult/B[11]
  -------------------------------------------------------------------    -------------------

                         (clock pll_adc_clk rise edge)
                                                      8.000     8.000 r  
    U18                                               0.000     8.000 r  adc_clk_i[1] (IN)
                         net (fo=0)                   0.000     8.000    adc_clk_i[1]
    U18                  IBUFDS (Prop_ibufds_I_O)     0.940     8.940 r  i_clk/O
                         net (fo=1, routed)           1.181    10.121    pll/adc_clk_in
    PLLE2_ADV_X0Y0       PLLE2_ADV (Prop_plle2_adv_CLKIN1_CLKOUT0)
                                                      0.084    10.205 r  pll/pll/CLKOUT0
                         net (fo=1, routed)           1.594    11.799    pll_adc_clk
    BUFGCTRL_X0Y0        BUFG (Prop_bufg_I_O)         0.091    11.890 r  bufg_adc_clk/O
                         net (fo=4352, routed)        1.583    13.473    i_scope/i_dfilt1_cha/clk_i
    DSP48_X1Y13          DSP48E1                                      r  i_scope/i_dfilt1_cha/bb_mult/CLK
                         clock pessimism              0.458    13.931    
                         clock uncertainty           -0.069    13.862    
    DSP48_X1Y13          DSP48E1 (Setup_dsp48e1_CLK_B[11])
                                                     -3.536    10.326    i_scope/i_dfilt1_cha/bb_mult
  -------------------------------------------------------------------
                         required time                         10.326    
                         arrival time                          -9.907    
  -------------------------------------------------------------------
                         slack                                  0.419    

Slack (MET) :             0.424ns  (required time - arrival time)
  Source:                 i_asg/ch[1]/dac_o_reg[5]/C
                            (rising edge-triggered cell FDRE clocked by pll_adc_clk  {rise@0.000ns fall@4.000ns period=8.000ns})
  Destination:            i_scope/i_dfilt1_chb/bb_mult/B[9]
                            (rising edge-triggered cell DSP48E1 clocked by pll_adc_clk  {rise@0.000ns fall@4.000ns period=8.000ns})
  Path Group:             pll_adc_clk
  Path Type:              Setup (Max at Slow Process Corner)
  Requirement:            8.000ns  (pll_adc_clk rise@8.000ns - pll_adc_clk rise@0.000ns)
  Data Path Delay:        4.038ns  (logic 1.829ns (45.295%)  route 2.209ns (54.705%))
  Logic Levels:           4  (CARRY4=2 LUT2=1 LUT5=1)
  Clock Path Skew:        0.067ns (DCD - SCD + CPR)
    Destination Clock Delay (DCD):    5.470ns = ( 13.470 - 8.000 ) 
    Source Clock Delay      (SCD):    5.895ns
    Clock Pessimism Removal (CPR):    0.492ns
  Clock Uncertainty:      0.069ns  ((TSJ^2 + DJ^2)^1/2) / 2 + PE
    Total System Jitter     (TSJ):    0.071ns
    Discrete Jitter          (DJ):    0.118ns
    Phase Error              (PE):    0.000ns

    Location             Delay type                Incr(ns)  Path(ns)    Netlist Resource(s)
  -------------------------------------------------------------------    -------------------
                         (clock pll_adc_clk rise edge)
                                                      0.000     0.000 r  
    U18                                               0.000     0.000 r  adc_clk_i[1] (IN)
                         net (fo=0)                   0.000     0.000    adc_clk_i[1]
    U18                  IBUFDS (Prop_ibufds_I_O)     0.983     0.983 r  i_clk/O
                         net (fo=1, routed)           1.306     2.289    pll/adc_clk_in
    PLLE2_ADV_X0Y0       PLLE2_ADV (Prop_plle2_adv_CLKIN1_CLKOUT0)
                                                      0.089     2.378 r  pll/pll/CLKOUT0
                         net (fo=1, routed)           1.754     4.132    pll_adc_clk
    BUFGCTRL_X0Y0        BUFG (Prop_bufg_I_O)         0.101     4.233 r  bufg_adc_clk/O
                         net (fo=4352, routed)        1.662     5.895    i_asg/ch[1]/clk_i
    SLICE_X32Y19         FDRE                                         r  i_asg/ch[1]/dac_o_reg[5]/C
  -------------------------------------------------------------------    -------------------
    SLICE_X32Y19         FDRE (Prop_fdre_C_Q)         0.518     6.413 r  i_asg/ch[1]/dac_o_reg[5]/Q
                         net (fo=2, routed)           0.789     7.202    i_asg/ch[1]/asg_dat[1][5]
    SLICE_X33Y16         LUT2 (Prop_lut2_I0_O)        0.124     7.326 r  i_asg/ch[1]/r01_reg[25]_i_5/O
                         net (fo=1, routed)           0.000     7.326    i_asg/ch[1]/r01_reg[25]_i_5_n_0
    SLICE_X33Y16         CARRY4 (Prop_carry4_S[1]_CO[3])
                                                      0.550     7.876 r  i_asg/ch[1]/r01_reg_reg[25]_i_2/CO[3]
                         net (fo=1, routed)           0.000     7.876    i_asg/ch[1]/r01_reg_reg[25]_i_2_n_0
    SLICE_X33Y17         CARRY4 (Prop_carry4_CI_O[1])
                                                      0.334     8.210 r  i_asg/ch[1]/r01_reg_reg[29]_i_2/O[1]
                         net (fo=2, routed)           0.826     9.035    i_hk/dac_o_reg[11]_0[1]
    SLICE_X34Y19         LUT5 (Prop_lut5_I0_O)        0.303     9.338 r  i_hk/r01_reg[27]_i_1__0/O
                         net (fo=8, routed)           0.595     9.933    i_scope/i_dfilt1_chb/adc_dat_raw_reg[1][13][9]
    DSP48_X1Y7           DSP48E1                                      r  i_scope/i_dfilt1_chb/bb_mult/B[9]
  -------------------------------------------------------------------    -------------------

                         (clock pll_adc_clk rise edge)
                                                      8.000     8.000 r  
    U18                                               0.000     8.000 r  adc_clk_i[1] (IN)
                         net (fo=0)                   0.000     8.000    adc_clk_i[1]
    U18                  IBUFDS (Prop_ibufds_I_O)     0.940     8.940 r  i_clk/O
                         net (fo=1, routed)           1.181    10.121    pll/adc_clk_in
    PLLE2_ADV_X0Y0       PLLE2_ADV (Prop_plle2_adv_CLKIN1_CLKOUT0)
                                                      0.084    10.205 r  pll/pll/CLKOUT0
                         net (fo=1, routed)           1.594    11.799    pll_adc_clk
    BUFGCTRL_X0Y0        BUFG (Prop_bufg_I_O)         0.091    11.890 r  bufg_adc_clk/O
                         net (fo=4352, routed)        1.580    13.470    i_scope/i_dfilt1_chb/clk_i
    DSP48_X1Y7           DSP48E1                                      r  i_scope/i_dfilt1_chb/bb_mult/CLK
                         clock pessimism              0.492    13.962    
                         clock uncertainty           -0.069    13.893    
    DSP48_X1Y7           DSP48E1 (Setup_dsp48e1_CLK_B[9])
                                                     -3.536    10.357    i_scope/i_dfilt1_chb/bb_mult
  -------------------------------------------------------------------
                         required time                         10.357    
                         arrival time                          -9.933    
  -------------------------------------------------------------------
                         slack                                  0.424    

Slack (MET) :             0.427ns  (required time - arrival time)
  Source:                 ps/axi_slave_gp0/wr_wdata_reg[12]/C
                            (rising edge-triggered cell FDRE clocked by pll_adc_clk  {rise@0.000ns fall@4.000ns period=8.000ns})
  Destination:            i_scope/set_b_filt_pp_reg[12]/D
                            (rising edge-triggered cell FDRE clocked by pll_adc_clk  {rise@0.000ns fall@4.000ns period=8.000ns})
  Path Group:             pll_adc_clk
  Path Type:              Setup (Max at Slow Process Corner)
  Requirement:            8.000ns  (pll_adc_clk rise@8.000ns - pll_adc_clk rise@0.000ns)
  Data Path Delay:        7.180ns  (logic 0.456ns (6.351%)  route 6.724ns (93.649%))
  Logic Levels:           0  
  Clock Path Skew:        -0.220ns (DCD - SCD + CPR)
    Destination Clock Delay (DCD):    5.384ns = ( 13.384 - 8.000 ) 
    Source Clock Delay      (SCD):    5.961ns
    Clock Pessimism Removal (CPR):    0.357ns
  Clock Uncertainty:      0.069ns  ((TSJ^2 + DJ^2)^1/2) / 2 + PE
    Total System Jitter     (TSJ):    0.071ns
    Discrete Jitter          (DJ):    0.118ns
    Phase Error              (PE):    0.000ns

    Location             Delay type                Incr(ns)  Path(ns)    Netlist Resource(s)
  -------------------------------------------------------------------    -------------------
                         (clock pll_adc_clk rise edge)
                                                      0.000     0.000 r  
    U18                                               0.000     0.000 r  adc_clk_i[1] (IN)
                         net (fo=0)                   0.000     0.000    adc_clk_i[1]
    U18                  IBUFDS (Prop_ibufds_I_O)     0.983     0.983 r  i_clk/O
                         net (fo=1, routed)           1.306     2.289    pll/adc_clk_in
    PLLE2_ADV_X0Y0       PLLE2_ADV (Prop_plle2_adv_CLKIN1_CLKOUT0)
                                                      0.089     2.378 r  pll/pll/CLKOUT0
                         net (fo=1, routed)           1.754     4.132    pll_adc_clk
    BUFGCTRL_X0Y0        BUFG (Prop_bufg_I_O)         0.101     4.233 r  bufg_adc_clk/O
                         net (fo=4352, routed)        1.728     5.961    ps/axi_slave_gp0/clk_i
    SLICE_X2Y45          FDRE                                         r  ps/axi_slave_gp0/wr_wdata_reg[12]/C
  -------------------------------------------------------------------    -------------------
    SLICE_X2Y45          FDRE (Prop_fdre_C_Q)         0.456     6.417 r  ps/axi_slave_gp0/wr_wdata_reg[12]/Q
                         net (fo=81, routed)          6.724    13.141    i_scope/wr_wdata_reg[31][12]
    SLICE_X23Y7          FDRE                                         r  i_scope/set_b_filt_pp_reg[12]/D
  -------------------------------------------------------------------    -------------------

                         (clock pll_adc_clk rise edge)
                                                      8.000     8.000 r  
    U18                                               0.000     8.000 r  adc_clk_i[1] (IN)
                         net (fo=0)                   0.000     8.000    adc_clk_i[1]
    U18                  IBUFDS (Prop_ibufds_I_O)     0.940     8.940 r  i_clk/O
                         net (fo=1, routed)           1.181    10.121    pll/adc_clk_in
    PLLE2_ADV_X0Y0       PLLE2_ADV (Prop_plle2_adv_CLKIN1_CLKOUT0)
                                                      0.084    10.205 r  pll/pll/CLKOUT0
                         net (fo=1, routed)           1.594    11.799    pll_adc_clk
    BUFGCTRL_X0Y0        BUFG (Prop_bufg_I_O)         0.091    11.890 r  bufg_adc_clk/O
                         net (fo=4352, routed)        1.494    13.384    i_scope/clk_i
    SLICE_X23Y7          FDRE                                         r  i_scope/set_b_filt_pp_reg[12]/C
                         clock pessimism              0.357    13.742    
                         clock uncertainty           -0.069    13.673    
    SLICE_X23Y7          FDRE (Setup_fdre_C_D)       -0.105    13.568    i_scope/set_b_filt_pp_reg[12]
  -------------------------------------------------------------------
                         required time                         13.568    
                         arrival time                         -13.141    
  -------------------------------------------------------------------
                         slack                                  0.427    

Slack (MET) :             0.428ns  (required time - arrival time)
  Source:                 ps/axi_slave_gp0/wr_wdata_reg[2]/C
                            (rising edge-triggered cell FDRE clocked by pll_adc_clk  {rise@0.000ns fall@4.000ns period=8.000ns})
  Destination:            i_hk/exp_n_dat_o_reg[2]/D
                            (rising edge-triggered cell FDRE clocked by pll_adc_clk  {rise@0.000ns fall@4.000ns period=8.000ns})
  Path Group:             pll_adc_clk
  Path Type:              Setup (Max at Slow Process Corner)
  Requirement:            8.000ns  (pll_adc_clk rise@8.000ns - pll_adc_clk rise@0.000ns)
  Data Path Delay:        7.196ns  (logic 0.518ns (7.198%)  route 6.678ns (92.802%))
  Logic Levels:           0  
  Clock Path Skew:        -0.212ns (DCD - SCD + CPR)
    Destination Clock Delay (DCD):    5.391ns = ( 13.391 - 8.000 ) 
    Source Clock Delay      (SCD):    5.960ns
    Clock Pessimism Removal (CPR):    0.357ns
  Clock Uncertainty:      0.069ns  ((TSJ^2 + DJ^2)^1/2) / 2 + PE
    Total System Jitter     (TSJ):    0.071ns
    Discrete Jitter          (DJ):    0.118ns
    Phase Error              (PE):    0.000ns

    Location             Delay type                Incr(ns)  Path(ns)    Netlist Resource(s)
  -------------------------------------------------------------------    -------------------
                         (clock pll_adc_clk rise edge)
                                                      0.000     0.000 r  
    U18                                               0.000     0.000 r  adc_clk_i[1] (IN)
                         net (fo=0)                   0.000     0.000    adc_clk_i[1]
    U18                  IBUFDS (Prop_ibufds_I_O)     0.983     0.983 r  i_clk/O
                         net (fo=1, routed)           1.306     2.289    pll/adc_clk_in
    PLLE2_ADV_X0Y0       PLLE2_ADV (Prop_plle2_adv_CLKIN1_CLKOUT0)
                                                      0.089     2.378 r  pll/pll/CLKOUT0
                         net (fo=1, routed)           1.754     4.132    pll_adc_clk
    BUFGCTRL_X0Y0        BUFG (Prop_bufg_I_O)         0.101     4.233 r  bufg_adc_clk/O
                         net (fo=4352, routed)        1.727     5.960    ps/axi_slave_gp0/clk_i
    SLICE_X4Y42          FDRE                                         r  ps/axi_slave_gp0/wr_wdata_reg[2]/C
  -------------------------------------------------------------------    -------------------
    SLICE_X4Y42          FDRE (Prop_fdre_C_Q)         0.518     6.478 r  ps/axi_slave_gp0/wr_wdata_reg[2]/Q
                         net (fo=90, routed)          6.678    13.156    i_hk/wr_wdata_reg[7][2]
    SLICE_X35Y49         FDRE                                         r  i_hk/exp_n_dat_o_reg[2]/D
  -------------------------------------------------------------------    -------------------

                         (clock pll_adc_clk rise edge)
                                                      8.000     8.000 r  
    U18                                               0.000     8.000 r  adc_clk_i[1] (IN)
                         net (fo=0)                   0.000     8.000    adc_clk_i[1]
    U18                  IBUFDS (Prop_ibufds_I_O)     0.940     8.940 r  i_clk/O
                         net (fo=1, routed)           1.181    10.121    pll/adc_clk_in
    PLLE2_ADV_X0Y0       PLLE2_ADV (Prop_plle2_adv_CLKIN1_CLKOUT0)
                                                      0.084    10.205 r  pll/pll/CLKOUT0
                         net (fo=1, routed)           1.594    11.799    pll_adc_clk
    BUFGCTRL_X0Y0        BUFG (Prop_bufg_I_O)         0.091    11.890 r  bufg_adc_clk/O
                         net (fo=4352, routed)        1.501    13.391    i_hk/clk_i
    SLICE_X35Y49         FDRE                                         r  i_hk/exp_n_dat_o_reg[2]/C
                         clock pessimism              0.357    13.749    
                         clock uncertainty           -0.069    13.680    
    SLICE_X35Y49         FDRE (Setup_fdre_C_D)       -0.095    13.585    i_hk/exp_n_dat_o_reg[2]
  -------------------------------------------------------------------
                         required time                         13.585    
                         arrival time                         -13.156    
  -------------------------------------------------------------------
                         slack                                  0.428    





Min Delay Paths
--------------------------------------------------------------------------------------
Slack (MET) :             0.056ns  (arrival time - required time)
  Source:                 i_asg/ch[0]/dac_pnt_reg[14]/C
                            (rising edge-triggered cell FDRE clocked by pll_adc_clk  {rise@0.000ns fall@4.000ns period=8.000ns})
  Destination:            i_asg/ch[0]/dac_pntp_reg[14]/D
                            (rising edge-triggered cell FDRE clocked by pll_adc_clk  {rise@0.000ns fall@4.000ns period=8.000ns})
  Path Group:             pll_adc_clk
  Path Type:              Hold (Min at Fast Process Corner)
  Requirement:            0.000ns  (pll_adc_clk rise@0.000ns - pll_adc_clk rise@0.000ns)
  Data Path Delay:        0.370ns  (logic 0.141ns (38.113%)  route 0.229ns (61.887%))
  Logic Levels:           0  
  Clock Path Skew:        0.267ns (DCD - SCD - CPR)
    Destination Clock Delay (DCD):    2.369ns
    Source Clock Delay      (SCD):    1.976ns
    Clock Pessimism Removal (CPR):    0.125ns

    Location             Delay type                Incr(ns)  Path(ns)    Netlist Resource(s)
  -------------------------------------------------------------------    -------------------
                         (clock pll_adc_clk rise edge)
                                                      0.000     0.000 r  
    U18                                               0.000     0.000 r  adc_clk_i[1] (IN)
                         net (fo=0)                   0.000     0.000    adc_clk_i[1]
    U18                  IBUFDS (Prop_ibufds_I_O)     0.401     0.401 r  i_clk/O
                         net (fo=1, routed)           0.440     0.842    pll/adc_clk_in
    PLLE2_ADV_X0Y0       PLLE2_ADV (Prop_plle2_adv_CLKIN1_CLKOUT0)
                                                      0.051     0.893 r  pll/pll/CLKOUT0
                         net (fo=1, routed)           0.497     1.390    pll_adc_clk
    BUFGCTRL_X0Y0        BUFG (Prop_bufg_I_O)         0.026     1.416 r  bufg_adc_clk/O
                         net (fo=4352, routed)        0.561     1.976    i_asg/ch[0]/clk_i
    SLICE_X22Y49         FDRE                                         r  i_asg/ch[0]/dac_pnt_reg[14]/C
  -------------------------------------------------------------------    -------------------
    SLICE_X22Y49         FDRE (Prop_fdre_C_Q)         0.141     2.117 r  i_asg/ch[0]/dac_pnt_reg[14]/Q
                         net (fo=5, routed)           0.229     2.346    i_asg/ch[0]/dac_pnt_reg_n_0_[14]
    SLICE_X23Y50         FDRE                                         r  i_asg/ch[0]/dac_pntp_reg[14]/D
  -------------------------------------------------------------------    -------------------

                         (clock pll_adc_clk rise edge)
                                                      0.000     0.000 r  
    U18                                               0.000     0.000 r  adc_clk_i[1] (IN)
                         net (fo=0)                   0.000     0.000    adc_clk_i[1]
    U18                  IBUFDS (Prop_ibufds_I_O)     0.433     0.433 r  i_clk/O
                         net (fo=1, routed)           0.481     0.914    pll/adc_clk_in
    PLLE2_ADV_X0Y0       PLLE2_ADV (Prop_plle2_adv_CLKIN1_CLKOUT0)
                                                      0.054     0.968 r  pll/pll/CLKOUT0
                         net (fo=1, routed)           0.544     1.512    pll_adc_clk
    BUFGCTRL_X0Y0        BUFG (Prop_bufg_I_O)         0.029     1.541 r  bufg_adc_clk/O
                         net (fo=4352, routed)        0.828     2.369    i_asg/ch[0]/clk_i
    SLICE_X23Y50         FDRE                                         r  i_asg/ch[0]/dac_pntp_reg[14]/C
                         clock pessimism             -0.125     2.244    
    SLICE_X23Y50         FDRE (Hold_fdre_C_D)         0.047     2.291    i_asg/ch[0]/dac_pntp_reg[14]
  -------------------------------------------------------------------
                         required time                         -2.291    
                         arrival time                           2.346    
  -------------------------------------------------------------------
                         slack                                  0.056    

Slack (MET) :             0.058ns  (arrival time - required time)
  Source:                 i_scope/axi_b_dat_reg[15]/C
                            (rising edge-triggered cell FDRE clocked by pll_adc_clk  {rise@0.000ns fall@4.000ns period=8.000ns})
  Destination:            i_scope/i_wr1/fifo_reg/DIADI[13]
                            (rising edge-triggered cell RAMB36E1 clocked by pll_adc_clk  {rise@0.000ns fall@4.000ns period=8.000ns})
  Path Group:             pll_adc_clk
  Path Type:              Hold (Min at Fast Process Corner)
  Requirement:            0.000ns  (pll_adc_clk rise@0.000ns - pll_adc_clk rise@0.000ns)
  Data Path Delay:        0.273ns  (logic 0.141ns (51.621%)  route 0.132ns (48.379%))
  Logic Levels:           0  
  Clock Path Skew:        0.060ns (DCD - SCD - CPR)
    Destination Clock Delay (DCD):    2.415ns
    Source Clock Delay      (SCD):    1.977ns
    Clock Pessimism Removal (CPR):    0.378ns

    Location             Delay type                Incr(ns)  Path(ns)    Netlist Resource(s)
  -------------------------------------------------------------------    -------------------
                         (clock pll_adc_clk rise edge)
                                                      0.000     0.000 r  
    U18                                               0.000     0.000 r  adc_clk_i[1] (IN)
                         net (fo=0)                   0.000     0.000    adc_clk_i[1]
    U18                  IBUFDS (Prop_ibufds_I_O)     0.401     0.401 r  i_clk/O
                         net (fo=1, routed)           0.440     0.842    pll/adc_clk_in
    PLLE2_ADV_X0Y0       PLLE2_ADV (Prop_plle2_adv_CLKIN1_CLKOUT0)
                                                      0.051     0.893 r  pll/pll/CLKOUT0
                         net (fo=1, routed)           0.497     1.390    pll_adc_clk
    BUFGCTRL_X0Y0        BUFG (Prop_bufg_I_O)         0.026     1.416 r  bufg_adc_clk/O
                         net (fo=4352, routed)        0.562     1.977    i_scope/clk_i
    SLICE_X7Y14          FDRE                                         r  i_scope/axi_b_dat_reg[15]/C
  -------------------------------------------------------------------    -------------------
    SLICE_X7Y14          FDRE (Prop_fdre_C_Q)         0.141     2.118 r  i_scope/axi_b_dat_reg[15]/Q
                         net (fo=3, routed)           0.132     2.250    i_scope/i_wr1/Q[13]
    RAMB36_X0Y2          RAMB36E1                                     r  i_scope/i_wr1/fifo_reg/DIADI[13]
  -------------------------------------------------------------------    -------------------

                         (clock pll_adc_clk rise edge)
                                                      0.000     0.000 r  
    U18                                               0.000     0.000 r  adc_clk_i[1] (IN)
                         net (fo=0)                   0.000     0.000    adc_clk_i[1]
    U18                  IBUFDS (Prop_ibufds_I_O)     0.433     0.433 r  i_clk/O
                         net (fo=1, routed)           0.481     0.914    pll/adc_clk_in
    PLLE2_ADV_X0Y0       PLLE2_ADV (Prop_plle2_adv_CLKIN1_CLKOUT0)
                                                      0.054     0.968 r  pll/pll/CLKOUT0
                         net (fo=1, routed)           0.544     1.512    pll_adc_clk
    BUFGCTRL_X0Y0        BUFG (Prop_bufg_I_O)         0.029     1.541 r  bufg_adc_clk/O
                         net (fo=4352, routed)        0.874     2.415    i_scope/i_wr1/clk_i
    RAMB36_X0Y2          RAMB36E1                                     r  i_scope/i_wr1/fifo_reg/CLKBWRCLK
                         clock pessimism             -0.378     2.038    
    RAMB36_X0Y2          RAMB36E1 (Hold_ramb36e1_CLKBWRCLK_DIADI[13])
                                                      0.155     2.193    i_scope/i_wr1/fifo_reg
  -------------------------------------------------------------------
                         required time                         -2.193    
                         arrival time                           2.250    
  -------------------------------------------------------------------
                         slack                                  0.058    

Slack (MET) :             0.058ns  (arrival time - required time)
  Source:                 i_scope/set_b_axi_dly_reg[17]/C
                            (rising edge-triggered cell FDRE clocked by pll_adc_clk  {rise@0.000ns fall@4.000ns period=8.000ns})
  Destination:            i_scope/axi_b_dly_cnt_reg[17]/D
                            (rising edge-triggered cell FDRE clocked by pll_adc_clk  {rise@0.000ns fall@4.000ns period=8.000ns})
  Path Group:             pll_adc_clk
  Path Type:              Hold (Min at Fast Process Corner)
  Requirement:            0.000ns  (pll_adc_clk rise@0.000ns - pll_adc_clk rise@0.000ns)
  Data Path Delay:        0.423ns  (logic 0.251ns (59.293%)  route 0.172ns (40.707%))
  Logic Levels:           2  (CARRY4=1 LUT5=1)
  Clock Path Skew:        0.260ns (DCD - SCD - CPR)
    Destination Clock Delay (DCD):    2.354ns
    Source Clock Delay      (SCD):    1.963ns
    Clock Pessimism Removal (CPR):    0.130ns

    Location             Delay type                Incr(ns)  Path(ns)    Netlist Resource(s)
  -------------------------------------------------------------------    -------------------
                         (clock pll_adc_clk rise edge)
                                                      0.000     0.000 r  
    U18                                               0.000     0.000 r  adc_clk_i[1] (IN)
                         net (fo=0)                   0.000     0.000    adc_clk_i[1]
    U18                  IBUFDS (Prop_ibufds_I_O)     0.401     0.401 r  i_clk/O
                         net (fo=1, routed)           0.440     0.842    pll/adc_clk_in
    PLLE2_ADV_X0Y0       PLLE2_ADV (Prop_plle2_adv_CLKIN1_CLKOUT0)
                                                      0.051     0.893 r  pll/pll/CLKOUT0
                         net (fo=1, routed)           0.497     1.390    pll_adc_clk
    BUFGCTRL_X0Y0        BUFG (Prop_bufg_I_O)         0.026     1.416 r  bufg_adc_clk/O
                         net (fo=4352, routed)        0.548     1.963    i_scope/clk_i
    SLICE_X21Y23         FDRE                                         r  i_scope/set_b_axi_dly_reg[17]/C
  -------------------------------------------------------------------    -------------------
    SLICE_X21Y23         FDRE (Prop_fdre_C_Q)         0.141     2.104 r  i_scope/set_b_axi_dly_reg[17]/Q
                         net (fo=2, routed)           0.172     2.276    i_scope/axi_b_dly_cnt_reg[31]_0[16]
    SLICE_X22Y23         LUT5 (Prop_lut5_I0_O)        0.045     2.321 r  i_scope/axi_b_dly_cnt[16]_i_8/O
                         net (fo=1, routed)           0.000     2.321    i_scope/axi_b_dly_cnt[16]_i_8_n_0
    SLICE_X22Y23         CARRY4 (Prop_carry4_S[1]_O[1])
                                                      0.065     2.386 r  i_scope/axi_b_dly_cnt_reg[16]_i_1/O[1]
                         net (fo=1, routed)           0.000     2.386    i_scope/axi_b_dly_cnt_reg[16]_i_1_n_6
    SLICE_X22Y23         FDRE                                         r  i_scope/axi_b_dly_cnt_reg[17]/D
  -------------------------------------------------------------------    -------------------

                         (clock pll_adc_clk rise edge)
                                                      0.000     0.000 r  
    U18                                               0.000     0.000 r  adc_clk_i[1] (IN)
                         net (fo=0)                   0.000     0.000    adc_clk_i[1]
    U18                  IBUFDS (Prop_ibufds_I_O)     0.433     0.433 r  i_clk/O
                         net (fo=1, routed)           0.481     0.914    pll/adc_clk_in
    PLLE2_ADV_X0Y0       PLLE2_ADV (Prop_plle2_adv_CLKIN1_CLKOUT0)
                                                      0.054     0.968 r  pll/pll/CLKOUT0
                         net (fo=1, routed)           0.544     1.512    pll_adc_clk
    BUFGCTRL_X0Y0        BUFG (Prop_bufg_I_O)         0.029     1.541 r  bufg_adc_clk/O
                         net (fo=4352, routed)        0.813     2.354    i_scope/clk_i
    SLICE_X22Y23         FDRE                                         r  i_scope/axi_b_dly_cnt_reg[17]/C
                         clock pessimism             -0.130     2.224    
    SLICE_X22Y23         FDRE (Hold_fdre_C_D)         0.105     2.329    i_scope/axi_b_dly_cnt_reg[17]
  -------------------------------------------------------------------
                         required time                         -2.329    
                         arrival time                           2.386    
  -------------------------------------------------------------------
                         slack                                  0.058    

Slack (MET) :             0.069ns  (arrival time - required time)
  Source:                 ps/axi_master[1]/axi_wwr_pt_reg[1]/C
                            (rising edge-triggered cell FDRE clocked by pll_adc_clk  {rise@0.000ns fall@4.000ns period=8.000ns})
  Destination:            ps/axi_master[1]/axi_wfifo_reg_0_15_60_65/RAMA/WADR1
                            (rising edge-triggered cell RAMD32 clocked by pll_adc_clk  {rise@0.000ns fall@4.000ns period=8.000ns})
  Path Group:             pll_adc_clk
  Path Type:              Hold (Min at Fast Process Corner)
  Requirement:            0.000ns  (pll_adc_clk rise@0.000ns - pll_adc_clk rise@0.000ns)
  Data Path Delay:        0.337ns  (logic 0.128ns (37.955%)  route 0.209ns (62.045%))
  Logic Levels:           0  
  Clock Path Skew:        0.013ns (DCD - SCD - CPR)
    Destination Clock Delay (DCD):    2.386ns
    Source Clock Delay      (SCD):    1.994ns
    Clock Pessimism Removal (CPR):    0.379ns

    Location             Delay type                Incr(ns)  Path(ns)    Netlist Resource(s)
  -------------------------------------------------------------------    -------------------
                         (clock pll_adc_clk rise edge)
                                                      0.000     0.000 r  
    U18                                               0.000     0.000 r  adc_clk_i[1] (IN)
                         net (fo=0)                   0.000     0.000    adc_clk_i[1]
    U18                  IBUFDS (Prop_ibufds_I_O)     0.401     0.401 r  i_clk/O
                         net (fo=1, routed)           0.440     0.842    pll/adc_clk_in
    PLLE2_ADV_X0Y0       PLLE2_ADV (Prop_plle2_adv_CLKIN1_CLKOUT0)
                                                      0.051     0.893 r  pll/pll/CLKOUT0
                         net (fo=1, routed)           0.497     1.390    pll_adc_clk
    BUFGCTRL_X0Y0        BUFG (Prop_bufg_I_O)         0.026     1.416 r  bufg_adc_clk/O
                         net (fo=4352, routed)        0.579     1.994    ps/axi_master[1]/clk_i
    SLICE_X1Y15          FDRE                                         r  ps/axi_master[1]/axi_wwr_pt_reg[1]/C
  -------------------------------------------------------------------    -------------------
    SLICE_X1Y15          FDRE (Prop_fdre_C_Q)         0.128     2.122 r  ps/axi_master[1]/axi_wwr_pt_reg[1]/Q
                         net (fo=107, routed)         0.209     2.331    ps/axi_master[1]/axi_wfifo_reg_0_15_60_65/ADDRD1
    SLICE_X0Y15          RAMD32                                       r  ps/axi_master[1]/axi_wfifo_reg_0_15_60_65/RAMA/WADR1
  -------------------------------------------------------------------    -------------------

                         (clock pll_adc_clk rise edge)
                                                      0.000     0.000 r  
    U18                                               0.000     0.000 r  adc_clk_i[1] (IN)
                         net (fo=0)                   0.000     0.000    adc_clk_i[1]
    U18                  IBUFDS (Prop_ibufds_I_O)     0.433     0.433 r  i_clk/O
                         net (fo=1, routed)           0.481     0.914    pll/adc_clk_in
    PLLE2_ADV_X0Y0       PLLE2_ADV (Prop_plle2_adv_CLKIN1_CLKOUT0)
                                                      0.054     0.968 r  pll/pll/CLKOUT0
                         net (fo=1, routed)           0.544     1.512    pll_adc_clk
    BUFGCTRL_X0Y0        BUFG (Prop_bufg_I_O)         0.029     1.541 r  bufg_adc_clk/O
                         net (fo=4352, routed)        0.845     2.386    ps/axi_master[1]/axi_wfifo_reg_0_15_60_65/WCLK
    SLICE_X0Y15          RAMD32                                       r  ps/axi_master[1]/axi_wfifo_reg_0_15_60_65/RAMA/CLK
                         clock pessimism             -0.379     2.007    
    SLICE_X0Y15          RAMD32 (Hold_ramd32_CLK_WADR1)
                                                      0.255     2.262    ps/axi_master[1]/axi_wfifo_reg_0_15_60_65/RAMA
  -------------------------------------------------------------------
                         required time                         -2.262    
                         arrival time                           2.331    
  -------------------------------------------------------------------
                         slack                                  0.069    

Slack (MET) :             0.069ns  (arrival time - required time)
  Source:                 ps/axi_master[1]/axi_wwr_pt_reg[1]/C
                            (rising edge-triggered cell FDRE clocked by pll_adc_clk  {rise@0.000ns fall@4.000ns period=8.000ns})
  Destination:            ps/axi_master[1]/axi_wfifo_reg_0_15_60_65/RAMA_D1/WADR1
                            (rising edge-triggered cell RAMD32 clocked by pll_adc_clk  {rise@0.000ns fall@4.000ns period=8.000ns})
  Path Group:             pll_adc_clk
  Path Type:              Hold (Min at Fast Process Corner)
  Requirement:            0.000ns  (pll_adc_clk rise@0.000ns - pll_adc_clk rise@0.000ns)
  Data Path Delay:        0.337ns  (logic 0.128ns (37.955%)  route 0.209ns (62.045%))
  Logic Levels:           0  
  Clock Path Skew:        0.013ns (DCD - SCD - CPR)
    Destination Clock Delay (DCD):    2.386ns
    Source Clock Delay      (SCD):    1.994ns
    Clock Pessimism Removal (CPR):    0.379ns

    Location             Delay type                Incr(ns)  Path(ns)    Netlist Resource(s)
  -------------------------------------------------------------------    -------------------
                         (clock pll_adc_clk rise edge)
                                                      0.000     0.000 r  
    U18                                               0.000     0.000 r  adc_clk_i[1] (IN)
                         net (fo=0)                   0.000     0.000    adc_clk_i[1]
    U18                  IBUFDS (Prop_ibufds_I_O)     0.401     0.401 r  i_clk/O
                         net (fo=1, routed)           0.440     0.842    pll/adc_clk_in
    PLLE2_ADV_X0Y0       PLLE2_ADV (Prop_plle2_adv_CLKIN1_CLKOUT0)
                                                      0.051     0.893 r  pll/pll/CLKOUT0
                         net (fo=1, routed)           0.497     1.390    pll_adc_clk
    BUFGCTRL_X0Y0        BUFG (Prop_bufg_I_O)         0.026     1.416 r  bufg_adc_clk/O
                         net (fo=4352, routed)        0.579     1.994    ps/axi_master[1]/clk_i
    SLICE_X1Y15          FDRE                                         r  ps/axi_master[1]/axi_wwr_pt_reg[1]/C
  -------------------------------------------------------------------    -------------------
    SLICE_X1Y15          FDRE (Prop_fdre_C_Q)         0.128     2.122 r  ps/axi_master[1]/axi_wwr_pt_reg[1]/Q
                         net (fo=107, routed)         0.209     2.331    ps/axi_master[1]/axi_wfifo_reg_0_15_60_65/ADDRD1
    SLICE_X0Y15          RAMD32                                       r  ps/axi_master[1]/axi_wfifo_reg_0_15_60_65/RAMA_D1/WADR1
  -------------------------------------------------------------------    -------------------

                         (clock pll_adc_clk rise edge)
                                                      0.000     0.000 r  
    U18                                               0.000     0.000 r  adc_clk_i[1] (IN)
                         net (fo=0)                   0.000     0.000    adc_clk_i[1]
    U18                  IBUFDS (Prop_ibufds_I_O)     0.433     0.433 r  i_clk/O
                         net (fo=1, routed)           0.481     0.914    pll/adc_clk_in
    PLLE2_ADV_X0Y0       PLLE2_ADV (Prop_plle2_adv_CLKIN1_CLKOUT0)
                                                      0.054     0.968 r  pll/pll/CLKOUT0
                         net (fo=1, routed)           0.544     1.512    pll_adc_clk
    BUFGCTRL_X0Y0        BUFG (Prop_bufg_I_O)         0.029     1.541 r  bufg_adc_clk/O
                         net (fo=4352, routed)        0.845     2.386    ps/axi_master[1]/axi_wfifo_reg_0_15_60_65/WCLK
    SLICE_X0Y15          RAMD32                                       r  ps/axi_master[1]/axi_wfifo_reg_0_15_60_65/RAMA_D1/CLK
                         clock pessimism             -0.379     2.007    
    SLICE_X0Y15          RAMD32 (Hold_ramd32_CLK_WADR1)
                                                      0.255     2.262    ps/axi_master[1]/axi_wfifo_reg_0_15_60_65/RAMA_D1
  -------------------------------------------------------------------
                         required time                         -2.262    
                         arrival time                           2.331    
  -------------------------------------------------------------------
                         slack                                  0.069    

Slack (MET) :             0.069ns  (arrival time - required time)
  Source:                 ps/axi_master[1]/axi_wwr_pt_reg[1]/C
                            (rising edge-triggered cell FDRE clocked by pll_adc_clk  {rise@0.000ns fall@4.000ns period=8.000ns})
  Destination:            ps/axi_master[1]/axi_wfifo_reg_0_15_60_65/RAMB/WADR1
                            (rising edge-triggered cell RAMD32 clocked by pll_adc_clk  {rise@0.000ns fall@4.000ns period=8.000ns})
  Path Group:             pll_adc_clk
  Path Type:              Hold (Min at Fast Process Corner)
  Requirement:            0.000ns  (pll_adc_clk rise@0.000ns - pll_adc_clk rise@0.000ns)
  Data Path Delay:        0.337ns  (logic 0.128ns (37.955%)  route 0.209ns (62.045%))
  Logic Levels:           0  
  Clock Path Skew:        0.013ns (DCD - SCD - CPR)
    Destination Clock Delay (DCD):    2.386ns
    Source Clock Delay      (SCD):    1.994ns
    Clock Pessimism Removal (CPR):    0.379ns

    Location             Delay type                Incr(ns)  Path(ns)    Netlist Resource(s)
  -------------------------------------------------------------------    -------------------
                         (clock pll_adc_clk rise edge)
                                                      0.000     0.000 r  
    U18                                               0.000     0.000 r  adc_clk_i[1] (IN)
                         net (fo=0)                   0.000     0.000    adc_clk_i[1]
    U18                  IBUFDS (Prop_ibufds_I_O)     0.401     0.401 r  i_clk/O
                         net (fo=1, routed)           0.440     0.842    pll/adc_clk_in
    PLLE2_ADV_X0Y0       PLLE2_ADV (Prop_plle2_adv_CLKIN1_CLKOUT0)
                                                      0.051     0.893 r  pll/pll/CLKOUT0
                         net (fo=1, routed)           0.497     1.390    pll_adc_clk
    BUFGCTRL_X0Y0        BUFG (Prop_bufg_I_O)         0.026     1.416 r  bufg_adc_clk/O
                         net (fo=4352, routed)        0.579     1.994    ps/axi_master[1]/clk_i
    SLICE_X1Y15          FDRE                                         r  ps/axi_master[1]/axi_wwr_pt_reg[1]/C
  -------------------------------------------------------------------    -------------------
    SLICE_X1Y15          FDRE (Prop_fdre_C_Q)         0.128     2.122 r  ps/axi_master[1]/axi_wwr_pt_reg[1]/Q
                         net (fo=107, routed)         0.209     2.331    ps/axi_master[1]/axi_wfifo_reg_0_15_60_65/ADDRD1
    SLICE_X0Y15          RAMD32                                       r  ps/axi_master[1]/axi_wfifo_reg_0_15_60_65/RAMB/WADR1
  -------------------------------------------------------------------    -------------------

                         (clock pll_adc_clk rise edge)
                                                      0.000     0.000 r  
    U18                                               0.000     0.000 r  adc_clk_i[1] (IN)
                         net (fo=0)                   0.000     0.000    adc_clk_i[1]
    U18                  IBUFDS (Prop_ibufds_I_O)     0.433     0.433 r  i_clk/O
                         net (fo=1, routed)           0.481     0.914    pll/adc_clk_in
    PLLE2_ADV_X0Y0       PLLE2_ADV (Prop_plle2_adv_CLKIN1_CLKOUT0)
                                                      0.054     0.968 r  pll/pll/CLKOUT0
                         net (fo=1, routed)           0.544     1.512    pll_adc_clk
    BUFGCTRL_X0Y0        BUFG (Prop_bufg_I_O)         0.029     1.541 r  bufg_adc_clk/O
                         net (fo=4352, routed)        0.845     2.386    ps/axi_master[1]/axi_wfifo_reg_0_15_60_65/WCLK
    SLICE_X0Y15          RAMD32                                       r  ps/axi_master[1]/axi_wfifo_reg_0_15_60_65/RAMB/CLK
                         clock pessimism             -0.379     2.007    
    SLICE_X0Y15          RAMD32 (Hold_ramd32_CLK_WADR1)
                                                      0.255     2.262    ps/axi_master[1]/axi_wfifo_reg_0_15_60_65/RAMB
  -------------------------------------------------------------------
                         required time                         -2.262    
                         arrival time                           2.331    
  -------------------------------------------------------------------
                         slack                                  0.069    

Slack (MET) :             0.069ns  (arrival time - required time)
  Source:                 ps/axi_master[1]/axi_wwr_pt_reg[1]/C
                            (rising edge-triggered cell FDRE clocked by pll_adc_clk  {rise@0.000ns fall@4.000ns period=8.000ns})
  Destination:            ps/axi_master[1]/axi_wfifo_reg_0_15_60_65/RAMB_D1/WADR1
                            (rising edge-triggered cell RAMD32 clocked by pll_adc_clk  {rise@0.000ns fall@4.000ns period=8.000ns})
  Path Group:             pll_adc_clk
  Path Type:              Hold (Min at Fast Process Corner)
  Requirement:            0.000ns  (pll_adc_clk rise@0.000ns - pll_adc_clk rise@0.000ns)
  Data Path Delay:        0.337ns  (logic 0.128ns (37.955%)  route 0.209ns (62.045%))
  Logic Levels:           0  
  Clock Path Skew:        0.013ns (DCD - SCD - CPR)
    Destination Clock Delay (DCD):    2.386ns
    Source Clock Delay      (SCD):    1.994ns
    Clock Pessimism Removal (CPR):    0.379ns

    Location             Delay type                Incr(ns)  Path(ns)    Netlist Resource(s)
  -------------------------------------------------------------------    -------------------
                         (clock pll_adc_clk rise edge)
                                                      0.000     0.000 r  
    U18                                               0.000     0.000 r  adc_clk_i[1] (IN)
                         net (fo=0)                   0.000     0.000    adc_clk_i[1]
    U18                  IBUFDS (Prop_ibufds_I_O)     0.401     0.401 r  i_clk/O
                         net (fo=1, routed)           0.440     0.842    pll/adc_clk_in
    PLLE2_ADV_X0Y0       PLLE2_ADV (Prop_plle2_adv_CLKIN1_CLKOUT0)
                                                      0.051     0.893 r  pll/pll/CLKOUT0
                         net (fo=1, routed)           0.497     1.390    pll_adc_clk
    BUFGCTRL_X0Y0        BUFG (Prop_bufg_I_O)         0.026     1.416 r  bufg_adc_clk/O
                         net (fo=4352, routed)        0.579     1.994    ps/axi_master[1]/clk_i
    SLICE_X1Y15          FDRE                                         r  ps/axi_master[1]/axi_wwr_pt_reg[1]/C
  -------------------------------------------------------------------    -------------------
    SLICE_X1Y15          FDRE (Prop_fdre_C_Q)         0.128     2.122 r  ps/axi_master[1]/axi_wwr_pt_reg[1]/Q
                         net (fo=107, routed)         0.209     2.331    ps/axi_master[1]/axi_wfifo_reg_0_15_60_65/ADDRD1
    SLICE_X0Y15          RAMD32                                       r  ps/axi_master[1]/axi_wfifo_reg_0_15_60_65/RAMB_D1/WADR1
  -------------------------------------------------------------------    -------------------

                         (clock pll_adc_clk rise edge)
                                                      0.000     0.000 r  
    U18                                               0.000     0.000 r  adc_clk_i[1] (IN)
                         net (fo=0)                   0.000     0.000    adc_clk_i[1]
    U18                  IBUFDS (Prop_ibufds_I_O)     0.433     0.433 r  i_clk/O
                         net (fo=1, routed)           0.481     0.914    pll/adc_clk_in
    PLLE2_ADV_X0Y0       PLLE2_ADV (Prop_plle2_adv_CLKIN1_CLKOUT0)
                                                      0.054     0.968 r  pll/pll/CLKOUT0
                         net (fo=1, routed)           0.544     1.512    pll_adc_clk
    BUFGCTRL_X0Y0        BUFG (Prop_bufg_I_O)         0.029     1.541 r  bufg_adc_clk/O
                         net (fo=4352, routed)        0.845     2.386    ps/axi_master[1]/axi_wfifo_reg_0_15_60_65/WCLK
    SLICE_X0Y15          RAMD32                                       r  ps/axi_master[1]/axi_wfifo_reg_0_15_60_65/RAMB_D1/CLK
                         clock pessimism             -0.379     2.007    
    SLICE_X0Y15          RAMD32 (Hold_ramd32_CLK_WADR1)
                                                      0.255     2.262    ps/axi_master[1]/axi_wfifo_reg_0_15_60_65/RAMB_D1
  -------------------------------------------------------------------
                         required time                         -2.262    
                         arrival time                           2.331    
  -------------------------------------------------------------------
                         slack                                  0.069    

Slack (MET) :             0.069ns  (arrival time - required time)
  Source:                 ps/axi_master[1]/axi_wwr_pt_reg[1]/C
                            (rising edge-triggered cell FDRE clocked by pll_adc_clk  {rise@0.000ns fall@4.000ns period=8.000ns})
  Destination:            ps/axi_master[1]/axi_wfifo_reg_0_15_60_65/RAMC/WADR1
                            (rising edge-triggered cell RAMD32 clocked by pll_adc_clk  {rise@0.000ns fall@4.000ns period=8.000ns})
  Path Group:             pll_adc_clk
  Path Type:              Hold (Min at Fast Process Corner)
  Requirement:            0.000ns  (pll_adc_clk rise@0.000ns - pll_adc_clk rise@0.000ns)
  Data Path Delay:        0.337ns  (logic 0.128ns (37.955%)  route 0.209ns (62.045%))
  Logic Levels:           0  
  Clock Path Skew:        0.013ns (DCD - SCD - CPR)
    Destination Clock Delay (DCD):    2.386ns
    Source Clock Delay      (SCD):    1.994ns
    Clock Pessimism Removal (CPR):    0.379ns

    Location             Delay type                Incr(ns)  Path(ns)    Netlist Resource(s)
  -------------------------------------------------------------------    -------------------
                         (clock pll_adc_clk rise edge)
                                                      0.000     0.000 r  
    U18                                               0.000     0.000 r  adc_clk_i[1] (IN)
                         net (fo=0)                   0.000     0.000    adc_clk_i[1]
    U18                  IBUFDS (Prop_ibufds_I_O)     0.401     0.401 r  i_clk/O
                         net (fo=1, routed)           0.440     0.842    pll/adc_clk_in
    PLLE2_ADV_X0Y0       PLLE2_ADV (Prop_plle2_adv_CLKIN1_CLKOUT0)
                                                      0.051     0.893 r  pll/pll/CLKOUT0
                         net (fo=1, routed)           0.497     1.390    pll_adc_clk
    BUFGCTRL_X0Y0        BUFG (Prop_bufg_I_O)         0.026     1.416 r  bufg_adc_clk/O
                         net (fo=4352, routed)        0.579     1.994    ps/axi_master[1]/clk_i
    SLICE_X1Y15          FDRE                                         r  ps/axi_master[1]/axi_wwr_pt_reg[1]/C
  -------------------------------------------------------------------    -------------------
    SLICE_X1Y15          FDRE (Prop_fdre_C_Q)         0.128     2.122 r  ps/axi_master[1]/axi_wwr_pt_reg[1]/Q
                         net (fo=107, routed)         0.209     2.331    ps/axi_master[1]/axi_wfifo_reg_0_15_60_65/ADDRD1
    SLICE_X0Y15          RAMD32                                       r  ps/axi_master[1]/axi_wfifo_reg_0_15_60_65/RAMC/WADR1
  -------------------------------------------------------------------    -------------------

                         (clock pll_adc_clk rise edge)
                                                      0.000     0.000 r  
    U18                                               0.000     0.000 r  adc_clk_i[1] (IN)
                         net (fo=0)                   0.000     0.000    adc_clk_i[1]
    U18                  IBUFDS (Prop_ibufds_I_O)     0.433     0.433 r  i_clk/O
                         net (fo=1, routed)           0.481     0.914    pll/adc_clk_in
    PLLE2_ADV_X0Y0       PLLE2_ADV (Prop_plle2_adv_CLKIN1_CLKOUT0)
                                                      0.054     0.968 r  pll/pll/CLKOUT0
                         net (fo=1, routed)           0.544     1.512    pll_adc_clk
    BUFGCTRL_X0Y0        BUFG (Prop_bufg_I_O)         0.029     1.541 r  bufg_adc_clk/O
                         net (fo=4352, routed)        0.845     2.386    ps/axi_master[1]/axi_wfifo_reg_0_15_60_65/WCLK
    SLICE_X0Y15          RAMD32                                       r  ps/axi_master[1]/axi_wfifo_reg_0_15_60_65/RAMC/CLK
                         clock pessimism             -0.379     2.007    
    SLICE_X0Y15          RAMD32 (Hold_ramd32_CLK_WADR1)
                                                      0.255     2.262    ps/axi_master[1]/axi_wfifo_reg_0_15_60_65/RAMC
  -------------------------------------------------------------------
                         required time                         -2.262    
                         arrival time                           2.331    
  -------------------------------------------------------------------
                         slack                                  0.069    

Slack (MET) :             0.069ns  (arrival time - required time)
  Source:                 ps/axi_master[1]/axi_wwr_pt_reg[1]/C
                            (rising edge-triggered cell FDRE clocked by pll_adc_clk  {rise@0.000ns fall@4.000ns period=8.000ns})
  Destination:            ps/axi_master[1]/axi_wfifo_reg_0_15_60_65/RAMC_D1/WADR1
                            (rising edge-triggered cell RAMD32 clocked by pll_adc_clk  {rise@0.000ns fall@4.000ns period=8.000ns})
  Path Group:             pll_adc_clk
  Path Type:              Hold (Min at Fast Process Corner)
  Requirement:            0.000ns  (pll_adc_clk rise@0.000ns - pll_adc_clk rise@0.000ns)
  Data Path Delay:        0.337ns  (logic 0.128ns (37.955%)  route 0.209ns (62.045%))
  Logic Levels:           0  
  Clock Path Skew:        0.013ns (DCD - SCD - CPR)
    Destination Clock Delay (DCD):    2.386ns
    Source Clock Delay      (SCD):    1.994ns
    Clock Pessimism Removal (CPR):    0.379ns

    Location             Delay type                Incr(ns)  Path(ns)    Netlist Resource(s)
  -------------------------------------------------------------------    -------------------
                         (clock pll_adc_clk rise edge)
                                                      0.000     0.000 r  
    U18                                               0.000     0.000 r  adc_clk_i[1] (IN)
                         net (fo=0)                   0.000     0.000    adc_clk_i[1]
    U18                  IBUFDS (Prop_ibufds_I_O)     0.401     0.401 r  i_clk/O
                         net (fo=1, routed)           0.440     0.842    pll/adc_clk_in
    PLLE2_ADV_X0Y0       PLLE2_ADV (Prop_plle2_adv_CLKIN1_CLKOUT0)
                                                      0.051     0.893 r  pll/pll/CLKOUT0
                         net (fo=1, routed)           0.497     1.390    pll_adc_clk
    BUFGCTRL_X0Y0        BUFG (Prop_bufg_I_O)         0.026     1.416 r  bufg_adc_clk/O
                         net (fo=4352, routed)        0.579     1.994    ps/axi_master[1]/clk_i
    SLICE_X1Y15          FDRE                                         r  ps/axi_master[1]/axi_wwr_pt_reg[1]/C
  -------------------------------------------------------------------    -------------------
    SLICE_X1Y15          FDRE (Prop_fdre_C_Q)         0.128     2.122 r  ps/axi_master[1]/axi_wwr_pt_reg[1]/Q
                         net (fo=107, routed)         0.209     2.331    ps/axi_master[1]/axi_wfifo_reg_0_15_60_65/ADDRD1
    SLICE_X0Y15          RAMD32                                       r  ps/axi_master[1]/axi_wfifo_reg_0_15_60_65/RAMC_D1/WADR1
  -------------------------------------------------------------------    -------------------

                         (clock pll_adc_clk rise edge)
                                                      0.000     0.000 r  
    U18                                               0.000     0.000 r  adc_clk_i[1] (IN)
                         net (fo=0)                   0.000     0.000    adc_clk_i[1]
    U18                  IBUFDS (Prop_ibufds_I_O)     0.433     0.433 r  i_clk/O
                         net (fo=1, routed)           0.481     0.914    pll/adc_clk_in
    PLLE2_ADV_X0Y0       PLLE2_ADV (Prop_plle2_adv_CLKIN1_CLKOUT0)
                                                      0.054     0.968 r  pll/pll/CLKOUT0
                         net (fo=1, routed)           0.544     1.512    pll_adc_clk
    BUFGCTRL_X0Y0        BUFG (Prop_bufg_I_O)         0.029     1.541 r  bufg_adc_clk/O
                         net (fo=4352, routed)        0.845     2.386    ps/axi_master[1]/axi_wfifo_reg_0_15_60_65/WCLK
    SLICE_X0Y15          RAMD32                                       r  ps/axi_master[1]/axi_wfifo_reg_0_15_60_65/RAMC_D1/CLK
                         clock pessimism             -0.379     2.007    
    SLICE_X0Y15          RAMD32 (Hold_ramd32_CLK_WADR1)
                                                      0.255     2.262    ps/axi_master[1]/axi_wfifo_reg_0_15_60_65/RAMC_D1
  -------------------------------------------------------------------
                         required time                         -2.262    
                         arrival time                           2.331    
  -------------------------------------------------------------------
                         slack                                  0.069    

Slack (MET) :             0.069ns  (arrival time - required time)
  Source:                 ps/axi_master[1]/axi_wwr_pt_reg[1]/C
                            (rising edge-triggered cell FDRE clocked by pll_adc_clk  {rise@0.000ns fall@4.000ns period=8.000ns})
  Destination:            ps/axi_master[1]/axi_wfifo_reg_0_15_60_65/RAMD/ADR1
                            (rising edge-triggered cell RAMS32 clocked by pll_adc_clk  {rise@0.000ns fall@4.000ns period=8.000ns})
  Path Group:             pll_adc_clk
  Path Type:              Hold (Min at Fast Process Corner)
  Requirement:            0.000ns  (pll_adc_clk rise@0.000ns - pll_adc_clk rise@0.000ns)
  Data Path Delay:        0.337ns  (logic 0.128ns (37.955%)  route 0.209ns (62.045%))
  Logic Levels:           0  
  Clock Path Skew:        0.013ns (DCD - SCD - CPR)
    Destination Clock Delay (DCD):    2.386ns
    Source Clock Delay      (SCD):    1.994ns
    Clock Pessimism Removal (CPR):    0.379ns

    Location             Delay type                Incr(ns)  Path(ns)    Netlist Resource(s)
  -------------------------------------------------------------------    -------------------
                         (clock pll_adc_clk rise edge)
                                                      0.000     0.000 r  
    U18                                               0.000     0.000 r  adc_clk_i[1] (IN)
                         net (fo=0)                   0.000     0.000    adc_clk_i[1]
    U18                  IBUFDS (Prop_ibufds_I_O)     0.401     0.401 r  i_clk/O
                         net (fo=1, routed)           0.440     0.842    pll/adc_clk_in
    PLLE2_ADV_X0Y0       PLLE2_ADV (Prop_plle2_adv_CLKIN1_CLKOUT0)
                                                      0.051     0.893 r  pll/pll/CLKOUT0
                         net (fo=1, routed)           0.497     1.390    pll_adc_clk
    BUFGCTRL_X0Y0        BUFG (Prop_bufg_I_O)         0.026     1.416 r  bufg_adc_clk/O
                         net (fo=4352, routed)        0.579     1.994    ps/axi_master[1]/clk_i
    SLICE_X1Y15          FDRE                                         r  ps/axi_master[1]/axi_wwr_pt_reg[1]/C
  -------------------------------------------------------------------    -------------------
    SLICE_X1Y15          FDRE (Prop_fdre_C_Q)         0.128     2.122 r  ps/axi_master[1]/axi_wwr_pt_reg[1]/Q
                         net (fo=107, routed)         0.209     2.331    ps/axi_master[1]/axi_wfifo_reg_0_15_60_65/ADDRD1
    SLICE_X0Y15          RAMS32                                       r  ps/axi_master[1]/axi_wfifo_reg_0_15_60_65/RAMD/ADR1
  -------------------------------------------------------------------    -------------------

                         (clock pll_adc_clk rise edge)
                                                      0.000     0.000 r  
    U18                                               0.000     0.000 r  adc_clk_i[1] (IN)
                         net (fo=0)                   0.000     0.000    adc_clk_i[1]
    U18                  IBUFDS (Prop_ibufds_I_O)     0.433     0.433 r  i_clk/O
                         net (fo=1, routed)           0.481     0.914    pll/adc_clk_in
    PLLE2_ADV_X0Y0       PLLE2_ADV (Prop_plle2_adv_CLKIN1_CLKOUT0)
                                                      0.054     0.968 r  pll/pll/CLKOUT0
                         net (fo=1, routed)           0.544     1.512    pll_adc_clk
    BUFGCTRL_X0Y0        BUFG (Prop_bufg_I_O)         0.029     1.541 r  bufg_adc_clk/O
                         net (fo=4352, routed)        0.845     2.386    ps/axi_master[1]/axi_wfifo_reg_0_15_60_65/WCLK
    SLICE_X0Y15          RAMS32                                       r  ps/axi_master[1]/axi_wfifo_reg_0_15_60_65/RAMD/CLK
                         clock pessimism             -0.379     2.007    
    SLICE_X0Y15          RAMS32 (Hold_rams32_CLK_ADR1)
                                                      0.255     2.262    ps/axi_master[1]/axi_wfifo_reg_0_15_60_65/RAMD
  -------------------------------------------------------------------
                         required time                         -2.262    
                         arrival time                           2.331    
  -------------------------------------------------------------------
                         slack                                  0.069    





Pulse Width Checks
--------------------------------------------------------------------------------------
Clock Name:         pll_adc_clk
Waveform(ns):       { 0.000 4.000 }
Period(ns):         8.000
Sources:            { pll/pll/CLKOUT0 }

Check Type        Corner  Lib Pin            Reference Pin  Required(ns)  Actual(ns)  Slack(ns)  Location        Pin
Min Period        n/a     DSP48E1/CLK        n/a            3.884         8.000       4.116      DSP48_X1Y7      i_scope/i_dfilt1_chb/bb_mult/CLK
Min Period        n/a     DSP48E1/CLK        n/a            3.884         8.000       4.116      DSP48_X1Y13     i_scope/i_dfilt1_cha/bb_mult/CLK
Min Period        n/a     DSP48E1/CLK        n/a            3.558         8.000       4.442      DSP48_X1Y4      i_pid/i_pid12/kd_mult/CLK
Min Period        n/a     DSP48E1/CLK        n/a            3.558         8.000       4.442      DSP48_X1Y6      i_pid/i_pid22/kd_mult/CLK
Min Period        n/a     DSP48E1/CLK        n/a            3.558         8.000       4.442      DSP48_X1Y14     i_pid/i_pid11/kp_mult/CLK
Min Period        n/a     DSP48E1/CLK        n/a            3.558         8.000       4.442      DSP48_X1Y12     i_pid/i_pid21/kp_mult/CLK
Min Period        n/a     DSP48E1/CLK        n/a            3.558         8.000       4.442      DSP48_X1Y2      i_pid/i_pid12/kp_mult/CLK
Min Period        n/a     DSP48E1/CLK        n/a            3.558         8.000       4.442      DSP48_X1Y5      i_pid/i_pid22/kp_mult/CLK
Min Period        n/a     DSP48E1/CLK        n/a            3.558         8.000       4.442      DSP48_X1Y10     i_pid/i_pid21/kd_mult/CLK
Min Period        n/a     DSP48E1/CLK        n/a            3.558         8.000       4.442      DSP48_X1Y15     i_pid/i_pid11/kd_mult/CLK
Max Period        n/a     PLLE2_ADV/CLKOUT0  n/a            160.000       8.000       152.000    PLLE2_ADV_X0Y0  pll/pll/CLKOUT0
Low Pulse Width   Slow    RAMD32/CLK         n/a            1.250         4.000       2.750      SLICE_X8Y1      ps/axi_master[0]/axi_awfifo_reg_0_15_0_5/RAMA/CLK
Low Pulse Width   Fast    RAMD32/CLK         n/a            1.250         4.000       2.750      SLICE_X8Y1      ps/axi_master[0]/axi_awfifo_reg_0_15_0_5/RAMA/CLK
Low Pulse Width   Slow    RAMD32/CLK         n/a            1.250         4.000       2.750      SLICE_X8Y1      ps/axi_master[0]/axi_awfifo_reg_0_15_0_5/RAMA_D1/CLK
Low Pulse Width   Fast    RAMD32/CLK         n/a            1.250         4.000       2.750      SLICE_X8Y1      ps/axi_master[0]/axi_awfifo_reg_0_15_0_5/RAMA_D1/CLK
Low Pulse Width   Slow    RAMD32/CLK         n/a            1.250         4.000       2.750      SLICE_X8Y1      ps/axi_master[0]/axi_awfifo_reg_0_15_0_5/RAMB/CLK
Low Pulse Width   Fast    RAMD32/CLK         n/a            1.250         4.000       2.750      SLICE_X8Y1      ps/axi_master[0]/axi_awfifo_reg_0_15_0_5/RAMB/CLK
Low Pulse Width   Slow    RAMD32/CLK         n/a            1.250         4.000       2.750      SLICE_X8Y1      ps/axi_master[0]/axi_awfifo_reg_0_15_0_5/RAMB_D1/CLK
Low Pulse Width   Fast    RAMD32/CLK         n/a            1.250         4.000       2.750      SLICE_X8Y1      ps/axi_master[0]/axi_awfifo_reg_0_15_0_5/RAMB_D1/CLK
Low Pulse Width   Slow    RAMD32/CLK         n/a            1.250         4.000       2.750      SLICE_X8Y1      ps/axi_master[0]/axi_awfifo_reg_0_15_0_5/RAMC/CLK
Low Pulse Width   Fast    RAMD32/CLK         n/a            1.250         4.000       2.750      SLICE_X8Y1      ps/axi_master[0]/axi_awfifo_reg_0_15_0_5/RAMC/CLK
High Pulse Width  Slow    RAMD32/CLK         n/a            1.250         4.000       2.750      SLICE_X0Y2      ps/axi_master[0]/axi_wfifo_reg_0_15_72_72/RAMA/CLK
High Pulse Width  Slow    RAMD32/CLK         n/a            1.250         4.000       2.750      SLICE_X0Y2      ps/axi_master[0]/axi_wfifo_reg_0_15_72_72/RAMA_D1/CLK
High Pulse Width  Slow    RAMD32/CLK         n/a            1.250         4.000       2.750      SLICE_X0Y2      ps/axi_master[0]/axi_wfifo_reg_0_15_72_72/RAMB/CLK
High Pulse Width  Slow    RAMD32/CLK         n/a            1.250         4.000       2.750      SLICE_X0Y2      ps/axi_master[0]/axi_wfifo_reg_0_15_72_72/RAMB_D1/CLK
High Pulse Width  Slow    RAMD32/CLK         n/a            1.250         4.000       2.750      SLICE_X0Y2      ps/axi_master[0]/axi_wfifo_reg_0_15_72_72/RAMC/CLK
High Pulse Width  Slow    RAMD32/CLK         n/a            1.250         4.000       2.750      SLICE_X0Y2      ps/axi_master[0]/axi_wfifo_reg_0_15_72_72/RAMC_D1/CLK
High Pulse Width  Slow    RAMS32/CLK         n/a            1.250         4.000       2.750      SLICE_X0Y2      ps/axi_master[0]/axi_wfifo_reg_0_15_72_72/RAMD/CLK
High Pulse Width  Slow    RAMS32/CLK         n/a            1.250         4.000       2.750      SLICE_X0Y2      ps/axi_master[0]/axi_wfifo_reg_0_15_72_72/RAMD_D1/CLK
High Pulse Width  Slow    RAMD32/CLK         n/a            1.250         4.000       2.750      SLICE_X8Y15     ps/axi_master[1]/axi_awfifo_reg_0_15_36_36/RAMA/CLK
High Pulse Width  Slow    RAMD32/CLK         n/a            1.250         4.000       2.750      SLICE_X8Y15     ps/axi_master[1]/axi_awfifo_reg_0_15_36_36/RAMA_D1/CLK



---------------------------------------------------------------------------------------------------
From Clock:  pll_dac_clk_1x
  To Clock:  pll_dac_clk_1x

Setup :            0  Failing Endpoints,  Worst Slack        0.269ns,  Total Violation        0.000ns
Hold  :            0  Failing Endpoints,  Worst Slack        0.203ns,  Total Violation        0.000ns
PW    :            0  Failing Endpoints,  Worst Slack        3.500ns,  Total Violation        0.000ns
---------------------------------------------------------------------------------------------------


Max Delay Paths
--------------------------------------------------------------------------------------
Slack (MET) :             0.269ns  (required time - arrival time)
  Source:                 dac_dat_a_reg[13]/C
                            (rising edge-triggered cell FDRE clocked by pll_dac_clk_1x  {rise@0.000ns fall@4.000ns period=8.000ns})
  Destination:            oddr_dac_dat[13]/D2
                            (falling edge-triggered cell ODDR clocked by pll_dac_clk_1x  {rise@0.000ns fall@4.000ns period=8.000ns})
  Path Group:             pll_dac_clk_1x
  Path Type:              Setup (Max at Slow Process Corner)
  Requirement:            4.000ns  (pll_dac_clk_1x fall@4.000ns - pll_dac_clk_1x rise@0.000ns)
  Data Path Delay:        2.454ns  (logic 0.419ns (17.077%)  route 2.035ns (82.923%))
  Logic Levels:           0  
  Clock Path Skew:        -0.203ns (DCD - SCD + CPR)
    Destination Clock Delay (DCD):    5.434ns = ( 9.434 - 4.000 ) 
    Source Clock Delay      (SCD):    5.980ns
    Clock Pessimism Removal (CPR):    0.343ns
  Clock Uncertainty:      0.069ns  ((TSJ^2 + DJ^2)^1/2) / 2 + PE
    Total System Jitter     (TSJ):    0.071ns
    Discrete Jitter          (DJ):    0.118ns
    Phase Error              (PE):    0.000ns

    Location             Delay type                Incr(ns)  Path(ns)    Netlist Resource(s)
  -------------------------------------------------------------------    -------------------
                         (clock pll_dac_clk_1x rise edge)
                                                      0.000     0.000 r  
    U18                                               0.000     0.000 r  adc_clk_i[1] (IN)
                         net (fo=0)                   0.000     0.000    adc_clk_i[1]
    U18                  IBUFDS (Prop_ibufds_I_O)     0.983     0.983 r  i_clk/O
                         net (fo=1, routed)           1.306     2.289    pll/adc_clk_in
    PLLE2_ADV_X0Y0       PLLE2_ADV (Prop_plle2_adv_CLKIN1_CLKOUT1)
                                                      0.089     2.378 r  pll/pll/CLKOUT1
                         net (fo=1, routed)           1.754     4.132    pll_dac_clk_1x
    BUFGCTRL_X0Y3        BUFG (Prop_bufg_I_O)         0.101     4.233 r  bufg_dac_clk_1x/O
                         net (fo=77, routed)          1.747     5.980    dac_clk_1x
    SLICE_X37Y35         FDRE                                         r  dac_dat_a_reg[13]/C
  -------------------------------------------------------------------    -------------------
    SLICE_X37Y35         FDRE (Prop_fdre_C_Q)         0.419     6.399 r  dac_dat_a_reg[13]/Q
                         net (fo=1, routed)           2.035     8.434    dac_dat_a[13]
    OLOGIC_X0Y92         ODDR                                         r  oddr_dac_dat[13]/D2
  -------------------------------------------------------------------    -------------------

                         (clock pll_dac_clk_1x fall edge)
                                                      4.000     4.000 f  
    U18                                               0.000     4.000 f  adc_clk_i[1] (IN)
                         net (fo=0)                   0.000     4.000    adc_clk_i[1]
    U18                  IBUFDS (Prop_ibufds_I_O)     0.940     4.940 f  i_clk/O
                         net (fo=1, routed)           1.181     6.121    pll/adc_clk_in
    PLLE2_ADV_X0Y0       PLLE2_ADV (Prop_plle2_adv_CLKIN1_CLKOUT1)
                                                      0.084     6.205 f  pll/pll/CLKOUT1
                         net (fo=1, routed)           1.594     7.799    pll_dac_clk_1x
    BUFGCTRL_X0Y3        BUFG (Prop_bufg_I_O)         0.091     7.890 f  bufg_dac_clk_1x/O
                         net (fo=77, routed)          1.544     9.434    dac_clk_1x
    OLOGIC_X0Y92         ODDR                                         f  oddr_dac_dat[13]/C
                         clock pessimism              0.343     9.777    
                         clock uncertainty           -0.069     9.708    
    OLOGIC_X0Y92         ODDR (Setup_oddr_C_D2)      -1.006     8.702    oddr_dac_dat[13]
  -------------------------------------------------------------------
                         required time                          8.702    
                         arrival time                          -8.434    
  -------------------------------------------------------------------
                         slack                                  0.269    

Slack (MET) :             0.369ns  (required time - arrival time)
  Source:                 dac_dat_a_reg[1]/C
                            (rising edge-triggered cell FDRE clocked by pll_dac_clk_1x  {rise@0.000ns fall@4.000ns period=8.000ns})
  Destination:            oddr_dac_dat[1]/D2
                            (falling edge-triggered cell ODDR clocked by pll_dac_clk_1x  {rise@0.000ns fall@4.000ns period=8.000ns})
  Path Group:             pll_dac_clk_1x
  Path Type:              Setup (Max at Slow Process Corner)
  Requirement:            4.000ns  (pll_dac_clk_1x fall@4.000ns - pll_dac_clk_1x rise@0.000ns)
  Data Path Delay:        2.347ns  (logic 0.419ns (17.855%)  route 1.928ns (82.145%))
  Logic Levels:           0  
  Clock Path Skew:        -0.207ns (DCD - SCD + CPR)
    Destination Clock Delay (DCD):    5.430ns = ( 9.430 - 4.000 ) 
    Source Clock Delay      (SCD):    5.980ns
    Clock Pessimism Removal (CPR):    0.343ns
  Clock Uncertainty:      0.069ns  ((TSJ^2 + DJ^2)^1/2) / 2 + PE
    Total System Jitter     (TSJ):    0.071ns
    Discrete Jitter          (DJ):    0.118ns
    Phase Error              (PE):    0.000ns

    Location             Delay type                Incr(ns)  Path(ns)    Netlist Resource(s)
  -------------------------------------------------------------------    -------------------
                         (clock pll_dac_clk_1x rise edge)
                                                      0.000     0.000 r  
    U18                                               0.000     0.000 r  adc_clk_i[1] (IN)
                         net (fo=0)                   0.000     0.000    adc_clk_i[1]
    U18                  IBUFDS (Prop_ibufds_I_O)     0.983     0.983 r  i_clk/O
                         net (fo=1, routed)           1.306     2.289    pll/adc_clk_in
    PLLE2_ADV_X0Y0       PLLE2_ADV (Prop_plle2_adv_CLKIN1_CLKOUT1)
                                                      0.089     2.378 r  pll/pll/CLKOUT1
                         net (fo=1, routed)           1.754     4.132    pll_dac_clk_1x
    BUFGCTRL_X0Y3        BUFG (Prop_bufg_I_O)         0.101     4.233 r  bufg_dac_clk_1x/O
                         net (fo=77, routed)          1.747     5.980    dac_clk_1x
    SLICE_X36Y35         FDRE                                         r  dac_dat_a_reg[1]/C
  -------------------------------------------------------------------    -------------------
    SLICE_X36Y35         FDRE (Prop_fdre_C_Q)         0.419     6.399 r  dac_dat_a_reg[1]/Q
                         net (fo=1, routed)           1.928     8.327    dac_dat_a[1]
    OLOGIC_X0Y85         ODDR                                         r  oddr_dac_dat[1]/D2
  -------------------------------------------------------------------    -------------------

                         (clock pll_dac_clk_1x fall edge)
                                                      4.000     4.000 f  
    U18                                               0.000     4.000 f  adc_clk_i[1] (IN)
                         net (fo=0)                   0.000     4.000    adc_clk_i[1]
    U18                  IBUFDS (Prop_ibufds_I_O)     0.940     4.940 f  i_clk/O
                         net (fo=1, routed)           1.181     6.121    pll/adc_clk_in
    PLLE2_ADV_X0Y0       PLLE2_ADV (Prop_plle2_adv_CLKIN1_CLKOUT1)
                                                      0.084     6.205 f  pll/pll/CLKOUT1
                         net (fo=1, routed)           1.594     7.799    pll_dac_clk_1x
    BUFGCTRL_X0Y3        BUFG (Prop_bufg_I_O)         0.091     7.890 f  bufg_dac_clk_1x/O
                         net (fo=77, routed)          1.540     9.430    dac_clk_1x
    OLOGIC_X0Y85         ODDR                                         f  oddr_dac_dat[1]/C
                         clock pessimism              0.343     9.773    
                         clock uncertainty           -0.069     9.704    
    OLOGIC_X0Y85         ODDR (Setup_oddr_C_D2)      -1.009     8.695    oddr_dac_dat[1]
  -------------------------------------------------------------------
                         required time                          8.695    
                         arrival time                          -8.327    
  -------------------------------------------------------------------
                         slack                                  0.369    

Slack (MET) :             0.403ns  (required time - arrival time)
  Source:                 dac_rst_reg/C
                            (rising edge-triggered cell FDRE clocked by pll_dac_clk_1x  {rise@0.000ns fall@4.000ns period=8.000ns})
  Destination:            oddr_dac_dat[3]/R
                            (falling edge-triggered cell ODDR clocked by pll_dac_clk_1x  {rise@0.000ns fall@4.000ns period=8.000ns})
  Path Group:             pll_dac_clk_1x
  Path Type:              Setup (Max at Slow Process Corner)
  Requirement:            4.000ns  (pll_dac_clk_1x fall@4.000ns - pll_dac_clk_1x rise@0.000ns)
  Data Path Delay:        2.513ns  (logic 0.456ns (18.147%)  route 2.057ns (81.853%))
  Logic Levels:           0  
  Clock Path Skew:        -0.217ns (DCD - SCD + CPR)
    Destination Clock Delay (DCD):    5.428ns = ( 9.428 - 4.000 ) 
    Source Clock Delay      (SCD):    5.988ns
    Clock Pessimism Removal (CPR):    0.343ns
  Clock Uncertainty:      0.069ns  ((TSJ^2 + DJ^2)^1/2) / 2 + PE
    Total System Jitter     (TSJ):    0.071ns
    Discrete Jitter          (DJ):    0.118ns
    Phase Error              (PE):    0.000ns

    Location             Delay type                Incr(ns)  Path(ns)    Netlist Resource(s)
  -------------------------------------------------------------------    -------------------
                         (clock pll_dac_clk_1x rise edge)
                                                      0.000     0.000 r  
    U18                                               0.000     0.000 r  adc_clk_i[1] (IN)
                         net (fo=0)                   0.000     0.000    adc_clk_i[1]
    U18                  IBUFDS (Prop_ibufds_I_O)     0.983     0.983 r  i_clk/O
                         net (fo=1, routed)           1.306     2.289    pll/adc_clk_in
    PLLE2_ADV_X0Y0       PLLE2_ADV (Prop_plle2_adv_CLKIN1_CLKOUT1)
                                                      0.089     2.378 r  pll/pll/CLKOUT1
                         net (fo=1, routed)           1.754     4.132    pll_dac_clk_1x
    BUFGCTRL_X0Y3        BUFG (Prop_bufg_I_O)         0.101     4.233 r  bufg_dac_clk_1x/O
                         net (fo=77, routed)          1.755     5.988    dac_clk_1x
    SLICE_X43Y47         FDRE                                         r  dac_rst_reg/C
  -------------------------------------------------------------------    -------------------
    SLICE_X43Y47         FDRE (Prop_fdre_C_Q)         0.456     6.444 r  dac_rst_reg/Q
                         net (fo=17, routed)          2.057     8.501    dac_rst
    OLOGIC_X0Y81         ODDR                                         r  oddr_dac_dat[3]/R
  -------------------------------------------------------------------    -------------------

                         (clock pll_dac_clk_1x fall edge)
                                                      4.000     4.000 f  
    U18                                               0.000     4.000 f  adc_clk_i[1] (IN)
                         net (fo=0)                   0.000     4.000    adc_clk_i[1]
    U18                  IBUFDS (Prop_ibufds_I_O)     0.940     4.940 f  i_clk/O
                         net (fo=1, routed)           1.181     6.121    pll/adc_clk_in
    PLLE2_ADV_X0Y0       PLLE2_ADV (Prop_plle2_adv_CLKIN1_CLKOUT1)
                                                      0.084     6.205 f  pll/pll/CLKOUT1
                         net (fo=1, routed)           1.594     7.799    pll_dac_clk_1x
    BUFGCTRL_X0Y3        BUFG (Prop_bufg_I_O)         0.091     7.890 f  bufg_dac_clk_1x/O
                         net (fo=77, routed)          1.538     9.428    dac_clk_1x
    OLOGIC_X0Y81         ODDR                                         f  oddr_dac_dat[3]/C
                         clock pessimism              0.343     9.771    
                         clock uncertainty           -0.069     9.702    
    OLOGIC_X0Y81         ODDR (Setup_oddr_C_R)       -0.798     8.904    oddr_dac_dat[3]
  -------------------------------------------------------------------
                         required time                          8.904    
                         arrival time                          -8.501    
  -------------------------------------------------------------------
                         slack                                  0.403    

Slack (MET) :             0.409ns  (required time - arrival time)
  Source:                 dac_dat_a_reg[3]/C
                            (rising edge-triggered cell FDRE clocked by pll_dac_clk_1x  {rise@0.000ns fall@4.000ns period=8.000ns})
  Destination:            oddr_dac_dat[3]/D2
                            (falling edge-triggered cell ODDR clocked by pll_dac_clk_1x  {rise@0.000ns fall@4.000ns period=8.000ns})
  Path Group:             pll_dac_clk_1x
  Path Type:              Setup (Max at Slow Process Corner)
  Requirement:            4.000ns  (pll_dac_clk_1x fall@4.000ns - pll_dac_clk_1x rise@0.000ns)
  Data Path Delay:        2.306ns  (logic 0.419ns (18.169%)  route 1.887ns (81.831%))
  Logic Levels:           0  
  Clock Path Skew:        -0.207ns (DCD - SCD + CPR)
    Destination Clock Delay (DCD):    5.428ns = ( 9.428 - 4.000 ) 
    Source Clock Delay      (SCD):    5.978ns
    Clock Pessimism Removal (CPR):    0.343ns
  Clock Uncertainty:      0.069ns  ((TSJ^2 + DJ^2)^1/2) / 2 + PE
    Total System Jitter     (TSJ):    0.071ns
    Discrete Jitter          (DJ):    0.118ns
    Phase Error              (PE):    0.000ns

    Location             Delay type                Incr(ns)  Path(ns)    Netlist Resource(s)
  -------------------------------------------------------------------    -------------------
                         (clock pll_dac_clk_1x rise edge)
                                                      0.000     0.000 r  
    U18                                               0.000     0.000 r  adc_clk_i[1] (IN)
                         net (fo=0)                   0.000     0.000    adc_clk_i[1]
    U18                  IBUFDS (Prop_ibufds_I_O)     0.983     0.983 r  i_clk/O
                         net (fo=1, routed)           1.306     2.289    pll/adc_clk_in
    PLLE2_ADV_X0Y0       PLLE2_ADV (Prop_plle2_adv_CLKIN1_CLKOUT1)
                                                      0.089     2.378 r  pll/pll/CLKOUT1
                         net (fo=1, routed)           1.754     4.132    pll_dac_clk_1x
    BUFGCTRL_X0Y3        BUFG (Prop_bufg_I_O)         0.101     4.233 r  bufg_dac_clk_1x/O
                         net (fo=77, routed)          1.745     5.978    dac_clk_1x
    SLICE_X36Y34         FDRE                                         r  dac_dat_a_reg[3]/C
  -------------------------------------------------------------------    -------------------
    SLICE_X36Y34         FDRE (Prop_fdre_C_Q)         0.419     6.397 r  dac_dat_a_reg[3]/Q
                         net (fo=1, routed)           1.887     8.284    dac_dat_a[3]
    OLOGIC_X0Y81         ODDR                                         r  oddr_dac_dat[3]/D2
  -------------------------------------------------------------------    -------------------

                         (clock pll_dac_clk_1x fall edge)
                                                      4.000     4.000 f  
    U18                                               0.000     4.000 f  adc_clk_i[1] (IN)
                         net (fo=0)                   0.000     4.000    adc_clk_i[1]
    U18                  IBUFDS (Prop_ibufds_I_O)     0.940     4.940 f  i_clk/O
                         net (fo=1, routed)           1.181     6.121    pll/adc_clk_in
    PLLE2_ADV_X0Y0       PLLE2_ADV (Prop_plle2_adv_CLKIN1_CLKOUT1)
                                                      0.084     6.205 f  pll/pll/CLKOUT1
                         net (fo=1, routed)           1.594     7.799    pll_dac_clk_1x
    BUFGCTRL_X0Y3        BUFG (Prop_bufg_I_O)         0.091     7.890 f  bufg_dac_clk_1x/O
                         net (fo=77, routed)          1.538     9.428    dac_clk_1x
    OLOGIC_X0Y81         ODDR                                         f  oddr_dac_dat[3]/C
                         clock pessimism              0.343     9.771    
                         clock uncertainty           -0.069     9.702    
    OLOGIC_X0Y81         ODDR (Setup_oddr_C_D2)      -1.009     8.693    oddr_dac_dat[3]
  -------------------------------------------------------------------
                         required time                          8.693    
                         arrival time                          -8.284    
  -------------------------------------------------------------------
                         slack                                  0.409    

Slack (MET) :             0.415ns  (required time - arrival time)
  Source:                 dac_rst_reg/C
                            (rising edge-triggered cell FDRE clocked by pll_dac_clk_1x  {rise@0.000ns fall@4.000ns period=8.000ns})
  Destination:            oddr_dac_dat[2]/R
                            (falling edge-triggered cell ODDR clocked by pll_dac_clk_1x  {rise@0.000ns fall@4.000ns period=8.000ns})
  Path Group:             pll_dac_clk_1x
  Path Type:              Setup (Max at Slow Process Corner)
  Requirement:            4.000ns  (pll_dac_clk_1x fall@4.000ns - pll_dac_clk_1x rise@0.000ns)
  Data Path Delay:        2.501ns  (logic 0.456ns (18.232%)  route 2.045ns (81.768%))
  Logic Levels:           0  
  Clock Path Skew:        -0.217ns (DCD - SCD + CPR)
    Destination Clock Delay (DCD):    5.428ns = ( 9.428 - 4.000 ) 
    Source Clock Delay      (SCD):    5.988ns
    Clock Pessimism Removal (CPR):    0.343ns
  Clock Uncertainty:      0.069ns  ((TSJ^2 + DJ^2)^1/2) / 2 + PE
    Total System Jitter     (TSJ):    0.071ns
    Discrete Jitter          (DJ):    0.118ns
    Phase Error              (PE):    0.000ns

    Location             Delay type                Incr(ns)  Path(ns)    Netlist Resource(s)
  -------------------------------------------------------------------    -------------------
                         (clock pll_dac_clk_1x rise edge)
                                                      0.000     0.000 r  
    U18                                               0.000     0.000 r  adc_clk_i[1] (IN)
                         net (fo=0)                   0.000     0.000    adc_clk_i[1]
    U18                  IBUFDS (Prop_ibufds_I_O)     0.983     0.983 r  i_clk/O
                         net (fo=1, routed)           1.306     2.289    pll/adc_clk_in
    PLLE2_ADV_X0Y0       PLLE2_ADV (Prop_plle2_adv_CLKIN1_CLKOUT1)
                                                      0.089     2.378 r  pll/pll/CLKOUT1
                         net (fo=1, routed)           1.754     4.132    pll_dac_clk_1x
    BUFGCTRL_X0Y3        BUFG (Prop_bufg_I_O)         0.101     4.233 r  bufg_dac_clk_1x/O
                         net (fo=77, routed)          1.755     5.988    dac_clk_1x
    SLICE_X43Y47         FDRE                                         r  dac_rst_reg/C
  -------------------------------------------------------------------    -------------------
    SLICE_X43Y47         FDRE (Prop_fdre_C_Q)         0.456     6.444 r  dac_rst_reg/Q
                         net (fo=17, routed)          2.045     8.489    dac_rst
    OLOGIC_X0Y82         ODDR                                         r  oddr_dac_dat[2]/R
  -------------------------------------------------------------------    -------------------

                         (clock pll_dac_clk_1x fall edge)
                                                      4.000     4.000 f  
    U18                                               0.000     4.000 f  adc_clk_i[1] (IN)
                         net (fo=0)                   0.000     4.000    adc_clk_i[1]
    U18                  IBUFDS (Prop_ibufds_I_O)     0.940     4.940 f  i_clk/O
                         net (fo=1, routed)           1.181     6.121    pll/adc_clk_in
    PLLE2_ADV_X0Y0       PLLE2_ADV (Prop_plle2_adv_CLKIN1_CLKOUT1)
                                                      0.084     6.205 f  pll/pll/CLKOUT1
                         net (fo=1, routed)           1.594     7.799    pll_dac_clk_1x
    BUFGCTRL_X0Y3        BUFG (Prop_bufg_I_O)         0.091     7.890 f  bufg_dac_clk_1x/O
                         net (fo=77, routed)          1.538     9.428    dac_clk_1x
    OLOGIC_X0Y82         ODDR                                         f  oddr_dac_dat[2]/C
                         clock pessimism              0.343     9.771    
                         clock uncertainty           -0.069     9.702    
    OLOGIC_X0Y82         ODDR (Setup_oddr_C_R)       -0.798     8.904    oddr_dac_dat[2]
  -------------------------------------------------------------------
                         required time                          8.904    
                         arrival time                          -8.489    
  -------------------------------------------------------------------
                         slack                                  0.415    

Slack (MET) :             0.436ns  (required time - arrival time)
  Source:                 dac_rst_reg/C
                            (rising edge-triggered cell FDRE clocked by pll_dac_clk_1x  {rise@0.000ns fall@4.000ns period=8.000ns})
  Destination:            oddr_dac_dat[11]/R
                            (falling edge-triggered cell ODDR clocked by pll_dac_clk_1x  {rise@0.000ns fall@4.000ns period=8.000ns})
  Path Group:             pll_dac_clk_1x
  Path Type:              Setup (Max at Slow Process Corner)
  Requirement:            4.000ns  (pll_dac_clk_1x fall@4.000ns - pll_dac_clk_1x rise@0.000ns)
  Data Path Delay:        2.477ns  (logic 0.456ns (18.406%)  route 2.021ns (81.594%))
  Logic Levels:           0  
  Clock Path Skew:        -0.220ns (DCD - SCD + CPR)
    Destination Clock Delay (DCD):    5.425ns = ( 9.425 - 4.000 ) 
    Source Clock Delay      (SCD):    5.988ns
    Clock Pessimism Removal (CPR):    0.343ns
  Clock Uncertainty:      0.069ns  ((TSJ^2 + DJ^2)^1/2) / 2 + PE
    Total System Jitter     (TSJ):    0.071ns
    Discrete Jitter          (DJ):    0.118ns
    Phase Error              (PE):    0.000ns

    Location             Delay type                Incr(ns)  Path(ns)    Netlist Resource(s)
  -------------------------------------------------------------------    -------------------
                         (clock pll_dac_clk_1x rise edge)
                                                      0.000     0.000 r  
    U18                                               0.000     0.000 r  adc_clk_i[1] (IN)
                         net (fo=0)                   0.000     0.000    adc_clk_i[1]
    U18                  IBUFDS (Prop_ibufds_I_O)     0.983     0.983 r  i_clk/O
                         net (fo=1, routed)           1.306     2.289    pll/adc_clk_in
    PLLE2_ADV_X0Y0       PLLE2_ADV (Prop_plle2_adv_CLKIN1_CLKOUT1)
                                                      0.089     2.378 r  pll/pll/CLKOUT1
                         net (fo=1, routed)           1.754     4.132    pll_dac_clk_1x
    BUFGCTRL_X0Y3        BUFG (Prop_bufg_I_O)         0.101     4.233 r  bufg_dac_clk_1x/O
                         net (fo=77, routed)          1.755     5.988    dac_clk_1x
    SLICE_X43Y47         FDRE                                         r  dac_rst_reg/C
  -------------------------------------------------------------------    -------------------
    SLICE_X43Y47         FDRE (Prop_fdre_C_Q)         0.456     6.444 r  dac_rst_reg/Q
                         net (fo=17, routed)          2.021     8.466    dac_rst
    OLOGIC_X0Y69         ODDR                                         r  oddr_dac_dat[11]/R
  -------------------------------------------------------------------    -------------------

                         (clock pll_dac_clk_1x fall edge)
                                                      4.000     4.000 f  
    U18                                               0.000     4.000 f  adc_clk_i[1] (IN)
                         net (fo=0)                   0.000     4.000    adc_clk_i[1]
    U18                  IBUFDS (Prop_ibufds_I_O)     0.940     4.940 f  i_clk/O
                         net (fo=1, routed)           1.181     6.121    pll/adc_clk_in
    PLLE2_ADV_X0Y0       PLLE2_ADV (Prop_plle2_adv_CLKIN1_CLKOUT1)
                                                      0.084     6.205 f  pll/pll/CLKOUT1
                         net (fo=1, routed)           1.594     7.799    pll_dac_clk_1x
    BUFGCTRL_X0Y3        BUFG (Prop_bufg_I_O)         0.091     7.890 f  bufg_dac_clk_1x/O
                         net (fo=77, routed)          1.535     9.425    dac_clk_1x
    OLOGIC_X0Y69         ODDR                                         f  oddr_dac_dat[11]/C
                         clock pessimism              0.343     9.768    
                         clock uncertainty           -0.069     9.699    
    OLOGIC_X0Y69         ODDR (Setup_oddr_C_R)       -0.798     8.901    oddr_dac_dat[11]
  -------------------------------------------------------------------
                         required time                          8.901    
                         arrival time                          -8.466    
  -------------------------------------------------------------------
                         slack                                  0.436    

Slack (MET) :             0.439ns  (required time - arrival time)
  Source:                 dac_rst_reg/C
                            (rising edge-triggered cell FDRE clocked by pll_dac_clk_1x  {rise@0.000ns fall@4.000ns period=8.000ns})
  Destination:            oddr_dac_dat[10]/R
                            (falling edge-triggered cell ODDR clocked by pll_dac_clk_1x  {rise@0.000ns fall@4.000ns period=8.000ns})
  Path Group:             pll_dac_clk_1x
  Path Type:              Setup (Max at Slow Process Corner)
  Requirement:            4.000ns  (pll_dac_clk_1x fall@4.000ns - pll_dac_clk_1x rise@0.000ns)
  Data Path Delay:        2.474ns  (logic 0.456ns (18.430%)  route 2.018ns (81.570%))
  Logic Levels:           0  
  Clock Path Skew:        -0.220ns (DCD - SCD + CPR)
    Destination Clock Delay (DCD):    5.425ns = ( 9.425 - 4.000 ) 
    Source Clock Delay      (SCD):    5.988ns
    Clock Pessimism Removal (CPR):    0.343ns
  Clock Uncertainty:      0.069ns  ((TSJ^2 + DJ^2)^1/2) / 2 + PE
    Total System Jitter     (TSJ):    0.071ns
    Discrete Jitter          (DJ):    0.118ns
    Phase Error              (PE):    0.000ns

    Location             Delay type                Incr(ns)  Path(ns)    Netlist Resource(s)
  -------------------------------------------------------------------    -------------------
                         (clock pll_dac_clk_1x rise edge)
                                                      0.000     0.000 r  
    U18                                               0.000     0.000 r  adc_clk_i[1] (IN)
                         net (fo=0)                   0.000     0.000    adc_clk_i[1]
    U18                  IBUFDS (Prop_ibufds_I_O)     0.983     0.983 r  i_clk/O
                         net (fo=1, routed)           1.306     2.289    pll/adc_clk_in
    PLLE2_ADV_X0Y0       PLLE2_ADV (Prop_plle2_adv_CLKIN1_CLKOUT1)
                                                      0.089     2.378 r  pll/pll/CLKOUT1
                         net (fo=1, routed)           1.754     4.132    pll_dac_clk_1x
    BUFGCTRL_X0Y3        BUFG (Prop_bufg_I_O)         0.101     4.233 r  bufg_dac_clk_1x/O
                         net (fo=77, routed)          1.755     5.988    dac_clk_1x
    SLICE_X43Y47         FDRE                                         r  dac_rst_reg/C
  -------------------------------------------------------------------    -------------------
    SLICE_X43Y47         FDRE (Prop_fdre_C_Q)         0.456     6.444 r  dac_rst_reg/Q
                         net (fo=17, routed)          2.018     8.462    dac_rst
    OLOGIC_X0Y70         ODDR                                         r  oddr_dac_dat[10]/R
  -------------------------------------------------------------------    -------------------

                         (clock pll_dac_clk_1x fall edge)
                                                      4.000     4.000 f  
    U18                                               0.000     4.000 f  adc_clk_i[1] (IN)
                         net (fo=0)                   0.000     4.000    adc_clk_i[1]
    U18                  IBUFDS (Prop_ibufds_I_O)     0.940     4.940 f  i_clk/O
                         net (fo=1, routed)           1.181     6.121    pll/adc_clk_in
    PLLE2_ADV_X0Y0       PLLE2_ADV (Prop_plle2_adv_CLKIN1_CLKOUT1)
                                                      0.084     6.205 f  pll/pll/CLKOUT1
                         net (fo=1, routed)           1.594     7.799    pll_dac_clk_1x
    BUFGCTRL_X0Y3        BUFG (Prop_bufg_I_O)         0.091     7.890 f  bufg_dac_clk_1x/O
                         net (fo=77, routed)          1.535     9.425    dac_clk_1x
    OLOGIC_X0Y70         ODDR                                         f  oddr_dac_dat[10]/C
                         clock pessimism              0.343     9.768    
                         clock uncertainty           -0.069     9.699    
    OLOGIC_X0Y70         ODDR (Setup_oddr_C_R)       -0.798     8.901    oddr_dac_dat[10]
  -------------------------------------------------------------------
                         required time                          8.901    
                         arrival time                          -8.462    
  -------------------------------------------------------------------
                         slack                                  0.439    

Slack (MET) :             0.443ns  (required time - arrival time)
  Source:                 dac_rst_reg/C
                            (rising edge-triggered cell FDRE clocked by pll_dac_clk_1x  {rise@0.000ns fall@4.000ns period=8.000ns})
  Destination:            oddr_dac_dat[13]/R
                            (falling edge-triggered cell ODDR clocked by pll_dac_clk_1x  {rise@0.000ns fall@4.000ns period=8.000ns})
  Path Group:             pll_dac_clk_1x
  Path Type:              Setup (Max at Slow Process Corner)
  Requirement:            4.000ns  (pll_dac_clk_1x fall@4.000ns - pll_dac_clk_1x rise@0.000ns)
  Data Path Delay:        2.479ns  (logic 0.456ns (18.392%)  route 2.023ns (81.608%))
  Logic Levels:           0  
  Clock Path Skew:        -0.211ns (DCD - SCD + CPR)
    Destination Clock Delay (DCD):    5.434ns = ( 9.434 - 4.000 ) 
    Source Clock Delay      (SCD):    5.988ns
    Clock Pessimism Removal (CPR):    0.343ns
  Clock Uncertainty:      0.069ns  ((TSJ^2 + DJ^2)^1/2) / 2 + PE
    Total System Jitter     (TSJ):    0.071ns
    Discrete Jitter          (DJ):    0.118ns
    Phase Error              (PE):    0.000ns

    Location             Delay type                Incr(ns)  Path(ns)    Netlist Resource(s)
  -------------------------------------------------------------------    -------------------
                         (clock pll_dac_clk_1x rise edge)
                                                      0.000     0.000 r  
    U18                                               0.000     0.000 r  adc_clk_i[1] (IN)
                         net (fo=0)                   0.000     0.000    adc_clk_i[1]
    U18                  IBUFDS (Prop_ibufds_I_O)     0.983     0.983 r  i_clk/O
                         net (fo=1, routed)           1.306     2.289    pll/adc_clk_in
    PLLE2_ADV_X0Y0       PLLE2_ADV (Prop_plle2_adv_CLKIN1_CLKOUT1)
                                                      0.089     2.378 r  pll/pll/CLKOUT1
                         net (fo=1, routed)           1.754     4.132    pll_dac_clk_1x
    BUFGCTRL_X0Y3        BUFG (Prop_bufg_I_O)         0.101     4.233 r  bufg_dac_clk_1x/O
                         net (fo=77, routed)          1.755     5.988    dac_clk_1x
    SLICE_X43Y47         FDRE                                         r  dac_rst_reg/C
  -------------------------------------------------------------------    -------------------
    SLICE_X43Y47         FDRE (Prop_fdre_C_Q)         0.456     6.444 r  dac_rst_reg/Q
                         net (fo=17, routed)          2.023     8.467    dac_rst
    OLOGIC_X0Y92         ODDR                                         r  oddr_dac_dat[13]/R
  -------------------------------------------------------------------    -------------------

                         (clock pll_dac_clk_1x fall edge)
                                                      4.000     4.000 f  
    U18                                               0.000     4.000 f  adc_clk_i[1] (IN)
                         net (fo=0)                   0.000     4.000    adc_clk_i[1]
    U18                  IBUFDS (Prop_ibufds_I_O)     0.940     4.940 f  i_clk/O
                         net (fo=1, routed)           1.181     6.121    pll/adc_clk_in
    PLLE2_ADV_X0Y0       PLLE2_ADV (Prop_plle2_adv_CLKIN1_CLKOUT1)
                                                      0.084     6.205 f  pll/pll/CLKOUT1
                         net (fo=1, routed)           1.594     7.799    pll_dac_clk_1x
    BUFGCTRL_X0Y3        BUFG (Prop_bufg_I_O)         0.091     7.890 f  bufg_dac_clk_1x/O
                         net (fo=77, routed)          1.544     9.434    dac_clk_1x
    OLOGIC_X0Y92         ODDR                                         f  oddr_dac_dat[13]/C
                         clock pessimism              0.343     9.777    
                         clock uncertainty           -0.069     9.708    
    OLOGIC_X0Y92         ODDR (Setup_oddr_C_R)       -0.798     8.910    oddr_dac_dat[13]
  -------------------------------------------------------------------
                         required time                          8.910    
                         arrival time                          -8.467    
  -------------------------------------------------------------------
                         slack                                  0.443    

Slack (MET) :             0.446ns  (required time - arrival time)
  Source:                 dac_rst_reg/C
                            (rising edge-triggered cell FDRE clocked by pll_dac_clk_1x  {rise@0.000ns fall@4.000ns period=8.000ns})
  Destination:            oddr_dac_dat[0]/R
                            (falling edge-triggered cell ODDR clocked by pll_dac_clk_1x  {rise@0.000ns fall@4.000ns period=8.000ns})
  Path Group:             pll_dac_clk_1x
  Path Type:              Setup (Max at Slow Process Corner)
  Requirement:            4.000ns  (pll_dac_clk_1x fall@4.000ns - pll_dac_clk_1x rise@0.000ns)
  Data Path Delay:        2.472ns  (logic 0.456ns (18.443%)  route 2.016ns (81.557%))
  Logic Levels:           0  
  Clock Path Skew:        -0.215ns (DCD - SCD + CPR)
    Destination Clock Delay (DCD):    5.430ns = ( 9.430 - 4.000 ) 
    Source Clock Delay      (SCD):    5.988ns
    Clock Pessimism Removal (CPR):    0.343ns
  Clock Uncertainty:      0.069ns  ((TSJ^2 + DJ^2)^1/2) / 2 + PE
    Total System Jitter     (TSJ):    0.071ns
    Discrete Jitter          (DJ):    0.118ns
    Phase Error              (PE):    0.000ns

    Location             Delay type                Incr(ns)  Path(ns)    Netlist Resource(s)
  -------------------------------------------------------------------    -------------------
                         (clock pll_dac_clk_1x rise edge)
                                                      0.000     0.000 r  
    U18                                               0.000     0.000 r  adc_clk_i[1] (IN)
                         net (fo=0)                   0.000     0.000    adc_clk_i[1]
    U18                  IBUFDS (Prop_ibufds_I_O)     0.983     0.983 r  i_clk/O
                         net (fo=1, routed)           1.306     2.289    pll/adc_clk_in
    PLLE2_ADV_X0Y0       PLLE2_ADV (Prop_plle2_adv_CLKIN1_CLKOUT1)
                                                      0.089     2.378 r  pll/pll/CLKOUT1
                         net (fo=1, routed)           1.754     4.132    pll_dac_clk_1x
    BUFGCTRL_X0Y3        BUFG (Prop_bufg_I_O)         0.101     4.233 r  bufg_dac_clk_1x/O
                         net (fo=77, routed)          1.755     5.988    dac_clk_1x
    SLICE_X43Y47         FDRE                                         r  dac_rst_reg/C
  -------------------------------------------------------------------    -------------------
    SLICE_X43Y47         FDRE (Prop_fdre_C_Q)         0.456     6.444 r  dac_rst_reg/Q
                         net (fo=17, routed)          2.016     8.461    dac_rst
    OLOGIC_X0Y86         ODDR                                         r  oddr_dac_dat[0]/R
  -------------------------------------------------------------------    -------------------

                         (clock pll_dac_clk_1x fall edge)
                                                      4.000     4.000 f  
    U18                                               0.000     4.000 f  adc_clk_i[1] (IN)
                         net (fo=0)                   0.000     4.000    adc_clk_i[1]
    U18                  IBUFDS (Prop_ibufds_I_O)     0.940     4.940 f  i_clk/O
                         net (fo=1, routed)           1.181     6.121    pll/adc_clk_in
    PLLE2_ADV_X0Y0       PLLE2_ADV (Prop_plle2_adv_CLKIN1_CLKOUT1)
                                                      0.084     6.205 f  pll/pll/CLKOUT1
                         net (fo=1, routed)           1.594     7.799    pll_dac_clk_1x
    BUFGCTRL_X0Y3        BUFG (Prop_bufg_I_O)         0.091     7.890 f  bufg_dac_clk_1x/O
                         net (fo=77, routed)          1.540     9.430    dac_clk_1x
    OLOGIC_X0Y86         ODDR                                         f  oddr_dac_dat[0]/C
                         clock pessimism              0.343     9.773    
                         clock uncertainty           -0.069     9.704    
    OLOGIC_X0Y86         ODDR (Setup_oddr_C_R)       -0.798     8.906    oddr_dac_dat[0]
  -------------------------------------------------------------------
                         required time                          8.906    
                         arrival time                          -8.461    
  -------------------------------------------------------------------
                         slack                                  0.446    

Slack (MET) :             0.467ns  (required time - arrival time)
  Source:                 dac_dat_a_reg[4]/C
                            (rising edge-triggered cell FDRE clocked by pll_dac_clk_1x  {rise@0.000ns fall@4.000ns period=8.000ns})
  Destination:            oddr_dac_dat[4]/D2
                            (falling edge-triggered cell ODDR clocked by pll_dac_clk_1x  {rise@0.000ns fall@4.000ns period=8.000ns})
  Path Group:             pll_dac_clk_1x
  Path Type:              Setup (Max at Slow Process Corner)
  Requirement:            4.000ns  (pll_dac_clk_1x fall@4.000ns - pll_dac_clk_1x rise@0.000ns)
  Data Path Delay:        2.421ns  (logic 0.456ns (18.838%)  route 1.965ns (81.162%))
  Logic Levels:           0  
  Clock Path Skew:        -0.210ns (DCD - SCD + CPR)
    Destination Clock Delay (DCD):    5.425ns = ( 9.425 - 4.000 ) 
    Source Clock Delay      (SCD):    5.978ns
    Clock Pessimism Removal (CPR):    0.343ns
  Clock Uncertainty:      0.069ns  ((TSJ^2 + DJ^2)^1/2) / 2 + PE
    Total System Jitter     (TSJ):    0.071ns
    Discrete Jitter          (DJ):    0.118ns
    Phase Error              (PE):    0.000ns

    Location             Delay type                Incr(ns)  Path(ns)    Netlist Resource(s)
  -------------------------------------------------------------------    -------------------
                         (clock pll_dac_clk_1x rise edge)
                                                      0.000     0.000 r  
    U18                                               0.000     0.000 r  adc_clk_i[1] (IN)
                         net (fo=0)                   0.000     0.000    adc_clk_i[1]
    U18                  IBUFDS (Prop_ibufds_I_O)     0.983     0.983 r  i_clk/O
                         net (fo=1, routed)           1.306     2.289    pll/adc_clk_in
    PLLE2_ADV_X0Y0       PLLE2_ADV (Prop_plle2_adv_CLKIN1_CLKOUT1)
                                                      0.089     2.378 r  pll/pll/CLKOUT1
                         net (fo=1, routed)           1.754     4.132    pll_dac_clk_1x
    BUFGCTRL_X0Y3        BUFG (Prop_bufg_I_O)         0.101     4.233 r  bufg_dac_clk_1x/O
                         net (fo=77, routed)          1.745     5.978    dac_clk_1x
    SLICE_X36Y34         FDRE                                         r  dac_dat_a_reg[4]/C
  -------------------------------------------------------------------    -------------------
    SLICE_X36Y34         FDRE (Prop_fdre_C_Q)         0.456     6.434 r  dac_dat_a_reg[4]/Q
                         net (fo=1, routed)           1.965     8.399    dac_dat_a[4]
    OLOGIC_X0Y80         ODDR                                         r  oddr_dac_dat[4]/D2
  -------------------------------------------------------------------    -------------------

                         (clock pll_dac_clk_1x fall edge)
                                                      4.000     4.000 f  
    U18                                               0.000     4.000 f  adc_clk_i[1] (IN)
                         net (fo=0)                   0.000     4.000    adc_clk_i[1]
    U18                  IBUFDS (Prop_ibufds_I_O)     0.940     4.940 f  i_clk/O
                         net (fo=1, routed)           1.181     6.121    pll/adc_clk_in
    PLLE2_ADV_X0Y0       PLLE2_ADV (Prop_plle2_adv_CLKIN1_CLKOUT1)
                                                      0.084     6.205 f  pll/pll/CLKOUT1
                         net (fo=1, routed)           1.594     7.799    pll_dac_clk_1x
    BUFGCTRL_X0Y3        BUFG (Prop_bufg_I_O)         0.091     7.890 f  bufg_dac_clk_1x/O
                         net (fo=77, routed)          1.535     9.425    dac_clk_1x
    OLOGIC_X0Y80         ODDR                                         f  oddr_dac_dat[4]/C
                         clock pessimism              0.343     9.768    
                         clock uncertainty           -0.069     9.699    
    OLOGIC_X0Y80         ODDR (Setup_oddr_C_D2)      -0.834     8.865    oddr_dac_dat[4]
  -------------------------------------------------------------------
                         required time                          8.865    
                         arrival time                          -8.399    
  -------------------------------------------------------------------
                         slack                                  0.467    





Min Delay Paths
--------------------------------------------------------------------------------------
Slack (MET) :             0.203ns  (arrival time - required time)
  Source:                 dac_rst_reg/C
                            (rising edge-triggered cell FDRE clocked by pll_dac_clk_1x  {rise@0.000ns fall@4.000ns period=8.000ns})
  Destination:            oddr_dac_dat[12]/R
                            (rising edge-triggered cell ODDR clocked by pll_dac_clk_1x  {rise@0.000ns fall@4.000ns period=8.000ns})
  Path Group:             pll_dac_clk_1x
  Path Type:              Hold (Min at Fast Process Corner)
  Requirement:            0.000ns  (pll_dac_clk_1x rise@0.000ns - pll_dac_clk_1x rise@0.000ns)
  Data Path Delay:        0.939ns  (logic 0.141ns (15.017%)  route 0.798ns (84.983%))
  Logic Levels:           0  
  Clock Path Skew:        0.260ns (DCD - SCD - CPR)
    Destination Clock Delay (DCD):    2.394ns
    Source Clock Delay      (SCD):    2.008ns
    Clock Pessimism Removal (CPR):    0.125ns

    Location             Delay type                Incr(ns)  Path(ns)    Netlist Resource(s)
  -------------------------------------------------------------------    -------------------
                         (clock pll_dac_clk_1x rise edge)
                                                      0.000     0.000 r  
    U18                                               0.000     0.000 r  adc_clk_i[1] (IN)
                         net (fo=0)                   0.000     0.000    adc_clk_i[1]
    U18                  IBUFDS (Prop_ibufds_I_O)     0.401     0.401 r  i_clk/O
                         net (fo=1, routed)           0.440     0.842    pll/adc_clk_in
    PLLE2_ADV_X0Y0       PLLE2_ADV (Prop_plle2_adv_CLKIN1_CLKOUT1)
                                                      0.051     0.893 r  pll/pll/CLKOUT1
                         net (fo=1, routed)           0.497     1.390    pll_dac_clk_1x
    BUFGCTRL_X0Y3        BUFG (Prop_bufg_I_O)         0.026     1.416 r  bufg_dac_clk_1x/O
                         net (fo=77, routed)          0.593     2.008    dac_clk_1x
    SLICE_X43Y47         FDRE                                         r  dac_rst_reg/C
  -------------------------------------------------------------------    -------------------
    SLICE_X43Y47         FDRE (Prop_fdre_C_Q)         0.141     2.149 r  dac_rst_reg/Q
                         net (fo=17, routed)          0.798     2.947    dac_rst
    OLOGIC_X0Y91         ODDR                                         r  oddr_dac_dat[12]/R
  -------------------------------------------------------------------    -------------------

                         (clock pll_dac_clk_1x rise edge)
                                                      0.000     0.000 r  
    U18                                               0.000     0.000 r  adc_clk_i[1] (IN)
                         net (fo=0)                   0.000     0.000    adc_clk_i[1]
    U18                  IBUFDS (Prop_ibufds_I_O)     0.433     0.433 r  i_clk/O
                         net (fo=1, routed)           0.481     0.914    pll/adc_clk_in
    PLLE2_ADV_X0Y0       PLLE2_ADV (Prop_plle2_adv_CLKIN1_CLKOUT1)
                                                      0.054     0.968 r  pll/pll/CLKOUT1
                         net (fo=1, routed)           0.544     1.512    pll_dac_clk_1x
    BUFGCTRL_X0Y3        BUFG (Prop_bufg_I_O)         0.029     1.541 r  bufg_dac_clk_1x/O
                         net (fo=77, routed)          0.853     2.394    dac_clk_1x
    OLOGIC_X0Y91         ODDR                                         r  oddr_dac_dat[12]/C
                         clock pessimism             -0.125     2.269    
    OLOGIC_X0Y91         ODDR (Hold_oddr_C_R)         0.476     2.745    oddr_dac_dat[12]
  -------------------------------------------------------------------
                         required time                         -2.745    
                         arrival time                           2.947    
  -------------------------------------------------------------------
                         slack                                  0.203    

Slack (MET) :             0.221ns  (arrival time - required time)
  Source:                 dac_rst_reg/C
                            (rising edge-triggered cell FDRE clocked by pll_dac_clk_1x  {rise@0.000ns fall@4.000ns period=8.000ns})
  Destination:            oddr_dac_dat[1]/R
                            (rising edge-triggered cell ODDR clocked by pll_dac_clk_1x  {rise@0.000ns fall@4.000ns period=8.000ns})
  Path Group:             pll_dac_clk_1x
  Path Type:              Hold (Min at Fast Process Corner)
  Requirement:            0.000ns  (pll_dac_clk_1x rise@0.000ns - pll_dac_clk_1x rise@0.000ns)
  Data Path Delay:        0.955ns  (logic 0.141ns (14.763%)  route 0.814ns (85.237%))
  Logic Levels:           0  
  Clock Path Skew:        0.258ns (DCD - SCD - CPR)
    Destination Clock Delay (DCD):    2.392ns
    Source Clock Delay      (SCD):    2.008ns
    Clock Pessimism Removal (CPR):    0.125ns

    Location             Delay type                Incr(ns)  Path(ns)    Netlist Resource(s)
  -------------------------------------------------------------------    -------------------
                         (clock pll_dac_clk_1x rise edge)
                                                      0.000     0.000 r  
    U18                                               0.000     0.000 r  adc_clk_i[1] (IN)
                         net (fo=0)                   0.000     0.000    adc_clk_i[1]
    U18                  IBUFDS (Prop_ibufds_I_O)     0.401     0.401 r  i_clk/O
                         net (fo=1, routed)           0.440     0.842    pll/adc_clk_in
    PLLE2_ADV_X0Y0       PLLE2_ADV (Prop_plle2_adv_CLKIN1_CLKOUT1)
                                                      0.051     0.893 r  pll/pll/CLKOUT1
                         net (fo=1, routed)           0.497     1.390    pll_dac_clk_1x
    BUFGCTRL_X0Y3        BUFG (Prop_bufg_I_O)         0.026     1.416 r  bufg_dac_clk_1x/O
                         net (fo=77, routed)          0.593     2.008    dac_clk_1x
    SLICE_X43Y47         FDRE                                         r  dac_rst_reg/C
  -------------------------------------------------------------------    -------------------
    SLICE_X43Y47         FDRE (Prop_fdre_C_Q)         0.141     2.149 r  dac_rst_reg/Q
                         net (fo=17, routed)          0.814     2.963    dac_rst
    OLOGIC_X0Y85         ODDR                                         r  oddr_dac_dat[1]/R
  -------------------------------------------------------------------    -------------------

                         (clock pll_dac_clk_1x rise edge)
                                                      0.000     0.000 r  
    U18                                               0.000     0.000 r  adc_clk_i[1] (IN)
                         net (fo=0)                   0.000     0.000    adc_clk_i[1]
    U18                  IBUFDS (Prop_ibufds_I_O)     0.433     0.433 r  i_clk/O
                         net (fo=1, routed)           0.481     0.914    pll/adc_clk_in
    PLLE2_ADV_X0Y0       PLLE2_ADV (Prop_plle2_adv_CLKIN1_CLKOUT1)
                                                      0.054     0.968 r  pll/pll/CLKOUT1
                         net (fo=1, routed)           0.544     1.512    pll_dac_clk_1x
    BUFGCTRL_X0Y3        BUFG (Prop_bufg_I_O)         0.029     1.541 r  bufg_dac_clk_1x/O
                         net (fo=77, routed)          0.851     2.392    dac_clk_1x
    OLOGIC_X0Y85         ODDR                                         r  oddr_dac_dat[1]/C
                         clock pessimism             -0.125     2.267    
    OLOGIC_X0Y85         ODDR (Hold_oddr_C_R)         0.476     2.743    oddr_dac_dat[1]
  -------------------------------------------------------------------
                         required time                         -2.743    
                         arrival time                           2.963    
  -------------------------------------------------------------------
                         slack                                  0.221    

Slack (MET) :             0.226ns  (arrival time - required time)
  Source:                 dac_rst_reg/C
                            (rising edge-triggered cell FDRE clocked by pll_dac_clk_1x  {rise@0.000ns fall@4.000ns period=8.000ns})
  Destination:            oddr_dac_dat[4]/R
                            (rising edge-triggered cell ODDR clocked by pll_dac_clk_1x  {rise@0.000ns fall@4.000ns period=8.000ns})
  Path Group:             pll_dac_clk_1x
  Path Type:              Hold (Min at Fast Process Corner)
  Requirement:            0.000ns  (pll_dac_clk_1x rise@0.000ns - pll_dac_clk_1x rise@0.000ns)
  Data Path Delay:        0.957ns  (logic 0.141ns (14.735%)  route 0.816ns (85.265%))
  Logic Levels:           0  
  Clock Path Skew:        0.254ns (DCD - SCD - CPR)
    Destination Clock Delay (DCD):    2.388ns
    Source Clock Delay      (SCD):    2.008ns
    Clock Pessimism Removal (CPR):    0.125ns

    Location             Delay type                Incr(ns)  Path(ns)    Netlist Resource(s)
  -------------------------------------------------------------------    -------------------
                         (clock pll_dac_clk_1x rise edge)
                                                      0.000     0.000 r  
    U18                                               0.000     0.000 r  adc_clk_i[1] (IN)
                         net (fo=0)                   0.000     0.000    adc_clk_i[1]
    U18                  IBUFDS (Prop_ibufds_I_O)     0.401     0.401 r  i_clk/O
                         net (fo=1, routed)           0.440     0.842    pll/adc_clk_in
    PLLE2_ADV_X0Y0       PLLE2_ADV (Prop_plle2_adv_CLKIN1_CLKOUT1)
                                                      0.051     0.893 r  pll/pll/CLKOUT1
                         net (fo=1, routed)           0.497     1.390    pll_dac_clk_1x
    BUFGCTRL_X0Y3        BUFG (Prop_bufg_I_O)         0.026     1.416 r  bufg_dac_clk_1x/O
                         net (fo=77, routed)          0.593     2.008    dac_clk_1x
    SLICE_X43Y47         FDRE                                         r  dac_rst_reg/C
  -------------------------------------------------------------------    -------------------
    SLICE_X43Y47         FDRE (Prop_fdre_C_Q)         0.141     2.149 r  dac_rst_reg/Q
                         net (fo=17, routed)          0.816     2.965    dac_rst
    OLOGIC_X0Y80         ODDR                                         r  oddr_dac_dat[4]/R
  -------------------------------------------------------------------    -------------------

                         (clock pll_dac_clk_1x rise edge)
                                                      0.000     0.000 r  
    U18                                               0.000     0.000 r  adc_clk_i[1] (IN)
                         net (fo=0)                   0.000     0.000    adc_clk_i[1]
    U18                  IBUFDS (Prop_ibufds_I_O)     0.433     0.433 r  i_clk/O
                         net (fo=1, routed)           0.481     0.914    pll/adc_clk_in
    PLLE2_ADV_X0Y0       PLLE2_ADV (Prop_plle2_adv_CLKIN1_CLKOUT1)
                                                      0.054     0.968 r  pll/pll/CLKOUT1
                         net (fo=1, routed)           0.544     1.512    pll_dac_clk_1x
    BUFGCTRL_X0Y3        BUFG (Prop_bufg_I_O)         0.029     1.541 r  bufg_dac_clk_1x/O
                         net (fo=77, routed)          0.847     2.388    dac_clk_1x
    OLOGIC_X0Y80         ODDR                                         r  oddr_dac_dat[4]/C
                         clock pessimism             -0.125     2.263    
    OLOGIC_X0Y80         ODDR (Hold_oddr_C_R)         0.476     2.739    oddr_dac_dat[4]
  -------------------------------------------------------------------
                         required time                         -2.739    
                         arrival time                           2.965    
  -------------------------------------------------------------------
                         slack                                  0.226    

Slack (MET) :             0.239ns  (arrival time - required time)
  Source:                 dac_rst_reg/C
                            (rising edge-triggered cell FDRE clocked by pll_dac_clk_1x  {rise@0.000ns fall@4.000ns period=8.000ns})
  Destination:            oddr_dac_sel/R
                            (rising edge-triggered cell ODDR clocked by pll_dac_clk_1x  {rise@0.000ns fall@4.000ns period=8.000ns})
  Path Group:             pll_dac_clk_1x
  Path Type:              Hold (Min at Fast Process Corner)
  Requirement:            0.000ns  (pll_dac_clk_1x rise@0.000ns - pll_dac_clk_1x rise@0.000ns)
  Data Path Delay:        0.975ns  (logic 0.141ns (14.457%)  route 0.834ns (85.543%))
  Logic Levels:           0  
  Clock Path Skew:        0.260ns (DCD - SCD - CPR)
    Destination Clock Delay (DCD):    2.394ns
    Source Clock Delay      (SCD):    2.008ns
    Clock Pessimism Removal (CPR):    0.125ns

    Location             Delay type                Incr(ns)  Path(ns)    Netlist Resource(s)
  -------------------------------------------------------------------    -------------------
                         (clock pll_dac_clk_1x rise edge)
                                                      0.000     0.000 r  
    U18                                               0.000     0.000 r  adc_clk_i[1] (IN)
                         net (fo=0)                   0.000     0.000    adc_clk_i[1]
    U18                  IBUFDS (Prop_ibufds_I_O)     0.401     0.401 r  i_clk/O
                         net (fo=1, routed)           0.440     0.842    pll/adc_clk_in
    PLLE2_ADV_X0Y0       PLLE2_ADV (Prop_plle2_adv_CLKIN1_CLKOUT1)
                                                      0.051     0.893 r  pll/pll/CLKOUT1
                         net (fo=1, routed)           0.497     1.390    pll_dac_clk_1x
    BUFGCTRL_X0Y3        BUFG (Prop_bufg_I_O)         0.026     1.416 r  bufg_dac_clk_1x/O
                         net (fo=77, routed)          0.593     2.008    dac_clk_1x
    SLICE_X43Y47         FDRE                                         r  dac_rst_reg/C
  -------------------------------------------------------------------    -------------------
    SLICE_X43Y47         FDRE (Prop_fdre_C_Q)         0.141     2.149 r  dac_rst_reg/Q
                         net (fo=17, routed)          0.834     2.983    dac_rst
    OLOGIC_X0Y57         ODDR                                         r  oddr_dac_sel/R
  -------------------------------------------------------------------    -------------------

                         (clock pll_dac_clk_1x rise edge)
                                                      0.000     0.000 r  
    U18                                               0.000     0.000 r  adc_clk_i[1] (IN)
                         net (fo=0)                   0.000     0.000    adc_clk_i[1]
    U18                  IBUFDS (Prop_ibufds_I_O)     0.433     0.433 r  i_clk/O
                         net (fo=1, routed)           0.481     0.914    pll/adc_clk_in
    PLLE2_ADV_X0Y0       PLLE2_ADV (Prop_plle2_adv_CLKIN1_CLKOUT1)
                                                      0.054     0.968 r  pll/pll/CLKOUT1
                         net (fo=1, routed)           0.544     1.512    pll_dac_clk_1x
    BUFGCTRL_X0Y3        BUFG (Prop_bufg_I_O)         0.029     1.541 r  bufg_dac_clk_1x/O
                         net (fo=77, routed)          0.853     2.394    dac_clk_1x
    OLOGIC_X0Y57         ODDR                                         r  oddr_dac_sel/C
                         clock pessimism             -0.125     2.269    
    OLOGIC_X0Y57         ODDR (Hold_oddr_C_R)         0.476     2.745    oddr_dac_sel
  -------------------------------------------------------------------
                         required time                         -2.745    
                         arrival time                           2.983    
  -------------------------------------------------------------------
                         slack                                  0.239    

Slack (MET) :             0.247ns  (arrival time - required time)
  Source:                 dac_rst_reg/C
                            (rising edge-triggered cell FDRE clocked by pll_dac_clk_1x  {rise@0.000ns fall@4.000ns period=8.000ns})
  Destination:            oddr_dac_dat[8]/R
                            (rising edge-triggered cell ODDR clocked by pll_dac_clk_1x  {rise@0.000ns fall@4.000ns period=8.000ns})
  Path Group:             pll_dac_clk_1x
  Path Type:              Hold (Min at Fast Process Corner)
  Requirement:            0.000ns  (pll_dac_clk_1x rise@0.000ns - pll_dac_clk_1x rise@0.000ns)
  Data Path Delay:        0.981ns  (logic 0.141ns (14.368%)  route 0.840ns (85.632%))
  Logic Levels:           0  
  Clock Path Skew:        0.258ns (DCD - SCD - CPR)
    Destination Clock Delay (DCD):    2.392ns
    Source Clock Delay      (SCD):    2.008ns
    Clock Pessimism Removal (CPR):    0.125ns

    Location             Delay type                Incr(ns)  Path(ns)    Netlist Resource(s)
  -------------------------------------------------------------------    -------------------
                         (clock pll_dac_clk_1x rise edge)
                                                      0.000     0.000 r  
    U18                                               0.000     0.000 r  adc_clk_i[1] (IN)
                         net (fo=0)                   0.000     0.000    adc_clk_i[1]
    U18                  IBUFDS (Prop_ibufds_I_O)     0.401     0.401 r  i_clk/O
                         net (fo=1, routed)           0.440     0.842    pll/adc_clk_in
    PLLE2_ADV_X0Y0       PLLE2_ADV (Prop_plle2_adv_CLKIN1_CLKOUT1)
                                                      0.051     0.893 r  pll/pll/CLKOUT1
                         net (fo=1, routed)           0.497     1.390    pll_dac_clk_1x
    BUFGCTRL_X0Y3        BUFG (Prop_bufg_I_O)         0.026     1.416 r  bufg_dac_clk_1x/O
                         net (fo=77, routed)          0.593     2.008    dac_clk_1x
    SLICE_X43Y47         FDRE                                         r  dac_rst_reg/C
  -------------------------------------------------------------------    -------------------
    SLICE_X43Y47         FDRE (Prop_fdre_C_Q)         0.141     2.149 r  dac_rst_reg/Q
                         net (fo=17, routed)          0.840     2.990    dac_rst
    OLOGIC_X0Y64         ODDR                                         r  oddr_dac_dat[8]/R
  -------------------------------------------------------------------    -------------------

                         (clock pll_dac_clk_1x rise edge)
                                                      0.000     0.000 r  
    U18                                               0.000     0.000 r  adc_clk_i[1] (IN)
                         net (fo=0)                   0.000     0.000    adc_clk_i[1]
    U18                  IBUFDS (Prop_ibufds_I_O)     0.433     0.433 r  i_clk/O
                         net (fo=1, routed)           0.481     0.914    pll/adc_clk_in
    PLLE2_ADV_X0Y0       PLLE2_ADV (Prop_plle2_adv_CLKIN1_CLKOUT1)
                                                      0.054     0.968 r  pll/pll/CLKOUT1
                         net (fo=1, routed)           0.544     1.512    pll_dac_clk_1x
    BUFGCTRL_X0Y3        BUFG (Prop_bufg_I_O)         0.029     1.541 r  bufg_dac_clk_1x/O
                         net (fo=77, routed)          0.851     2.392    dac_clk_1x
    OLOGIC_X0Y64         ODDR                                         r  oddr_dac_dat[8]/C
                         clock pessimism             -0.125     2.267    
    OLOGIC_X0Y64         ODDR (Hold_oddr_C_R)         0.476     2.743    oddr_dac_dat[8]
  -------------------------------------------------------------------
                         required time                         -2.743    
                         arrival time                           2.990    
  -------------------------------------------------------------------
                         slack                                  0.247    

Slack (MET) :             0.251ns  (arrival time - required time)
  Source:                 dac_rst_reg/C
                            (rising edge-triggered cell FDRE clocked by pll_dac_clk_1x  {rise@0.000ns fall@4.000ns period=8.000ns})
  Destination:            oddr_dac_dat[7]/R
                            (rising edge-triggered cell ODDR clocked by pll_dac_clk_1x  {rise@0.000ns fall@4.000ns period=8.000ns})
  Path Group:             pll_dac_clk_1x
  Path Type:              Hold (Min at Fast Process Corner)
  Requirement:            0.000ns  (pll_dac_clk_1x rise@0.000ns - pll_dac_clk_1x rise@0.000ns)
  Data Path Delay:        0.986ns  (logic 0.141ns (14.307%)  route 0.845ns (85.693%))
  Logic Levels:           0  
  Clock Path Skew:        0.258ns (DCD - SCD - CPR)
    Destination Clock Delay (DCD):    2.392ns
    Source Clock Delay      (SCD):    2.008ns
    Clock Pessimism Removal (CPR):    0.125ns

    Location             Delay type                Incr(ns)  Path(ns)    Netlist Resource(s)
  -------------------------------------------------------------------    -------------------
                         (clock pll_dac_clk_1x rise edge)
                                                      0.000     0.000 r  
    U18                                               0.000     0.000 r  adc_clk_i[1] (IN)
                         net (fo=0)                   0.000     0.000    adc_clk_i[1]
    U18                  IBUFDS (Prop_ibufds_I_O)     0.401     0.401 r  i_clk/O
                         net (fo=1, routed)           0.440     0.842    pll/adc_clk_in
    PLLE2_ADV_X0Y0       PLLE2_ADV (Prop_plle2_adv_CLKIN1_CLKOUT1)
                                                      0.051     0.893 r  pll/pll/CLKOUT1
                         net (fo=1, routed)           0.497     1.390    pll_dac_clk_1x
    BUFGCTRL_X0Y3        BUFG (Prop_bufg_I_O)         0.026     1.416 r  bufg_dac_clk_1x/O
                         net (fo=77, routed)          0.593     2.008    dac_clk_1x
    SLICE_X43Y47         FDRE                                         r  dac_rst_reg/C
  -------------------------------------------------------------------    -------------------
    SLICE_X43Y47         FDRE (Prop_fdre_C_Q)         0.141     2.149 r  dac_rst_reg/Q
                         net (fo=17, routed)          0.845     2.994    dac_rst
    OLOGIC_X0Y65         ODDR                                         r  oddr_dac_dat[7]/R
  -------------------------------------------------------------------    -------------------

                         (clock pll_dac_clk_1x rise edge)
                                                      0.000     0.000 r  
    U18                                               0.000     0.000 r  adc_clk_i[1] (IN)
                         net (fo=0)                   0.000     0.000    adc_clk_i[1]
    U18                  IBUFDS (Prop_ibufds_I_O)     0.433     0.433 r  i_clk/O
                         net (fo=1, routed)           0.481     0.914    pll/adc_clk_in
    PLLE2_ADV_X0Y0       PLLE2_ADV (Prop_plle2_adv_CLKIN1_CLKOUT1)
                                                      0.054     0.968 r  pll/pll/CLKOUT1
                         net (fo=1, routed)           0.544     1.512    pll_dac_clk_1x
    BUFGCTRL_X0Y3        BUFG (Prop_bufg_I_O)         0.029     1.541 r  bufg_dac_clk_1x/O
                         net (fo=77, routed)          0.851     2.392    dac_clk_1x
    OLOGIC_X0Y65         ODDR                                         r  oddr_dac_dat[7]/C
                         clock pessimism             -0.125     2.267    
    OLOGIC_X0Y65         ODDR (Hold_oddr_C_R)         0.476     2.743    oddr_dac_dat[7]
  -------------------------------------------------------------------
                         required time                         -2.743    
                         arrival time                           2.994    
  -------------------------------------------------------------------
                         slack                                  0.251    

Slack (MET) :             0.252ns  (arrival time - required time)
  Source:                 tst_cnt_reg[11]/C
                            (rising edge-triggered cell FDRE clocked by pll_dac_clk_1x  {rise@0.000ns fall@4.000ns period=8.000ns})
  Destination:            tst_cnt_reg[11]/D
                            (rising edge-triggered cell FDRE clocked by pll_dac_clk_1x  {rise@0.000ns fall@4.000ns period=8.000ns})
  Path Group:             pll_dac_clk_1x
  Path Type:              Hold (Min at Fast Process Corner)
  Requirement:            0.000ns  (pll_dac_clk_1x rise@0.000ns - pll_dac_clk_1x rise@0.000ns)
  Data Path Delay:        0.357ns  (logic 0.249ns (69.714%)  route 0.108ns (30.286%))
  Logic Levels:           1  (CARRY4=1)
  Clock Path Skew:        0.000ns (DCD - SCD - CPR)
    Destination Clock Delay (DCD):    2.400ns
    Source Clock Delay      (SCD):    2.004ns
    Clock Pessimism Removal (CPR):    0.396ns

    Location             Delay type                Incr(ns)  Path(ns)    Netlist Resource(s)
  -------------------------------------------------------------------    -------------------
                         (clock pll_dac_clk_1x rise edge)
                                                      0.000     0.000 r  
    U18                                               0.000     0.000 r  adc_clk_i[1] (IN)
                         net (fo=0)                   0.000     0.000    adc_clk_i[1]
    U18                  IBUFDS (Prop_ibufds_I_O)     0.401     0.401 r  i_clk/O
                         net (fo=1, routed)           0.440     0.842    pll/adc_clk_in
    PLLE2_ADV_X0Y0       PLLE2_ADV (Prop_plle2_adv_CLKIN1_CLKOUT1)
                                                      0.051     0.893 r  pll/pll/CLKOUT1
                         net (fo=1, routed)           0.497     1.390    pll_dac_clk_1x
    BUFGCTRL_X0Y3        BUFG (Prop_bufg_I_O)         0.026     1.416 r  bufg_dac_clk_1x/O
                         net (fo=77, routed)          0.589     2.004    dac_clk_1x
    SLICE_X43Y57         FDRE                                         r  tst_cnt_reg[11]/C
  -------------------------------------------------------------------    -------------------
    SLICE_X43Y57         FDRE (Prop_fdre_C_Q)         0.141     2.145 r  tst_cnt_reg[11]/Q
                         net (fo=1, routed)           0.108     2.253    tst_cnt_reg_n_0_[11]
    SLICE_X43Y57         CARRY4 (Prop_carry4_S[3]_O[3])
                                                      0.108     2.361 r  tst_cnt_reg[8]_i_1/O[3]
                         net (fo=1, routed)           0.000     2.361    tst_cnt_reg[8]_i_1_n_4
    SLICE_X43Y57         FDRE                                         r  tst_cnt_reg[11]/D
  -------------------------------------------------------------------    -------------------

                         (clock pll_dac_clk_1x rise edge)
                                                      0.000     0.000 r  
    U18                                               0.000     0.000 r  adc_clk_i[1] (IN)
                         net (fo=0)                   0.000     0.000    adc_clk_i[1]
    U18                  IBUFDS (Prop_ibufds_I_O)     0.433     0.433 r  i_clk/O
                         net (fo=1, routed)           0.481     0.914    pll/adc_clk_in
    PLLE2_ADV_X0Y0       PLLE2_ADV (Prop_plle2_adv_CLKIN1_CLKOUT1)
                                                      0.054     0.968 r  pll/pll/CLKOUT1
                         net (fo=1, routed)           0.544     1.512    pll_dac_clk_1x
    BUFGCTRL_X0Y3        BUFG (Prop_bufg_I_O)         0.029     1.541 r  bufg_dac_clk_1x/O
                         net (fo=77, routed)          0.859     2.400    dac_clk_1x
    SLICE_X43Y57         FDRE                                         r  tst_cnt_reg[11]/C
                         clock pessimism             -0.396     2.004    
    SLICE_X43Y57         FDRE (Hold_fdre_C_D)         0.105     2.109    tst_cnt_reg[11]
  -------------------------------------------------------------------
                         required time                         -2.109    
                         arrival time                           2.361    
  -------------------------------------------------------------------
                         slack                                  0.252    

Slack (MET) :             0.252ns  (arrival time - required time)
  Source:                 tst_cnt_reg[15]/C
                            (rising edge-triggered cell FDRE clocked by pll_dac_clk_1x  {rise@0.000ns fall@4.000ns period=8.000ns})
  Destination:            tst_cnt_reg[15]/D
                            (rising edge-triggered cell FDRE clocked by pll_dac_clk_1x  {rise@0.000ns fall@4.000ns period=8.000ns})
  Path Group:             pll_dac_clk_1x
  Path Type:              Hold (Min at Fast Process Corner)
  Requirement:            0.000ns  (pll_dac_clk_1x rise@0.000ns - pll_dac_clk_1x rise@0.000ns)
  Data Path Delay:        0.357ns  (logic 0.249ns (69.714%)  route 0.108ns (30.286%))
  Logic Levels:           1  (CARRY4=1)
  Clock Path Skew:        0.000ns (DCD - SCD - CPR)
    Destination Clock Delay (DCD):    2.400ns
    Source Clock Delay      (SCD):    2.004ns
    Clock Pessimism Removal (CPR):    0.396ns

    Location             Delay type                Incr(ns)  Path(ns)    Netlist Resource(s)
  -------------------------------------------------------------------    -------------------
                         (clock pll_dac_clk_1x rise edge)
                                                      0.000     0.000 r  
    U18                                               0.000     0.000 r  adc_clk_i[1] (IN)
                         net (fo=0)                   0.000     0.000    adc_clk_i[1]
    U18                  IBUFDS (Prop_ibufds_I_O)     0.401     0.401 r  i_clk/O
                         net (fo=1, routed)           0.440     0.842    pll/adc_clk_in
    PLLE2_ADV_X0Y0       PLLE2_ADV (Prop_plle2_adv_CLKIN1_CLKOUT1)
                                                      0.051     0.893 r  pll/pll/CLKOUT1
                         net (fo=1, routed)           0.497     1.390    pll_dac_clk_1x
    BUFGCTRL_X0Y3        BUFG (Prop_bufg_I_O)         0.026     1.416 r  bufg_dac_clk_1x/O
                         net (fo=77, routed)          0.589     2.004    dac_clk_1x
    SLICE_X43Y58         FDRE                                         r  tst_cnt_reg[15]/C
  -------------------------------------------------------------------    -------------------
    SLICE_X43Y58         FDRE (Prop_fdre_C_Q)         0.141     2.145 r  tst_cnt_reg[15]/Q
                         net (fo=1, routed)           0.108     2.253    tst_cnt_reg_n_0_[15]
    SLICE_X43Y58         CARRY4 (Prop_carry4_S[3]_O[3])
                                                      0.108     2.361 r  tst_cnt_reg[12]_i_1/O[3]
                         net (fo=1, routed)           0.000     2.361    tst_cnt_reg[12]_i_1_n_4
    SLICE_X43Y58         FDRE                                         r  tst_cnt_reg[15]/D
  -------------------------------------------------------------------    -------------------

                         (clock pll_dac_clk_1x rise edge)
                                                      0.000     0.000 r  
    U18                                               0.000     0.000 r  adc_clk_i[1] (IN)
                         net (fo=0)                   0.000     0.000    adc_clk_i[1]
    U18                  IBUFDS (Prop_ibufds_I_O)     0.433     0.433 r  i_clk/O
                         net (fo=1, routed)           0.481     0.914    pll/adc_clk_in
    PLLE2_ADV_X0Y0       PLLE2_ADV (Prop_plle2_adv_CLKIN1_CLKOUT1)
                                                      0.054     0.968 r  pll/pll/CLKOUT1
                         net (fo=1, routed)           0.544     1.512    pll_dac_clk_1x
    BUFGCTRL_X0Y3        BUFG (Prop_bufg_I_O)         0.029     1.541 r  bufg_dac_clk_1x/O
                         net (fo=77, routed)          0.859     2.400    dac_clk_1x
    SLICE_X43Y58         FDRE                                         r  tst_cnt_reg[15]/C
                         clock pessimism             -0.396     2.004    
    SLICE_X43Y58         FDRE (Hold_fdre_C_D)         0.105     2.109    tst_cnt_reg[15]
  -------------------------------------------------------------------
                         required time                         -2.109    
                         arrival time                           2.361    
  -------------------------------------------------------------------
                         slack                                  0.252    

Slack (MET) :             0.252ns  (arrival time - required time)
  Source:                 tst_cnt_reg[19]/C
                            (rising edge-triggered cell FDRE clocked by pll_dac_clk_1x  {rise@0.000ns fall@4.000ns period=8.000ns})
  Destination:            tst_cnt_reg[19]/D
                            (rising edge-triggered cell FDRE clocked by pll_dac_clk_1x  {rise@0.000ns fall@4.000ns period=8.000ns})
  Path Group:             pll_dac_clk_1x
  Path Type:              Hold (Min at Fast Process Corner)
  Requirement:            0.000ns  (pll_dac_clk_1x rise@0.000ns - pll_dac_clk_1x rise@0.000ns)
  Data Path Delay:        0.357ns  (logic 0.249ns (69.714%)  route 0.108ns (30.286%))
  Logic Levels:           1  (CARRY4=1)
  Clock Path Skew:        0.000ns (DCD - SCD - CPR)
    Destination Clock Delay (DCD):    2.400ns
    Source Clock Delay      (SCD):    2.004ns
    Clock Pessimism Removal (CPR):    0.396ns

    Location             Delay type                Incr(ns)  Path(ns)    Netlist Resource(s)
  -------------------------------------------------------------------    -------------------
                         (clock pll_dac_clk_1x rise edge)
                                                      0.000     0.000 r  
    U18                                               0.000     0.000 r  adc_clk_i[1] (IN)
                         net (fo=0)                   0.000     0.000    adc_clk_i[1]
    U18                  IBUFDS (Prop_ibufds_I_O)     0.401     0.401 r  i_clk/O
                         net (fo=1, routed)           0.440     0.842    pll/adc_clk_in
    PLLE2_ADV_X0Y0       PLLE2_ADV (Prop_plle2_adv_CLKIN1_CLKOUT1)
                                                      0.051     0.893 r  pll/pll/CLKOUT1
                         net (fo=1, routed)           0.497     1.390    pll_dac_clk_1x
    BUFGCTRL_X0Y3        BUFG (Prop_bufg_I_O)         0.026     1.416 r  bufg_dac_clk_1x/O
                         net (fo=77, routed)          0.589     2.004    dac_clk_1x
    SLICE_X43Y59         FDRE                                         r  tst_cnt_reg[19]/C
  -------------------------------------------------------------------    -------------------
    SLICE_X43Y59         FDRE (Prop_fdre_C_Q)         0.141     2.145 r  tst_cnt_reg[19]/Q
                         net (fo=1, routed)           0.108     2.253    tst_cnt_reg_n_0_[19]
    SLICE_X43Y59         CARRY4 (Prop_carry4_S[3]_O[3])
                                                      0.108     2.361 r  tst_cnt_reg[16]_i_1/O[3]
                         net (fo=1, routed)           0.000     2.361    tst_cnt_reg[16]_i_1_n_4
    SLICE_X43Y59         FDRE                                         r  tst_cnt_reg[19]/D
  -------------------------------------------------------------------    -------------------

                         (clock pll_dac_clk_1x rise edge)
                                                      0.000     0.000 r  
    U18                                               0.000     0.000 r  adc_clk_i[1] (IN)
                         net (fo=0)                   0.000     0.000    adc_clk_i[1]
    U18                  IBUFDS (Prop_ibufds_I_O)     0.433     0.433 r  i_clk/O
                         net (fo=1, routed)           0.481     0.914    pll/adc_clk_in
    PLLE2_ADV_X0Y0       PLLE2_ADV (Prop_plle2_adv_CLKIN1_CLKOUT1)
                                                      0.054     0.968 r  pll/pll/CLKOUT1
                         net (fo=1, routed)           0.544     1.512    pll_dac_clk_1x
    BUFGCTRL_X0Y3        BUFG (Prop_bufg_I_O)         0.029     1.541 r  bufg_dac_clk_1x/O
                         net (fo=77, routed)          0.859     2.400    dac_clk_1x
    SLICE_X43Y59         FDRE                                         r  tst_cnt_reg[19]/C
                         clock pessimism             -0.396     2.004    
    SLICE_X43Y59         FDRE (Hold_fdre_C_D)         0.105     2.109    tst_cnt_reg[19]
  -------------------------------------------------------------------
                         required time                         -2.109    
                         arrival time                           2.361    
  -------------------------------------------------------------------
                         slack                                  0.252    

Slack (MET) :             0.252ns  (arrival time - required time)
  Source:                 tst_cnt_reg[23]/C
                            (rising edge-triggered cell FDRE clocked by pll_dac_clk_1x  {rise@0.000ns fall@4.000ns period=8.000ns})
  Destination:            tst_cnt_reg[23]/D
                            (rising edge-triggered cell FDRE clocked by pll_dac_clk_1x  {rise@0.000ns fall@4.000ns period=8.000ns})
  Path Group:             pll_dac_clk_1x
  Path Type:              Hold (Min at Fast Process Corner)
  Requirement:            0.000ns  (pll_dac_clk_1x rise@0.000ns - pll_dac_clk_1x rise@0.000ns)
  Data Path Delay:        0.357ns  (logic 0.249ns (69.714%)  route 0.108ns (30.286%))
  Logic Levels:           1  (CARRY4=1)
  Clock Path Skew:        0.000ns (DCD - SCD - CPR)
    Destination Clock Delay (DCD):    2.399ns
    Source Clock Delay      (SCD):    2.003ns
    Clock Pessimism Removal (CPR):    0.396ns

    Location             Delay type                Incr(ns)  Path(ns)    Netlist Resource(s)
  -------------------------------------------------------------------    -------------------
                         (clock pll_dac_clk_1x rise edge)
                                                      0.000     0.000 r  
    U18                                               0.000     0.000 r  adc_clk_i[1] (IN)
                         net (fo=0)                   0.000     0.000    adc_clk_i[1]
    U18                  IBUFDS (Prop_ibufds_I_O)     0.401     0.401 r  i_clk/O
                         net (fo=1, routed)           0.440     0.842    pll/adc_clk_in
    PLLE2_ADV_X0Y0       PLLE2_ADV (Prop_plle2_adv_CLKIN1_CLKOUT1)
                                                      0.051     0.893 r  pll/pll/CLKOUT1
                         net (fo=1, routed)           0.497     1.390    pll_dac_clk_1x
    BUFGCTRL_X0Y3        BUFG (Prop_bufg_I_O)         0.026     1.416 r  bufg_dac_clk_1x/O
                         net (fo=77, routed)          0.588     2.003    dac_clk_1x
    SLICE_X43Y60         FDRE                                         r  tst_cnt_reg[23]/C
  -------------------------------------------------------------------    -------------------
    SLICE_X43Y60         FDRE (Prop_fdre_C_Q)         0.141     2.144 r  tst_cnt_reg[23]/Q
                         net (fo=1, routed)           0.108     2.252    tst_cnt_reg_n_0_[23]
    SLICE_X43Y60         CARRY4 (Prop_carry4_S[3]_O[3])
                                                      0.108     2.360 r  tst_cnt_reg[20]_i_1/O[3]
                         net (fo=1, routed)           0.000     2.360    tst_cnt_reg[20]_i_1_n_4
    SLICE_X43Y60         FDRE                                         r  tst_cnt_reg[23]/D
  -------------------------------------------------------------------    -------------------

                         (clock pll_dac_clk_1x rise edge)
                                                      0.000     0.000 r  
    U18                                               0.000     0.000 r  adc_clk_i[1] (IN)
                         net (fo=0)                   0.000     0.000    adc_clk_i[1]
    U18                  IBUFDS (Prop_ibufds_I_O)     0.433     0.433 r  i_clk/O
                         net (fo=1, routed)           0.481     0.914    pll/adc_clk_in
    PLLE2_ADV_X0Y0       PLLE2_ADV (Prop_plle2_adv_CLKIN1_CLKOUT1)
                                                      0.054     0.968 r  pll/pll/CLKOUT1
                         net (fo=1, routed)           0.544     1.512    pll_dac_clk_1x
    BUFGCTRL_X0Y3        BUFG (Prop_bufg_I_O)         0.029     1.541 r  bufg_dac_clk_1x/O
                         net (fo=77, routed)          0.858     2.399    dac_clk_1x
    SLICE_X43Y60         FDRE                                         r  tst_cnt_reg[23]/C
                         clock pessimism             -0.396     2.003    
    SLICE_X43Y60         FDRE (Hold_fdre_C_D)         0.105     2.108    tst_cnt_reg[23]
  -------------------------------------------------------------------
                         required time                         -2.108    
                         arrival time                           2.360    
  -------------------------------------------------------------------
                         slack                                  0.252    





Pulse Width Checks
--------------------------------------------------------------------------------------
Clock Name:         pll_dac_clk_1x
Waveform(ns):       { 0.000 4.000 }
Period(ns):         8.000
Sources:            { pll/pll/CLKOUT1 }

Check Type        Corner  Lib Pin            Reference Pin  Required(ns)  Actual(ns)  Slack(ns)  Location        Pin
Min Period        n/a     BUFG/I             n/a            2.155         8.000       5.845      BUFGCTRL_X0Y3   bufg_dac_clk_1x/I
Min Period        n/a     ODDR/C             n/a            1.474         8.000       6.526      OLOGIC_X0Y86    oddr_dac_dat[0]/C
Min Period        n/a     ODDR/C             n/a            1.474         8.000       6.526      OLOGIC_X0Y70    oddr_dac_dat[10]/C
Min Period        n/a     ODDR/C             n/a            1.474         8.000       6.526      OLOGIC_X0Y69    oddr_dac_dat[11]/C
Min Period        n/a     ODDR/C             n/a            1.474         8.000       6.526      OLOGIC_X0Y91    oddr_dac_dat[12]/C
Min Period        n/a     ODDR/C             n/a            1.474         8.000       6.526      OLOGIC_X0Y92    oddr_dac_dat[13]/C
Min Period        n/a     ODDR/C             n/a            1.474         8.000       6.526      OLOGIC_X0Y85    oddr_dac_dat[1]/C
Min Period        n/a     ODDR/C             n/a            1.474         8.000       6.526      OLOGIC_X0Y82    oddr_dac_dat[2]/C
Min Period        n/a     ODDR/C             n/a            1.474         8.000       6.526      OLOGIC_X0Y81    oddr_dac_dat[3]/C
Min Period        n/a     ODDR/C             n/a            1.474         8.000       6.526      OLOGIC_X0Y80    oddr_dac_dat[4]/C
Max Period        n/a     PLLE2_ADV/CLKOUT1  n/a            160.000       8.000       152.000    PLLE2_ADV_X0Y0  pll/pll/CLKOUT1
Low Pulse Width   Slow    FDRE/C             n/a            0.500         4.000       3.500      SLICE_X36Y18    dac_dat_b_reg[0]/C
Low Pulse Width   Slow    FDRE/C             n/a            0.500         4.000       3.500      SLICE_X36Y18    dac_dat_b_reg[1]/C
Low Pulse Width   Slow    FDRE/C             n/a            0.500         4.000       3.500      SLICE_X36Y18    dac_dat_b_reg[2]/C
Low Pulse Width   Slow    FDRE/C             n/a            0.500         4.000       3.500      SLICE_X36Y18    dac_dat_b_reg[3]/C
Low Pulse Width   Slow    FDRE/C             n/a            0.500         4.000       3.500      SLICE_X36Y18    dac_dat_b_reg[6]/C
Low Pulse Width   Slow    FDRE/C             n/a            0.500         4.000       3.500      SLICE_X36Y18    dac_dat_b_reg[7]/C
Low Pulse Width   Slow    FDRE/C             n/a            0.500         4.000       3.500      SLICE_X43Y57    tst_cnt_reg[10]/C
Low Pulse Width   Slow    FDRE/C             n/a            0.500         4.000       3.500      SLICE_X43Y57    tst_cnt_reg[11]/C
Low Pulse Width   Slow    FDRE/C             n/a            0.500         4.000       3.500      SLICE_X43Y58    tst_cnt_reg[12]/C
Low Pulse Width   Slow    FDRE/C             n/a            0.500         4.000       3.500      SLICE_X43Y58    tst_cnt_reg[13]/C
High Pulse Width  Slow    FDRE/C             n/a            0.500         4.000       3.500      SLICE_X43Y47    dac_rst_reg/C
High Pulse Width  Slow    FDRE/C             n/a            0.500         4.000       3.500      SLICE_X36Y35    dac_dat_a_reg[0]/C
High Pulse Width  Fast    FDRE/C             n/a            0.500         4.000       3.500      SLICE_X36Y35    dac_dat_a_reg[0]/C
High Pulse Width  Slow    FDRE/C             n/a            0.500         4.000       3.500      SLICE_X37Y35    dac_dat_a_reg[10]/C
High Pulse Width  Fast    FDRE/C             n/a            0.500         4.000       3.500      SLICE_X37Y35    dac_dat_a_reg[10]/C
High Pulse Width  Slow    FDRE/C             n/a            0.500         4.000       3.500      SLICE_X37Y35    dac_dat_a_reg[11]/C
High Pulse Width  Fast    FDRE/C             n/a            0.500         4.000       3.500      SLICE_X37Y35    dac_dat_a_reg[11]/C
High Pulse Width  Slow    FDRE/C             n/a            0.500         4.000       3.500      SLICE_X37Y35    dac_dat_a_reg[12]/C
High Pulse Width  Fast    FDRE/C             n/a            0.500         4.000       3.500      SLICE_X37Y35    dac_dat_a_reg[12]/C
High Pulse Width  Slow    FDRE/C             n/a            0.500         4.000       3.500      SLICE_X37Y35    dac_dat_a_reg[13]/C



---------------------------------------------------------------------------------------------------
From Clock:  pll_dac_clk_2p
  To Clock:  pll_dac_clk_2p

Setup :           NA  Failing Endpoints,  Worst Slack           NA  ,  Total Violation           NA
Hold  :           NA  Failing Endpoints,  Worst Slack           NA  ,  Total Violation           NA
PW    :            0  Failing Endpoints,  Worst Slack        1.845ns,  Total Violation        0.000ns
---------------------------------------------------------------------------------------------------


Pulse Width Checks
--------------------------------------------------------------------------------------
Clock Name:         pll_dac_clk_2p
Waveform(ns):       { -0.500 1.500 }
Period(ns):         4.000
Sources:            { pll/pll/CLKOUT3 }

Check Type  Corner  Lib Pin            Reference Pin  Required(ns)  Actual(ns)  Slack(ns)  Location        Pin
Min Period  n/a     BUFG/I             n/a            2.155         4.000       1.845      BUFGCTRL_X0Y4   bufg_dac_clk_2p/I
Min Period  n/a     ODDR/C             n/a            1.474         4.000       2.526      OLOGIC_X0Y83    oddr_dac_clk/C
Min Period  n/a     PLLE2_ADV/CLKOUT3  n/a            1.249         4.000       2.751      PLLE2_ADV_X0Y0  pll/pll/CLKOUT3
Max Period  n/a     PLLE2_ADV/CLKOUT3  n/a            160.000       4.000       156.000    PLLE2_ADV_X0Y0  pll/pll/CLKOUT3



---------------------------------------------------------------------------------------------------
From Clock:  pll_dac_clk_2x
  To Clock:  pll_dac_clk_2x

Setup :           NA  Failing Endpoints,  Worst Slack           NA  ,  Total Violation           NA
Hold  :           NA  Failing Endpoints,  Worst Slack           NA  ,  Total Violation           NA
PW    :            0  Failing Endpoints,  Worst Slack        1.845ns,  Total Violation        0.000ns
---------------------------------------------------------------------------------------------------


Pulse Width Checks
--------------------------------------------------------------------------------------
Clock Name:         pll_dac_clk_2x
Waveform(ns):       { 0.000 2.000 }
Period(ns):         4.000
Sources:            { pll/pll/CLKOUT2 }

Check Type  Corner  Lib Pin            Reference Pin  Required(ns)  Actual(ns)  Slack(ns)  Location        Pin
Min Period  n/a     BUFG/I             n/a            2.155         4.000       1.845      BUFGCTRL_X0Y5   bufg_dac_clk_2x/I
Min Period  n/a     ODDR/C             n/a            1.474         4.000       2.526      OLOGIC_X0Y84    oddr_dac_wrt/C
Min Period  n/a     PLLE2_ADV/CLKOUT2  n/a            1.249         4.000       2.751      PLLE2_ADV_X0Y0  pll/pll/CLKOUT2
Max Period  n/a     PLLE2_ADV/CLKOUT2  n/a            160.000       4.000       156.000    PLLE2_ADV_X0Y0  pll/pll/CLKOUT2



---------------------------------------------------------------------------------------------------
From Clock:  pll_pwm_clk
  To Clock:  pll_pwm_clk

Setup :            4  Failing Endpoints,  Worst Slack       -0.284ns,  Total Violation       -0.706ns
Hold  :            0  Failing Endpoints,  Worst Slack        0.147ns,  Total Violation        0.000ns
PW    :            0  Failing Endpoints,  Worst Slack        1.500ns,  Total Violation        0.000ns
---------------------------------------------------------------------------------------------------


Max Delay Paths
--------------------------------------------------------------------------------------
Slack (VIOLATED) :        -0.284ns  (required time - arrival time)
  Source:                 pwm[3]/vcnt_r_reg[3]/C
                            (rising edge-triggered cell FDRE clocked by pll_pwm_clk  {rise@0.000ns fall@2.000ns period=4.000ns})
  Destination:            pwm[3]/pwm_o_reg/D
                            (rising edge-triggered cell FDRE clocked by pll_pwm_clk  {rise@0.000ns fall@2.000ns period=4.000ns})
  Path Group:             pll_pwm_clk
  Path Type:              Setup (Max at Slow Process Corner)
  Requirement:            4.000ns  (pll_pwm_clk rise@4.000ns - pll_pwm_clk rise@0.000ns)
  Data Path Delay:        3.304ns  (logic 1.149ns (34.775%)  route 2.155ns (65.225%))
  Logic Levels:           2  (CARRY4=1 LUT4=1)
  Clock Path Skew:        -0.084ns (DCD - SCD + CPR)
    Destination Clock Delay (DCD):    5.445ns = ( 9.445 - 4.000 ) 
    Source Clock Delay      (SCD):    5.986ns
    Clock Pessimism Removal (CPR):    0.458ns
  Clock Uncertainty:      0.063ns  ((TSJ^2 + DJ^2)^1/2) / 2 + PE
    Total System Jitter     (TSJ):    0.071ns
    Discrete Jitter          (DJ):    0.104ns
    Phase Error              (PE):    0.000ns

    Location             Delay type                Incr(ns)  Path(ns)    Netlist Resource(s)
  -------------------------------------------------------------------    -------------------
                         (clock pll_pwm_clk rise edge)
                                                      0.000     0.000 r  
    U18                                               0.000     0.000 r  adc_clk_i[1] (IN)
                         net (fo=0)                   0.000     0.000    adc_clk_i[1]
    U18                  IBUFDS (Prop_ibufds_I_O)     0.983     0.983 r  i_clk/O
                         net (fo=1, routed)           1.306     2.289    pll/adc_clk_in
    PLLE2_ADV_X0Y0       PLLE2_ADV (Prop_plle2_adv_CLKIN1_CLKOUT5)
                                                      0.089     2.378 r  pll/pll/CLKOUT5
                         net (fo=1, routed)           1.754     4.132    pll_pwm_clk
    BUFGCTRL_X0Y2        BUFG (Prop_bufg_I_O)         0.101     4.233 r  bufg_pwm_clk/O
                         net (fo=213, routed)         1.753     5.986    pwm[3]/CLK
    SLICE_X42Y41         FDRE                                         r  pwm[3]/vcnt_r_reg[3]/C
  -------------------------------------------------------------------    -------------------
    SLICE_X42Y41         FDRE (Prop_fdre_C_Q)         0.518     6.504 f  pwm[3]/vcnt_r_reg[3]/Q
                         net (fo=2, routed)           0.667     7.171    pwm[3]/vcnt_r[3]
    SLICE_X42Y41         LUT4 (Prop_lut4_I2_O)        0.124     7.295 r  pwm[3]/pwm_o_i_4/O
                         net (fo=1, routed)           0.669     7.964    pwm[3]/pwm_o_i_4_n_0
    SLICE_X43Y42         CARRY4 (Prop_carry4_DI[1]_CO[3])
                                                      0.507     8.471 r  pwm[3]/pwm_o_reg_i_1/CO[3]
                         net (fo=1, routed)           0.819     9.290    pwm[3]/p_1_in
    OLOGIC_X0Y44         FDRE                                         r  pwm[3]/pwm_o_reg/D
  -------------------------------------------------------------------    -------------------

                         (clock pll_pwm_clk rise edge)
                                                      4.000     4.000 r  
    U18                                               0.000     4.000 r  adc_clk_i[1] (IN)
                         net (fo=0)                   0.000     4.000    adc_clk_i[1]
    U18                  IBUFDS (Prop_ibufds_I_O)     0.940     4.940 r  i_clk/O
                         net (fo=1, routed)           1.181     6.121    pll/adc_clk_in
    PLLE2_ADV_X0Y0       PLLE2_ADV (Prop_plle2_adv_CLKIN1_CLKOUT5)
                                                      0.084     6.205 r  pll/pll/CLKOUT5
                         net (fo=1, routed)           1.594     7.799    pll_pwm_clk
    BUFGCTRL_X0Y2        BUFG (Prop_bufg_I_O)         0.091     7.890 r  bufg_pwm_clk/O
                         net (fo=213, routed)         1.555     9.445    pwm[3]/CLK
    OLOGIC_X0Y44         FDRE                                         r  pwm[3]/pwm_o_reg/C
                         clock pessimism              0.458     9.903    
                         clock uncertainty           -0.063     9.840    
    OLOGIC_X0Y44         FDRE (Setup_fdre_C_D)       -0.834     9.006    pwm[3]/pwm_o_reg
  -------------------------------------------------------------------
                         required time                          9.006    
                         arrival time                          -9.290    
  -------------------------------------------------------------------
                         slack                                 -0.284    

Slack (VIOLATED) :        -0.208ns  (required time - arrival time)
  Source:                 pwm[2]/vcnt_r_reg[1]/C
                            (rising edge-triggered cell FDRE clocked by pll_pwm_clk  {rise@0.000ns fall@2.000ns period=4.000ns})
  Destination:            pwm[2]/pwm_o_reg/D
                            (rising edge-triggered cell FDRE clocked by pll_pwm_clk  {rise@0.000ns fall@2.000ns period=4.000ns})
  Path Group:             pll_pwm_clk
  Path Type:              Setup (Max at Slow Process Corner)
  Requirement:            4.000ns  (pll_pwm_clk rise@4.000ns - pll_pwm_clk rise@0.000ns)
  Data Path Delay:        3.228ns  (logic 1.130ns (35.011%)  route 2.098ns (64.989%))
  Logic Levels:           2  (CARRY4=1 LUT4=1)
  Clock Path Skew:        -0.084ns (DCD - SCD + CPR)
    Destination Clock Delay (DCD):    5.447ns = ( 9.447 - 4.000 ) 
    Source Clock Delay      (SCD):    5.988ns
    Clock Pessimism Removal (CPR):    0.458ns
  Clock Uncertainty:      0.063ns  ((TSJ^2 + DJ^2)^1/2) / 2 + PE
    Total System Jitter     (TSJ):    0.071ns
    Discrete Jitter          (DJ):    0.104ns
    Phase Error              (PE):    0.000ns

    Location             Delay type                Incr(ns)  Path(ns)    Netlist Resource(s)
  -------------------------------------------------------------------    -------------------
                         (clock pll_pwm_clk rise edge)
                                                      0.000     0.000 r  
    U18                                               0.000     0.000 r  adc_clk_i[1] (IN)
                         net (fo=0)                   0.000     0.000    adc_clk_i[1]
    U18                  IBUFDS (Prop_ibufds_I_O)     0.983     0.983 r  i_clk/O
                         net (fo=1, routed)           1.306     2.289    pll/adc_clk_in
    PLLE2_ADV_X0Y0       PLLE2_ADV (Prop_plle2_adv_CLKIN1_CLKOUT5)
                                                      0.089     2.378 r  pll/pll/CLKOUT5
                         net (fo=1, routed)           1.754     4.132    pll_pwm_clk
    BUFGCTRL_X0Y2        BUFG (Prop_bufg_I_O)         0.101     4.233 r  bufg_pwm_clk/O
                         net (fo=213, routed)         1.755     5.988    pwm[2]/CLK
    SLICE_X40Y2          FDRE                                         r  pwm[2]/vcnt_r_reg[1]/C
  -------------------------------------------------------------------    -------------------
    SLICE_X40Y2          FDRE (Prop_fdre_C_Q)         0.456     6.444 f  pwm[2]/vcnt_r_reg[1]/Q
                         net (fo=2, routed)           0.679     7.123    pwm[2]/vcnt_r[1]
    SLICE_X40Y2          LUT4 (Prop_lut4_I2_O)        0.124     7.247 r  pwm[2]/pwm_o_i_5/O
                         net (fo=1, routed)           0.605     7.852    pwm[2]/pwm_o_i_5_n_0
    SLICE_X42Y1          CARRY4 (Prop_carry4_DI[0]_CO[3])
                                                      0.550     8.402 r  pwm[2]/pwm_o_reg_i_1/CO[3]
                         net (fo=1, routed)           0.814     9.216    pwm[2]/p_1_in
    OLOGIC_X0Y2          FDRE                                         r  pwm[2]/pwm_o_reg/D
  -------------------------------------------------------------------    -------------------

                         (clock pll_pwm_clk rise edge)
                                                      4.000     4.000 r  
    U18                                               0.000     4.000 r  adc_clk_i[1] (IN)
                         net (fo=0)                   0.000     4.000    adc_clk_i[1]
    U18                  IBUFDS (Prop_ibufds_I_O)     0.940     4.940 r  i_clk/O
                         net (fo=1, routed)           1.181     6.121    pll/adc_clk_in
    PLLE2_ADV_X0Y0       PLLE2_ADV (Prop_plle2_adv_CLKIN1_CLKOUT5)
                                                      0.084     6.205 r  pll/pll/CLKOUT5
                         net (fo=1, routed)           1.594     7.799    pll_pwm_clk
    BUFGCTRL_X0Y2        BUFG (Prop_bufg_I_O)         0.091     7.890 r  bufg_pwm_clk/O
                         net (fo=213, routed)         1.557     9.447    pwm[2]/CLK
    OLOGIC_X0Y2          FDRE                                         r  pwm[2]/pwm_o_reg/C
                         clock pessimism              0.458     9.905    
                         clock uncertainty           -0.063     9.842    
    OLOGIC_X0Y2          FDRE (Setup_fdre_C_D)       -0.834     9.008    pwm[2]/pwm_o_reg
  -------------------------------------------------------------------
                         required time                          9.008    
                         arrival time                          -9.216    
  -------------------------------------------------------------------
                         slack                                 -0.208    

Slack (VIOLATED) :        -0.167ns  (required time - arrival time)
  Source:                 pwm[0]/vcnt_r_reg[5]/C
                            (rising edge-triggered cell FDRE clocked by pll_pwm_clk  {rise@0.000ns fall@2.000ns period=4.000ns})
  Destination:            pwm[0]/pwm_o_reg/D
                            (rising edge-triggered cell FDRE clocked by pll_pwm_clk  {rise@0.000ns fall@2.000ns period=4.000ns})
  Path Group:             pll_pwm_clk
  Path Type:              Setup (Max at Slow Process Corner)
  Requirement:            4.000ns  (pll_pwm_clk rise@4.000ns - pll_pwm_clk rise@0.000ns)
  Data Path Delay:        3.188ns  (logic 1.084ns (34.008%)  route 2.104ns (65.992%))
  Logic Levels:           2  (CARRY4=1 LUT4=1)
  Clock Path Skew:        -0.083ns (DCD - SCD + CPR)
    Destination Clock Delay (DCD):    5.447ns = ( 9.447 - 4.000 ) 
    Source Clock Delay      (SCD):    5.987ns
    Clock Pessimism Removal (CPR):    0.458ns
  Clock Uncertainty:      0.063ns  ((TSJ^2 + DJ^2)^1/2) / 2 + PE
    Total System Jitter     (TSJ):    0.071ns
    Discrete Jitter          (DJ):    0.104ns
    Phase Error              (PE):    0.000ns

    Location             Delay type                Incr(ns)  Path(ns)    Netlist Resource(s)
  -------------------------------------------------------------------    -------------------
                         (clock pll_pwm_clk rise edge)
                                                      0.000     0.000 r  
    U18                                               0.000     0.000 r  adc_clk_i[1] (IN)
                         net (fo=0)                   0.000     0.000    adc_clk_i[1]
    U18                  IBUFDS (Prop_ibufds_I_O)     0.983     0.983 r  i_clk/O
                         net (fo=1, routed)           1.306     2.289    pll/adc_clk_in
    PLLE2_ADV_X0Y0       PLLE2_ADV (Prop_plle2_adv_CLKIN1_CLKOUT5)
                                                      0.089     2.378 r  pll/pll/CLKOUT5
                         net (fo=1, routed)           1.754     4.132    pll_pwm_clk
    BUFGCTRL_X0Y2        BUFG (Prop_bufg_I_O)         0.101     4.233 r  bufg_pwm_clk/O
                         net (fo=213, routed)         1.754     5.987    pwm[0]/CLK
    SLICE_X41Y46         FDRE                                         r  pwm[0]/vcnt_r_reg[5]/C
  -------------------------------------------------------------------    -------------------
    SLICE_X41Y46         FDRE (Prop_fdre_C_Q)         0.456     6.443 r  pwm[0]/vcnt_r_reg[5]/Q
                         net (fo=2, routed)           0.801     7.244    pwm[0]/vcnt_r[5]
    SLICE_X42Y46         LUT4 (Prop_lut4_I3_O)        0.124     7.368 r  pwm[0]/pwm_o_i_7/O
                         net (fo=1, routed)           0.630     7.998    pwm[0]/pwm_o_i_7_n_0
    SLICE_X42Y47         CARRY4 (Prop_carry4_S[2]_CO[3])
                                                      0.504     8.502 r  pwm[0]/pwm_o_reg_i_1/CO[3]
                         net (fo=1, routed)           0.672     9.175    pwm[0]/p_1_in
    OLOGIC_X0Y47         FDRE                                         r  pwm[0]/pwm_o_reg/D
  -------------------------------------------------------------------    -------------------

                         (clock pll_pwm_clk rise edge)
                                                      4.000     4.000 r  
    U18                                               0.000     4.000 r  adc_clk_i[1] (IN)
                         net (fo=0)                   0.000     4.000    adc_clk_i[1]
    U18                  IBUFDS (Prop_ibufds_I_O)     0.940     4.940 r  i_clk/O
                         net (fo=1, routed)           1.181     6.121    pll/adc_clk_in
    PLLE2_ADV_X0Y0       PLLE2_ADV (Prop_plle2_adv_CLKIN1_CLKOUT5)
                                                      0.084     6.205 r  pll/pll/CLKOUT5
                         net (fo=1, routed)           1.594     7.799    pll_pwm_clk
    BUFGCTRL_X0Y2        BUFG (Prop_bufg_I_O)         0.091     7.890 r  bufg_pwm_clk/O
                         net (fo=213, routed)         1.557     9.447    pwm[0]/CLK
    OLOGIC_X0Y47         FDRE                                         r  pwm[0]/pwm_o_reg/C
                         clock pessimism              0.458     9.905    
                         clock uncertainty           -0.063     9.842    
    OLOGIC_X0Y47         FDRE (Setup_fdre_C_D)       -0.834     9.008    pwm[0]/pwm_o_reg
  -------------------------------------------------------------------
                         required time                          9.008    
                         arrival time                          -9.175    
  -------------------------------------------------------------------
                         slack                                 -0.167    

Slack (VIOLATED) :        -0.047ns  (required time - arrival time)
  Source:                 pwm[1]/vcnt_r_reg[3]/C
                            (rising edge-triggered cell FDRE clocked by pll_pwm_clk  {rise@0.000ns fall@2.000ns period=4.000ns})
  Destination:            pwm[1]/pwm_o_reg/D
                            (rising edge-triggered cell FDRE clocked by pll_pwm_clk  {rise@0.000ns fall@2.000ns period=4.000ns})
  Path Group:             pll_pwm_clk
  Path Type:              Setup (Max at Slow Process Corner)
  Requirement:            4.000ns  (pll_pwm_clk rise@4.000ns - pll_pwm_clk rise@0.000ns)
  Data Path Delay:        3.066ns  (logic 1.237ns (40.341%)  route 1.829ns (59.659%))
  Logic Levels:           2  (CARRY4=1 LUT4=1)
  Clock Path Skew:        -0.084ns (DCD - SCD + CPR)
    Destination Clock Delay (DCD):    5.447ns = ( 9.447 - 4.000 ) 
    Source Clock Delay      (SCD):    5.988ns
    Clock Pessimism Removal (CPR):    0.458ns
  Clock Uncertainty:      0.063ns  ((TSJ^2 + DJ^2)^1/2) / 2 + PE
    Total System Jitter     (TSJ):    0.071ns
    Discrete Jitter          (DJ):    0.104ns
    Phase Error              (PE):    0.000ns

    Location             Delay type                Incr(ns)  Path(ns)    Netlist Resource(s)
  -------------------------------------------------------------------    -------------------
                         (clock pll_pwm_clk rise edge)
                                                      0.000     0.000 r  
    U18                                               0.000     0.000 r  adc_clk_i[1] (IN)
                         net (fo=0)                   0.000     0.000    adc_clk_i[1]
    U18                  IBUFDS (Prop_ibufds_I_O)     0.983     0.983 r  i_clk/O
                         net (fo=1, routed)           1.306     2.289    pll/adc_clk_in
    PLLE2_ADV_X0Y0       PLLE2_ADV (Prop_plle2_adv_CLKIN1_CLKOUT5)
                                                      0.089     2.378 r  pll/pll/CLKOUT5
                         net (fo=1, routed)           1.754     4.132    pll_pwm_clk
    BUFGCTRL_X0Y2        BUFG (Prop_bufg_I_O)         0.101     4.233 r  bufg_pwm_clk/O
                         net (fo=213, routed)         1.755     5.988    pwm[1]/CLK
    SLICE_X40Y47         FDRE                                         r  pwm[1]/vcnt_r_reg[3]/C
  -------------------------------------------------------------------    -------------------
    SLICE_X40Y47         FDRE (Prop_fdre_C_Q)         0.456     6.444 r  pwm[1]/vcnt_r_reg[3]/Q
                         net (fo=2, routed)           0.672     7.116    pwm[1]/vcnt_r[3]
    SLICE_X40Y47         LUT4 (Prop_lut4_I3_O)        0.124     7.240 r  pwm[1]/pwm_o_i_8/O
                         net (fo=1, routed)           0.485     7.725    pwm[1]/pwm_o_i_8_n_0
    SLICE_X42Y48         CARRY4 (Prop_carry4_S[1]_CO[3])
                                                      0.657     8.382 r  pwm[1]/pwm_o_reg_i_1/CO[3]
                         net (fo=1, routed)           0.672     9.055    pwm[1]/p_1_in
    OLOGIC_X0Y48         FDRE                                         r  pwm[1]/pwm_o_reg/D
  -------------------------------------------------------------------    -------------------

                         (clock pll_pwm_clk rise edge)
                                                      4.000     4.000 r  
    U18                                               0.000     4.000 r  adc_clk_i[1] (IN)
                         net (fo=0)                   0.000     4.000    adc_clk_i[1]
    U18                  IBUFDS (Prop_ibufds_I_O)     0.940     4.940 r  i_clk/O
                         net (fo=1, routed)           1.181     6.121    pll/adc_clk_in
    PLLE2_ADV_X0Y0       PLLE2_ADV (Prop_plle2_adv_CLKIN1_CLKOUT5)
                                                      0.084     6.205 r  pll/pll/CLKOUT5
                         net (fo=1, routed)           1.594     7.799    pll_pwm_clk
    BUFGCTRL_X0Y2        BUFG (Prop_bufg_I_O)         0.091     7.890 r  bufg_pwm_clk/O
                         net (fo=213, routed)         1.557     9.447    pwm[1]/CLK
    OLOGIC_X0Y48         FDRE                                         r  pwm[1]/pwm_o_reg/C
                         clock pessimism              0.458     9.905    
                         clock uncertainty           -0.063     9.842    
    OLOGIC_X0Y48         FDRE (Setup_fdre_C_D)       -0.834     9.008    pwm[1]/pwm_o_reg
  -------------------------------------------------------------------
                         required time                          9.008    
                         arrival time                          -9.055    
  -------------------------------------------------------------------
                         slack                                 -0.047    

Slack (MET) :             0.316ns  (required time - arrival time)
  Source:                 pwm_rstn_reg/C
                            (rising edge-triggered cell FDRE clocked by pll_pwm_clk  {rise@0.000ns fall@2.000ns period=4.000ns})
  Destination:            pwm[2]/pwm_o_reg/R
                            (rising edge-triggered cell FDRE clocked by pll_pwm_clk  {rise@0.000ns fall@2.000ns period=4.000ns})
  Path Group:             pll_pwm_clk
  Path Type:              Setup (Max at Slow Process Corner)
  Requirement:            4.000ns  (pll_pwm_clk rise@4.000ns - pll_pwm_clk rise@0.000ns)
  Data Path Delay:        2.747ns  (logic 0.580ns (21.114%)  route 2.167ns (78.886%))
  Logic Levels:           1  (LUT1=1)
  Clock Path Skew:        -0.077ns (DCD - SCD + CPR)
    Destination Clock Delay (DCD):    5.447ns = ( 9.447 - 4.000 ) 
    Source Clock Delay      (SCD):    5.981ns
    Clock Pessimism Removal (CPR):    0.458ns
  Clock Uncertainty:      0.063ns  ((TSJ^2 + DJ^2)^1/2) / 2 + PE
    Total System Jitter     (TSJ):    0.071ns
    Discrete Jitter          (DJ):    0.104ns
    Phase Error              (PE):    0.000ns

    Location             Delay type                Incr(ns)  Path(ns)    Netlist Resource(s)
  -------------------------------------------------------------------    -------------------
                         (clock pll_pwm_clk rise edge)
                                                      0.000     0.000 r  
    U18                                               0.000     0.000 r  adc_clk_i[1] (IN)
                         net (fo=0)                   0.000     0.000    adc_clk_i[1]
    U18                  IBUFDS (Prop_ibufds_I_O)     0.983     0.983 r  i_clk/O
                         net (fo=1, routed)           1.306     2.289    pll/adc_clk_in
    PLLE2_ADV_X0Y0       PLLE2_ADV (Prop_plle2_adv_CLKIN1_CLKOUT5)
                                                      0.089     2.378 r  pll/pll/CLKOUT5
                         net (fo=1, routed)           1.754     4.132    pll_pwm_clk
    BUFGCTRL_X0Y2        BUFG (Prop_bufg_I_O)         0.101     4.233 r  bufg_pwm_clk/O
                         net (fo=213, routed)         1.748     5.981    pwm_clk
    SLICE_X39Y37         FDRE                                         r  pwm_rstn_reg/C
  -------------------------------------------------------------------    -------------------
    SLICE_X39Y37         FDRE (Prop_fdre_C_Q)         0.456     6.437 f  pwm_rstn_reg/Q
                         net (fo=69, routed)          0.500     6.937    pwm[1]/pwm_rstn
    SLICE_X40Y38         LUT1 (Prop_lut1_I0_O)        0.124     7.061 r  pwm[1]/vcnt[7]_i_1/O
                         net (fo=52, routed)          1.667     8.728    pwm[2]/SR[0]
    OLOGIC_X0Y2          FDRE                                         r  pwm[2]/pwm_o_reg/R
  -------------------------------------------------------------------    -------------------

                         (clock pll_pwm_clk rise edge)
                                                      4.000     4.000 r  
    U18                                               0.000     4.000 r  adc_clk_i[1] (IN)
                         net (fo=0)                   0.000     4.000    adc_clk_i[1]
    U18                  IBUFDS (Prop_ibufds_I_O)     0.940     4.940 r  i_clk/O
                         net (fo=1, routed)           1.181     6.121    pll/adc_clk_in
    PLLE2_ADV_X0Y0       PLLE2_ADV (Prop_plle2_adv_CLKIN1_CLKOUT5)
                                                      0.084     6.205 r  pll/pll/CLKOUT5
                         net (fo=1, routed)           1.594     7.799    pll_pwm_clk
    BUFGCTRL_X0Y2        BUFG (Prop_bufg_I_O)         0.091     7.890 r  bufg_pwm_clk/O
                         net (fo=213, routed)         1.557     9.447    pwm[2]/CLK
    OLOGIC_X0Y2          FDRE                                         r  pwm[2]/pwm_o_reg/C
                         clock pessimism              0.458     9.905    
                         clock uncertainty           -0.063     9.842    
    OLOGIC_X0Y2          FDRE (Setup_fdre_C_R)       -0.798     9.044    pwm[2]/pwm_o_reg
  -------------------------------------------------------------------
                         required time                          9.044    
                         arrival time                          -8.728    
  -------------------------------------------------------------------
                         slack                                  0.316    

Slack (MET) :             0.408ns  (required time - arrival time)
  Source:                 pwm[2]/v_reg[3]/C
                            (rising edge-triggered cell FDRE clocked by pll_pwm_clk  {rise@0.000ns fall@2.000ns period=4.000ns})
  Destination:            pwm[2]/v_r_reg[6]/D
                            (rising edge-triggered cell FDRE clocked by pll_pwm_clk  {rise@0.000ns fall@2.000ns period=4.000ns})
  Path Group:             pll_pwm_clk
  Path Type:              Setup (Max at Slow Process Corner)
  Requirement:            4.000ns  (pll_pwm_clk rise@4.000ns - pll_pwm_clk rise@0.000ns)
  Data Path Delay:        3.503ns  (logic 0.766ns (21.865%)  route 2.737ns (78.135%))
  Logic Levels:           2  (LUT3=1 LUT6=1)
  Clock Path Skew:        -0.055ns (DCD - SCD + CPR)
    Destination Clock Delay (DCD):    5.467ns = ( 9.467 - 4.000 ) 
    Source Clock Delay      (SCD):    5.980ns
    Clock Pessimism Removal (CPR):    0.458ns
  Clock Uncertainty:      0.063ns  ((TSJ^2 + DJ^2)^1/2) / 2 + PE
    Total System Jitter     (TSJ):    0.071ns
    Discrete Jitter          (DJ):    0.104ns
    Phase Error              (PE):    0.000ns

    Location             Delay type                Incr(ns)  Path(ns)    Netlist Resource(s)
  -------------------------------------------------------------------    -------------------
                         (clock pll_pwm_clk rise edge)
                                                      0.000     0.000 r  
    U18                                               0.000     0.000 r  adc_clk_i[1] (IN)
                         net (fo=0)                   0.000     0.000    adc_clk_i[1]
    U18                  IBUFDS (Prop_ibufds_I_O)     0.983     0.983 r  i_clk/O
                         net (fo=1, routed)           1.306     2.289    pll/adc_clk_in
    PLLE2_ADV_X0Y0       PLLE2_ADV (Prop_plle2_adv_CLKIN1_CLKOUT5)
                                                      0.089     2.378 r  pll/pll/CLKOUT5
                         net (fo=1, routed)           1.754     4.132    pll_pwm_clk
    BUFGCTRL_X0Y2        BUFG (Prop_bufg_I_O)         0.101     4.233 r  bufg_pwm_clk/O
                         net (fo=213, routed)         1.747     5.980    pwm[2]/CLK
    SLICE_X38Y35         FDRE                                         r  pwm[2]/v_reg[3]/C
  -------------------------------------------------------------------    -------------------
    SLICE_X38Y35         FDRE (Prop_fdre_C_Q)         0.518     6.498 r  pwm[2]/v_reg[3]/Q
                         net (fo=3, routed)           2.039     8.538    pwm[2]/v_reg_n_0_[3]
    SLICE_X40Y2          LUT6 (Prop_lut6_I5_O)        0.124     8.662 r  pwm[2]/v_r[7]_i_2/O
                         net (fo=3, routed)           0.698     9.360    pwm[2]/v_r[7]_i_2_n_0
    SLICE_X41Y1          LUT3 (Prop_lut3_I0_O)        0.124     9.484 r  pwm[2]/v_r[6]_i_1/O
                         net (fo=1, routed)           0.000     9.484    pwm[2]/v_r[6]_i_1_n_0
    SLICE_X41Y1          FDRE                                         r  pwm[2]/v_r_reg[6]/D
  -------------------------------------------------------------------    -------------------

                         (clock pll_pwm_clk rise edge)
                                                      4.000     4.000 r  
    U18                                               0.000     4.000 r  adc_clk_i[1] (IN)
                         net (fo=0)                   0.000     4.000    adc_clk_i[1]
    U18                  IBUFDS (Prop_ibufds_I_O)     0.940     4.940 r  i_clk/O
                         net (fo=1, routed)           1.181     6.121    pll/adc_clk_in
    PLLE2_ADV_X0Y0       PLLE2_ADV (Prop_plle2_adv_CLKIN1_CLKOUT5)
                                                      0.084     6.205 r  pll/pll/CLKOUT5
                         net (fo=1, routed)           1.594     7.799    pll_pwm_clk
    BUFGCTRL_X0Y2        BUFG (Prop_bufg_I_O)         0.091     7.890 r  bufg_pwm_clk/O
                         net (fo=213, routed)         1.577     9.467    pwm[2]/CLK
    SLICE_X41Y1          FDRE                                         r  pwm[2]/v_r_reg[6]/C
                         clock pessimism              0.458     9.925    
                         clock uncertainty           -0.063     9.862    
    SLICE_X41Y1          FDRE (Setup_fdre_C_D)        0.029     9.891    pwm[2]/v_r_reg[6]
  -------------------------------------------------------------------
                         required time                          9.891    
                         arrival time                          -9.484    
  -------------------------------------------------------------------
                         slack                                  0.408    

Slack (MET) :             0.460ns  (required time - arrival time)
  Source:                 pwm[2]/v_reg[3]/C
                            (rising edge-triggered cell FDRE clocked by pll_pwm_clk  {rise@0.000ns fall@2.000ns period=4.000ns})
  Destination:            pwm[2]/v_r_reg[7]/D
                            (rising edge-triggered cell FDRE clocked by pll_pwm_clk  {rise@0.000ns fall@2.000ns period=4.000ns})
  Path Group:             pll_pwm_clk
  Path Type:              Setup (Max at Slow Process Corner)
  Requirement:            4.000ns  (pll_pwm_clk rise@4.000ns - pll_pwm_clk rise@0.000ns)
  Data Path Delay:        3.497ns  (logic 0.760ns (21.731%)  route 2.737ns (78.269%))
  Logic Levels:           2  (LUT4=1 LUT6=1)
  Clock Path Skew:        -0.055ns (DCD - SCD + CPR)
    Destination Clock Delay (DCD):    5.467ns = ( 9.467 - 4.000 ) 
    Source Clock Delay      (SCD):    5.980ns
    Clock Pessimism Removal (CPR):    0.458ns
  Clock Uncertainty:      0.063ns  ((TSJ^2 + DJ^2)^1/2) / 2 + PE
    Total System Jitter     (TSJ):    0.071ns
    Discrete Jitter          (DJ):    0.104ns
    Phase Error              (PE):    0.000ns

    Location             Delay type                Incr(ns)  Path(ns)    Netlist Resource(s)
  -------------------------------------------------------------------    -------------------
                         (clock pll_pwm_clk rise edge)
                                                      0.000     0.000 r  
    U18                                               0.000     0.000 r  adc_clk_i[1] (IN)
                         net (fo=0)                   0.000     0.000    adc_clk_i[1]
    U18                  IBUFDS (Prop_ibufds_I_O)     0.983     0.983 r  i_clk/O
                         net (fo=1, routed)           1.306     2.289    pll/adc_clk_in
    PLLE2_ADV_X0Y0       PLLE2_ADV (Prop_plle2_adv_CLKIN1_CLKOUT5)
                                                      0.089     2.378 r  pll/pll/CLKOUT5
                         net (fo=1, routed)           1.754     4.132    pll_pwm_clk
    BUFGCTRL_X0Y2        BUFG (Prop_bufg_I_O)         0.101     4.233 r  bufg_pwm_clk/O
                         net (fo=213, routed)         1.747     5.980    pwm[2]/CLK
    SLICE_X38Y35         FDRE                                         r  pwm[2]/v_reg[3]/C
  -------------------------------------------------------------------    -------------------
    SLICE_X38Y35         FDRE (Prop_fdre_C_Q)         0.518     6.498 r  pwm[2]/v_reg[3]/Q
                         net (fo=3, routed)           2.039     8.538    pwm[2]/v_reg_n_0_[3]
    SLICE_X40Y2          LUT6 (Prop_lut6_I5_O)        0.124     8.662 r  pwm[2]/v_r[7]_i_2/O
                         net (fo=3, routed)           0.698     9.360    pwm[2]/v_r[7]_i_2_n_0
    SLICE_X41Y1          LUT4 (Prop_lut4_I1_O)        0.118     9.478 r  pwm[2]/v_r[7]_i_1/O
                         net (fo=1, routed)           0.000     9.478    pwm[2]/v_r[7]_i_1_n_0
    SLICE_X41Y1          FDRE                                         r  pwm[2]/v_r_reg[7]/D
  -------------------------------------------------------------------    -------------------

                         (clock pll_pwm_clk rise edge)
                                                      4.000     4.000 r  
    U18                                               0.000     4.000 r  adc_clk_i[1] (IN)
                         net (fo=0)                   0.000     4.000    adc_clk_i[1]
    U18                  IBUFDS (Prop_ibufds_I_O)     0.940     4.940 r  i_clk/O
                         net (fo=1, routed)           1.181     6.121    pll/adc_clk_in
    PLLE2_ADV_X0Y0       PLLE2_ADV (Prop_plle2_adv_CLKIN1_CLKOUT5)
                                                      0.084     6.205 r  pll/pll/CLKOUT5
                         net (fo=1, routed)           1.594     7.799    pll_pwm_clk
    BUFGCTRL_X0Y2        BUFG (Prop_bufg_I_O)         0.091     7.890 r  bufg_pwm_clk/O
                         net (fo=213, routed)         1.577     9.467    pwm[2]/CLK
    SLICE_X41Y1          FDRE                                         r  pwm[2]/v_r_reg[7]/C
                         clock pessimism              0.458     9.925    
                         clock uncertainty           -0.063     9.862    
    SLICE_X41Y1          FDRE (Setup_fdre_C_D)        0.075     9.937    pwm[2]/v_r_reg[7]
  -------------------------------------------------------------------
                         required time                          9.937    
                         arrival time                          -9.478    
  -------------------------------------------------------------------
                         slack                                  0.460    

Slack (MET) :             0.516ns  (required time - arrival time)
  Source:                 pwm[0]/vcnt_reg[3]/C
                            (rising edge-triggered cell FDRE clocked by pll_pwm_clk  {rise@0.000ns fall@2.000ns period=4.000ns})
  Destination:            pwm[0]/v_reg[6]/CE
                            (rising edge-triggered cell FDRE clocked by pll_pwm_clk  {rise@0.000ns fall@2.000ns period=4.000ns})
  Path Group:             pll_pwm_clk
  Path Type:              Setup (Max at Slow Process Corner)
  Requirement:            4.000ns  (pll_pwm_clk rise@4.000ns - pll_pwm_clk rise@0.000ns)
  Data Path Delay:        3.152ns  (logic 0.828ns (26.266%)  route 2.324ns (73.734%))
  Logic Levels:           3  (LUT3=1 LUT5=2)
  Clock Path Skew:        -0.064ns (DCD - SCD + CPR)
    Destination Clock Delay (DCD):    5.465ns = ( 9.465 - 4.000 ) 
    Source Clock Delay      (SCD):    5.987ns
    Clock Pessimism Removal (CPR):    0.458ns
  Clock Uncertainty:      0.063ns  ((TSJ^2 + DJ^2)^1/2) / 2 + PE
    Total System Jitter     (TSJ):    0.071ns
    Discrete Jitter          (DJ):    0.104ns
    Phase Error              (PE):    0.000ns

    Location             Delay type                Incr(ns)  Path(ns)    Netlist Resource(s)
  -------------------------------------------------------------------    -------------------
                         (clock pll_pwm_clk rise edge)
                                                      0.000     0.000 r  
    U18                                               0.000     0.000 r  adc_clk_i[1] (IN)
                         net (fo=0)                   0.000     0.000    adc_clk_i[1]
    U18                  IBUFDS (Prop_ibufds_I_O)     0.983     0.983 r  i_clk/O
                         net (fo=1, routed)           1.306     2.289    pll/adc_clk_in
    PLLE2_ADV_X0Y0       PLLE2_ADV (Prop_plle2_adv_CLKIN1_CLKOUT5)
                                                      0.089     2.378 r  pll/pll/CLKOUT5
                         net (fo=1, routed)           1.754     4.132    pll_pwm_clk
    BUFGCTRL_X0Y2        BUFG (Prop_bufg_I_O)         0.101     4.233 r  bufg_pwm_clk/O
                         net (fo=213, routed)         1.754     5.987    pwm[0]/CLK
    SLICE_X41Y45         FDRE                                         r  pwm[0]/vcnt_reg[3]/C
  -------------------------------------------------------------------    -------------------
    SLICE_X41Y45         FDRE (Prop_fdre_C_Q)         0.456     6.443 r  pwm[0]/vcnt_reg[3]/Q
                         net (fo=6, routed)           0.687     7.130    pwm[0]/vcnt[3]
    SLICE_X40Y45         LUT3 (Prop_lut3_I1_O)        0.124     7.254 f  pwm[0]/vcnt[7]_i_2__2/O
                         net (fo=4, routed)           0.462     7.716    pwm[0]/vcnt[7]_i_2__2_n_0
    SLICE_X39Y45         LUT5 (Prop_lut5_I4_O)        0.124     7.840 r  pwm[0]/b[15]_i_1__2/O
                         net (fo=17, routed)          0.651     8.491    pwm[0]/b
    SLICE_X38Y43         LUT5 (Prop_lut5_I0_O)        0.124     8.615 r  pwm[0]/v[7]_i_1__2/O
                         net (fo=8, routed)           0.524     9.139    pwm[0]/v[7]_i_1__2_n_0
    SLICE_X37Y43         FDRE                                         r  pwm[0]/v_reg[6]/CE
  -------------------------------------------------------------------    -------------------

                         (clock pll_pwm_clk rise edge)
                                                      4.000     4.000 r  
    U18                                               0.000     4.000 r  adc_clk_i[1] (IN)
                         net (fo=0)                   0.000     4.000    adc_clk_i[1]
    U18                  IBUFDS (Prop_ibufds_I_O)     0.940     4.940 r  i_clk/O
                         net (fo=1, routed)           1.181     6.121    pll/adc_clk_in
    PLLE2_ADV_X0Y0       PLLE2_ADV (Prop_plle2_adv_CLKIN1_CLKOUT5)
                                                      0.084     6.205 r  pll/pll/CLKOUT5
                         net (fo=1, routed)           1.594     7.799    pll_pwm_clk
    BUFGCTRL_X0Y2        BUFG (Prop_bufg_I_O)         0.091     7.890 r  bufg_pwm_clk/O
                         net (fo=213, routed)         1.575     9.465    pwm[0]/CLK
    SLICE_X37Y43         FDRE                                         r  pwm[0]/v_reg[6]/C
                         clock pessimism              0.458     9.923    
                         clock uncertainty           -0.063     9.860    
    SLICE_X37Y43         FDRE (Setup_fdre_C_CE)      -0.205     9.655    pwm[0]/v_reg[6]
  -------------------------------------------------------------------
                         required time                          9.655    
                         arrival time                          -9.139    
  -------------------------------------------------------------------
                         slack                                  0.516    

Slack (MET) :             0.544ns  (required time - arrival time)
  Source:                 pwm[1]/vcnt_reg[6]/C
                            (rising edge-triggered cell FDRE clocked by pll_pwm_clk  {rise@0.000ns fall@2.000ns period=4.000ns})
  Destination:            pwm[1]/v_reg[4]/CE
                            (rising edge-triggered cell FDRE clocked by pll_pwm_clk  {rise@0.000ns fall@2.000ns period=4.000ns})
  Path Group:             pll_pwm_clk
  Path Type:              Setup (Max at Slow Process Corner)
  Requirement:            4.000ns  (pll_pwm_clk rise@4.000ns - pll_pwm_clk rise@0.000ns)
  Data Path Delay:        3.200ns  (logic 0.963ns (30.098%)  route 2.237ns (69.902%))
  Logic Levels:           3  (LUT3=1 LUT5=2)
  Clock Path Skew:        -0.025ns (DCD - SCD + CPR)
    Destination Clock Delay (DCD):    5.465ns = ( 9.465 - 4.000 ) 
    Source Clock Delay      (SCD):    5.985ns
    Clock Pessimism Removal (CPR):    0.495ns
  Clock Uncertainty:      0.063ns  ((TSJ^2 + DJ^2)^1/2) / 2 + PE
    Total System Jitter     (TSJ):    0.071ns
    Discrete Jitter          (DJ):    0.104ns
    Phase Error              (PE):    0.000ns

    Location             Delay type                Incr(ns)  Path(ns)    Netlist Resource(s)
  -------------------------------------------------------------------    -------------------
                         (clock pll_pwm_clk rise edge)
                                                      0.000     0.000 r  
    U18                                               0.000     0.000 r  adc_clk_i[1] (IN)
                         net (fo=0)                   0.000     0.000    adc_clk_i[1]
    U18                  IBUFDS (Prop_ibufds_I_O)     0.983     0.983 r  i_clk/O
                         net (fo=1, routed)           1.306     2.289    pll/adc_clk_in
    PLLE2_ADV_X0Y0       PLLE2_ADV (Prop_plle2_adv_CLKIN1_CLKOUT5)
                                                      0.089     2.378 r  pll/pll/CLKOUT5
                         net (fo=1, routed)           1.754     4.132    pll_pwm_clk
    BUFGCTRL_X0Y2        BUFG (Prop_bufg_I_O)         0.101     4.233 r  bufg_pwm_clk/O
                         net (fo=213, routed)         1.752     5.985    pwm[1]/CLK
    SLICE_X39Y46         FDRE                                         r  pwm[1]/vcnt_reg[6]/C
  -------------------------------------------------------------------    -------------------
    SLICE_X39Y46         FDRE (Prop_fdre_C_Q)         0.419     6.404 f  pwm[1]/vcnt_reg[6]/Q
                         net (fo=5, routed)           0.726     7.130    pwm[1]/vcnt[6]
    SLICE_X38Y45         LUT3 (Prop_lut3_I0_O)        0.296     7.426 f  pwm[1]/vcnt[4]_i_2__1/O
                         net (fo=4, routed)           0.590     8.016    pwm[1]/vcnt[4]_i_2__1_n_0
    SLICE_X38Y45         LUT5 (Prop_lut5_I0_O)        0.124     8.140 r  pwm[1]/b[15]_i_1__1/O
                         net (fo=17, routed)          0.341     8.481    pwm[1]/b
    SLICE_X39Y44         LUT5 (Prop_lut5_I0_O)        0.124     8.605 r  pwm[1]/v[7]_i_1__1/O
                         net (fo=8, routed)           0.580     9.185    pwm[1]/v[7]_i_1__1_n_0
    SLICE_X38Y44         FDRE                                         r  pwm[1]/v_reg[4]/CE
  -------------------------------------------------------------------    -------------------

                         (clock pll_pwm_clk rise edge)
                                                      4.000     4.000 r  
    U18                                               0.000     4.000 r  adc_clk_i[1] (IN)
                         net (fo=0)                   0.000     4.000    adc_clk_i[1]
    U18                  IBUFDS (Prop_ibufds_I_O)     0.940     4.940 r  i_clk/O
                         net (fo=1, routed)           1.181     6.121    pll/adc_clk_in
    PLLE2_ADV_X0Y0       PLLE2_ADV (Prop_plle2_adv_CLKIN1_CLKOUT5)
                                                      0.084     6.205 r  pll/pll/CLKOUT5
                         net (fo=1, routed)           1.594     7.799    pll_pwm_clk
    BUFGCTRL_X0Y2        BUFG (Prop_bufg_I_O)         0.091     7.890 r  bufg_pwm_clk/O
                         net (fo=213, routed)         1.575     9.465    pwm[1]/CLK
    SLICE_X38Y44         FDRE                                         r  pwm[1]/v_reg[4]/C
                         clock pessimism              0.495     9.960    
                         clock uncertainty           -0.063     9.897    
    SLICE_X38Y44         FDRE (Setup_fdre_C_CE)      -0.169     9.728    pwm[1]/v_reg[4]
  -------------------------------------------------------------------
                         required time                          9.728    
                         arrival time                          -9.185    
  -------------------------------------------------------------------
                         slack                                  0.544    

Slack (MET) :             0.544ns  (required time - arrival time)
  Source:                 pwm[1]/vcnt_reg[6]/C
                            (rising edge-triggered cell FDRE clocked by pll_pwm_clk  {rise@0.000ns fall@2.000ns period=4.000ns})
  Destination:            pwm[1]/v_reg[5]/CE
                            (rising edge-triggered cell FDRE clocked by pll_pwm_clk  {rise@0.000ns fall@2.000ns period=4.000ns})
  Path Group:             pll_pwm_clk
  Path Type:              Setup (Max at Slow Process Corner)
  Requirement:            4.000ns  (pll_pwm_clk rise@4.000ns - pll_pwm_clk rise@0.000ns)
  Data Path Delay:        3.200ns  (logic 0.963ns (30.098%)  route 2.237ns (69.902%))
  Logic Levels:           3  (LUT3=1 LUT5=2)
  Clock Path Skew:        -0.025ns (DCD - SCD + CPR)
    Destination Clock Delay (DCD):    5.465ns = ( 9.465 - 4.000 ) 
    Source Clock Delay      (SCD):    5.985ns
    Clock Pessimism Removal (CPR):    0.495ns
  Clock Uncertainty:      0.063ns  ((TSJ^2 + DJ^2)^1/2) / 2 + PE
    Total System Jitter     (TSJ):    0.071ns
    Discrete Jitter          (DJ):    0.104ns
    Phase Error              (PE):    0.000ns

    Location             Delay type                Incr(ns)  Path(ns)    Netlist Resource(s)
  -------------------------------------------------------------------    -------------------
                         (clock pll_pwm_clk rise edge)
                                                      0.000     0.000 r  
    U18                                               0.000     0.000 r  adc_clk_i[1] (IN)
                         net (fo=0)                   0.000     0.000    adc_clk_i[1]
    U18                  IBUFDS (Prop_ibufds_I_O)     0.983     0.983 r  i_clk/O
                         net (fo=1, routed)           1.306     2.289    pll/adc_clk_in
    PLLE2_ADV_X0Y0       PLLE2_ADV (Prop_plle2_adv_CLKIN1_CLKOUT5)
                                                      0.089     2.378 r  pll/pll/CLKOUT5
                         net (fo=1, routed)           1.754     4.132    pll_pwm_clk
    BUFGCTRL_X0Y2        BUFG (Prop_bufg_I_O)         0.101     4.233 r  bufg_pwm_clk/O
                         net (fo=213, routed)         1.752     5.985    pwm[1]/CLK
    SLICE_X39Y46         FDRE                                         r  pwm[1]/vcnt_reg[6]/C
  -------------------------------------------------------------------    -------------------
    SLICE_X39Y46         FDRE (Prop_fdre_C_Q)         0.419     6.404 f  pwm[1]/vcnt_reg[6]/Q
                         net (fo=5, routed)           0.726     7.130    pwm[1]/vcnt[6]
    SLICE_X38Y45         LUT3 (Prop_lut3_I0_O)        0.296     7.426 f  pwm[1]/vcnt[4]_i_2__1/O
                         net (fo=4, routed)           0.590     8.016    pwm[1]/vcnt[4]_i_2__1_n_0
    SLICE_X38Y45         LUT5 (Prop_lut5_I0_O)        0.124     8.140 r  pwm[1]/b[15]_i_1__1/O
                         net (fo=17, routed)          0.341     8.481    pwm[1]/b
    SLICE_X39Y44         LUT5 (Prop_lut5_I0_O)        0.124     8.605 r  pwm[1]/v[7]_i_1__1/O
                         net (fo=8, routed)           0.580     9.185    pwm[1]/v[7]_i_1__1_n_0
    SLICE_X38Y44         FDRE                                         r  pwm[1]/v_reg[5]/CE
  -------------------------------------------------------------------    -------------------

                         (clock pll_pwm_clk rise edge)
                                                      4.000     4.000 r  
    U18                                               0.000     4.000 r  adc_clk_i[1] (IN)
                         net (fo=0)                   0.000     4.000    adc_clk_i[1]
    U18                  IBUFDS (Prop_ibufds_I_O)     0.940     4.940 r  i_clk/O
                         net (fo=1, routed)           1.181     6.121    pll/adc_clk_in
    PLLE2_ADV_X0Y0       PLLE2_ADV (Prop_plle2_adv_CLKIN1_CLKOUT5)
                                                      0.084     6.205 r  pll/pll/CLKOUT5
                         net (fo=1, routed)           1.594     7.799    pll_pwm_clk
    BUFGCTRL_X0Y2        BUFG (Prop_bufg_I_O)         0.091     7.890 r  bufg_pwm_clk/O
                         net (fo=213, routed)         1.575     9.465    pwm[1]/CLK
    SLICE_X38Y44         FDRE                                         r  pwm[1]/v_reg[5]/C
                         clock pessimism              0.495     9.960    
                         clock uncertainty           -0.063     9.897    
    SLICE_X38Y44         FDRE (Setup_fdre_C_CE)      -0.169     9.728    pwm[1]/v_reg[5]
  -------------------------------------------------------------------
                         required time                          9.728    
                         arrival time                          -9.185    
  -------------------------------------------------------------------
                         slack                                  0.544    





Min Delay Paths
--------------------------------------------------------------------------------------
Slack (MET) :             0.147ns  (arrival time - required time)
  Source:                 pwm[0]/b_reg[5]/C
                            (rising edge-triggered cell FDRE clocked by pll_pwm_clk  {rise@0.000ns fall@2.000ns period=4.000ns})
  Destination:            pwm[0]/b_reg[4]/D
                            (rising edge-triggered cell FDRE clocked by pll_pwm_clk  {rise@0.000ns fall@2.000ns period=4.000ns})
  Path Group:             pll_pwm_clk
  Path Type:              Hold (Min at Fast Process Corner)
  Requirement:            0.000ns  (pll_pwm_clk rise@0.000ns - pll_pwm_clk rise@0.000ns)
  Data Path Delay:        0.283ns  (logic 0.186ns (65.669%)  route 0.097ns (34.331%))
  Logic Levels:           1  (LUT6=1)
  Clock Path Skew:        0.015ns (DCD - SCD - CPR)
    Destination Clock Delay (DCD):    2.398ns
    Source Clock Delay      (SCD):    2.004ns
    Clock Pessimism Removal (CPR):    0.379ns

    Location             Delay type                Incr(ns)  Path(ns)    Netlist Resource(s)
  -------------------------------------------------------------------    -------------------
                         (clock pll_pwm_clk rise edge)
                                                      0.000     0.000 r  
    U18                                               0.000     0.000 r  adc_clk_i[1] (IN)
                         net (fo=0)                   0.000     0.000    adc_clk_i[1]
    U18                  IBUFDS (Prop_ibufds_I_O)     0.401     0.401 r  i_clk/O
                         net (fo=1, routed)           0.440     0.842    pll/adc_clk_in
    PLLE2_ADV_X0Y0       PLLE2_ADV (Prop_plle2_adv_CLKIN1_CLKOUT5)
                                                      0.051     0.893 r  pll/pll/CLKOUT5
                         net (fo=1, routed)           0.497     1.390    pll_pwm_clk
    BUFGCTRL_X0Y2        BUFG (Prop_bufg_I_O)         0.026     1.416 r  bufg_pwm_clk/O
                         net (fo=213, routed)         0.589     2.004    pwm[0]/CLK
    SLICE_X36Y40         FDRE                                         r  pwm[0]/b_reg[5]/C
  -------------------------------------------------------------------    -------------------
    SLICE_X36Y40         FDRE (Prop_fdre_C_Q)         0.141     2.145 r  pwm[0]/b_reg[5]/Q
                         net (fo=1, routed)           0.097     2.242    pwm[0]/b_reg_n_0_[5]
    SLICE_X38Y39         LUT6 (Prop_lut6_I0_O)        0.045     2.287 r  pwm[0]/b[4]_i_1__2/O
                         net (fo=1, routed)           0.000     2.287    pwm[0]/p_0_in[4]
    SLICE_X38Y39         FDRE                                         r  pwm[0]/b_reg[4]/D
  -------------------------------------------------------------------    -------------------

                         (clock pll_pwm_clk rise edge)
                                                      0.000     0.000 r  
    U18                                               0.000     0.000 r  adc_clk_i[1] (IN)
                         net (fo=0)                   0.000     0.000    adc_clk_i[1]
    U18                  IBUFDS (Prop_ibufds_I_O)     0.433     0.433 r  i_clk/O
                         net (fo=1, routed)           0.481     0.914    pll/adc_clk_in
    PLLE2_ADV_X0Y0       PLLE2_ADV (Prop_plle2_adv_CLKIN1_CLKOUT5)
                                                      0.054     0.968 r  pll/pll/CLKOUT5
                         net (fo=1, routed)           0.544     1.512    pll_pwm_clk
    BUFGCTRL_X0Y2        BUFG (Prop_bufg_I_O)         0.029     1.541 r  bufg_pwm_clk/O
                         net (fo=213, routed)         0.857     2.398    pwm[0]/CLK
    SLICE_X38Y39         FDRE                                         r  pwm[0]/b_reg[4]/C
                         clock pessimism             -0.379     2.019    
    SLICE_X38Y39         FDRE (Hold_fdre_C_D)         0.121     2.140    pwm[0]/b_reg[4]
  -------------------------------------------------------------------
                         required time                         -2.140    
                         arrival time                           2.287    
  -------------------------------------------------------------------
                         slack                                  0.147    

Slack (MET) :             0.170ns  (arrival time - required time)
  Source:                 pwm[1]/vcnt_reg[7]/C
                            (rising edge-triggered cell FDRE clocked by pll_pwm_clk  {rise@0.000ns fall@2.000ns period=4.000ns})
  Destination:            pwm[1]/vcnt_r_reg[7]/D
                            (rising edge-triggered cell FDRE clocked by pll_pwm_clk  {rise@0.000ns fall@2.000ns period=4.000ns})
  Path Group:             pll_pwm_clk
  Path Type:              Hold (Min at Fast Process Corner)
  Requirement:            0.000ns  (pll_pwm_clk rise@0.000ns - pll_pwm_clk rise@0.000ns)
  Data Path Delay:        0.279ns  (logic 0.141ns (50.463%)  route 0.138ns (49.537%))
  Logic Levels:           0  
  Clock Path Skew:        0.039ns (DCD - SCD - CPR)
    Destination Clock Delay (DCD):    2.403ns
    Source Clock Delay      (SCD):    2.005ns
    Clock Pessimism Removal (CPR):    0.359ns

    Location             Delay type                Incr(ns)  Path(ns)    Netlist Resource(s)
  -------------------------------------------------------------------    -------------------
                         (clock pll_pwm_clk rise edge)
                                                      0.000     0.000 r  
    U18                                               0.000     0.000 r  adc_clk_i[1] (IN)
                         net (fo=0)                   0.000     0.000    adc_clk_i[1]
    U18                  IBUFDS (Prop_ibufds_I_O)     0.401     0.401 r  i_clk/O
                         net (fo=1, routed)           0.440     0.842    pll/adc_clk_in
    PLLE2_ADV_X0Y0       PLLE2_ADV (Prop_plle2_adv_CLKIN1_CLKOUT5)
                                                      0.051     0.893 r  pll/pll/CLKOUT5
                         net (fo=1, routed)           0.497     1.390    pll_pwm_clk
    BUFGCTRL_X0Y2        BUFG (Prop_bufg_I_O)         0.026     1.416 r  bufg_pwm_clk/O
                         net (fo=213, routed)         0.590     2.005    pwm[1]/CLK
    SLICE_X39Y46         FDRE                                         r  pwm[1]/vcnt_reg[7]/C
  -------------------------------------------------------------------    -------------------
    SLICE_X39Y46         FDRE (Prop_fdre_C_Q)         0.141     2.146 r  pwm[1]/vcnt_reg[7]/Q
                         net (fo=4, routed)           0.138     2.285    pwm[1]/vcnt[7]
    SLICE_X41Y47         FDRE                                         r  pwm[1]/vcnt_r_reg[7]/D
  -------------------------------------------------------------------    -------------------

                         (clock pll_pwm_clk rise edge)
                                                      0.000     0.000 r  
    U18                                               0.000     0.000 r  adc_clk_i[1] (IN)
                         net (fo=0)                   0.000     0.000    adc_clk_i[1]
    U18                  IBUFDS (Prop_ibufds_I_O)     0.433     0.433 r  i_clk/O
                         net (fo=1, routed)           0.481     0.914    pll/adc_clk_in
    PLLE2_ADV_X0Y0       PLLE2_ADV (Prop_plle2_adv_CLKIN1_CLKOUT5)
                                                      0.054     0.968 r  pll/pll/CLKOUT5
                         net (fo=1, routed)           0.544     1.512    pll_pwm_clk
    BUFGCTRL_X0Y2        BUFG (Prop_bufg_I_O)         0.029     1.541 r  bufg_pwm_clk/O
                         net (fo=213, routed)         0.862     2.403    pwm[1]/CLK
    SLICE_X41Y47         FDRE                                         r  pwm[1]/vcnt_r_reg[7]/C
                         clock pessimism             -0.359     2.044    
    SLICE_X41Y47         FDRE (Hold_fdre_C_D)         0.070     2.114    pwm[1]/vcnt_r_reg[7]
  -------------------------------------------------------------------
                         required time                         -2.114    
                         arrival time                           2.285    
  -------------------------------------------------------------------
                         slack                                  0.170    

Slack (MET) :             0.180ns  (arrival time - required time)
  Source:                 pwm[1]/b_reg[5]/C
                            (rising edge-triggered cell FDRE clocked by pll_pwm_clk  {rise@0.000ns fall@2.000ns period=4.000ns})
  Destination:            pwm[1]/b_reg[4]/D
                            (rising edge-triggered cell FDRE clocked by pll_pwm_clk  {rise@0.000ns fall@2.000ns period=4.000ns})
  Path Group:             pll_pwm_clk
  Path Type:              Hold (Min at Fast Process Corner)
  Requirement:            0.000ns  (pll_pwm_clk rise@0.000ns - pll_pwm_clk rise@0.000ns)
  Data Path Delay:        0.317ns  (logic 0.209ns (65.895%)  route 0.108ns (34.105%))
  Logic Levels:           1  (LUT6=1)
  Clock Path Skew:        0.016ns (DCD - SCD - CPR)
    Destination Clock Delay (DCD):    2.399ns
    Source Clock Delay      (SCD):    2.004ns
    Clock Pessimism Removal (CPR):    0.379ns

    Location             Delay type                Incr(ns)  Path(ns)    Netlist Resource(s)
  -------------------------------------------------------------------    -------------------
                         (clock pll_pwm_clk rise edge)
                                                      0.000     0.000 r  
    U18                                               0.000     0.000 r  adc_clk_i[1] (IN)
                         net (fo=0)                   0.000     0.000    adc_clk_i[1]
    U18                  IBUFDS (Prop_ibufds_I_O)     0.401     0.401 r  i_clk/O
                         net (fo=1, routed)           0.440     0.842    pll/adc_clk_in
    PLLE2_ADV_X0Y0       PLLE2_ADV (Prop_plle2_adv_CLKIN1_CLKOUT5)
                                                      0.051     0.893 r  pll/pll/CLKOUT5
                         net (fo=1, routed)           0.497     1.390    pll_pwm_clk
    BUFGCTRL_X0Y2        BUFG (Prop_bufg_I_O)         0.026     1.416 r  bufg_pwm_clk/O
                         net (fo=213, routed)         0.589     2.004    pwm[1]/CLK
    SLICE_X38Y42         FDRE                                         r  pwm[1]/b_reg[5]/C
  -------------------------------------------------------------------    -------------------
    SLICE_X38Y42         FDRE (Prop_fdre_C_Q)         0.164     2.168 r  pwm[1]/b_reg[5]/Q
                         net (fo=1, routed)           0.108     2.276    pwm[1]/b_reg_n_0_[5]
    SLICE_X38Y41         LUT6 (Prop_lut6_I0_O)        0.045     2.321 r  pwm[1]/b[4]_i_1__1/O
                         net (fo=1, routed)           0.000     2.321    pwm[1]/p_0_in[4]
    SLICE_X38Y41         FDRE                                         r  pwm[1]/b_reg[4]/D
  -------------------------------------------------------------------    -------------------

                         (clock pll_pwm_clk rise edge)
                                                      0.000     0.000 r  
    U18                                               0.000     0.000 r  adc_clk_i[1] (IN)
                         net (fo=0)                   0.000     0.000    adc_clk_i[1]
    U18                  IBUFDS (Prop_ibufds_I_O)     0.433     0.433 r  i_clk/O
                         net (fo=1, routed)           0.481     0.914    pll/adc_clk_in
    PLLE2_ADV_X0Y0       PLLE2_ADV (Prop_plle2_adv_CLKIN1_CLKOUT5)
                                                      0.054     0.968 r  pll/pll/CLKOUT5
                         net (fo=1, routed)           0.544     1.512    pll_pwm_clk
    BUFGCTRL_X0Y2        BUFG (Prop_bufg_I_O)         0.029     1.541 r  bufg_pwm_clk/O
                         net (fo=213, routed)         0.858     2.399    pwm[1]/CLK
    SLICE_X38Y41         FDRE                                         r  pwm[1]/b_reg[4]/C
                         clock pessimism             -0.379     2.020    
    SLICE_X38Y41         FDRE (Hold_fdre_C_D)         0.121     2.141    pwm[1]/b_reg[4]
  -------------------------------------------------------------------
                         required time                         -2.141    
                         arrival time                           2.321    
  -------------------------------------------------------------------
                         slack                                  0.180    

Slack (MET) :             0.182ns  (arrival time - required time)
  Source:                 pwm[1]/vcnt_reg[3]/C
                            (rising edge-triggered cell FDRE clocked by pll_pwm_clk  {rise@0.000ns fall@2.000ns period=4.000ns})
  Destination:            pwm[1]/vcnt_reg[2]/D
                            (rising edge-triggered cell FDRE clocked by pll_pwm_clk  {rise@0.000ns fall@2.000ns period=4.000ns})
  Path Group:             pll_pwm_clk
  Path Type:              Hold (Min at Fast Process Corner)
  Requirement:            0.000ns  (pll_pwm_clk rise@0.000ns - pll_pwm_clk rise@0.000ns)
  Data Path Delay:        0.336ns  (logic 0.186ns (55.319%)  route 0.150ns (44.681%))
  Logic Levels:           1  (LUT6=1)
  Clock Path Skew:        0.034ns (DCD - SCD - CPR)
    Destination Clock Delay (DCD):    2.400ns
    Source Clock Delay      (SCD):    2.007ns
    Clock Pessimism Removal (CPR):    0.359ns

    Location             Delay type                Incr(ns)  Path(ns)    Netlist Resource(s)
  -------------------------------------------------------------------    -------------------
                         (clock pll_pwm_clk rise edge)
                                                      0.000     0.000 r  
    U18                                               0.000     0.000 r  adc_clk_i[1] (IN)
                         net (fo=0)                   0.000     0.000    adc_clk_i[1]
    U18                  IBUFDS (Prop_ibufds_I_O)     0.401     0.401 r  i_clk/O
                         net (fo=1, routed)           0.440     0.842    pll/adc_clk_in
    PLLE2_ADV_X0Y0       PLLE2_ADV (Prop_plle2_adv_CLKIN1_CLKOUT5)
                                                      0.051     0.893 r  pll/pll/CLKOUT5
                         net (fo=1, routed)           0.497     1.390    pll_pwm_clk
    BUFGCTRL_X0Y2        BUFG (Prop_bufg_I_O)         0.026     1.416 r  bufg_pwm_clk/O
                         net (fo=213, routed)         0.592     2.007    pwm[1]/CLK
    SLICE_X40Y45         FDRE                                         r  pwm[1]/vcnt_reg[3]/C
  -------------------------------------------------------------------    -------------------
    SLICE_X40Y45         FDRE (Prop_fdre_C_Q)         0.141     2.148 f  pwm[1]/vcnt_reg[3]/Q
                         net (fo=6, routed)           0.150     2.298    pwm[1]/vcnt[3]
    SLICE_X38Y45         LUT6 (Prop_lut6_I1_O)        0.045     2.343 r  pwm[1]/vcnt[2]_i_1__1/O
                         net (fo=1, routed)           0.000     2.343    pwm[1]/vcnt[2]_i_1__1_n_0
    SLICE_X38Y45         FDRE                                         r  pwm[1]/vcnt_reg[2]/D
  -------------------------------------------------------------------    -------------------

                         (clock pll_pwm_clk rise edge)
                                                      0.000     0.000 r  
    U18                                               0.000     0.000 r  adc_clk_i[1] (IN)
                         net (fo=0)                   0.000     0.000    adc_clk_i[1]
    U18                  IBUFDS (Prop_ibufds_I_O)     0.433     0.433 r  i_clk/O
                         net (fo=1, routed)           0.481     0.914    pll/adc_clk_in
    PLLE2_ADV_X0Y0       PLLE2_ADV (Prop_plle2_adv_CLKIN1_CLKOUT5)
                                                      0.054     0.968 r  pll/pll/CLKOUT5
                         net (fo=1, routed)           0.544     1.512    pll_pwm_clk
    BUFGCTRL_X0Y2        BUFG (Prop_bufg_I_O)         0.029     1.541 r  bufg_pwm_clk/O
                         net (fo=213, routed)         0.859     2.400    pwm[1]/CLK
    SLICE_X38Y45         FDRE                                         r  pwm[1]/vcnt_reg[2]/C
                         clock pessimism             -0.359     2.041    
    SLICE_X38Y45         FDRE (Hold_fdre_C_D)         0.120     2.161    pwm[1]/vcnt_reg[2]
  -------------------------------------------------------------------
                         required time                         -2.161    
                         arrival time                           2.343    
  -------------------------------------------------------------------
                         slack                                  0.182    

Slack (MET) :             0.187ns  (arrival time - required time)
  Source:                 pwm[3]/b_reg[3]/C
                            (rising edge-triggered cell FDRE clocked by pll_pwm_clk  {rise@0.000ns fall@2.000ns period=4.000ns})
  Destination:            pwm[3]/b_reg[2]/D
                            (rising edge-triggered cell FDRE clocked by pll_pwm_clk  {rise@0.000ns fall@2.000ns period=4.000ns})
  Path Group:             pll_pwm_clk
  Path Type:              Hold (Min at Fast Process Corner)
  Requirement:            0.000ns  (pll_pwm_clk rise@0.000ns - pll_pwm_clk rise@0.000ns)
  Data Path Delay:        0.291ns  (logic 0.209ns (71.796%)  route 0.082ns (28.204%))
  Logic Levels:           1  (LUT6=1)
  Clock Path Skew:        0.013ns (DCD - SCD - CPR)
    Destination Clock Delay (DCD):    2.398ns
    Source Clock Delay      (SCD):    2.003ns
    Clock Pessimism Removal (CPR):    0.382ns

    Location             Delay type                Incr(ns)  Path(ns)    Netlist Resource(s)
  -------------------------------------------------------------------    -------------------
                         (clock pll_pwm_clk rise edge)
                                                      0.000     0.000 r  
    U18                                               0.000     0.000 r  adc_clk_i[1] (IN)
                         net (fo=0)                   0.000     0.000    adc_clk_i[1]
    U18                  IBUFDS (Prop_ibufds_I_O)     0.401     0.401 r  i_clk/O
                         net (fo=1, routed)           0.440     0.842    pll/adc_clk_in
    PLLE2_ADV_X0Y0       PLLE2_ADV (Prop_plle2_adv_CLKIN1_CLKOUT5)
                                                      0.051     0.893 r  pll/pll/CLKOUT5
                         net (fo=1, routed)           0.497     1.390    pll_pwm_clk
    BUFGCTRL_X0Y2        BUFG (Prop_bufg_I_O)         0.026     1.416 r  bufg_pwm_clk/O
                         net (fo=213, routed)         0.588     2.003    pwm[3]/CLK
    SLICE_X38Y38         FDRE                                         r  pwm[3]/b_reg[3]/C
  -------------------------------------------------------------------    -------------------
    SLICE_X38Y38         FDRE (Prop_fdre_C_Q)         0.164     2.167 r  pwm[3]/b_reg[3]/Q
                         net (fo=1, routed)           0.082     2.249    pwm[3]/b_reg_n_0_[3]
    SLICE_X39Y38         LUT6 (Prop_lut6_I0_O)        0.045     2.294 r  pwm[3]/b[2]_i_1/O
                         net (fo=1, routed)           0.000     2.294    pwm[3]/p_0_in__0[2]
    SLICE_X39Y38         FDRE                                         r  pwm[3]/b_reg[2]/D
  -------------------------------------------------------------------    -------------------

                         (clock pll_pwm_clk rise edge)
                                                      0.000     0.000 r  
    U18                                               0.000     0.000 r  adc_clk_i[1] (IN)
                         net (fo=0)                   0.000     0.000    adc_clk_i[1]
    U18                  IBUFDS (Prop_ibufds_I_O)     0.433     0.433 r  i_clk/O
                         net (fo=1, routed)           0.481     0.914    pll/adc_clk_in
    PLLE2_ADV_X0Y0       PLLE2_ADV (Prop_plle2_adv_CLKIN1_CLKOUT5)
                                                      0.054     0.968 r  pll/pll/CLKOUT5
                         net (fo=1, routed)           0.544     1.512    pll_pwm_clk
    BUFGCTRL_X0Y2        BUFG (Prop_bufg_I_O)         0.029     1.541 r  bufg_pwm_clk/O
                         net (fo=213, routed)         0.857     2.398    pwm[3]/CLK
    SLICE_X39Y38         FDRE                                         r  pwm[3]/b_reg[2]/C
                         clock pessimism             -0.382     2.016    
    SLICE_X39Y38         FDRE (Hold_fdre_C_D)         0.091     2.107    pwm[3]/b_reg[2]
  -------------------------------------------------------------------
                         required time                         -2.107    
                         arrival time                           2.294    
  -------------------------------------------------------------------
                         slack                                  0.187    

Slack (MET) :             0.190ns  (arrival time - required time)
  Source:                 pwm[0]/vcnt_reg[3]/C
                            (rising edge-triggered cell FDRE clocked by pll_pwm_clk  {rise@0.000ns fall@2.000ns period=4.000ns})
  Destination:            pwm[0]/vcnt_r_reg[3]/D
                            (rising edge-triggered cell FDRE clocked by pll_pwm_clk  {rise@0.000ns fall@2.000ns period=4.000ns})
  Path Group:             pll_pwm_clk
  Path Type:              Hold (Min at Fast Process Corner)
  Requirement:            0.000ns  (pll_pwm_clk rise@0.000ns - pll_pwm_clk rise@0.000ns)
  Data Path Delay:        0.276ns  (logic 0.141ns (51.042%)  route 0.135ns (48.958%))
  Logic Levels:           0  
  Clock Path Skew:        0.016ns (DCD - SCD - CPR)
    Destination Clock Delay (DCD):    2.402ns
    Source Clock Delay      (SCD):    2.007ns
    Clock Pessimism Removal (CPR):    0.379ns

    Location             Delay type                Incr(ns)  Path(ns)    Netlist Resource(s)
  -------------------------------------------------------------------    -------------------
                         (clock pll_pwm_clk rise edge)
                                                      0.000     0.000 r  
    U18                                               0.000     0.000 r  adc_clk_i[1] (IN)
                         net (fo=0)                   0.000     0.000    adc_clk_i[1]
    U18                  IBUFDS (Prop_ibufds_I_O)     0.401     0.401 r  i_clk/O
                         net (fo=1, routed)           0.440     0.842    pll/adc_clk_in
    PLLE2_ADV_X0Y0       PLLE2_ADV (Prop_plle2_adv_CLKIN1_CLKOUT5)
                                                      0.051     0.893 r  pll/pll/CLKOUT5
                         net (fo=1, routed)           0.497     1.390    pll_pwm_clk
    BUFGCTRL_X0Y2        BUFG (Prop_bufg_I_O)         0.026     1.416 r  bufg_pwm_clk/O
                         net (fo=213, routed)         0.592     2.007    pwm[0]/CLK
    SLICE_X41Y45         FDRE                                         r  pwm[0]/vcnt_reg[3]/C
  -------------------------------------------------------------------    -------------------
    SLICE_X41Y45         FDRE (Prop_fdre_C_Q)         0.141     2.148 r  pwm[0]/vcnt_reg[3]/Q
                         net (fo=6, routed)           0.135     2.283    pwm[0]/vcnt[3]
    SLICE_X41Y46         FDRE                                         r  pwm[0]/vcnt_r_reg[3]/D
  -------------------------------------------------------------------    -------------------

                         (clock pll_pwm_clk rise edge)
                                                      0.000     0.000 r  
    U18                                               0.000     0.000 r  adc_clk_i[1] (IN)
                         net (fo=0)                   0.000     0.000    adc_clk_i[1]
    U18                  IBUFDS (Prop_ibufds_I_O)     0.433     0.433 r  i_clk/O
                         net (fo=1, routed)           0.481     0.914    pll/adc_clk_in
    PLLE2_ADV_X0Y0       PLLE2_ADV (Prop_plle2_adv_CLKIN1_CLKOUT5)
                                                      0.054     0.968 r  pll/pll/CLKOUT5
                         net (fo=1, routed)           0.544     1.512    pll_pwm_clk
    BUFGCTRL_X0Y2        BUFG (Prop_bufg_I_O)         0.029     1.541 r  bufg_pwm_clk/O
                         net (fo=213, routed)         0.861     2.402    pwm[0]/CLK
    SLICE_X41Y46         FDRE                                         r  pwm[0]/vcnt_r_reg[3]/C
                         clock pessimism             -0.379     2.023    
    SLICE_X41Y46         FDRE (Hold_fdre_C_D)         0.070     2.093    pwm[0]/vcnt_r_reg[3]
  -------------------------------------------------------------------
                         required time                         -2.093    
                         arrival time                           2.283    
  -------------------------------------------------------------------
                         slack                                  0.190    

Slack (MET) :             0.198ns  (arrival time - required time)
  Source:                 pwm[0]/b_reg[14]/C
                            (rising edge-triggered cell FDRE clocked by pll_pwm_clk  {rise@0.000ns fall@2.000ns period=4.000ns})
  Destination:            pwm[0]/b_reg[13]/D
                            (rising edge-triggered cell FDRE clocked by pll_pwm_clk  {rise@0.000ns fall@2.000ns period=4.000ns})
  Path Group:             pll_pwm_clk
  Path Type:              Hold (Min at Fast Process Corner)
  Requirement:            0.000ns  (pll_pwm_clk rise@0.000ns - pll_pwm_clk rise@0.000ns)
  Data Path Delay:        0.305ns  (logic 0.186ns (60.958%)  route 0.119ns (39.042%))
  Logic Levels:           1  (LUT6=1)
  Clock Path Skew:        0.015ns (DCD - SCD - CPR)
    Destination Clock Delay (DCD):    2.398ns
    Source Clock Delay      (SCD):    2.004ns
    Clock Pessimism Removal (CPR):    0.379ns

    Location             Delay type                Incr(ns)  Path(ns)    Netlist Resource(s)
  -------------------------------------------------------------------    -------------------
                         (clock pll_pwm_clk rise edge)
                                                      0.000     0.000 r  
    U18                                               0.000     0.000 r  adc_clk_i[1] (IN)
                         net (fo=0)                   0.000     0.000    adc_clk_i[1]
    U18                  IBUFDS (Prop_ibufds_I_O)     0.401     0.401 r  i_clk/O
                         net (fo=1, routed)           0.440     0.842    pll/adc_clk_in
    PLLE2_ADV_X0Y0       PLLE2_ADV (Prop_plle2_adv_CLKIN1_CLKOUT5)
                                                      0.051     0.893 r  pll/pll/CLKOUT5
                         net (fo=1, routed)           0.497     1.390    pll_pwm_clk
    BUFGCTRL_X0Y2        BUFG (Prop_bufg_I_O)         0.026     1.416 r  bufg_pwm_clk/O
                         net (fo=213, routed)         0.589     2.004    pwm[0]/CLK
    SLICE_X36Y40         FDRE                                         r  pwm[0]/b_reg[14]/C
  -------------------------------------------------------------------    -------------------
    SLICE_X36Y40         FDRE (Prop_fdre_C_Q)         0.141     2.145 r  pwm[0]/b_reg[14]/Q
                         net (fo=1, routed)           0.119     2.264    pwm[0]/b_reg_n_0_[14]
    SLICE_X36Y39         LUT6 (Prop_lut6_I0_O)        0.045     2.309 r  pwm[0]/b[13]_i_1__2/O
                         net (fo=1, routed)           0.000     2.309    pwm[0]/p_0_in[13]
    SLICE_X36Y39         FDRE                                         r  pwm[0]/b_reg[13]/D
  -------------------------------------------------------------------    -------------------

                         (clock pll_pwm_clk rise edge)
                                                      0.000     0.000 r  
    U18                                               0.000     0.000 r  adc_clk_i[1] (IN)
                         net (fo=0)                   0.000     0.000    adc_clk_i[1]
    U18                  IBUFDS (Prop_ibufds_I_O)     0.433     0.433 r  i_clk/O
                         net (fo=1, routed)           0.481     0.914    pll/adc_clk_in
    PLLE2_ADV_X0Y0       PLLE2_ADV (Prop_plle2_adv_CLKIN1_CLKOUT5)
                                                      0.054     0.968 r  pll/pll/CLKOUT5
                         net (fo=1, routed)           0.544     1.512    pll_pwm_clk
    BUFGCTRL_X0Y2        BUFG (Prop_bufg_I_O)         0.029     1.541 r  bufg_pwm_clk/O
                         net (fo=213, routed)         0.857     2.398    pwm[0]/CLK
    SLICE_X36Y39         FDRE                                         r  pwm[0]/b_reg[13]/C
                         clock pessimism             -0.379     2.019    
    SLICE_X36Y39         FDRE (Hold_fdre_C_D)         0.092     2.111    pwm[0]/b_reg[13]
  -------------------------------------------------------------------
                         required time                         -2.111    
                         arrival time                           2.309    
  -------------------------------------------------------------------
                         slack                                  0.198    

Slack (MET) :             0.202ns  (arrival time - required time)
  Source:                 pwm[3]/b_reg[0]/C
                            (rising edge-triggered cell FDRE clocked by pll_pwm_clk  {rise@0.000ns fall@2.000ns period=4.000ns})
  Destination:            pwm[3]/v_r_reg[3]/D
                            (rising edge-triggered cell FDRE clocked by pll_pwm_clk  {rise@0.000ns fall@2.000ns period=4.000ns})
  Path Group:             pll_pwm_clk
  Path Type:              Hold (Min at Fast Process Corner)
  Requirement:            0.000ns  (pll_pwm_clk rise@0.000ns - pll_pwm_clk rise@0.000ns)
  Data Path Delay:        0.349ns  (logic 0.189ns (54.100%)  route 0.160ns (45.900%))
  Logic Levels:           1  (LUT5=1)
  Clock Path Skew:        0.016ns (DCD - SCD - CPR)
    Destination Clock Delay (DCD):    2.401ns
    Source Clock Delay      (SCD):    2.006ns
    Clock Pessimism Removal (CPR):    0.379ns

    Location             Delay type                Incr(ns)  Path(ns)    Netlist Resource(s)
  -------------------------------------------------------------------    -------------------
                         (clock pll_pwm_clk rise edge)
                                                      0.000     0.000 r  
    U18                                               0.000     0.000 r  adc_clk_i[1] (IN)
                         net (fo=0)                   0.000     0.000    adc_clk_i[1]
    U18                  IBUFDS (Prop_ibufds_I_O)     0.401     0.401 r  i_clk/O
                         net (fo=1, routed)           0.440     0.842    pll/adc_clk_in
    PLLE2_ADV_X0Y0       PLLE2_ADV (Prop_plle2_adv_CLKIN1_CLKOUT5)
                                                      0.051     0.893 r  pll/pll/CLKOUT5
                         net (fo=1, routed)           0.497     1.390    pll_pwm_clk
    BUFGCTRL_X0Y2        BUFG (Prop_bufg_I_O)         0.026     1.416 r  bufg_pwm_clk/O
                         net (fo=213, routed)         0.591     2.006    pwm[3]/CLK
    SLICE_X40Y40         FDRE                                         r  pwm[3]/b_reg[0]/C
  -------------------------------------------------------------------    -------------------
    SLICE_X40Y40         FDRE (Prop_fdre_C_Q)         0.141     2.147 r  pwm[3]/b_reg[0]/Q
                         net (fo=6, routed)           0.160     2.308    pwm[3]/b_reg_n_0_[0]
    SLICE_X42Y41         LUT5 (Prop_lut5_I2_O)        0.048     2.356 r  pwm[3]/v_r[3]_i_1/O
                         net (fo=1, routed)           0.000     2.356    pwm[3]/v_r[3]_i_1_n_0
    SLICE_X42Y41         FDRE                                         r  pwm[3]/v_r_reg[3]/D
  -------------------------------------------------------------------    -------------------

                         (clock pll_pwm_clk rise edge)
                                                      0.000     0.000 r  
    U18                                               0.000     0.000 r  adc_clk_i[1] (IN)
                         net (fo=0)                   0.000     0.000    adc_clk_i[1]
    U18                  IBUFDS (Prop_ibufds_I_O)     0.433     0.433 r  i_clk/O
                         net (fo=1, routed)           0.481     0.914    pll/adc_clk_in
    PLLE2_ADV_X0Y0       PLLE2_ADV (Prop_plle2_adv_CLKIN1_CLKOUT5)
                                                      0.054     0.968 r  pll/pll/CLKOUT5
                         net (fo=1, routed)           0.544     1.512    pll_pwm_clk
    BUFGCTRL_X0Y2        BUFG (Prop_bufg_I_O)         0.029     1.541 r  bufg_pwm_clk/O
                         net (fo=213, routed)         0.860     2.401    pwm[3]/CLK
    SLICE_X42Y41         FDRE                                         r  pwm[3]/v_r_reg[3]/C
                         clock pessimism             -0.379     2.022    
    SLICE_X42Y41         FDRE (Hold_fdre_C_D)         0.131     2.153    pwm[3]/v_r_reg[3]
  -------------------------------------------------------------------
                         required time                         -2.153    
                         arrival time                           2.356    
  -------------------------------------------------------------------
                         slack                                  0.202    

Slack (MET) :             0.203ns  (arrival time - required time)
  Source:                 pwm[0]/vcnt_reg[3]/C
                            (rising edge-triggered cell FDRE clocked by pll_pwm_clk  {rise@0.000ns fall@2.000ns period=4.000ns})
  Destination:            pwm[0]/vcnt_reg[4]/D
                            (rising edge-triggered cell FDRE clocked by pll_pwm_clk  {rise@0.000ns fall@2.000ns period=4.000ns})
  Path Group:             pll_pwm_clk
  Path Type:              Hold (Min at Fast Process Corner)
  Requirement:            0.000ns  (pll_pwm_clk rise@0.000ns - pll_pwm_clk rise@0.000ns)
  Data Path Delay:        0.307ns  (logic 0.186ns (60.559%)  route 0.121ns (39.441%))
  Logic Levels:           1  (LUT6=1)
  Clock Path Skew:        0.013ns (DCD - SCD - CPR)
    Destination Clock Delay (DCD):    2.402ns
    Source Clock Delay      (SCD):    2.007ns
    Clock Pessimism Removal (CPR):    0.382ns

    Location             Delay type                Incr(ns)  Path(ns)    Netlist Resource(s)
  -------------------------------------------------------------------    -------------------
                         (clock pll_pwm_clk rise edge)
                                                      0.000     0.000 r  
    U18                                               0.000     0.000 r  adc_clk_i[1] (IN)
                         net (fo=0)                   0.000     0.000    adc_clk_i[1]
    U18                  IBUFDS (Prop_ibufds_I_O)     0.401     0.401 r  i_clk/O
                         net (fo=1, routed)           0.440     0.842    pll/adc_clk_in
    PLLE2_ADV_X0Y0       PLLE2_ADV (Prop_plle2_adv_CLKIN1_CLKOUT5)
                                                      0.051     0.893 r  pll/pll/CLKOUT5
                         net (fo=1, routed)           0.497     1.390    pll_pwm_clk
    BUFGCTRL_X0Y2        BUFG (Prop_bufg_I_O)         0.026     1.416 r  bufg_pwm_clk/O
                         net (fo=213, routed)         0.592     2.007    pwm[0]/CLK
    SLICE_X41Y45         FDRE                                         r  pwm[0]/vcnt_reg[3]/C
  -------------------------------------------------------------------    -------------------
    SLICE_X41Y45         FDRE (Prop_fdre_C_Q)         0.141     2.148 r  pwm[0]/vcnt_reg[3]/Q
                         net (fo=6, routed)           0.121     2.269    pwm[0]/vcnt[3]
    SLICE_X40Y45         LUT6 (Prop_lut6_I0_O)        0.045     2.314 r  pwm[0]/vcnt[4]_i_1__2/O
                         net (fo=1, routed)           0.000     2.314    pwm[0]/vcnt[4]_i_1__2_n_0
    SLICE_X40Y45         FDRE                                         r  pwm[0]/vcnt_reg[4]/D
  -------------------------------------------------------------------    -------------------

                         (clock pll_pwm_clk rise edge)
                                                      0.000     0.000 r  
    U18                                               0.000     0.000 r  adc_clk_i[1] (IN)
                         net (fo=0)                   0.000     0.000    adc_clk_i[1]
    U18                  IBUFDS (Prop_ibufds_I_O)     0.433     0.433 r  i_clk/O
                         net (fo=1, routed)           0.481     0.914    pll/adc_clk_in
    PLLE2_ADV_X0Y0       PLLE2_ADV (Prop_plle2_adv_CLKIN1_CLKOUT5)
                                                      0.054     0.968 r  pll/pll/CLKOUT5
                         net (fo=1, routed)           0.544     1.512    pll_pwm_clk
    BUFGCTRL_X0Y2        BUFG (Prop_bufg_I_O)         0.029     1.541 r  bufg_pwm_clk/O
                         net (fo=213, routed)         0.861     2.402    pwm[0]/CLK
    SLICE_X40Y45         FDRE                                         r  pwm[0]/vcnt_reg[4]/C
                         clock pessimism             -0.382     2.020    
    SLICE_X40Y45         FDRE (Hold_fdre_C_D)         0.091     2.111    pwm[0]/vcnt_reg[4]
  -------------------------------------------------------------------
                         required time                         -2.111    
                         arrival time                           2.314    
  -------------------------------------------------------------------
                         slack                                  0.203    

Slack (MET) :             0.206ns  (arrival time - required time)
  Source:                 pwm[3]/b_reg[11]/C
                            (rising edge-triggered cell FDRE clocked by pll_pwm_clk  {rise@0.000ns fall@2.000ns period=4.000ns})
  Destination:            pwm[3]/b_reg[10]/D
                            (rising edge-triggered cell FDRE clocked by pll_pwm_clk  {rise@0.000ns fall@2.000ns period=4.000ns})
  Path Group:             pll_pwm_clk
  Path Type:              Hold (Min at Fast Process Corner)
  Requirement:            0.000ns  (pll_pwm_clk rise@0.000ns - pll_pwm_clk rise@0.000ns)
  Data Path Delay:        0.297ns  (logic 0.186ns (62.546%)  route 0.111ns (37.454%))
  Logic Levels:           1  (LUT6=1)
  Clock Path Skew:        0.000ns (DCD - SCD - CPR)
    Destination Clock Delay (DCD):    2.371ns
    Source Clock Delay      (SCD):    1.976ns
    Clock Pessimism Removal (CPR):    0.395ns

    Location             Delay type                Incr(ns)  Path(ns)    Netlist Resource(s)
  -------------------------------------------------------------------    -------------------
                         (clock pll_pwm_clk rise edge)
                                                      0.000     0.000 r  
    U18                                               0.000     0.000 r  adc_clk_i[1] (IN)
                         net (fo=0)                   0.000     0.000    adc_clk_i[1]
    U18                  IBUFDS (Prop_ibufds_I_O)     0.401     0.401 r  i_clk/O
                         net (fo=1, routed)           0.440     0.842    pll/adc_clk_in
    PLLE2_ADV_X0Y0       PLLE2_ADV (Prop_plle2_adv_CLKIN1_CLKOUT5)
                                                      0.051     0.893 r  pll/pll/CLKOUT5
                         net (fo=1, routed)           0.497     1.390    pll_pwm_clk
    BUFGCTRL_X0Y2        BUFG (Prop_bufg_I_O)         0.026     1.416 r  bufg_pwm_clk/O
                         net (fo=213, routed)         0.561     1.976    pwm[3]/CLK
    SLICE_X35Y39         FDRE                                         r  pwm[3]/b_reg[11]/C
  -------------------------------------------------------------------    -------------------
    SLICE_X35Y39         FDRE (Prop_fdre_C_Q)         0.141     2.117 r  pwm[3]/b_reg[11]/Q
                         net (fo=1, routed)           0.111     2.229    pwm[3]/b_reg_n_0_[11]
    SLICE_X35Y39         LUT6 (Prop_lut6_I0_O)        0.045     2.274 r  pwm[3]/b[10]_i_1/O
                         net (fo=1, routed)           0.000     2.274    pwm[3]/p_0_in__0[10]
    SLICE_X35Y39         FDRE                                         r  pwm[3]/b_reg[10]/D
  -------------------------------------------------------------------    -------------------

                         (clock pll_pwm_clk rise edge)
                                                      0.000     0.000 r  
    U18                                               0.000     0.000 r  adc_clk_i[1] (IN)
                         net (fo=0)                   0.000     0.000    adc_clk_i[1]
    U18                  IBUFDS (Prop_ibufds_I_O)     0.433     0.433 r  i_clk/O
                         net (fo=1, routed)           0.481     0.914    pll/adc_clk_in
    PLLE2_ADV_X0Y0       PLLE2_ADV (Prop_plle2_adv_CLKIN1_CLKOUT5)
                                                      0.054     0.968 r  pll/pll/CLKOUT5
                         net (fo=1, routed)           0.544     1.512    pll_pwm_clk
    BUFGCTRL_X0Y2        BUFG (Prop_bufg_I_O)         0.029     1.541 r  bufg_pwm_clk/O
                         net (fo=213, routed)         0.830     2.371    pwm[3]/CLK
    SLICE_X35Y39         FDRE                                         r  pwm[3]/b_reg[10]/C
                         clock pessimism             -0.395     1.976    
    SLICE_X35Y39         FDRE (Hold_fdre_C_D)         0.091     2.067    pwm[3]/b_reg[10]
  -------------------------------------------------------------------
                         required time                         -2.067    
                         arrival time                           2.274    
  -------------------------------------------------------------------
                         slack                                  0.206    





Pulse Width Checks
--------------------------------------------------------------------------------------
Clock Name:         pll_pwm_clk
Waveform(ns):       { 0.000 2.000 }
Period(ns):         4.000
Sources:            { pll/pll/CLKOUT5 }

Check Type        Corner  Lib Pin            Reference Pin  Required(ns)  Actual(ns)  Slack(ns)  Location        Pin
Min Period        n/a     BUFG/I             n/a            2.155         4.000       1.845      BUFGCTRL_X0Y2   bufg_pwm_clk/I
Min Period        n/a     FDRE/C             n/a            1.474         4.000       2.526      OLOGIC_X0Y47    pwm[0]/pwm_o_reg/C
Min Period        n/a     FDRE/C             n/a            1.474         4.000       2.526      OLOGIC_X0Y48    pwm[1]/pwm_o_reg/C
Min Period        n/a     FDRE/C             n/a            1.474         4.000       2.526      OLOGIC_X0Y2     pwm[2]/pwm_o_reg/C
Min Period        n/a     FDRE/C             n/a            1.474         4.000       2.526      OLOGIC_X0Y44    pwm[3]/pwm_o_reg/C
Min Period        n/a     PLLE2_ADV/CLKOUT5  n/a            1.249         4.000       2.751      PLLE2_ADV_X0Y0  pll/pll/CLKOUT5
Min Period        n/a     FDRE/C             n/a            1.000         4.000       3.000      SLICE_X39Y40    pwm[0]/b_reg[0]/C
Min Period        n/a     FDRE/C             n/a            1.000         4.000       3.000      SLICE_X36Y39    pwm[0]/b_reg[10]/C
Min Period        n/a     FDRE/C             n/a            1.000         4.000       3.000      SLICE_X36Y39    pwm[0]/b_reg[11]/C
Min Period        n/a     FDRE/C             n/a            1.000         4.000       3.000      SLICE_X36Y39    pwm[0]/b_reg[12]/C
Max Period        n/a     PLLE2_ADV/CLKOUT5  n/a            160.000       4.000       156.000    PLLE2_ADV_X0Y0  pll/pll/CLKOUT5
Low Pulse Width   Slow    FDRE/C             n/a            0.500         2.000       1.500      SLICE_X38Y36    pwm[2]/b_reg[0]/C
Low Pulse Width   Slow    FDRE/C             n/a            0.500         2.000       1.500      SLICE_X37Y36    pwm[2]/b_reg[10]/C
Low Pulse Width   Slow    FDRE/C             n/a            0.500         2.000       1.500      SLICE_X38Y36    pwm[2]/b_reg[11]/C
Low Pulse Width   Slow    FDRE/C             n/a            0.500         2.000       1.500      SLICE_X38Y36    pwm[2]/b_reg[12]/C
Low Pulse Width   Slow    FDRE/C             n/a            0.500         2.000       1.500      SLICE_X38Y36    pwm[2]/b_reg[13]/C
Low Pulse Width   Slow    FDRE/C             n/a            0.500         2.000       1.500      SLICE_X37Y36    pwm[2]/b_reg[14]/C
Low Pulse Width   Slow    FDRE/C             n/a            0.500         2.000       1.500      SLICE_X37Y36    pwm[2]/b_reg[15]/C
Low Pulse Width   Slow    FDRE/C             n/a            0.500         2.000       1.500      SLICE_X37Y36    pwm[2]/b_reg[1]/C
Low Pulse Width   Slow    FDRE/C             n/a            0.500         2.000       1.500      SLICE_X39Y35    pwm[2]/bcnt_reg[0]/C
Low Pulse Width   Slow    FDRE/C             n/a            0.500         2.000       1.500      SLICE_X39Y35    pwm[2]/bcnt_reg[1]/C
High Pulse Width  Slow    FDRE/C             n/a            0.500         2.000       1.500      SLICE_X39Y40    pwm[0]/b_reg[0]/C
High Pulse Width  Slow    FDRE/C             n/a            0.500         2.000       1.500      SLICE_X36Y39    pwm[0]/b_reg[10]/C
High Pulse Width  Slow    FDRE/C             n/a            0.500         2.000       1.500      SLICE_X36Y39    pwm[0]/b_reg[11]/C
High Pulse Width  Slow    FDRE/C             n/a            0.500         2.000       1.500      SLICE_X36Y39    pwm[0]/b_reg[12]/C
High Pulse Width  Slow    FDRE/C             n/a            0.500         2.000       1.500      SLICE_X36Y39    pwm[0]/b_reg[13]/C
High Pulse Width  Slow    FDRE/C             n/a            0.500         2.000       1.500      SLICE_X36Y40    pwm[0]/b_reg[14]/C
High Pulse Width  Slow    FDRE/C             n/a            0.500         2.000       1.500      SLICE_X36Y40    pwm[0]/b_reg[15]/C
High Pulse Width  Slow    FDRE/C             n/a            0.500         2.000       1.500      SLICE_X38Y39    pwm[0]/b_reg[1]/C
High Pulse Width  Slow    FDRE/C             n/a            0.500         2.000       1.500      SLICE_X38Y39    pwm[0]/b_reg[2]/C
High Pulse Width  Slow    FDRE/C             n/a            0.500         2.000       1.500      SLICE_X38Y39    pwm[0]/b_reg[3]/C



---------------------------------------------------------------------------------------------------
From Clock:  clk_fpga_3
  To Clock:  clk_fpga_3

Setup :            0  Failing Endpoints,  Worst Slack        0.250ns,  Total Violation        0.000ns
Hold  :            0  Failing Endpoints,  Worst Slack        0.055ns,  Total Violation        0.000ns
PW    :            0  Failing Endpoints,  Worst Slack        1.000ns,  Total Violation        0.000ns
---------------------------------------------------------------------------------------------------


Max Delay Paths
--------------------------------------------------------------------------------------
Slack (MET) :             0.250ns  (required time - arrival time)
  Source:                 ps/system_i/axi_protocol_converter_0/inst/gen_axilite.gen_b2s_conv.axilite_b2s/SI_REG/aw_pipe/m_payload_i_reg[36]/C
                            (rising edge-triggered cell FDRE clocked by clk_fpga_3  {rise@0.000ns fall@2.500ns period=5.000ns})
  Destination:            ps/system_i/axi_protocol_converter_0/inst/gen_axilite.gen_b2s_conv.axilite_b2s/WR.aw_channel_0/cmd_translator_0/wrap_cmd_0/wrap_cnt_r_reg[3]/D
                            (rising edge-triggered cell FDRE clocked by clk_fpga_3  {rise@0.000ns fall@2.500ns period=5.000ns})
  Path Group:             clk_fpga_3
  Path Type:              Setup (Max at Slow Process Corner)
  Requirement:            5.000ns  (clk_fpga_3 rise@5.000ns - clk_fpga_3 rise@0.000ns)
  Data Path Delay:        4.724ns  (logic 1.399ns (29.617%)  route 3.325ns (70.383%))
  Logic Levels:           4  (LUT3=1 LUT4=1 LUT6=2)
  Clock Path Skew:        -0.061ns (DCD - SCD + CPR)
    Destination Clock Delay (DCD):    2.685ns = ( 7.685 - 5.000 ) 
    Source Clock Delay      (SCD):    2.976ns
    Clock Pessimism Removal (CPR):    0.230ns
  Clock Uncertainty:      0.083ns  ((TSJ^2 + TIJ^2)^1/2 + DJ) / 2 + PE
    Total System Jitter     (TSJ):    0.071ns
    Total Input Jitter      (TIJ):    0.150ns
    Discrete Jitter          (DJ):    0.000ns
    Phase Error              (PE):    0.000ns

    Location             Delay type                Incr(ns)  Path(ns)    Netlist Resource(s)
  -------------------------------------------------------------------    -------------------
                         (clock clk_fpga_3 rise edge)
                                                      0.000     0.000 r  
    PS7_X0Y0             PS7                          0.000     0.000 r  ps/system_i/processing_system7/inst/PS7_i/FCLKCLK[3]
                         net (fo=1, routed)           1.207     1.207    ps/system_i/processing_system7/inst/FCLK_CLK_unbuffered[3]
    BUFGCTRL_X0Y1        BUFG (Prop_bufg_I_O)         0.101     1.308 r  ps/system_i/processing_system7/inst/buffer_fclk_clk_3.FCLK_CLK_3_BUFG/O
                         net (fo=836, routed)         1.668     2.976    ps/system_i/axi_protocol_converter_0/inst/gen_axilite.gen_b2s_conv.axilite_b2s/SI_REG/aw_pipe/aclk
    SLICE_X6Y59          FDRE                                         r  ps/system_i/axi_protocol_converter_0/inst/gen_axilite.gen_b2s_conv.axilite_b2s/SI_REG/aw_pipe/m_payload_i_reg[36]/C
  -------------------------------------------------------------------    -------------------
    SLICE_X6Y59          FDRE (Prop_fdre_C_Q)         0.478     3.454 r  ps/system_i/axi_protocol_converter_0/inst/gen_axilite.gen_b2s_conv.axilite_b2s/SI_REG/aw_pipe/m_payload_i_reg[36]/Q
                         net (fo=34, routed)          0.995     4.449    ps/system_i/axi_protocol_converter_0/inst/gen_axilite.gen_b2s_conv.axilite_b2s/SI_REG/aw_pipe/Q[36]
    SLICE_X9Y62          LUT3 (Prop_lut3_I1_O)        0.321     4.770 r  ps/system_i/axi_protocol_converter_0/inst/gen_axilite.gen_b2s_conv.axilite_b2s/SI_REG/aw_pipe/axaddr_offset_r[2]_i_4/O
                         net (fo=2, routed)           0.756     5.526    ps/system_i/axi_protocol_converter_0/inst/gen_axilite.gen_b2s_conv.axilite_b2s/SI_REG/aw_pipe/axaddr_offset_r[2]_i_4_n_0
    SLICE_X10Y62         LUT6 (Prop_lut6_I4_O)        0.326     5.852 r  ps/system_i/axi_protocol_converter_0/inst/gen_axilite.gen_b2s_conv.axilite_b2s/SI_REG/aw_pipe/axaddr_offset_r[2]_i_2/O
                         net (fo=6, routed)           0.786     6.637    ps/system_i/axi_protocol_converter_0/inst/gen_axilite.gen_b2s_conv.axilite_b2s/SI_REG/aw_pipe/axaddr_offset[1]
    SLICE_X12Y63         LUT6 (Prop_lut6_I2_O)        0.124     6.761 r  ps/system_i/axi_protocol_converter_0/inst/gen_axilite.gen_b2s_conv.axilite_b2s/SI_REG/aw_pipe/wrap_second_len_r[3]_i_1/O
                         net (fo=2, routed)           0.788     7.550    ps/system_i/axi_protocol_converter_0/inst/gen_axilite.gen_b2s_conv.axilite_b2s/SI_REG/aw_pipe/wrap_second_len[2]
    SLICE_X12Y62         LUT4 (Prop_lut4_I0_O)        0.150     7.700 r  ps/system_i/axi_protocol_converter_0/inst/gen_axilite.gen_b2s_conv.axilite_b2s/SI_REG/aw_pipe/wrap_cnt_r[3]_i_1/O
                         net (fo=1, routed)           0.000     7.700    ps/system_i/axi_protocol_converter_0/inst/gen_axilite.gen_b2s_conv.axilite_b2s/WR.aw_channel_0/cmd_translator_0/wrap_cmd_0/wrap_second_len_r_reg[3]_2[3]
    SLICE_X12Y62         FDRE                                         r  ps/system_i/axi_protocol_converter_0/inst/gen_axilite.gen_b2s_conv.axilite_b2s/WR.aw_channel_0/cmd_translator_0/wrap_cmd_0/wrap_cnt_r_reg[3]/D
  -------------------------------------------------------------------    -------------------

                         (clock clk_fpga_3 rise edge)
                                                      5.000     5.000 r  
    PS7_X0Y0             PS7                          0.000     5.000 r  ps/system_i/processing_system7/inst/PS7_i/FCLKCLK[3]
                         net (fo=1, routed)           1.101     6.101    ps/system_i/processing_system7/inst/FCLK_CLK_unbuffered[3]
    BUFGCTRL_X0Y1        BUFG (Prop_bufg_I_O)         0.091     6.192 r  ps/system_i/processing_system7/inst/buffer_fclk_clk_3.FCLK_CLK_3_BUFG/O
                         net (fo=836, routed)         1.493     7.685    ps/system_i/axi_protocol_converter_0/inst/gen_axilite.gen_b2s_conv.axilite_b2s/WR.aw_channel_0/cmd_translator_0/wrap_cmd_0/aclk
    SLICE_X12Y62         FDRE                                         r  ps/system_i/axi_protocol_converter_0/inst/gen_axilite.gen_b2s_conv.axilite_b2s/WR.aw_channel_0/cmd_translator_0/wrap_cmd_0/wrap_cnt_r_reg[3]/C
                         clock pessimism              0.230     7.915    
                         clock uncertainty           -0.083     7.832    
    SLICE_X12Y62         FDRE (Setup_fdre_C_D)        0.118     7.950    ps/system_i/axi_protocol_converter_0/inst/gen_axilite.gen_b2s_conv.axilite_b2s/WR.aw_channel_0/cmd_translator_0/wrap_cmd_0/wrap_cnt_r_reg[3]
  -------------------------------------------------------------------
                         required time                          7.950    
                         arrival time                          -7.700    
  -------------------------------------------------------------------
                         slack                                  0.250    

Slack (MET) :             0.257ns  (required time - arrival time)
  Source:                 ps/system_i/axi_protocol_converter_0/inst/gen_axilite.gen_b2s_conv.axilite_b2s/WR.aw_channel_0/cmd_translator_0/s_axburst_eq1_reg/C
                            (rising edge-triggered cell FDRE clocked by clk_fpga_3  {rise@0.000ns fall@2.500ns period=5.000ns})
  Destination:            ps/system_i/axi_protocol_converter_0/inst/gen_axilite.gen_b2s_conv.axilite_b2s/WR.aw_channel_0/cmd_translator_0/incr_cmd_0/axaddr_incr_reg[9]/D
                            (rising edge-triggered cell FDRE clocked by clk_fpga_3  {rise@0.000ns fall@2.500ns period=5.000ns})
  Path Group:             clk_fpga_3
  Path Type:              Setup (Max at Slow Process Corner)
  Requirement:            5.000ns  (clk_fpga_3 rise@5.000ns - clk_fpga_3 rise@0.000ns)
  Data Path Delay:        4.707ns  (logic 2.912ns (61.864%)  route 1.795ns (38.136%))
  Logic Levels:           8  (CARRY4=4 LUT3=2 LUT4=1 LUT6=1)
  Clock Path Skew:        -0.062ns (DCD - SCD + CPR)
    Destination Clock Delay (DCD):    2.684ns = ( 7.684 - 5.000 ) 
    Source Clock Delay      (SCD):    2.976ns
    Clock Pessimism Removal (CPR):    0.230ns
  Clock Uncertainty:      0.083ns  ((TSJ^2 + TIJ^2)^1/2 + DJ) / 2 + PE
    Total System Jitter     (TSJ):    0.071ns
    Total Input Jitter      (TIJ):    0.150ns
    Discrete Jitter          (DJ):    0.000ns
    Phase Error              (PE):    0.000ns

    Location             Delay type                Incr(ns)  Path(ns)    Netlist Resource(s)
  -------------------------------------------------------------------    -------------------
                         (clock clk_fpga_3 rise edge)
                                                      0.000     0.000 r  
    PS7_X0Y0             PS7                          0.000     0.000 r  ps/system_i/processing_system7/inst/PS7_i/FCLKCLK[3]
                         net (fo=1, routed)           1.207     1.207    ps/system_i/processing_system7/inst/FCLK_CLK_unbuffered[3]
    BUFGCTRL_X0Y1        BUFG (Prop_bufg_I_O)         0.101     1.308 r  ps/system_i/processing_system7/inst/buffer_fclk_clk_3.FCLK_CLK_3_BUFG/O
                         net (fo=836, routed)         1.668     2.976    ps/system_i/axi_protocol_converter_0/inst/gen_axilite.gen_b2s_conv.axilite_b2s/WR.aw_channel_0/cmd_translator_0/aclk
    SLICE_X8Y59          FDRE                                         r  ps/system_i/axi_protocol_converter_0/inst/gen_axilite.gen_b2s_conv.axilite_b2s/WR.aw_channel_0/cmd_translator_0/s_axburst_eq1_reg/C
  -------------------------------------------------------------------    -------------------
    SLICE_X8Y59          FDRE (Prop_fdre_C_Q)         0.478     3.454 r  ps/system_i/axi_protocol_converter_0/inst/gen_axilite.gen_b2s_conv.axilite_b2s/WR.aw_channel_0/cmd_translator_0/s_axburst_eq1_reg/Q
                         net (fo=1, routed)           0.600     4.054    ps/system_i/axi_protocol_converter_0/inst/gen_axilite.gen_b2s_conv.axilite_b2s/WR.aw_channel_0/cmd_translator_0/s_axburst_eq1
    SLICE_X7Y58          LUT3 (Prop_lut3_I0_O)        0.295     4.349 r  ps/system_i/axi_protocol_converter_0/inst/gen_axilite.gen_b2s_conv.axilite_b2s/WR.aw_channel_0/cmd_translator_0/memory_reg[3][0]_srl4_i_2/O
                         net (fo=4, routed)           0.285     4.633    ps/system_i/axi_protocol_converter_0/inst/gen_axilite.gen_b2s_conv.axilite_b2s/WR.aw_channel_0/aw_cmd_fsm_0/s_axburst_eq1_reg_0
    SLICE_X7Y58          LUT6 (Prop_lut6_I0_O)        0.124     4.757 r  ps/system_i/axi_protocol_converter_0/inst/gen_axilite.gen_b2s_conv.axilite_b2s/WR.aw_channel_0/aw_cmd_fsm_0/next_pending_r_i_3/O
                         net (fo=24, routed)          0.604     5.361    ps/system_i/axi_protocol_converter_0/inst/gen_axilite.gen_b2s_conv.axilite_b2s/WR.aw_channel_0/cmd_translator_0/incr_cmd_0/cnt_read_reg[1]_rep__0
    SLICE_X7Y59          LUT4 (Prop_lut4_I1_O)        0.124     5.485 r  ps/system_i/axi_protocol_converter_0/inst/gen_axilite.gen_b2s_conv.axilite_b2s/WR.aw_channel_0/cmd_translator_0/incr_cmd_0/axaddr_incr[0]_i_16/O
                         net (fo=1, routed)           0.000     5.485    ps/system_i/axi_protocol_converter_0/inst/gen_axilite.gen_b2s_conv.axilite_b2s/SI_REG/aw_pipe/S[2]
    SLICE_X7Y59          CARRY4 (Prop_carry4_S[2]_CO[3])
                                                      0.398     5.883 r  ps/system_i/axi_protocol_converter_0/inst/gen_axilite.gen_b2s_conv.axilite_b2s/SI_REG/aw_pipe/axaddr_incr_reg[0]_i_11/CO[3]
                         net (fo=1, routed)           0.000     5.883    ps/system_i/axi_protocol_converter_0/inst/gen_axilite.gen_b2s_conv.axilite_b2s/SI_REG/aw_pipe/axaddr_incr_reg[0]_i_11_n_0
    SLICE_X7Y60          CARRY4 (Prop_carry4_CI_O[1])
                                                      0.334     6.217 r  ps/system_i/axi_protocol_converter_0/inst/gen_axilite.gen_b2s_conv.axilite_b2s/SI_REG/aw_pipe/axaddr_incr_reg[4]_i_6/O[1]
                         net (fo=1, routed)           0.307     6.524    ps/system_i/axi_protocol_converter_0/inst/gen_axilite.gen_b2s_conv.axilite_b2s/WR.aw_channel_0/cmd_translator_0/incr_cmd_0/m_payload_i_reg[11][1]
    SLICE_X6Y61          LUT3 (Prop_lut3_I0_O)        0.303     6.827 r  ps/system_i/axi_protocol_converter_0/inst/gen_axilite.gen_b2s_conv.axilite_b2s/WR.aw_channel_0/cmd_translator_0/incr_cmd_0/axaddr_incr[4]_i_4/O
                         net (fo=1, routed)           0.000     6.827    ps/system_i/axi_protocol_converter_0/inst/gen_axilite.gen_b2s_conv.axilite_b2s/WR.aw_channel_0/cmd_translator_0/incr_cmd_0/axaddr_incr[4]_i_4_n_0
    SLICE_X6Y61          CARRY4 (Prop_carry4_S[1]_CO[3])
                                                      0.533     7.360 r  ps/system_i/axi_protocol_converter_0/inst/gen_axilite.gen_b2s_conv.axilite_b2s/WR.aw_channel_0/cmd_translator_0/incr_cmd_0/axaddr_incr_reg[4]_i_1/CO[3]
                         net (fo=1, routed)           0.000     7.360    ps/system_i/axi_protocol_converter_0/inst/gen_axilite.gen_b2s_conv.axilite_b2s/WR.aw_channel_0/cmd_translator_0/incr_cmd_0/axaddr_incr_reg[4]_i_1_n_0
    SLICE_X6Y62          CARRY4 (Prop_carry4_CI_O[1])
                                                      0.323     7.683 r  ps/system_i/axi_protocol_converter_0/inst/gen_axilite.gen_b2s_conv.axilite_b2s/WR.aw_channel_0/cmd_translator_0/incr_cmd_0/axaddr_incr_reg[8]_i_1/O[1]
                         net (fo=1, routed)           0.000     7.683    ps/system_i/axi_protocol_converter_0/inst/gen_axilite.gen_b2s_conv.axilite_b2s/WR.aw_channel_0/cmd_translator_0/incr_cmd_0/axaddr_incr_reg[8]_i_1_n_6
    SLICE_X6Y62          FDRE                                         r  ps/system_i/axi_protocol_converter_0/inst/gen_axilite.gen_b2s_conv.axilite_b2s/WR.aw_channel_0/cmd_translator_0/incr_cmd_0/axaddr_incr_reg[9]/D
  -------------------------------------------------------------------    -------------------

                         (clock clk_fpga_3 rise edge)
                                                      5.000     5.000 r  
    PS7_X0Y0             PS7                          0.000     5.000 r  ps/system_i/processing_system7/inst/PS7_i/FCLKCLK[3]
                         net (fo=1, routed)           1.101     6.101    ps/system_i/processing_system7/inst/FCLK_CLK_unbuffered[3]
    BUFGCTRL_X0Y1        BUFG (Prop_bufg_I_O)         0.091     6.192 r  ps/system_i/processing_system7/inst/buffer_fclk_clk_3.FCLK_CLK_3_BUFG/O
                         net (fo=836, routed)         1.492     7.684    ps/system_i/axi_protocol_converter_0/inst/gen_axilite.gen_b2s_conv.axilite_b2s/WR.aw_channel_0/cmd_translator_0/incr_cmd_0/aclk
    SLICE_X6Y62          FDRE                                         r  ps/system_i/axi_protocol_converter_0/inst/gen_axilite.gen_b2s_conv.axilite_b2s/WR.aw_channel_0/cmd_translator_0/incr_cmd_0/axaddr_incr_reg[9]/C
                         clock pessimism              0.230     7.914    
                         clock uncertainty           -0.083     7.831    
    SLICE_X6Y62          FDRE (Setup_fdre_C_D)        0.109     7.940    ps/system_i/axi_protocol_converter_0/inst/gen_axilite.gen_b2s_conv.axilite_b2s/WR.aw_channel_0/cmd_translator_0/incr_cmd_0/axaddr_incr_reg[9]
  -------------------------------------------------------------------
                         required time                          7.940    
                         arrival time                          -7.683    
  -------------------------------------------------------------------
                         slack                                  0.257    

Slack (MET) :             0.265ns  (required time - arrival time)
  Source:                 ps/system_i/axi_protocol_converter_0/inst/gen_axilite.gen_b2s_conv.axilite_b2s/WR.aw_channel_0/cmd_translator_0/s_axburst_eq1_reg/C
                            (rising edge-triggered cell FDRE clocked by clk_fpga_3  {rise@0.000ns fall@2.500ns period=5.000ns})
  Destination:            ps/system_i/axi_protocol_converter_0/inst/gen_axilite.gen_b2s_conv.axilite_b2s/WR.aw_channel_0/cmd_translator_0/incr_cmd_0/axaddr_incr_reg[11]/D
                            (rising edge-triggered cell FDRE clocked by clk_fpga_3  {rise@0.000ns fall@2.500ns period=5.000ns})
  Path Group:             clk_fpga_3
  Path Type:              Setup (Max at Slow Process Corner)
  Requirement:            5.000ns  (clk_fpga_3 rise@5.000ns - clk_fpga_3 rise@0.000ns)
  Data Path Delay:        4.699ns  (logic 2.904ns (61.799%)  route 1.795ns (38.201%))
  Logic Levels:           8  (CARRY4=4 LUT3=2 LUT4=1 LUT6=1)
  Clock Path Skew:        -0.062ns (DCD - SCD + CPR)
    Destination Clock Delay (DCD):    2.684ns = ( 7.684 - 5.000 ) 
    Source Clock Delay      (SCD):    2.976ns
    Clock Pessimism Removal (CPR):    0.230ns
  Clock Uncertainty:      0.083ns  ((TSJ^2 + TIJ^2)^1/2 + DJ) / 2 + PE
    Total System Jitter     (TSJ):    0.071ns
    Total Input Jitter      (TIJ):    0.150ns
    Discrete Jitter          (DJ):    0.000ns
    Phase Error              (PE):    0.000ns

    Location             Delay type                Incr(ns)  Path(ns)    Netlist Resource(s)
  -------------------------------------------------------------------    -------------------
                         (clock clk_fpga_3 rise edge)
                                                      0.000     0.000 r  
    PS7_X0Y0             PS7                          0.000     0.000 r  ps/system_i/processing_system7/inst/PS7_i/FCLKCLK[3]
                         net (fo=1, routed)           1.207     1.207    ps/system_i/processing_system7/inst/FCLK_CLK_unbuffered[3]
    BUFGCTRL_X0Y1        BUFG (Prop_bufg_I_O)         0.101     1.308 r  ps/system_i/processing_system7/inst/buffer_fclk_clk_3.FCLK_CLK_3_BUFG/O
                         net (fo=836, routed)         1.668     2.976    ps/system_i/axi_protocol_converter_0/inst/gen_axilite.gen_b2s_conv.axilite_b2s/WR.aw_channel_0/cmd_translator_0/aclk
    SLICE_X8Y59          FDRE                                         r  ps/system_i/axi_protocol_converter_0/inst/gen_axilite.gen_b2s_conv.axilite_b2s/WR.aw_channel_0/cmd_translator_0/s_axburst_eq1_reg/C
  -------------------------------------------------------------------    -------------------
    SLICE_X8Y59          FDRE (Prop_fdre_C_Q)         0.478     3.454 r  ps/system_i/axi_protocol_converter_0/inst/gen_axilite.gen_b2s_conv.axilite_b2s/WR.aw_channel_0/cmd_translator_0/s_axburst_eq1_reg/Q
                         net (fo=1, routed)           0.600     4.054    ps/system_i/axi_protocol_converter_0/inst/gen_axilite.gen_b2s_conv.axilite_b2s/WR.aw_channel_0/cmd_translator_0/s_axburst_eq1
    SLICE_X7Y58          LUT3 (Prop_lut3_I0_O)        0.295     4.349 r  ps/system_i/axi_protocol_converter_0/inst/gen_axilite.gen_b2s_conv.axilite_b2s/WR.aw_channel_0/cmd_translator_0/memory_reg[3][0]_srl4_i_2/O
                         net (fo=4, routed)           0.285     4.633    ps/system_i/axi_protocol_converter_0/inst/gen_axilite.gen_b2s_conv.axilite_b2s/WR.aw_channel_0/aw_cmd_fsm_0/s_axburst_eq1_reg_0
    SLICE_X7Y58          LUT6 (Prop_lut6_I0_O)        0.124     4.757 r  ps/system_i/axi_protocol_converter_0/inst/gen_axilite.gen_b2s_conv.axilite_b2s/WR.aw_channel_0/aw_cmd_fsm_0/next_pending_r_i_3/O
                         net (fo=24, routed)          0.604     5.361    ps/system_i/axi_protocol_converter_0/inst/gen_axilite.gen_b2s_conv.axilite_b2s/WR.aw_channel_0/cmd_translator_0/incr_cmd_0/cnt_read_reg[1]_rep__0
    SLICE_X7Y59          LUT4 (Prop_lut4_I1_O)        0.124     5.485 r  ps/system_i/axi_protocol_converter_0/inst/gen_axilite.gen_b2s_conv.axilite_b2s/WR.aw_channel_0/cmd_translator_0/incr_cmd_0/axaddr_incr[0]_i_16/O
                         net (fo=1, routed)           0.000     5.485    ps/system_i/axi_protocol_converter_0/inst/gen_axilite.gen_b2s_conv.axilite_b2s/SI_REG/aw_pipe/S[2]
    SLICE_X7Y59          CARRY4 (Prop_carry4_S[2]_CO[3])
                                                      0.398     5.883 r  ps/system_i/axi_protocol_converter_0/inst/gen_axilite.gen_b2s_conv.axilite_b2s/SI_REG/aw_pipe/axaddr_incr_reg[0]_i_11/CO[3]
                         net (fo=1, routed)           0.000     5.883    ps/system_i/axi_protocol_converter_0/inst/gen_axilite.gen_b2s_conv.axilite_b2s/SI_REG/aw_pipe/axaddr_incr_reg[0]_i_11_n_0
    SLICE_X7Y60          CARRY4 (Prop_carry4_CI_O[1])
                                                      0.334     6.217 r  ps/system_i/axi_protocol_converter_0/inst/gen_axilite.gen_b2s_conv.axilite_b2s/SI_REG/aw_pipe/axaddr_incr_reg[4]_i_6/O[1]
                         net (fo=1, routed)           0.307     6.524    ps/system_i/axi_protocol_converter_0/inst/gen_axilite.gen_b2s_conv.axilite_b2s/WR.aw_channel_0/cmd_translator_0/incr_cmd_0/m_payload_i_reg[11][1]
    SLICE_X6Y61          LUT3 (Prop_lut3_I0_O)        0.303     6.827 r  ps/system_i/axi_protocol_converter_0/inst/gen_axilite.gen_b2s_conv.axilite_b2s/WR.aw_channel_0/cmd_translator_0/incr_cmd_0/axaddr_incr[4]_i_4/O
                         net (fo=1, routed)           0.000     6.827    ps/system_i/axi_protocol_converter_0/inst/gen_axilite.gen_b2s_conv.axilite_b2s/WR.aw_channel_0/cmd_translator_0/incr_cmd_0/axaddr_incr[4]_i_4_n_0
    SLICE_X6Y61          CARRY4 (Prop_carry4_S[1]_CO[3])
                                                      0.533     7.360 r  ps/system_i/axi_protocol_converter_0/inst/gen_axilite.gen_b2s_conv.axilite_b2s/WR.aw_channel_0/cmd_translator_0/incr_cmd_0/axaddr_incr_reg[4]_i_1/CO[3]
                         net (fo=1, routed)           0.000     7.360    ps/system_i/axi_protocol_converter_0/inst/gen_axilite.gen_b2s_conv.axilite_b2s/WR.aw_channel_0/cmd_translator_0/incr_cmd_0/axaddr_incr_reg[4]_i_1_n_0
    SLICE_X6Y62          CARRY4 (Prop_carry4_CI_O[3])
                                                      0.315     7.675 r  ps/system_i/axi_protocol_converter_0/inst/gen_axilite.gen_b2s_conv.axilite_b2s/WR.aw_channel_0/cmd_translator_0/incr_cmd_0/axaddr_incr_reg[8]_i_1/O[3]
                         net (fo=1, routed)           0.000     7.675    ps/system_i/axi_protocol_converter_0/inst/gen_axilite.gen_b2s_conv.axilite_b2s/WR.aw_channel_0/cmd_translator_0/incr_cmd_0/axaddr_incr_reg[8]_i_1_n_4
    SLICE_X6Y62          FDRE                                         r  ps/system_i/axi_protocol_converter_0/inst/gen_axilite.gen_b2s_conv.axilite_b2s/WR.aw_channel_0/cmd_translator_0/incr_cmd_0/axaddr_incr_reg[11]/D
  -------------------------------------------------------------------    -------------------

                         (clock clk_fpga_3 rise edge)
                                                      5.000     5.000 r  
    PS7_X0Y0             PS7                          0.000     5.000 r  ps/system_i/processing_system7/inst/PS7_i/FCLKCLK[3]
                         net (fo=1, routed)           1.101     6.101    ps/system_i/processing_system7/inst/FCLK_CLK_unbuffered[3]
    BUFGCTRL_X0Y1        BUFG (Prop_bufg_I_O)         0.091     6.192 r  ps/system_i/processing_system7/inst/buffer_fclk_clk_3.FCLK_CLK_3_BUFG/O
                         net (fo=836, routed)         1.492     7.684    ps/system_i/axi_protocol_converter_0/inst/gen_axilite.gen_b2s_conv.axilite_b2s/WR.aw_channel_0/cmd_translator_0/incr_cmd_0/aclk
    SLICE_X6Y62          FDRE                                         r  ps/system_i/axi_protocol_converter_0/inst/gen_axilite.gen_b2s_conv.axilite_b2s/WR.aw_channel_0/cmd_translator_0/incr_cmd_0/axaddr_incr_reg[11]/C
                         clock pessimism              0.230     7.914    
                         clock uncertainty           -0.083     7.831    
    SLICE_X6Y62          FDRE (Setup_fdre_C_D)        0.109     7.940    ps/system_i/axi_protocol_converter_0/inst/gen_axilite.gen_b2s_conv.axilite_b2s/WR.aw_channel_0/cmd_translator_0/incr_cmd_0/axaddr_incr_reg[11]
  -------------------------------------------------------------------
                         required time                          7.940    
                         arrival time                          -7.675    
  -------------------------------------------------------------------
                         slack                                  0.265    

Slack (MET) :             0.272ns  (required time - arrival time)
  Source:                 ps/system_i/xadc/inst/AXI_LITE_IPIF_I/I_SLAVE_ATTACHMENT/INCLUDE_DPHASE_TIMER.dpto_cnt_reg[6]/C
                            (rising edge-triggered cell FDRE clocked by clk_fpga_3  {rise@0.000ns fall@2.500ns period=5.000ns})
  Destination:            ps/system_i/axi_protocol_converter_0/inst/gen_axilite.gen_b2s_conv.axilite_b2s/RD.ar_channel_0/cmd_translator_0/incr_cmd_0/axaddr_incr_reg[9]/D
                            (rising edge-triggered cell FDRE clocked by clk_fpga_3  {rise@0.000ns fall@2.500ns period=5.000ns})
  Path Group:             clk_fpga_3
  Path Type:              Setup (Max at Slow Process Corner)
  Requirement:            5.000ns  (clk_fpga_3 rise@5.000ns - clk_fpga_3 rise@0.000ns)
  Data Path Delay:        4.647ns  (logic 2.656ns (57.153%)  route 1.991ns (42.847%))
  Logic Levels:           7  (CARRY4=4 LUT2=1 LUT3=1 LUT6=1)
  Clock Path Skew:        -0.060ns (DCD - SCD + CPR)
    Destination Clock Delay (DCD):    2.687ns = ( 7.687 - 5.000 ) 
    Source Clock Delay      (SCD):    2.977ns
    Clock Pessimism Removal (CPR):    0.230ns
  Clock Uncertainty:      0.083ns  ((TSJ^2 + TIJ^2)^1/2 + DJ) / 2 + PE
    Total System Jitter     (TSJ):    0.071ns
    Total Input Jitter      (TIJ):    0.150ns
    Discrete Jitter          (DJ):    0.000ns
    Phase Error              (PE):    0.000ns

    Location             Delay type                Incr(ns)  Path(ns)    Netlist Resource(s)
  -------------------------------------------------------------------    -------------------
                         (clock clk_fpga_3 rise edge)
                                                      0.000     0.000 r  
    PS7_X0Y0             PS7                          0.000     0.000 r  ps/system_i/processing_system7/inst/PS7_i/FCLKCLK[3]
                         net (fo=1, routed)           1.207     1.207    ps/system_i/processing_system7/inst/FCLK_CLK_unbuffered[3]
    BUFGCTRL_X0Y1        BUFG (Prop_bufg_I_O)         0.101     1.308 r  ps/system_i/processing_system7/inst/buffer_fclk_clk_3.FCLK_CLK_3_BUFG/O
                         net (fo=836, routed)         1.669     2.977    ps/system_i/xadc/inst/AXI_LITE_IPIF_I/I_SLAVE_ATTACHMENT/s_axi_aclk
    SLICE_X8Y58          FDRE                                         r  ps/system_i/xadc/inst/AXI_LITE_IPIF_I/I_SLAVE_ATTACHMENT/INCLUDE_DPHASE_TIMER.dpto_cnt_reg[6]/C
  -------------------------------------------------------------------    -------------------
    SLICE_X8Y58          FDRE (Prop_fdre_C_Q)         0.518     3.495 r  ps/system_i/xadc/inst/AXI_LITE_IPIF_I/I_SLAVE_ATTACHMENT/INCLUDE_DPHASE_TIMER.dpto_cnt_reg[6]/Q
                         net (fo=8, routed)           0.933     4.428    ps/system_i/xadc/inst/AXI_LITE_IPIF_I/I_SLAVE_ATTACHMENT/timeout
    SLICE_X10Y57         LUT2 (Prop_lut2_I0_O)        0.124     4.552 r  ps/system_i/xadc/inst/AXI_LITE_IPIF_I/I_SLAVE_ATTACHMENT/s_axi_arready_INST_0/O
                         net (fo=13, routed)          0.475     5.027    ps/system_i/axi_protocol_converter_0/inst/gen_axilite.gen_b2s_conv.axilite_b2s/RD.ar_channel_0/cmd_translator_0/incr_cmd_0/m_axi_arready
    SLICE_X10Y58         LUT6 (Prop_lut6_I3_O)        0.124     5.151 r  ps/system_i/axi_protocol_converter_0/inst/gen_axilite.gen_b2s_conv.axilite_b2s/RD.ar_channel_0/cmd_translator_0/incr_cmd_0/axaddr_incr[0]_i_17/O
                         net (fo=1, routed)           0.000     5.151    ps/system_i/axi_protocol_converter_0/inst/gen_axilite.gen_b2s_conv.axilite_b2s/SI_REG/ar_pipe/m_payload_i_reg[3]_0[1]
    SLICE_X10Y58         CARRY4 (Prop_carry4_S[1]_CO[3])
                                                      0.533     5.684 r  ps/system_i/axi_protocol_converter_0/inst/gen_axilite.gen_b2s_conv.axilite_b2s/SI_REG/ar_pipe/axaddr_incr_reg[0]_i_11__0/CO[3]
                         net (fo=1, routed)           0.000     5.684    ps/system_i/axi_protocol_converter_0/inst/gen_axilite.gen_b2s_conv.axilite_b2s/SI_REG/ar_pipe/axaddr_incr_reg[0]_i_11__0_n_0
    SLICE_X10Y59         CARRY4 (Prop_carry4_CI_O[3])
                                                      0.315     5.999 r  ps/system_i/axi_protocol_converter_0/inst/gen_axilite.gen_b2s_conv.axilite_b2s/SI_REG/ar_pipe/axaddr_incr_reg[4]_i_6__0/O[3]
                         net (fo=1, routed)           0.583     6.582    ps/system_i/axi_protocol_converter_0/inst/gen_axilite.gen_b2s_conv.axilite_b2s/RD.ar_channel_0/cmd_translator_0/incr_cmd_0/m_payload_i_reg[3][3]
    SLICE_X11Y59         LUT3 (Prop_lut3_I0_O)        0.307     6.889 r  ps/system_i/axi_protocol_converter_0/inst/gen_axilite.gen_b2s_conv.axilite_b2s/RD.ar_channel_0/cmd_translator_0/incr_cmd_0/axaddr_incr[4]_i_2__0/O
                         net (fo=1, routed)           0.000     6.889    ps/system_i/axi_protocol_converter_0/inst/gen_axilite.gen_b2s_conv.axilite_b2s/RD.ar_channel_0/cmd_translator_0/incr_cmd_0/axaddr_incr[4]_i_2__0_n_0
    SLICE_X11Y59         CARRY4 (Prop_carry4_S[3]_CO[3])
                                                      0.401     7.290 r  ps/system_i/axi_protocol_converter_0/inst/gen_axilite.gen_b2s_conv.axilite_b2s/RD.ar_channel_0/cmd_translator_0/incr_cmd_0/axaddr_incr_reg[4]_i_1__0/CO[3]
                         net (fo=1, routed)           0.000     7.290    ps/system_i/axi_protocol_converter_0/inst/gen_axilite.gen_b2s_conv.axilite_b2s/RD.ar_channel_0/cmd_translator_0/incr_cmd_0/axaddr_incr_reg[4]_i_1__0_n_0
    SLICE_X11Y60         CARRY4 (Prop_carry4_CI_O[1])
                                                      0.334     7.624 r  ps/system_i/axi_protocol_converter_0/inst/gen_axilite.gen_b2s_conv.axilite_b2s/RD.ar_channel_0/cmd_translator_0/incr_cmd_0/axaddr_incr_reg[8]_i_1__0/O[1]
                         net (fo=1, routed)           0.000     7.624    ps/system_i/axi_protocol_converter_0/inst/gen_axilite.gen_b2s_conv.axilite_b2s/RD.ar_channel_0/cmd_translator_0/incr_cmd_0/axaddr_incr_reg[8]_i_1__0_n_6
    SLICE_X11Y60         FDRE                                         r  ps/system_i/axi_protocol_converter_0/inst/gen_axilite.gen_b2s_conv.axilite_b2s/RD.ar_channel_0/cmd_translator_0/incr_cmd_0/axaddr_incr_reg[9]/D
  -------------------------------------------------------------------    -------------------

                         (clock clk_fpga_3 rise edge)
                                                      5.000     5.000 r  
    PS7_X0Y0             PS7                          0.000     5.000 r  ps/system_i/processing_system7/inst/PS7_i/FCLKCLK[3]
                         net (fo=1, routed)           1.101     6.101    ps/system_i/processing_system7/inst/FCLK_CLK_unbuffered[3]
    BUFGCTRL_X0Y1        BUFG (Prop_bufg_I_O)         0.091     6.192 r  ps/system_i/processing_system7/inst/buffer_fclk_clk_3.FCLK_CLK_3_BUFG/O
                         net (fo=836, routed)         1.495     7.687    ps/system_i/axi_protocol_converter_0/inst/gen_axilite.gen_b2s_conv.axilite_b2s/RD.ar_channel_0/cmd_translator_0/incr_cmd_0/aclk
    SLICE_X11Y60         FDRE                                         r  ps/system_i/axi_protocol_converter_0/inst/gen_axilite.gen_b2s_conv.axilite_b2s/RD.ar_channel_0/cmd_translator_0/incr_cmd_0/axaddr_incr_reg[9]/C
                         clock pessimism              0.230     7.917    
                         clock uncertainty           -0.083     7.834    
    SLICE_X11Y60         FDRE (Setup_fdre_C_D)        0.062     7.896    ps/system_i/axi_protocol_converter_0/inst/gen_axilite.gen_b2s_conv.axilite_b2s/RD.ar_channel_0/cmd_translator_0/incr_cmd_0/axaddr_incr_reg[9]
  -------------------------------------------------------------------
                         required time                          7.896    
                         arrival time                          -7.624    
  -------------------------------------------------------------------
                         slack                                  0.272    

Slack (MET) :             0.293ns  (required time - arrival time)
  Source:                 ps/system_i/xadc/inst/AXI_LITE_IPIF_I/I_SLAVE_ATTACHMENT/INCLUDE_DPHASE_TIMER.dpto_cnt_reg[6]/C
                            (rising edge-triggered cell FDRE clocked by clk_fpga_3  {rise@0.000ns fall@2.500ns period=5.000ns})
  Destination:            ps/system_i/axi_protocol_converter_0/inst/gen_axilite.gen_b2s_conv.axilite_b2s/RD.ar_channel_0/cmd_translator_0/incr_cmd_0/axaddr_incr_reg[11]/D
                            (rising edge-triggered cell FDRE clocked by clk_fpga_3  {rise@0.000ns fall@2.500ns period=5.000ns})
  Path Group:             clk_fpga_3
  Path Type:              Setup (Max at Slow Process Corner)
  Requirement:            5.000ns  (clk_fpga_3 rise@5.000ns - clk_fpga_3 rise@0.000ns)
  Data Path Delay:        4.626ns  (logic 2.635ns (56.958%)  route 1.991ns (43.042%))
  Logic Levels:           7  (CARRY4=4 LUT2=1 LUT3=1 LUT6=1)
  Clock Path Skew:        -0.060ns (DCD - SCD + CPR)
    Destination Clock Delay (DCD):    2.687ns = ( 7.687 - 5.000 ) 
    Source Clock Delay      (SCD):    2.977ns
    Clock Pessimism Removal (CPR):    0.230ns
  Clock Uncertainty:      0.083ns  ((TSJ^2 + TIJ^2)^1/2 + DJ) / 2 + PE
    Total System Jitter     (TSJ):    0.071ns
    Total Input Jitter      (TIJ):    0.150ns
    Discrete Jitter          (DJ):    0.000ns
    Phase Error              (PE):    0.000ns

    Location             Delay type                Incr(ns)  Path(ns)    Netlist Resource(s)
  -------------------------------------------------------------------    -------------------
                         (clock clk_fpga_3 rise edge)
                                                      0.000     0.000 r  
    PS7_X0Y0             PS7                          0.000     0.000 r  ps/system_i/processing_system7/inst/PS7_i/FCLKCLK[3]
                         net (fo=1, routed)           1.207     1.207    ps/system_i/processing_system7/inst/FCLK_CLK_unbuffered[3]
    BUFGCTRL_X0Y1        BUFG (Prop_bufg_I_O)         0.101     1.308 r  ps/system_i/processing_system7/inst/buffer_fclk_clk_3.FCLK_CLK_3_BUFG/O
                         net (fo=836, routed)         1.669     2.977    ps/system_i/xadc/inst/AXI_LITE_IPIF_I/I_SLAVE_ATTACHMENT/s_axi_aclk
    SLICE_X8Y58          FDRE                                         r  ps/system_i/xadc/inst/AXI_LITE_IPIF_I/I_SLAVE_ATTACHMENT/INCLUDE_DPHASE_TIMER.dpto_cnt_reg[6]/C
  -------------------------------------------------------------------    -------------------
    SLICE_X8Y58          FDRE (Prop_fdre_C_Q)         0.518     3.495 r  ps/system_i/xadc/inst/AXI_LITE_IPIF_I/I_SLAVE_ATTACHMENT/INCLUDE_DPHASE_TIMER.dpto_cnt_reg[6]/Q
                         net (fo=8, routed)           0.933     4.428    ps/system_i/xadc/inst/AXI_LITE_IPIF_I/I_SLAVE_ATTACHMENT/timeout
    SLICE_X10Y57         LUT2 (Prop_lut2_I0_O)        0.124     4.552 r  ps/system_i/xadc/inst/AXI_LITE_IPIF_I/I_SLAVE_ATTACHMENT/s_axi_arready_INST_0/O
                         net (fo=13, routed)          0.475     5.027    ps/system_i/axi_protocol_converter_0/inst/gen_axilite.gen_b2s_conv.axilite_b2s/RD.ar_channel_0/cmd_translator_0/incr_cmd_0/m_axi_arready
    SLICE_X10Y58         LUT6 (Prop_lut6_I3_O)        0.124     5.151 r  ps/system_i/axi_protocol_converter_0/inst/gen_axilite.gen_b2s_conv.axilite_b2s/RD.ar_channel_0/cmd_translator_0/incr_cmd_0/axaddr_incr[0]_i_17/O
                         net (fo=1, routed)           0.000     5.151    ps/system_i/axi_protocol_converter_0/inst/gen_axilite.gen_b2s_conv.axilite_b2s/SI_REG/ar_pipe/m_payload_i_reg[3]_0[1]
    SLICE_X10Y58         CARRY4 (Prop_carry4_S[1]_CO[3])
                                                      0.533     5.684 r  ps/system_i/axi_protocol_converter_0/inst/gen_axilite.gen_b2s_conv.axilite_b2s/SI_REG/ar_pipe/axaddr_incr_reg[0]_i_11__0/CO[3]
                         net (fo=1, routed)           0.000     5.684    ps/system_i/axi_protocol_converter_0/inst/gen_axilite.gen_b2s_conv.axilite_b2s/SI_REG/ar_pipe/axaddr_incr_reg[0]_i_11__0_n_0
    SLICE_X10Y59         CARRY4 (Prop_carry4_CI_O[3])
                                                      0.315     5.999 r  ps/system_i/axi_protocol_converter_0/inst/gen_axilite.gen_b2s_conv.axilite_b2s/SI_REG/ar_pipe/axaddr_incr_reg[4]_i_6__0/O[3]
                         net (fo=1, routed)           0.583     6.582    ps/system_i/axi_protocol_converter_0/inst/gen_axilite.gen_b2s_conv.axilite_b2s/RD.ar_channel_0/cmd_translator_0/incr_cmd_0/m_payload_i_reg[3][3]
    SLICE_X11Y59         LUT3 (Prop_lut3_I0_O)        0.307     6.889 r  ps/system_i/axi_protocol_converter_0/inst/gen_axilite.gen_b2s_conv.axilite_b2s/RD.ar_channel_0/cmd_translator_0/incr_cmd_0/axaddr_incr[4]_i_2__0/O
                         net (fo=1, routed)           0.000     6.889    ps/system_i/axi_protocol_converter_0/inst/gen_axilite.gen_b2s_conv.axilite_b2s/RD.ar_channel_0/cmd_translator_0/incr_cmd_0/axaddr_incr[4]_i_2__0_n_0
    SLICE_X11Y59         CARRY4 (Prop_carry4_S[3]_CO[3])
                                                      0.401     7.290 r  ps/system_i/axi_protocol_converter_0/inst/gen_axilite.gen_b2s_conv.axilite_b2s/RD.ar_channel_0/cmd_translator_0/incr_cmd_0/axaddr_incr_reg[4]_i_1__0/CO[3]
                         net (fo=1, routed)           0.000     7.290    ps/system_i/axi_protocol_converter_0/inst/gen_axilite.gen_b2s_conv.axilite_b2s/RD.ar_channel_0/cmd_translator_0/incr_cmd_0/axaddr_incr_reg[4]_i_1__0_n_0
    SLICE_X11Y60         CARRY4 (Prop_carry4_CI_O[3])
                                                      0.313     7.603 r  ps/system_i/axi_protocol_converter_0/inst/gen_axilite.gen_b2s_conv.axilite_b2s/RD.ar_channel_0/cmd_translator_0/incr_cmd_0/axaddr_incr_reg[8]_i_1__0/O[3]
                         net (fo=1, routed)           0.000     7.603    ps/system_i/axi_protocol_converter_0/inst/gen_axilite.gen_b2s_conv.axilite_b2s/RD.ar_channel_0/cmd_translator_0/incr_cmd_0/axaddr_incr_reg[8]_i_1__0_n_4
    SLICE_X11Y60         FDRE                                         r  ps/system_i/axi_protocol_converter_0/inst/gen_axilite.gen_b2s_conv.axilite_b2s/RD.ar_channel_0/cmd_translator_0/incr_cmd_0/axaddr_incr_reg[11]/D
  -------------------------------------------------------------------    -------------------

                         (clock clk_fpga_3 rise edge)
                                                      5.000     5.000 r  
    PS7_X0Y0             PS7                          0.000     5.000 r  ps/system_i/processing_system7/inst/PS7_i/FCLKCLK[3]
                         net (fo=1, routed)           1.101     6.101    ps/system_i/processing_system7/inst/FCLK_CLK_unbuffered[3]
    BUFGCTRL_X0Y1        BUFG (Prop_bufg_I_O)         0.091     6.192 r  ps/system_i/processing_system7/inst/buffer_fclk_clk_3.FCLK_CLK_3_BUFG/O
                         net (fo=836, routed)         1.495     7.687    ps/system_i/axi_protocol_converter_0/inst/gen_axilite.gen_b2s_conv.axilite_b2s/RD.ar_channel_0/cmd_translator_0/incr_cmd_0/aclk
    SLICE_X11Y60         FDRE                                         r  ps/system_i/axi_protocol_converter_0/inst/gen_axilite.gen_b2s_conv.axilite_b2s/RD.ar_channel_0/cmd_translator_0/incr_cmd_0/axaddr_incr_reg[11]/C
                         clock pessimism              0.230     7.917    
                         clock uncertainty           -0.083     7.834    
    SLICE_X11Y60         FDRE (Setup_fdre_C_D)        0.062     7.896    ps/system_i/axi_protocol_converter_0/inst/gen_axilite.gen_b2s_conv.axilite_b2s/RD.ar_channel_0/cmd_translator_0/incr_cmd_0/axaddr_incr_reg[11]
  -------------------------------------------------------------------
                         required time                          7.896    
                         arrival time                          -7.603    
  -------------------------------------------------------------------
                         slack                                  0.293    

Slack (MET) :             0.300ns  (required time - arrival time)
  Source:                 ps/system_i/axi_protocol_converter_0/inst/gen_axilite.gen_b2s_conv.axilite_b2s/RD.r_channel_0/transaction_fifo_0/cnt_read_reg[0]_rep__1/C
                            (rising edge-triggered cell FDSE clocked by clk_fpga_3  {rise@0.000ns fall@2.500ns period=5.000ns})
  Destination:            ps/system_i/axi_protocol_converter_0/inst/gen_axilite.gen_b2s_conv.axilite_b2s/RD.r_channel_0/transaction_fifo_0/cnt_read_reg[1]/D
                            (rising edge-triggered cell FDSE clocked by clk_fpga_3  {rise@0.000ns fall@2.500ns period=5.000ns})
  Path Group:             clk_fpga_3
  Path Type:              Setup (Max at Slow Process Corner)
  Requirement:            5.000ns  (clk_fpga_3 rise@5.000ns - clk_fpga_3 rise@0.000ns)
  Data Path Delay:        4.169ns  (logic 0.946ns (22.692%)  route 3.223ns (77.308%))
  Logic Levels:           4  (LUT2=1 LUT4=1 LUT5=1 LUT6=1)
  Clock Path Skew:        -0.185ns (DCD - SCD + CPR)
    Destination Clock Delay (DCD):    2.689ns = ( 7.689 - 5.000 ) 
    Source Clock Delay      (SCD):    2.990ns
    Clock Pessimism Removal (CPR):    0.116ns
  Clock Uncertainty:      0.083ns  ((TSJ^2 + TIJ^2)^1/2 + DJ) / 2 + PE
    Total System Jitter     (TSJ):    0.071ns
    Total Input Jitter      (TIJ):    0.150ns
    Discrete Jitter          (DJ):    0.000ns
    Phase Error              (PE):    0.000ns

    Location             Delay type                Incr(ns)  Path(ns)    Netlist Resource(s)
  -------------------------------------------------------------------    -------------------
                         (clock clk_fpga_3 rise edge)
                                                      0.000     0.000 r  
    PS7_X0Y0             PS7                          0.000     0.000 r  ps/system_i/processing_system7/inst/PS7_i/FCLKCLK[3]
                         net (fo=1, routed)           1.207     1.207    ps/system_i/processing_system7/inst/FCLK_CLK_unbuffered[3]
    BUFGCTRL_X0Y1        BUFG (Prop_bufg_I_O)         0.101     1.308 r  ps/system_i/processing_system7/inst/buffer_fclk_clk_3.FCLK_CLK_3_BUFG/O
                         net (fo=836, routed)         1.682     2.990    ps/system_i/axi_protocol_converter_0/inst/gen_axilite.gen_b2s_conv.axilite_b2s/RD.r_channel_0/transaction_fifo_0/aclk
    SLICE_X7Y49          FDSE                                         r  ps/system_i/axi_protocol_converter_0/inst/gen_axilite.gen_b2s_conv.axilite_b2s/RD.r_channel_0/transaction_fifo_0/cnt_read_reg[0]_rep__1/C
  -------------------------------------------------------------------    -------------------
    SLICE_X7Y49          FDSE (Prop_fdse_C_Q)         0.456     3.446 r  ps/system_i/axi_protocol_converter_0/inst/gen_axilite.gen_b2s_conv.axilite_b2s/RD.r_channel_0/transaction_fifo_0/cnt_read_reg[0]_rep__1/Q
                         net (fo=4, routed)           0.874     4.320    ps/system_i/axi_protocol_converter_0/inst/gen_axilite.gen_b2s_conv.axilite_b2s/RD.r_channel_0/transaction_fifo_0/cnt_read_reg[0]_rep__1_n_0
    SLICE_X9Y49          LUT5 (Prop_lut5_I1_O)        0.124     4.444 r  ps/system_i/axi_protocol_converter_0/inst/gen_axilite.gen_b2s_conv.axilite_b2s/RD.r_channel_0/transaction_fifo_0/m_valid_i_i_3/O
                         net (fo=1, routed)           0.452     4.896    ps/system_i/axi_protocol_converter_0/inst/gen_axilite.gen_b2s_conv.axilite_b2s/RD.r_channel_0/rd_data_fifo_0/cnt_read_reg[2]_rep__0_0
    SLICE_X9Y50          LUT6 (Prop_lut6_I5_O)        0.124     5.020 r  ps/system_i/axi_protocol_converter_0/inst/gen_axilite.gen_b2s_conv.axilite_b2s/RD.r_channel_0/rd_data_fifo_0/m_valid_i_i_2/O
                         net (fo=7, routed)           0.584     5.604    ps/system_i/axi_protocol_converter_0/inst/gen_axilite.gen_b2s_conv.axilite_b2s/RD.r_channel_0/rd_data_fifo_0/m_valid_i_reg
    SLICE_X9Y52          LUT2 (Prop_lut2_I0_O)        0.124     5.728 r  ps/system_i/axi_protocol_converter_0/inst/gen_axilite.gen_b2s_conv.axilite_b2s/RD.r_channel_0/rd_data_fifo_0/cnt_read[3]_i_3/O
                         net (fo=8, routed)           0.653     6.382    ps/system_i/axi_protocol_converter_0/inst/gen_axilite.gen_b2s_conv.axilite_b2s/RD.r_channel_0/transaction_fifo_0/s_ready_i_reg
    SLICE_X7Y51          LUT4 (Prop_lut4_I2_O)        0.118     6.500 r  ps/system_i/axi_protocol_converter_0/inst/gen_axilite.gen_b2s_conv.axilite_b2s/RD.r_channel_0/transaction_fifo_0/cnt_read[1]_i_1__2/O
                         net (fo=3, routed)           0.659     7.159    ps/system_i/axi_protocol_converter_0/inst/gen_axilite.gen_b2s_conv.axilite_b2s/RD.r_channel_0/transaction_fifo_0/cnt_read[1]_i_1__2_n_0
    SLICE_X7Y51          FDSE                                         r  ps/system_i/axi_protocol_converter_0/inst/gen_axilite.gen_b2s_conv.axilite_b2s/RD.r_channel_0/transaction_fifo_0/cnt_read_reg[1]/D
  -------------------------------------------------------------------    -------------------

                         (clock clk_fpga_3 rise edge)
                                                      5.000     5.000 r  
    PS7_X0Y0             PS7                          0.000     5.000 r  ps/system_i/processing_system7/inst/PS7_i/FCLKCLK[3]
                         net (fo=1, routed)           1.101     6.101    ps/system_i/processing_system7/inst/FCLK_CLK_unbuffered[3]
    BUFGCTRL_X0Y1        BUFG (Prop_bufg_I_O)         0.091     6.192 r  ps/system_i/processing_system7/inst/buffer_fclk_clk_3.FCLK_CLK_3_BUFG/O
                         net (fo=836, routed)         1.497     7.689    ps/system_i/axi_protocol_converter_0/inst/gen_axilite.gen_b2s_conv.axilite_b2s/RD.r_channel_0/transaction_fifo_0/aclk
    SLICE_X7Y51          FDSE                                         r  ps/system_i/axi_protocol_converter_0/inst/gen_axilite.gen_b2s_conv.axilite_b2s/RD.r_channel_0/transaction_fifo_0/cnt_read_reg[1]/C
                         clock pessimism              0.116     7.805    
                         clock uncertainty           -0.083     7.722    
    SLICE_X7Y51          FDSE (Setup_fdse_C_D)       -0.263     7.459    ps/system_i/axi_protocol_converter_0/inst/gen_axilite.gen_b2s_conv.axilite_b2s/RD.r_channel_0/transaction_fifo_0/cnt_read_reg[1]
  -------------------------------------------------------------------
                         required time                          7.459    
                         arrival time                          -7.159    
  -------------------------------------------------------------------
                         slack                                  0.300    

Slack (MET) :             0.337ns  (required time - arrival time)
  Source:                 ps/system_i/processing_system7/inst/PS7_i/MAXIGP1ACLK
                            (rising edge-triggered cell PS7 clocked by clk_fpga_3  {rise@0.000ns fall@2.500ns period=5.000ns})
  Destination:            ps/system_i/xadc/inst/AXI_LITE_IPIF_I/I_SLAVE_ATTACHMENT/I_DECODER/GEN_BKEND_CE_REGISTERS[14].ce_out_i_reg[14]/D
                            (rising edge-triggered cell FDRE clocked by clk_fpga_3  {rise@0.000ns fall@2.500ns period=5.000ns})
  Path Group:             clk_fpga_3
  Path Type:              Setup (Max at Slow Process Corner)
  Requirement:            5.000ns  (clk_fpga_3 rise@5.000ns - clk_fpga_3 rise@0.000ns)
  Data Path Delay:        4.514ns  (logic 1.675ns (37.109%)  route 2.839ns (62.891%))
  Logic Levels:           3  (LUT5=1 LUT6=2)
  Clock Path Skew:        -0.144ns (DCD - SCD + CPR)
    Destination Clock Delay (DCD):    2.688ns = ( 7.688 - 5.000 ) 
    Source Clock Delay      (SCD):    3.062ns
    Clock Pessimism Removal (CPR):    0.230ns
  Clock Uncertainty:      0.083ns  ((TSJ^2 + TIJ^2)^1/2 + DJ) / 2 + PE
    Total System Jitter     (TSJ):    0.071ns
    Total Input Jitter      (TIJ):    0.150ns
    Discrete Jitter          (DJ):    0.000ns
    Phase Error              (PE):    0.000ns

    Location             Delay type                Incr(ns)  Path(ns)    Netlist Resource(s)
  -------------------------------------------------------------------    -------------------
                         (clock clk_fpga_3 rise edge)
                                                      0.000     0.000 r  
    PS7_X0Y0             PS7                          0.000     0.000 r  ps/system_i/processing_system7/inst/PS7_i/FCLKCLK[3]
                         net (fo=1, routed)           1.207     1.207    ps/system_i/processing_system7/inst/FCLK_CLK_unbuffered[3]
    BUFGCTRL_X0Y1        BUFG (Prop_bufg_I_O)         0.101     1.308 r  ps/system_i/processing_system7/inst/buffer_fclk_clk_3.FCLK_CLK_3_BUFG/O
                         net (fo=836, routed)         1.754     3.062    ps/system_i/processing_system7/inst/M_AXI_GP1_ACLK
    PS7_X0Y0             PS7                                          r  ps/system_i/processing_system7/inst/PS7_i/MAXIGP1ACLK
  -------------------------------------------------------------------    -------------------
    PS7_X0Y0             PS7 (Prop_ps7_MAXIGP1ACLK_MAXIGP1WVALID)
                                                      1.303     4.365 r  ps/system_i/processing_system7/inst/PS7_i/MAXIGP1WVALID
                         net (fo=3, routed)           0.843     5.208    ps/system_i/xadc/inst/AXI_LITE_IPIF_I/I_SLAVE_ATTACHMENT/I_DECODER/s_axi_wvalid
    SLICE_X1Y54          LUT5 (Prop_lut5_I2_O)        0.124     5.332 r  ps/system_i/xadc/inst/AXI_LITE_IPIF_I/I_SLAVE_ATTACHMENT/I_DECODER/GEN_BKEND_CE_REGISTERS[24].ce_out_i[24]_i_2/O
                         net (fo=27, routed)          0.856     6.188    ps/system_i/xadc/inst/AXI_LITE_IPIF_I/I_SLAVE_ATTACHMENT/I_DECODER/start
    SLICE_X1Y55          LUT6 (Prop_lut6_I0_O)        0.124     6.312 r  ps/system_i/xadc/inst/AXI_LITE_IPIF_I/I_SLAVE_ATTACHMENT/I_DECODER/GEN_BKEND_CE_REGISTERS[23].ce_out_i[23]_i_2/O
                         net (fo=24, routed)          1.140     7.452    ps/system_i/xadc/inst/AXI_LITE_IPIF_I/I_SLAVE_ATTACHMENT/I_DECODER/GEN_BKEND_CE_REGISTERS[23].ce_out_i[23]_i_2_n_0
    SLICE_X6Y56          LUT6 (Prop_lut6_I2_O)        0.124     7.576 r  ps/system_i/xadc/inst/AXI_LITE_IPIF_I/I_SLAVE_ATTACHMENT/I_DECODER/GEN_BKEND_CE_REGISTERS[14].ce_out_i[14]_i_1/O
                         net (fo=1, routed)           0.000     7.576    ps/system_i/xadc/inst/AXI_LITE_IPIF_I/I_SLAVE_ATTACHMENT/I_DECODER/p_9_out
    SLICE_X6Y56          FDRE                                         r  ps/system_i/xadc/inst/AXI_LITE_IPIF_I/I_SLAVE_ATTACHMENT/I_DECODER/GEN_BKEND_CE_REGISTERS[14].ce_out_i_reg[14]/D
  -------------------------------------------------------------------    -------------------

                         (clock clk_fpga_3 rise edge)
                                                      5.000     5.000 r  
    PS7_X0Y0             PS7                          0.000     5.000 r  ps/system_i/processing_system7/inst/PS7_i/FCLKCLK[3]
                         net (fo=1, routed)           1.101     6.101    ps/system_i/processing_system7/inst/FCLK_CLK_unbuffered[3]
    BUFGCTRL_X0Y1        BUFG (Prop_bufg_I_O)         0.091     6.192 r  ps/system_i/processing_system7/inst/buffer_fclk_clk_3.FCLK_CLK_3_BUFG/O
                         net (fo=836, routed)         1.496     7.688    ps/system_i/xadc/inst/AXI_LITE_IPIF_I/I_SLAVE_ATTACHMENT/I_DECODER/s_axi_aclk
    SLICE_X6Y56          FDRE                                         r  ps/system_i/xadc/inst/AXI_LITE_IPIF_I/I_SLAVE_ATTACHMENT/I_DECODER/GEN_BKEND_CE_REGISTERS[14].ce_out_i_reg[14]/C
                         clock pessimism              0.230     7.918    
                         clock uncertainty           -0.083     7.835    
    SLICE_X6Y56          FDRE (Setup_fdre_C_D)        0.077     7.912    ps/system_i/xadc/inst/AXI_LITE_IPIF_I/I_SLAVE_ATTACHMENT/I_DECODER/GEN_BKEND_CE_REGISTERS[14].ce_out_i_reg[14]
  -------------------------------------------------------------------
                         required time                          7.912    
                         arrival time                          -7.576    
  -------------------------------------------------------------------
                         slack                                  0.337    

Slack (MET) :             0.341ns  (required time - arrival time)
  Source:                 ps/system_i/axi_protocol_converter_0/inst/gen_axilite.gen_b2s_conv.axilite_b2s/WR.aw_channel_0/cmd_translator_0/s_axburst_eq1_reg/C
                            (rising edge-triggered cell FDRE clocked by clk_fpga_3  {rise@0.000ns fall@2.500ns period=5.000ns})
  Destination:            ps/system_i/axi_protocol_converter_0/inst/gen_axilite.gen_b2s_conv.axilite_b2s/WR.aw_channel_0/cmd_translator_0/incr_cmd_0/axaddr_incr_reg[10]/D
                            (rising edge-triggered cell FDRE clocked by clk_fpga_3  {rise@0.000ns fall@2.500ns period=5.000ns})
  Path Group:             clk_fpga_3
  Path Type:              Setup (Max at Slow Process Corner)
  Requirement:            5.000ns  (clk_fpga_3 rise@5.000ns - clk_fpga_3 rise@0.000ns)
  Data Path Delay:        4.623ns  (logic 2.828ns (61.171%)  route 1.795ns (38.829%))
  Logic Levels:           8  (CARRY4=4 LUT3=2 LUT4=1 LUT6=1)
  Clock Path Skew:        -0.062ns (DCD - SCD + CPR)
    Destination Clock Delay (DCD):    2.684ns = ( 7.684 - 5.000 ) 
    Source Clock Delay      (SCD):    2.976ns
    Clock Pessimism Removal (CPR):    0.230ns
  Clock Uncertainty:      0.083ns  ((TSJ^2 + TIJ^2)^1/2 + DJ) / 2 + PE
    Total System Jitter     (TSJ):    0.071ns
    Total Input Jitter      (TIJ):    0.150ns
    Discrete Jitter          (DJ):    0.000ns
    Phase Error              (PE):    0.000ns

    Location             Delay type                Incr(ns)  Path(ns)    Netlist Resource(s)
  -------------------------------------------------------------------    -------------------
                         (clock clk_fpga_3 rise edge)
                                                      0.000     0.000 r  
    PS7_X0Y0             PS7                          0.000     0.000 r  ps/system_i/processing_system7/inst/PS7_i/FCLKCLK[3]
                         net (fo=1, routed)           1.207     1.207    ps/system_i/processing_system7/inst/FCLK_CLK_unbuffered[3]
    BUFGCTRL_X0Y1        BUFG (Prop_bufg_I_O)         0.101     1.308 r  ps/system_i/processing_system7/inst/buffer_fclk_clk_3.FCLK_CLK_3_BUFG/O
                         net (fo=836, routed)         1.668     2.976    ps/system_i/axi_protocol_converter_0/inst/gen_axilite.gen_b2s_conv.axilite_b2s/WR.aw_channel_0/cmd_translator_0/aclk
    SLICE_X8Y59          FDRE                                         r  ps/system_i/axi_protocol_converter_0/inst/gen_axilite.gen_b2s_conv.axilite_b2s/WR.aw_channel_0/cmd_translator_0/s_axburst_eq1_reg/C
  -------------------------------------------------------------------    -------------------
    SLICE_X8Y59          FDRE (Prop_fdre_C_Q)         0.478     3.454 r  ps/system_i/axi_protocol_converter_0/inst/gen_axilite.gen_b2s_conv.axilite_b2s/WR.aw_channel_0/cmd_translator_0/s_axburst_eq1_reg/Q
                         net (fo=1, routed)           0.600     4.054    ps/system_i/axi_protocol_converter_0/inst/gen_axilite.gen_b2s_conv.axilite_b2s/WR.aw_channel_0/cmd_translator_0/s_axburst_eq1
    SLICE_X7Y58          LUT3 (Prop_lut3_I0_O)        0.295     4.349 r  ps/system_i/axi_protocol_converter_0/inst/gen_axilite.gen_b2s_conv.axilite_b2s/WR.aw_channel_0/cmd_translator_0/memory_reg[3][0]_srl4_i_2/O
                         net (fo=4, routed)           0.285     4.633    ps/system_i/axi_protocol_converter_0/inst/gen_axilite.gen_b2s_conv.axilite_b2s/WR.aw_channel_0/aw_cmd_fsm_0/s_axburst_eq1_reg_0
    SLICE_X7Y58          LUT6 (Prop_lut6_I0_O)        0.124     4.757 r  ps/system_i/axi_protocol_converter_0/inst/gen_axilite.gen_b2s_conv.axilite_b2s/WR.aw_channel_0/aw_cmd_fsm_0/next_pending_r_i_3/O
                         net (fo=24, routed)          0.604     5.361    ps/system_i/axi_protocol_converter_0/inst/gen_axilite.gen_b2s_conv.axilite_b2s/WR.aw_channel_0/cmd_translator_0/incr_cmd_0/cnt_read_reg[1]_rep__0
    SLICE_X7Y59          LUT4 (Prop_lut4_I1_O)        0.124     5.485 r  ps/system_i/axi_protocol_converter_0/inst/gen_axilite.gen_b2s_conv.axilite_b2s/WR.aw_channel_0/cmd_translator_0/incr_cmd_0/axaddr_incr[0]_i_16/O
                         net (fo=1, routed)           0.000     5.485    ps/system_i/axi_protocol_converter_0/inst/gen_axilite.gen_b2s_conv.axilite_b2s/SI_REG/aw_pipe/S[2]
    SLICE_X7Y59          CARRY4 (Prop_carry4_S[2]_CO[3])
                                                      0.398     5.883 r  ps/system_i/axi_protocol_converter_0/inst/gen_axilite.gen_b2s_conv.axilite_b2s/SI_REG/aw_pipe/axaddr_incr_reg[0]_i_11/CO[3]
                         net (fo=1, routed)           0.000     5.883    ps/system_i/axi_protocol_converter_0/inst/gen_axilite.gen_b2s_conv.axilite_b2s/SI_REG/aw_pipe/axaddr_incr_reg[0]_i_11_n_0
    SLICE_X7Y60          CARRY4 (Prop_carry4_CI_O[1])
                                                      0.334     6.217 r  ps/system_i/axi_protocol_converter_0/inst/gen_axilite.gen_b2s_conv.axilite_b2s/SI_REG/aw_pipe/axaddr_incr_reg[4]_i_6/O[1]
                         net (fo=1, routed)           0.307     6.524    ps/system_i/axi_protocol_converter_0/inst/gen_axilite.gen_b2s_conv.axilite_b2s/WR.aw_channel_0/cmd_translator_0/incr_cmd_0/m_payload_i_reg[11][1]
    SLICE_X6Y61          LUT3 (Prop_lut3_I0_O)        0.303     6.827 r  ps/system_i/axi_protocol_converter_0/inst/gen_axilite.gen_b2s_conv.axilite_b2s/WR.aw_channel_0/cmd_translator_0/incr_cmd_0/axaddr_incr[4]_i_4/O
                         net (fo=1, routed)           0.000     6.827    ps/system_i/axi_protocol_converter_0/inst/gen_axilite.gen_b2s_conv.axilite_b2s/WR.aw_channel_0/cmd_translator_0/incr_cmd_0/axaddr_incr[4]_i_4_n_0
    SLICE_X6Y61          CARRY4 (Prop_carry4_S[1]_CO[3])
                                                      0.533     7.360 r  ps/system_i/axi_protocol_converter_0/inst/gen_axilite.gen_b2s_conv.axilite_b2s/WR.aw_channel_0/cmd_translator_0/incr_cmd_0/axaddr_incr_reg[4]_i_1/CO[3]
                         net (fo=1, routed)           0.000     7.360    ps/system_i/axi_protocol_converter_0/inst/gen_axilite.gen_b2s_conv.axilite_b2s/WR.aw_channel_0/cmd_translator_0/incr_cmd_0/axaddr_incr_reg[4]_i_1_n_0
    SLICE_X6Y62          CARRY4 (Prop_carry4_CI_O[2])
                                                      0.239     7.599 r  ps/system_i/axi_protocol_converter_0/inst/gen_axilite.gen_b2s_conv.axilite_b2s/WR.aw_channel_0/cmd_translator_0/incr_cmd_0/axaddr_incr_reg[8]_i_1/O[2]
                         net (fo=1, routed)           0.000     7.599    ps/system_i/axi_protocol_converter_0/inst/gen_axilite.gen_b2s_conv.axilite_b2s/WR.aw_channel_0/cmd_translator_0/incr_cmd_0/axaddr_incr_reg[8]_i_1_n_5
    SLICE_X6Y62          FDRE                                         r  ps/system_i/axi_protocol_converter_0/inst/gen_axilite.gen_b2s_conv.axilite_b2s/WR.aw_channel_0/cmd_translator_0/incr_cmd_0/axaddr_incr_reg[10]/D
  -------------------------------------------------------------------    -------------------

                         (clock clk_fpga_3 rise edge)
                                                      5.000     5.000 r  
    PS7_X0Y0             PS7                          0.000     5.000 r  ps/system_i/processing_system7/inst/PS7_i/FCLKCLK[3]
                         net (fo=1, routed)           1.101     6.101    ps/system_i/processing_system7/inst/FCLK_CLK_unbuffered[3]
    BUFGCTRL_X0Y1        BUFG (Prop_bufg_I_O)         0.091     6.192 r  ps/system_i/processing_system7/inst/buffer_fclk_clk_3.FCLK_CLK_3_BUFG/O
                         net (fo=836, routed)         1.492     7.684    ps/system_i/axi_protocol_converter_0/inst/gen_axilite.gen_b2s_conv.axilite_b2s/WR.aw_channel_0/cmd_translator_0/incr_cmd_0/aclk
    SLICE_X6Y62          FDRE                                         r  ps/system_i/axi_protocol_converter_0/inst/gen_axilite.gen_b2s_conv.axilite_b2s/WR.aw_channel_0/cmd_translator_0/incr_cmd_0/axaddr_incr_reg[10]/C
                         clock pessimism              0.230     7.914    
                         clock uncertainty           -0.083     7.831    
    SLICE_X6Y62          FDRE (Setup_fdre_C_D)        0.109     7.940    ps/system_i/axi_protocol_converter_0/inst/gen_axilite.gen_b2s_conv.axilite_b2s/WR.aw_channel_0/cmd_translator_0/incr_cmd_0/axaddr_incr_reg[10]
  -------------------------------------------------------------------
                         required time                          7.940    
                         arrival time                          -7.599    
  -------------------------------------------------------------------
                         slack                                  0.341    

Slack (MET) :             0.342ns  (required time - arrival time)
  Source:                 ps/system_i/axi_protocol_converter_0/inst/gen_axilite.gen_b2s_conv.axilite_b2s/SI_REG/aw_pipe/m_payload_i_reg[38]/C
                            (rising edge-triggered cell FDRE clocked by clk_fpga_3  {rise@0.000ns fall@2.500ns period=5.000ns})
  Destination:            ps/system_i/xadc/inst/AXI_LITE_IPIF_I/I_SLAVE_ATTACHMENT/I_DECODER/GEN_BKEND_CE_REGISTERS[15].ce_out_i_reg[15]/D
                            (rising edge-triggered cell FDRE clocked by clk_fpga_3  {rise@0.000ns fall@2.500ns period=5.000ns})
  Path Group:             clk_fpga_3
  Path Type:              Setup (Max at Slow Process Corner)
  Requirement:            5.000ns  (clk_fpga_3 rise@5.000ns - clk_fpga_3 rise@0.000ns)
  Data Path Delay:        4.633ns  (logic 1.204ns (25.989%)  route 3.429ns (74.011%))
  Logic Levels:           4  (LUT2=1 LUT5=1 LUT6=2)
  Clock Path Skew:        -0.021ns (DCD - SCD + CPR)
    Destination Clock Delay (DCD):    2.733ns = ( 7.733 - 5.000 ) 
    Source Clock Delay      (SCD):    3.021ns
    Clock Pessimism Removal (CPR):    0.267ns
  Clock Uncertainty:      0.083ns  ((TSJ^2 + TIJ^2)^1/2 + DJ) / 2 + PE
    Total System Jitter     (TSJ):    0.071ns
    Total Input Jitter      (TIJ):    0.150ns
    Discrete Jitter          (DJ):    0.000ns
    Phase Error              (PE):    0.000ns

    Location             Delay type                Incr(ns)  Path(ns)    Netlist Resource(s)
  -------------------------------------------------------------------    -------------------
                         (clock clk_fpga_3 rise edge)
                                                      0.000     0.000 r  
    PS7_X0Y0             PS7                          0.000     0.000 r  ps/system_i/processing_system7/inst/PS7_i/FCLKCLK[3]
                         net (fo=1, routed)           1.207     1.207    ps/system_i/processing_system7/inst/FCLK_CLK_unbuffered[3]
    BUFGCTRL_X0Y1        BUFG (Prop_bufg_I_O)         0.101     1.308 r  ps/system_i/processing_system7/inst/buffer_fclk_clk_3.FCLK_CLK_3_BUFG/O
                         net (fo=836, routed)         1.713     3.021    ps/system_i/axi_protocol_converter_0/inst/gen_axilite.gen_b2s_conv.axilite_b2s/SI_REG/aw_pipe/aclk
    SLICE_X3Y62          FDRE                                         r  ps/system_i/axi_protocol_converter_0/inst/gen_axilite.gen_b2s_conv.axilite_b2s/SI_REG/aw_pipe/m_payload_i_reg[38]/C
  -------------------------------------------------------------------    -------------------
    SLICE_X3Y62          FDRE (Prop_fdre_C_Q)         0.456     3.477 r  ps/system_i/axi_protocol_converter_0/inst/gen_axilite.gen_b2s_conv.axilite_b2s/SI_REG/aw_pipe/m_payload_i_reg[38]/Q
                         net (fo=1, routed)           0.404     3.881    ps/system_i/axi_protocol_converter_0/inst/gen_axilite.gen_b2s_conv.axilite_b2s/SI_REG/aw_pipe/m_payload_i_reg_n_0_[38]
    SLICE_X3Y62          LUT2 (Prop_lut2_I0_O)        0.124     4.005 r  ps/system_i/axi_protocol_converter_0/inst/gen_axilite.gen_b2s_conv.axilite_b2s/SI_REG/aw_pipe/m_axi_awaddr[11]_INST_0_i_1/O
                         net (fo=8, routed)           0.763     4.768    ps/system_i/axi_protocol_converter_0/inst/gen_axilite.gen_b2s_conv.axilite_b2s/WR.aw_channel_0/cmd_translator_0/wrap_cmd_0/m_payload_i_reg[38]
    SLICE_X10Y61         LUT6 (Prop_lut6_I4_O)        0.124     4.892 r  ps/system_i/axi_protocol_converter_0/inst/gen_axilite.gen_b2s_conv.axilite_b2s/WR.aw_channel_0/cmd_translator_0/wrap_cmd_0/m_axi_awaddr[3]_INST_0/O
                         net (fo=5, routed)           1.142     6.034    ps/system_i/xadc/inst/AXI_LITE_IPIF_I/I_SLAVE_ATTACHMENT/I_DECODER/s_axi_awaddr[1]
    SLICE_X8Y59          LUT5 (Prop_lut5_I0_O)        0.152     6.186 r  ps/system_i/xadc/inst/AXI_LITE_IPIF_I/I_SLAVE_ATTACHMENT/I_DECODER/GEN_BKEND_CE_REGISTERS[23].ce_out_i[23]_i_4/O
                         net (fo=6, routed)           1.119     7.306    ps/system_i/xadc/inst/AXI_LITE_IPIF_I/I_SLAVE_ATTACHMENT/I_DECODER/GEN_BKEND_CE_REGISTERS[23].ce_out_i[23]_i_4_n_0
    SLICE_X4Y55          LUT6 (Prop_lut6_I1_O)        0.348     7.654 r  ps/system_i/xadc/inst/AXI_LITE_IPIF_I/I_SLAVE_ATTACHMENT/I_DECODER/GEN_BKEND_CE_REGISTERS[15].ce_out_i[15]_i_1/O
                         net (fo=1, routed)           0.000     7.654    ps/system_i/xadc/inst/AXI_LITE_IPIF_I/I_SLAVE_ATTACHMENT/I_DECODER/p_8_out
    SLICE_X4Y55          FDRE                                         r  ps/system_i/xadc/inst/AXI_LITE_IPIF_I/I_SLAVE_ATTACHMENT/I_DECODER/GEN_BKEND_CE_REGISTERS[15].ce_out_i_reg[15]/D
  -------------------------------------------------------------------    -------------------

                         (clock clk_fpga_3 rise edge)
                                                      5.000     5.000 r  
    PS7_X0Y0             PS7                          0.000     5.000 r  ps/system_i/processing_system7/inst/PS7_i/FCLKCLK[3]
                         net (fo=1, routed)           1.101     6.101    ps/system_i/processing_system7/inst/FCLK_CLK_unbuffered[3]
    BUFGCTRL_X0Y1        BUFG (Prop_bufg_I_O)         0.091     6.192 r  ps/system_i/processing_system7/inst/buffer_fclk_clk_3.FCLK_CLK_3_BUFG/O
                         net (fo=836, routed)         1.541     7.733    ps/system_i/xadc/inst/AXI_LITE_IPIF_I/I_SLAVE_ATTACHMENT/I_DECODER/s_axi_aclk
    SLICE_X4Y55          FDRE                                         r  ps/system_i/xadc/inst/AXI_LITE_IPIF_I/I_SLAVE_ATTACHMENT/I_DECODER/GEN_BKEND_CE_REGISTERS[15].ce_out_i_reg[15]/C
                         clock pessimism              0.267     8.000    
                         clock uncertainty           -0.083     7.917    
    SLICE_X4Y55          FDRE (Setup_fdre_C_D)        0.079     7.996    ps/system_i/xadc/inst/AXI_LITE_IPIF_I/I_SLAVE_ATTACHMENT/I_DECODER/GEN_BKEND_CE_REGISTERS[15].ce_out_i_reg[15]
  -------------------------------------------------------------------
                         required time                          7.996    
                         arrival time                          -7.654    
  -------------------------------------------------------------------
                         slack                                  0.342    

Slack (MET) :             0.361ns  (required time - arrival time)
  Source:                 ps/system_i/axi_protocol_converter_0/inst/gen_axilite.gen_b2s_conv.axilite_b2s/WR.aw_channel_0/cmd_translator_0/s_axburst_eq1_reg/C
                            (rising edge-triggered cell FDRE clocked by clk_fpga_3  {rise@0.000ns fall@2.500ns period=5.000ns})
  Destination:            ps/system_i/axi_protocol_converter_0/inst/gen_axilite.gen_b2s_conv.axilite_b2s/WR.aw_channel_0/cmd_translator_0/incr_cmd_0/axaddr_incr_reg[8]/D
                            (rising edge-triggered cell FDRE clocked by clk_fpga_3  {rise@0.000ns fall@2.500ns period=5.000ns})
  Path Group:             clk_fpga_3
  Path Type:              Setup (Max at Slow Process Corner)
  Requirement:            5.000ns  (clk_fpga_3 rise@5.000ns - clk_fpga_3 rise@0.000ns)
  Data Path Delay:        4.603ns  (logic 2.808ns (61.002%)  route 1.795ns (38.998%))
  Logic Levels:           8  (CARRY4=4 LUT3=2 LUT4=1 LUT6=1)
  Clock Path Skew:        -0.062ns (DCD - SCD + CPR)
    Destination Clock Delay (DCD):    2.684ns = ( 7.684 - 5.000 ) 
    Source Clock Delay      (SCD):    2.976ns
    Clock Pessimism Removal (CPR):    0.230ns
  Clock Uncertainty:      0.083ns  ((TSJ^2 + TIJ^2)^1/2 + DJ) / 2 + PE
    Total System Jitter     (TSJ):    0.071ns
    Total Input Jitter      (TIJ):    0.150ns
    Discrete Jitter          (DJ):    0.000ns
    Phase Error              (PE):    0.000ns

    Location             Delay type                Incr(ns)  Path(ns)    Netlist Resource(s)
  -------------------------------------------------------------------    -------------------
                         (clock clk_fpga_3 rise edge)
                                                      0.000     0.000 r  
    PS7_X0Y0             PS7                          0.000     0.000 r  ps/system_i/processing_system7/inst/PS7_i/FCLKCLK[3]
                         net (fo=1, routed)           1.207     1.207    ps/system_i/processing_system7/inst/FCLK_CLK_unbuffered[3]
    BUFGCTRL_X0Y1        BUFG (Prop_bufg_I_O)         0.101     1.308 r  ps/system_i/processing_system7/inst/buffer_fclk_clk_3.FCLK_CLK_3_BUFG/O
                         net (fo=836, routed)         1.668     2.976    ps/system_i/axi_protocol_converter_0/inst/gen_axilite.gen_b2s_conv.axilite_b2s/WR.aw_channel_0/cmd_translator_0/aclk
    SLICE_X8Y59          FDRE                                         r  ps/system_i/axi_protocol_converter_0/inst/gen_axilite.gen_b2s_conv.axilite_b2s/WR.aw_channel_0/cmd_translator_0/s_axburst_eq1_reg/C
  -------------------------------------------------------------------    -------------------
    SLICE_X8Y59          FDRE (Prop_fdre_C_Q)         0.478     3.454 r  ps/system_i/axi_protocol_converter_0/inst/gen_axilite.gen_b2s_conv.axilite_b2s/WR.aw_channel_0/cmd_translator_0/s_axburst_eq1_reg/Q
                         net (fo=1, routed)           0.600     4.054    ps/system_i/axi_protocol_converter_0/inst/gen_axilite.gen_b2s_conv.axilite_b2s/WR.aw_channel_0/cmd_translator_0/s_axburst_eq1
    SLICE_X7Y58          LUT3 (Prop_lut3_I0_O)        0.295     4.349 r  ps/system_i/axi_protocol_converter_0/inst/gen_axilite.gen_b2s_conv.axilite_b2s/WR.aw_channel_0/cmd_translator_0/memory_reg[3][0]_srl4_i_2/O
                         net (fo=4, routed)           0.285     4.633    ps/system_i/axi_protocol_converter_0/inst/gen_axilite.gen_b2s_conv.axilite_b2s/WR.aw_channel_0/aw_cmd_fsm_0/s_axburst_eq1_reg_0
    SLICE_X7Y58          LUT6 (Prop_lut6_I0_O)        0.124     4.757 r  ps/system_i/axi_protocol_converter_0/inst/gen_axilite.gen_b2s_conv.axilite_b2s/WR.aw_channel_0/aw_cmd_fsm_0/next_pending_r_i_3/O
                         net (fo=24, routed)          0.604     5.361    ps/system_i/axi_protocol_converter_0/inst/gen_axilite.gen_b2s_conv.axilite_b2s/WR.aw_channel_0/cmd_translator_0/incr_cmd_0/cnt_read_reg[1]_rep__0
    SLICE_X7Y59          LUT4 (Prop_lut4_I1_O)        0.124     5.485 r  ps/system_i/axi_protocol_converter_0/inst/gen_axilite.gen_b2s_conv.axilite_b2s/WR.aw_channel_0/cmd_translator_0/incr_cmd_0/axaddr_incr[0]_i_16/O
                         net (fo=1, routed)           0.000     5.485    ps/system_i/axi_protocol_converter_0/inst/gen_axilite.gen_b2s_conv.axilite_b2s/SI_REG/aw_pipe/S[2]
    SLICE_X7Y59          CARRY4 (Prop_carry4_S[2]_CO[3])
                                                      0.398     5.883 r  ps/system_i/axi_protocol_converter_0/inst/gen_axilite.gen_b2s_conv.axilite_b2s/SI_REG/aw_pipe/axaddr_incr_reg[0]_i_11/CO[3]
                         net (fo=1, routed)           0.000     5.883    ps/system_i/axi_protocol_converter_0/inst/gen_axilite.gen_b2s_conv.axilite_b2s/SI_REG/aw_pipe/axaddr_incr_reg[0]_i_11_n_0
    SLICE_X7Y60          CARRY4 (Prop_carry4_CI_O[1])
                                                      0.334     6.217 r  ps/system_i/axi_protocol_converter_0/inst/gen_axilite.gen_b2s_conv.axilite_b2s/SI_REG/aw_pipe/axaddr_incr_reg[4]_i_6/O[1]
                         net (fo=1, routed)           0.307     6.524    ps/system_i/axi_protocol_converter_0/inst/gen_axilite.gen_b2s_conv.axilite_b2s/WR.aw_channel_0/cmd_translator_0/incr_cmd_0/m_payload_i_reg[11][1]
    SLICE_X6Y61          LUT3 (Prop_lut3_I0_O)        0.303     6.827 r  ps/system_i/axi_protocol_converter_0/inst/gen_axilite.gen_b2s_conv.axilite_b2s/WR.aw_channel_0/cmd_translator_0/incr_cmd_0/axaddr_incr[4]_i_4/O
                         net (fo=1, routed)           0.000     6.827    ps/system_i/axi_protocol_converter_0/inst/gen_axilite.gen_b2s_conv.axilite_b2s/WR.aw_channel_0/cmd_translator_0/incr_cmd_0/axaddr_incr[4]_i_4_n_0
    SLICE_X6Y61          CARRY4 (Prop_carry4_S[1]_CO[3])
                                                      0.533     7.360 r  ps/system_i/axi_protocol_converter_0/inst/gen_axilite.gen_b2s_conv.axilite_b2s/WR.aw_channel_0/cmd_translator_0/incr_cmd_0/axaddr_incr_reg[4]_i_1/CO[3]
                         net (fo=1, routed)           0.000     7.360    ps/system_i/axi_protocol_converter_0/inst/gen_axilite.gen_b2s_conv.axilite_b2s/WR.aw_channel_0/cmd_translator_0/incr_cmd_0/axaddr_incr_reg[4]_i_1_n_0
    SLICE_X6Y62          CARRY4 (Prop_carry4_CI_O[0])
                                                      0.219     7.579 r  ps/system_i/axi_protocol_converter_0/inst/gen_axilite.gen_b2s_conv.axilite_b2s/WR.aw_channel_0/cmd_translator_0/incr_cmd_0/axaddr_incr_reg[8]_i_1/O[0]
                         net (fo=1, routed)           0.000     7.579    ps/system_i/axi_protocol_converter_0/inst/gen_axilite.gen_b2s_conv.axilite_b2s/WR.aw_channel_0/cmd_translator_0/incr_cmd_0/axaddr_incr_reg[8]_i_1_n_7
    SLICE_X6Y62          FDRE                                         r  ps/system_i/axi_protocol_converter_0/inst/gen_axilite.gen_b2s_conv.axilite_b2s/WR.aw_channel_0/cmd_translator_0/incr_cmd_0/axaddr_incr_reg[8]/D
  -------------------------------------------------------------------    -------------------

                         (clock clk_fpga_3 rise edge)
                                                      5.000     5.000 r  
    PS7_X0Y0             PS7                          0.000     5.000 r  ps/system_i/processing_system7/inst/PS7_i/FCLKCLK[3]
                         net (fo=1, routed)           1.101     6.101    ps/system_i/processing_system7/inst/FCLK_CLK_unbuffered[3]
    BUFGCTRL_X0Y1        BUFG (Prop_bufg_I_O)         0.091     6.192 r  ps/system_i/processing_system7/inst/buffer_fclk_clk_3.FCLK_CLK_3_BUFG/O
                         net (fo=836, routed)         1.492     7.684    ps/system_i/axi_protocol_converter_0/inst/gen_axilite.gen_b2s_conv.axilite_b2s/WR.aw_channel_0/cmd_translator_0/incr_cmd_0/aclk
    SLICE_X6Y62          FDRE                                         r  ps/system_i/axi_protocol_converter_0/inst/gen_axilite.gen_b2s_conv.axilite_b2s/WR.aw_channel_0/cmd_translator_0/incr_cmd_0/axaddr_incr_reg[8]/C
                         clock pessimism              0.230     7.914    
                         clock uncertainty           -0.083     7.831    
    SLICE_X6Y62          FDRE (Setup_fdre_C_D)        0.109     7.940    ps/system_i/axi_protocol_converter_0/inst/gen_axilite.gen_b2s_conv.axilite_b2s/WR.aw_channel_0/cmd_translator_0/incr_cmd_0/axaddr_incr_reg[8]
  -------------------------------------------------------------------
                         required time                          7.940    
                         arrival time                          -7.579    
  -------------------------------------------------------------------
                         slack                                  0.361    





Min Delay Paths
--------------------------------------------------------------------------------------
Slack (MET) :             0.055ns  (arrival time - required time)
  Source:                 ps/system_i/axi_protocol_converter_0/inst/gen_axilite.gen_b2s_conv.axilite_b2s/RD.r_channel_0/r_arid_r_reg[5]/C
                            (rising edge-triggered cell FDRE clocked by clk_fpga_3  {rise@0.000ns fall@2.500ns period=5.000ns})
  Destination:            ps/system_i/axi_protocol_converter_0/inst/gen_axilite.gen_b2s_conv.axilite_b2s/RD.r_channel_0/transaction_fifo_0/memory_reg[31][6]_srl32/D
                            (rising edge-triggered cell SRLC32E clocked by clk_fpga_3  {rise@0.000ns fall@2.500ns period=5.000ns})
  Path Group:             clk_fpga_3
  Path Type:              Hold (Min at Fast Process Corner)
  Requirement:            0.000ns  (clk_fpga_3 rise@0.000ns - clk_fpga_3 rise@0.000ns)
  Data Path Delay:        0.254ns  (logic 0.141ns (55.511%)  route 0.113ns (44.489%))
  Logic Levels:           0  
  Clock Path Skew:        0.016ns (DCD - SCD - CPR)
    Destination Clock Delay (DCD):    1.221ns
    Source Clock Delay      (SCD):    0.923ns
    Clock Pessimism Removal (CPR):    0.282ns

    Location             Delay type                Incr(ns)  Path(ns)    Netlist Resource(s)
  -------------------------------------------------------------------    -------------------
                         (clock clk_fpga_3 rise edge)
                                                      0.000     0.000 r  
    PS7_X0Y0             PS7                          0.000     0.000 r  ps/system_i/processing_system7/inst/PS7_i/FCLKCLK[3]
                         net (fo=1, routed)           0.315     0.315    ps/system_i/processing_system7/inst/FCLK_CLK_unbuffered[3]
    BUFGCTRL_X0Y1        BUFG (Prop_bufg_I_O)         0.026     0.341 r  ps/system_i/processing_system7/inst/buffer_fclk_clk_3.FCLK_CLK_3_BUFG/O
                         net (fo=836, routed)         0.582     0.923    ps/system_i/axi_protocol_converter_0/inst/gen_axilite.gen_b2s_conv.axilite_b2s/RD.r_channel_0/aclk
    SLICE_X1Y51          FDRE                                         r  ps/system_i/axi_protocol_converter_0/inst/gen_axilite.gen_b2s_conv.axilite_b2s/RD.r_channel_0/r_arid_r_reg[5]/C
  -------------------------------------------------------------------    -------------------
    SLICE_X1Y51          FDRE (Prop_fdre_C_Q)         0.141     1.064 r  ps/system_i/axi_protocol_converter_0/inst/gen_axilite.gen_b2s_conv.axilite_b2s/RD.r_channel_0/r_arid_r_reg[5]/Q
                         net (fo=1, routed)           0.113     1.177    ps/system_i/axi_protocol_converter_0/inst/gen_axilite.gen_b2s_conv.axilite_b2s/RD.r_channel_0/transaction_fifo_0/in[6]
    SLICE_X0Y50          SRLC32E                                      r  ps/system_i/axi_protocol_converter_0/inst/gen_axilite.gen_b2s_conv.axilite_b2s/RD.r_channel_0/transaction_fifo_0/memory_reg[31][6]_srl32/D
  -------------------------------------------------------------------    -------------------

                         (clock clk_fpga_3 rise edge)
                                                      0.000     0.000 r  
    PS7_X0Y0             PS7                          0.000     0.000 r  ps/system_i/processing_system7/inst/PS7_i/FCLKCLK[3]
                         net (fo=1, routed)           0.341     0.341    ps/system_i/processing_system7/inst/FCLK_CLK_unbuffered[3]
    BUFGCTRL_X0Y1        BUFG (Prop_bufg_I_O)         0.029     0.370 r  ps/system_i/processing_system7/inst/buffer_fclk_clk_3.FCLK_CLK_3_BUFG/O
                         net (fo=836, routed)         0.851     1.221    ps/system_i/axi_protocol_converter_0/inst/gen_axilite.gen_b2s_conv.axilite_b2s/RD.r_channel_0/transaction_fifo_0/aclk
    SLICE_X0Y50          SRLC32E                                      r  ps/system_i/axi_protocol_converter_0/inst/gen_axilite.gen_b2s_conv.axilite_b2s/RD.r_channel_0/transaction_fifo_0/memory_reg[31][6]_srl32/CLK
                         clock pessimism             -0.282     0.939    
    SLICE_X0Y50          SRLC32E (Hold_srlc32e_CLK_D)
                                                      0.183     1.122    ps/system_i/axi_protocol_converter_0/inst/gen_axilite.gen_b2s_conv.axilite_b2s/RD.r_channel_0/transaction_fifo_0/memory_reg[31][6]_srl32
  -------------------------------------------------------------------
                         required time                         -1.122    
                         arrival time                           1.177    
  -------------------------------------------------------------------
                         slack                                  0.055    

Slack (MET) :             0.090ns  (arrival time - required time)
  Source:                 ps/system_i/axi_protocol_converter_0/inst/gen_axilite.gen_b2s_conv.axilite_b2s/SI_REG/ar_pipe/skid_buffer_reg[59]/C
                            (rising edge-triggered cell FDRE clocked by clk_fpga_3  {rise@0.000ns fall@2.500ns period=5.000ns})
  Destination:            ps/system_i/axi_protocol_converter_0/inst/gen_axilite.gen_b2s_conv.axilite_b2s/SI_REG/ar_pipe/m_payload_i_reg[59]/D
                            (rising edge-triggered cell FDRE clocked by clk_fpga_3  {rise@0.000ns fall@2.500ns period=5.000ns})
  Path Group:             clk_fpga_3
  Path Type:              Hold (Min at Fast Process Corner)
  Requirement:            0.000ns  (clk_fpga_3 rise@0.000ns - clk_fpga_3 rise@0.000ns)
  Data Path Delay:        0.449ns  (logic 0.226ns (50.329%)  route 0.223ns (49.671%))
  Logic Levels:           1  (LUT3=1)
  Clock Path Skew:        0.267ns (DCD - SCD - CPR)
    Destination Clock Delay (DCD):    1.221ns
    Source Clock Delay      (SCD):    0.925ns
    Clock Pessimism Removal (CPR):    0.029ns

    Location             Delay type                Incr(ns)  Path(ns)    Netlist Resource(s)
  -------------------------------------------------------------------    -------------------
                         (clock clk_fpga_3 rise edge)
                                                      0.000     0.000 r  
    PS7_X0Y0             PS7                          0.000     0.000 r  ps/system_i/processing_system7/inst/PS7_i/FCLKCLK[3]
                         net (fo=1, routed)           0.315     0.315    ps/system_i/processing_system7/inst/FCLK_CLK_unbuffered[3]
    BUFGCTRL_X0Y1        BUFG (Prop_bufg_I_O)         0.026     0.341 r  ps/system_i/processing_system7/inst/buffer_fclk_clk_3.FCLK_CLK_3_BUFG/O
                         net (fo=836, routed)         0.584     0.925    ps/system_i/axi_protocol_converter_0/inst/gen_axilite.gen_b2s_conv.axilite_b2s/SI_REG/ar_pipe/aclk
    SLICE_X1Y49          FDRE                                         r  ps/system_i/axi_protocol_converter_0/inst/gen_axilite.gen_b2s_conv.axilite_b2s/SI_REG/ar_pipe/skid_buffer_reg[59]/C
  -------------------------------------------------------------------    -------------------
    SLICE_X1Y49          FDRE (Prop_fdre_C_Q)         0.128     1.053 r  ps/system_i/axi_protocol_converter_0/inst/gen_axilite.gen_b2s_conv.axilite_b2s/SI_REG/ar_pipe/skid_buffer_reg[59]/Q
                         net (fo=1, routed)           0.223     1.276    ps/system_i/axi_protocol_converter_0/inst/gen_axilite.gen_b2s_conv.axilite_b2s/SI_REG/ar_pipe/skid_buffer_reg_n_0_[59]
    SLICE_X1Y50          LUT3 (Prop_lut3_I2_O)        0.098     1.374 r  ps/system_i/axi_protocol_converter_0/inst/gen_axilite.gen_b2s_conv.axilite_b2s/SI_REG/ar_pipe/m_payload_i[59]_i_1__0/O
                         net (fo=1, routed)           0.000     1.374    ps/system_i/axi_protocol_converter_0/inst/gen_axilite.gen_b2s_conv.axilite_b2s/SI_REG/ar_pipe/m_payload_i[59]_i_1__0_n_0
    SLICE_X1Y50          FDRE                                         r  ps/system_i/axi_protocol_converter_0/inst/gen_axilite.gen_b2s_conv.axilite_b2s/SI_REG/ar_pipe/m_payload_i_reg[59]/D
  -------------------------------------------------------------------    -------------------

                         (clock clk_fpga_3 rise edge)
                                                      0.000     0.000 r  
    PS7_X0Y0             PS7                          0.000     0.000 r  ps/system_i/processing_system7/inst/PS7_i/FCLKCLK[3]
                         net (fo=1, routed)           0.341     0.341    ps/system_i/processing_system7/inst/FCLK_CLK_unbuffered[3]
    BUFGCTRL_X0Y1        BUFG (Prop_bufg_I_O)         0.029     0.370 r  ps/system_i/processing_system7/inst/buffer_fclk_clk_3.FCLK_CLK_3_BUFG/O
                         net (fo=836, routed)         0.851     1.221    ps/system_i/axi_protocol_converter_0/inst/gen_axilite.gen_b2s_conv.axilite_b2s/SI_REG/ar_pipe/aclk
    SLICE_X1Y50          FDRE                                         r  ps/system_i/axi_protocol_converter_0/inst/gen_axilite.gen_b2s_conv.axilite_b2s/SI_REG/ar_pipe/m_payload_i_reg[59]/C
                         clock pessimism             -0.029     1.192    
    SLICE_X1Y50          FDRE (Hold_fdre_C_D)         0.092     1.284    ps/system_i/axi_protocol_converter_0/inst/gen_axilite.gen_b2s_conv.axilite_b2s/SI_REG/ar_pipe/m_payload_i_reg[59]
  -------------------------------------------------------------------
                         required time                         -1.284    
                         arrival time                           1.374    
  -------------------------------------------------------------------
                         slack                                  0.090    

Slack (MET) :             0.104ns  (arrival time - required time)
  Source:                 ps/system_i/axi_protocol_converter_0/inst/gen_axilite.gen_b2s_conv.axilite_b2s/RD.r_channel_0/r_arid_r_reg[7]/C
                            (rising edge-triggered cell FDRE clocked by clk_fpga_3  {rise@0.000ns fall@2.500ns period=5.000ns})
  Destination:            ps/system_i/axi_protocol_converter_0/inst/gen_axilite.gen_b2s_conv.axilite_b2s/RD.r_channel_0/transaction_fifo_0/memory_reg[31][8]_srl32/D
                            (rising edge-triggered cell SRLC32E clocked by clk_fpga_3  {rise@0.000ns fall@2.500ns period=5.000ns})
  Path Group:             clk_fpga_3
  Path Type:              Hold (Min at Fast Process Corner)
  Requirement:            0.000ns  (clk_fpga_3 rise@0.000ns - clk_fpga_3 rise@0.000ns)
  Data Path Delay:        0.320ns  (logic 0.141ns (43.995%)  route 0.179ns (56.005%))
  Logic Levels:           0  
  Clock Path Skew:        0.033ns (DCD - SCD - CPR)
    Destination Clock Delay (DCD):    1.221ns
    Source Clock Delay      (SCD):    0.925ns
    Clock Pessimism Removal (CPR):    0.263ns

    Location             Delay type                Incr(ns)  Path(ns)    Netlist Resource(s)
  -------------------------------------------------------------------    -------------------
                         (clock clk_fpga_3 rise edge)
                                                      0.000     0.000 r  
    PS7_X0Y0             PS7                          0.000     0.000 r  ps/system_i/processing_system7/inst/PS7_i/FCLKCLK[3]
                         net (fo=1, routed)           0.315     0.315    ps/system_i/processing_system7/inst/FCLK_CLK_unbuffered[3]
    BUFGCTRL_X0Y1        BUFG (Prop_bufg_I_O)         0.026     0.341 r  ps/system_i/processing_system7/inst/buffer_fclk_clk_3.FCLK_CLK_3_BUFG/O
                         net (fo=836, routed)         0.584     0.925    ps/system_i/axi_protocol_converter_0/inst/gen_axilite.gen_b2s_conv.axilite_b2s/RD.r_channel_0/aclk
    SLICE_X2Y52          FDRE                                         r  ps/system_i/axi_protocol_converter_0/inst/gen_axilite.gen_b2s_conv.axilite_b2s/RD.r_channel_0/r_arid_r_reg[7]/C
  -------------------------------------------------------------------    -------------------
    SLICE_X2Y52          FDRE (Prop_fdre_C_Q)         0.141     1.066 r  ps/system_i/axi_protocol_converter_0/inst/gen_axilite.gen_b2s_conv.axilite_b2s/RD.r_channel_0/r_arid_r_reg[7]/Q
                         net (fo=1, routed)           0.179     1.245    ps/system_i/axi_protocol_converter_0/inst/gen_axilite.gen_b2s_conv.axilite_b2s/RD.r_channel_0/transaction_fifo_0/in[8]
    SLICE_X0Y52          SRLC32E                                      r  ps/system_i/axi_protocol_converter_0/inst/gen_axilite.gen_b2s_conv.axilite_b2s/RD.r_channel_0/transaction_fifo_0/memory_reg[31][8]_srl32/D
  -------------------------------------------------------------------    -------------------

                         (clock clk_fpga_3 rise edge)
                                                      0.000     0.000 r  
    PS7_X0Y0             PS7                          0.000     0.000 r  ps/system_i/processing_system7/inst/PS7_i/FCLKCLK[3]
                         net (fo=1, routed)           0.341     0.341    ps/system_i/processing_system7/inst/FCLK_CLK_unbuffered[3]
    BUFGCTRL_X0Y1        BUFG (Prop_bufg_I_O)         0.029     0.370 r  ps/system_i/processing_system7/inst/buffer_fclk_clk_3.FCLK_CLK_3_BUFG/O
                         net (fo=836, routed)         0.851     1.221    ps/system_i/axi_protocol_converter_0/inst/gen_axilite.gen_b2s_conv.axilite_b2s/RD.r_channel_0/transaction_fifo_0/aclk
    SLICE_X0Y52          SRLC32E                                      r  ps/system_i/axi_protocol_converter_0/inst/gen_axilite.gen_b2s_conv.axilite_b2s/RD.r_channel_0/transaction_fifo_0/memory_reg[31][8]_srl32/CLK
                         clock pessimism             -0.263     0.958    
    SLICE_X0Y52          SRLC32E (Hold_srlc32e_CLK_D)
                                                      0.183     1.141    ps/system_i/axi_protocol_converter_0/inst/gen_axilite.gen_b2s_conv.axilite_b2s/RD.r_channel_0/transaction_fifo_0/memory_reg[31][8]_srl32
  -------------------------------------------------------------------
                         required time                         -1.141    
                         arrival time                           1.245    
  -------------------------------------------------------------------
                         slack                                  0.104    

Slack (MET) :             0.106ns  (arrival time - required time)
  Source:                 ps/system_i/xadc/inst/AXI_XADC_CORE_I/drdy_wr_ack_i_d2_reg/C
                            (rising edge-triggered cell FDRE clocked by clk_fpga_3  {rise@0.000ns fall@2.500ns period=5.000ns})
  Destination:            ps/system_i/xadc/inst/AXI_XADC_CORE_I/drdy_wr_ack_i_reg/D
                            (rising edge-triggered cell FDRE clocked by clk_fpga_3  {rise@0.000ns fall@2.500ns period=5.000ns})
  Path Group:             clk_fpga_3
  Path Type:              Hold (Min at Fast Process Corner)
  Requirement:            0.000ns  (clk_fpga_3 rise@0.000ns - clk_fpga_3 rise@0.000ns)
  Data Path Delay:        0.240ns  (logic 0.186ns (77.466%)  route 0.054ns (22.534%))
  Logic Levels:           1  (LUT6=1)
  Clock Path Skew:        0.013ns (DCD - SCD - CPR)
    Destination Clock Delay (DCD):    1.201ns
    Source Clock Delay      (SCD):    0.903ns
    Clock Pessimism Removal (CPR):    0.285ns

    Location             Delay type                Incr(ns)  Path(ns)    Netlist Resource(s)
  -------------------------------------------------------------------    -------------------
                         (clock clk_fpga_3 rise edge)
                                                      0.000     0.000 r  
    PS7_X0Y0             PS7                          0.000     0.000 r  ps/system_i/processing_system7/inst/PS7_i/FCLKCLK[3]
                         net (fo=1, routed)           0.315     0.315    ps/system_i/processing_system7/inst/FCLK_CLK_unbuffered[3]
    BUFGCTRL_X0Y1        BUFG (Prop_bufg_I_O)         0.026     0.341 r  ps/system_i/processing_system7/inst/buffer_fclk_clk_3.FCLK_CLK_3_BUFG/O
                         net (fo=836, routed)         0.562     0.903    ps/system_i/xadc/inst/AXI_XADC_CORE_I/s_axi_aclk
    SLICE_X13Y61         FDRE                                         r  ps/system_i/xadc/inst/AXI_XADC_CORE_I/drdy_wr_ack_i_d2_reg/C
  -------------------------------------------------------------------    -------------------
    SLICE_X13Y61         FDRE (Prop_fdre_C_Q)         0.141     1.044 f  ps/system_i/xadc/inst/AXI_XADC_CORE_I/drdy_wr_ack_i_d2_reg/Q
                         net (fo=1, routed)           0.054     1.098    ps/system_i/xadc/inst/AXI_XADC_CORE_I/drdy_wr_ack_i_d2
    SLICE_X12Y61         LUT6 (Prop_lut6_I3_O)        0.045     1.143 r  ps/system_i/xadc/inst/AXI_XADC_CORE_I/drdy_wr_ack_i_i_1/O
                         net (fo=1, routed)           0.000     1.143    ps/system_i/xadc/inst/AXI_XADC_CORE_I/drdy_wr_ack_i_i_1_n_0
    SLICE_X12Y61         FDRE                                         r  ps/system_i/xadc/inst/AXI_XADC_CORE_I/drdy_wr_ack_i_reg/D
  -------------------------------------------------------------------    -------------------

                         (clock clk_fpga_3 rise edge)
                                                      0.000     0.000 r  
    PS7_X0Y0             PS7                          0.000     0.000 r  ps/system_i/processing_system7/inst/PS7_i/FCLKCLK[3]
                         net (fo=1, routed)           0.341     0.341    ps/system_i/processing_system7/inst/FCLK_CLK_unbuffered[3]
    BUFGCTRL_X0Y1        BUFG (Prop_bufg_I_O)         0.029     0.370 r  ps/system_i/processing_system7/inst/buffer_fclk_clk_3.FCLK_CLK_3_BUFG/O
                         net (fo=836, routed)         0.831     1.201    ps/system_i/xadc/inst/AXI_XADC_CORE_I/s_axi_aclk
    SLICE_X12Y61         FDRE                                         r  ps/system_i/xadc/inst/AXI_XADC_CORE_I/drdy_wr_ack_i_reg/C
                         clock pessimism             -0.285     0.916    
    SLICE_X12Y61         FDRE (Hold_fdre_C_D)         0.121     1.037    ps/system_i/xadc/inst/AXI_XADC_CORE_I/drdy_wr_ack_i_reg
  -------------------------------------------------------------------
                         required time                         -1.037    
                         arrival time                           1.143    
  -------------------------------------------------------------------
                         slack                                  0.106    

Slack (MET) :             0.106ns  (arrival time - required time)
  Source:                 ps/system_i/axi_protocol_converter_0/inst/gen_axilite.gen_b2s_conv.axilite_b2s/SI_REG/aw_pipe/skid_buffer_reg[39]/C
                            (rising edge-triggered cell FDRE clocked by clk_fpga_3  {rise@0.000ns fall@2.500ns period=5.000ns})
  Destination:            ps/system_i/axi_protocol_converter_0/inst/gen_axilite.gen_b2s_conv.axilite_b2s/SI_REG/aw_pipe/m_payload_i_reg[39]/D
                            (rising edge-triggered cell FDRE clocked by clk_fpga_3  {rise@0.000ns fall@2.500ns period=5.000ns})
  Path Group:             clk_fpga_3
  Path Type:              Hold (Min at Fast Process Corner)
  Requirement:            0.000ns  (clk_fpga_3 rise@0.000ns - clk_fpga_3 rise@0.000ns)
  Data Path Delay:        0.240ns  (logic 0.186ns (77.466%)  route 0.054ns (22.534%))
  Logic Levels:           1  (LUT3=1)
  Clock Path Skew:        0.013ns (DCD - SCD - CPR)
    Destination Clock Delay (DCD):    1.202ns
    Source Clock Delay      (SCD):    0.904ns
    Clock Pessimism Removal (CPR):    0.285ns

    Location             Delay type                Incr(ns)  Path(ns)    Netlist Resource(s)
  -------------------------------------------------------------------    -------------------
                         (clock clk_fpga_3 rise edge)
                                                      0.000     0.000 r  
    PS7_X0Y0             PS7                          0.000     0.000 r  ps/system_i/processing_system7/inst/PS7_i/FCLKCLK[3]
                         net (fo=1, routed)           0.315     0.315    ps/system_i/processing_system7/inst/FCLK_CLK_unbuffered[3]
    BUFGCTRL_X0Y1        BUFG (Prop_bufg_I_O)         0.026     0.341 r  ps/system_i/processing_system7/inst/buffer_fclk_clk_3.FCLK_CLK_3_BUFG/O
                         net (fo=836, routed)         0.563     0.904    ps/system_i/axi_protocol_converter_0/inst/gen_axilite.gen_b2s_conv.axilite_b2s/SI_REG/aw_pipe/aclk
    SLICE_X7Y59          FDRE                                         r  ps/system_i/axi_protocol_converter_0/inst/gen_axilite.gen_b2s_conv.axilite_b2s/SI_REG/aw_pipe/skid_buffer_reg[39]/C
  -------------------------------------------------------------------    -------------------
    SLICE_X7Y59          FDRE (Prop_fdre_C_Q)         0.141     1.045 r  ps/system_i/axi_protocol_converter_0/inst/gen_axilite.gen_b2s_conv.axilite_b2s/SI_REG/aw_pipe/skid_buffer_reg[39]/Q
                         net (fo=1, routed)           0.054     1.099    ps/system_i/axi_protocol_converter_0/inst/gen_axilite.gen_b2s_conv.axilite_b2s/SI_REG/aw_pipe/skid_buffer_reg_n_0_[39]
    SLICE_X6Y59          LUT3 (Prop_lut3_I2_O)        0.045     1.144 r  ps/system_i/axi_protocol_converter_0/inst/gen_axilite.gen_b2s_conv.axilite_b2s/SI_REG/aw_pipe/m_payload_i[39]_i_1/O
                         net (fo=1, routed)           0.000     1.144    ps/system_i/axi_protocol_converter_0/inst/gen_axilite.gen_b2s_conv.axilite_b2s/SI_REG/aw_pipe/skid_buffer[39]
    SLICE_X6Y59          FDRE                                         r  ps/system_i/axi_protocol_converter_0/inst/gen_axilite.gen_b2s_conv.axilite_b2s/SI_REG/aw_pipe/m_payload_i_reg[39]/D
  -------------------------------------------------------------------    -------------------

                         (clock clk_fpga_3 rise edge)
                                                      0.000     0.000 r  
    PS7_X0Y0             PS7                          0.000     0.000 r  ps/system_i/processing_system7/inst/PS7_i/FCLKCLK[3]
                         net (fo=1, routed)           0.341     0.341    ps/system_i/processing_system7/inst/FCLK_CLK_unbuffered[3]
    BUFGCTRL_X0Y1        BUFG (Prop_bufg_I_O)         0.029     0.370 r  ps/system_i/processing_system7/inst/buffer_fclk_clk_3.FCLK_CLK_3_BUFG/O
                         net (fo=836, routed)         0.832     1.202    ps/system_i/axi_protocol_converter_0/inst/gen_axilite.gen_b2s_conv.axilite_b2s/SI_REG/aw_pipe/aclk
    SLICE_X6Y59          FDRE                                         r  ps/system_i/axi_protocol_converter_0/inst/gen_axilite.gen_b2s_conv.axilite_b2s/SI_REG/aw_pipe/m_payload_i_reg[39]/C
                         clock pessimism             -0.285     0.917    
    SLICE_X6Y59          FDRE (Hold_fdre_C_D)         0.121     1.038    ps/system_i/axi_protocol_converter_0/inst/gen_axilite.gen_b2s_conv.axilite_b2s/SI_REG/aw_pipe/m_payload_i_reg[39]
  -------------------------------------------------------------------
                         required time                         -1.038    
                         arrival time                           1.144    
  -------------------------------------------------------------------
                         slack                                  0.106    

Slack (MET) :             0.114ns  (arrival time - required time)
  Source:                 ps/system_i/xadc/inst/AXI_LITE_IPIF_I/I_SLAVE_ATTACHMENT/s_axi_rdata_i_reg[9]/C
                            (rising edge-triggered cell FDRE clocked by clk_fpga_3  {rise@0.000ns fall@2.500ns period=5.000ns})
  Destination:            ps/system_i/axi_protocol_converter_0/inst/gen_axilite.gen_b2s_conv.axilite_b2s/RD.r_channel_0/rd_data_fifo_0/memory_reg[31][9]_srl32/D
                            (rising edge-triggered cell SRLC32E clocked by clk_fpga_3  {rise@0.000ns fall@2.500ns period=5.000ns})
  Path Group:             clk_fpga_3
  Path Type:              Hold (Min at Fast Process Corner)
  Requirement:            0.000ns  (clk_fpga_3 rise@0.000ns - clk_fpga_3 rise@0.000ns)
  Data Path Delay:        0.332ns  (logic 0.164ns (49.411%)  route 0.168ns (50.589%))
  Logic Levels:           0  
  Clock Path Skew:        0.035ns (DCD - SCD - CPR)
    Destination Clock Delay (DCD):    1.204ns
    Source Clock Delay      (SCD):    0.906ns
    Clock Pessimism Removal (CPR):    0.263ns

    Location             Delay type                Incr(ns)  Path(ns)    Netlist Resource(s)
  -------------------------------------------------------------------    -------------------
                         (clock clk_fpga_3 rise edge)
                                                      0.000     0.000 r  
    PS7_X0Y0             PS7                          0.000     0.000 r  ps/system_i/processing_system7/inst/PS7_i/FCLKCLK[3]
                         net (fo=1, routed)           0.315     0.315    ps/system_i/processing_system7/inst/FCLK_CLK_unbuffered[3]
    BUFGCTRL_X0Y1        BUFG (Prop_bufg_I_O)         0.026     0.341 r  ps/system_i/processing_system7/inst/buffer_fclk_clk_3.FCLK_CLK_3_BUFG/O
                         net (fo=836, routed)         0.565     0.906    ps/system_i/xadc/inst/AXI_LITE_IPIF_I/I_SLAVE_ATTACHMENT/s_axi_aclk
    SLICE_X10Y52         FDRE                                         r  ps/system_i/xadc/inst/AXI_LITE_IPIF_I/I_SLAVE_ATTACHMENT/s_axi_rdata_i_reg[9]/C
  -------------------------------------------------------------------    -------------------
    SLICE_X10Y52         FDRE (Prop_fdre_C_Q)         0.164     1.070 r  ps/system_i/xadc/inst/AXI_LITE_IPIF_I/I_SLAVE_ATTACHMENT/s_axi_rdata_i_reg[9]/Q
                         net (fo=1, routed)           0.168     1.238    ps/system_i/axi_protocol_converter_0/inst/gen_axilite.gen_b2s_conv.axilite_b2s/RD.r_channel_0/rd_data_fifo_0/in[9]
    SLICE_X8Y52          SRLC32E                                      r  ps/system_i/axi_protocol_converter_0/inst/gen_axilite.gen_b2s_conv.axilite_b2s/RD.r_channel_0/rd_data_fifo_0/memory_reg[31][9]_srl32/D
  -------------------------------------------------------------------    -------------------

                         (clock clk_fpga_3 rise edge)
                                                      0.000     0.000 r  
    PS7_X0Y0             PS7                          0.000     0.000 r  ps/system_i/processing_system7/inst/PS7_i/FCLKCLK[3]
                         net (fo=1, routed)           0.341     0.341    ps/system_i/processing_system7/inst/FCLK_CLK_unbuffered[3]
    BUFGCTRL_X0Y1        BUFG (Prop_bufg_I_O)         0.029     0.370 r  ps/system_i/processing_system7/inst/buffer_fclk_clk_3.FCLK_CLK_3_BUFG/O
                         net (fo=836, routed)         0.834     1.204    ps/system_i/axi_protocol_converter_0/inst/gen_axilite.gen_b2s_conv.axilite_b2s/RD.r_channel_0/rd_data_fifo_0/aclk
    SLICE_X8Y52          SRLC32E                                      r  ps/system_i/axi_protocol_converter_0/inst/gen_axilite.gen_b2s_conv.axilite_b2s/RD.r_channel_0/rd_data_fifo_0/memory_reg[31][9]_srl32/CLK
                         clock pessimism             -0.263     0.941    
    SLICE_X8Y52          SRLC32E (Hold_srlc32e_CLK_D)
                                                      0.183     1.124    ps/system_i/axi_protocol_converter_0/inst/gen_axilite.gen_b2s_conv.axilite_b2s/RD.r_channel_0/rd_data_fifo_0/memory_reg[31][9]_srl32
  -------------------------------------------------------------------
                         required time                         -1.124    
                         arrival time                           1.238    
  -------------------------------------------------------------------
                         slack                                  0.114    

Slack (MET) :             0.114ns  (arrival time - required time)
  Source:                 ps/system_i/axi_protocol_converter_0/inst/gen_axilite.gen_b2s_conv.axilite_b2s/WR.aw_channel_0/s_awid_r_reg[1]/C
                            (rising edge-triggered cell FDRE clocked by clk_fpga_3  {rise@0.000ns fall@2.500ns period=5.000ns})
  Destination:            ps/system_i/axi_protocol_converter_0/inst/gen_axilite.gen_b2s_conv.axilite_b2s/WR.b_channel_0/bid_fifo_0/memory_reg[3][9]_srl4/D
                            (rising edge-triggered cell SRL16E clocked by clk_fpga_3  {rise@0.000ns fall@2.500ns period=5.000ns})
  Path Group:             clk_fpga_3
  Path Type:              Hold (Min at Fast Process Corner)
  Requirement:            0.000ns  (clk_fpga_3 rise@0.000ns - clk_fpga_3 rise@0.000ns)
  Data Path Delay:        0.256ns  (logic 0.141ns (55.071%)  route 0.115ns (44.929%))
  Logic Levels:           0  
  Clock Path Skew:        0.033ns (DCD - SCD - CPR)
    Destination Clock Delay (DCD):    1.219ns
    Source Clock Delay      (SCD):    0.923ns
    Clock Pessimism Removal (CPR):    0.263ns

    Location             Delay type                Incr(ns)  Path(ns)    Netlist Resource(s)
  -------------------------------------------------------------------    -------------------
                         (clock clk_fpga_3 rise edge)
                                                      0.000     0.000 r  
    PS7_X0Y0             PS7                          0.000     0.000 r  ps/system_i/processing_system7/inst/PS7_i/FCLKCLK[3]
                         net (fo=1, routed)           0.315     0.315    ps/system_i/processing_system7/inst/FCLK_CLK_unbuffered[3]
    BUFGCTRL_X0Y1        BUFG (Prop_bufg_I_O)         0.026     0.341 r  ps/system_i/processing_system7/inst/buffer_fclk_clk_3.FCLK_CLK_3_BUFG/O
                         net (fo=836, routed)         0.582     0.923    ps/system_i/axi_protocol_converter_0/inst/gen_axilite.gen_b2s_conv.axilite_b2s/WR.aw_channel_0/aclk
    SLICE_X3Y57          FDRE                                         r  ps/system_i/axi_protocol_converter_0/inst/gen_axilite.gen_b2s_conv.axilite_b2s/WR.aw_channel_0/s_awid_r_reg[1]/C
  -------------------------------------------------------------------    -------------------
    SLICE_X3Y57          FDRE (Prop_fdre_C_Q)         0.141     1.064 r  ps/system_i/axi_protocol_converter_0/inst/gen_axilite.gen_b2s_conv.axilite_b2s/WR.aw_channel_0/s_awid_r_reg[1]/Q
                         net (fo=1, routed)           0.115     1.179    ps/system_i/axi_protocol_converter_0/inst/gen_axilite.gen_b2s_conv.axilite_b2s/WR.b_channel_0/bid_fifo_0/in[5]
    SLICE_X0Y58          SRL16E                                       r  ps/system_i/axi_protocol_converter_0/inst/gen_axilite.gen_b2s_conv.axilite_b2s/WR.b_channel_0/bid_fifo_0/memory_reg[3][9]_srl4/D
  -------------------------------------------------------------------    -------------------

                         (clock clk_fpga_3 rise edge)
                                                      0.000     0.000 r  
    PS7_X0Y0             PS7                          0.000     0.000 r  ps/system_i/processing_system7/inst/PS7_i/FCLKCLK[3]
                         net (fo=1, routed)           0.341     0.341    ps/system_i/processing_system7/inst/FCLK_CLK_unbuffered[3]
    BUFGCTRL_X0Y1        BUFG (Prop_bufg_I_O)         0.029     0.370 r  ps/system_i/processing_system7/inst/buffer_fclk_clk_3.FCLK_CLK_3_BUFG/O
                         net (fo=836, routed)         0.849     1.219    ps/system_i/axi_protocol_converter_0/inst/gen_axilite.gen_b2s_conv.axilite_b2s/WR.b_channel_0/bid_fifo_0/aclk
    SLICE_X0Y58          SRL16E                                       r  ps/system_i/axi_protocol_converter_0/inst/gen_axilite.gen_b2s_conv.axilite_b2s/WR.b_channel_0/bid_fifo_0/memory_reg[3][9]_srl4/CLK
                         clock pessimism             -0.263     0.956    
    SLICE_X0Y58          SRL16E (Hold_srl16e_CLK_D)
                                                      0.109     1.065    ps/system_i/axi_protocol_converter_0/inst/gen_axilite.gen_b2s_conv.axilite_b2s/WR.b_channel_0/bid_fifo_0/memory_reg[3][9]_srl4
  -------------------------------------------------------------------
                         required time                         -1.065    
                         arrival time                           1.179    
  -------------------------------------------------------------------
                         slack                                  0.114    

Slack (MET) :             0.117ns  (arrival time - required time)
  Source:                 ps/system_i/axi_protocol_converter_0/inst/gen_axilite.gen_b2s_conv.axilite_b2s/RD.r_channel_0/r_arid_r_reg[8]/C
                            (rising edge-triggered cell FDRE clocked by clk_fpga_3  {rise@0.000ns fall@2.500ns period=5.000ns})
  Destination:            ps/system_i/axi_protocol_converter_0/inst/gen_axilite.gen_b2s_conv.axilite_b2s/RD.r_channel_0/transaction_fifo_0/memory_reg[31][9]_srl32/D
                            (rising edge-triggered cell SRLC32E clocked by clk_fpga_3  {rise@0.000ns fall@2.500ns period=5.000ns})
  Path Group:             clk_fpga_3
  Path Type:              Hold (Min at Fast Process Corner)
  Requirement:            0.000ns  (clk_fpga_3 rise@0.000ns - clk_fpga_3 rise@0.000ns)
  Data Path Delay:        0.259ns  (logic 0.141ns (54.384%)  route 0.118ns (45.616%))
  Logic Levels:           0  
  Clock Path Skew:        0.033ns (DCD - SCD - CPR)
    Destination Clock Delay (DCD):    1.221ns
    Source Clock Delay      (SCD):    0.925ns
    Clock Pessimism Removal (CPR):    0.263ns

    Location             Delay type                Incr(ns)  Path(ns)    Netlist Resource(s)
  -------------------------------------------------------------------    -------------------
                         (clock clk_fpga_3 rise edge)
                                                      0.000     0.000 r  
    PS7_X0Y0             PS7                          0.000     0.000 r  ps/system_i/processing_system7/inst/PS7_i/FCLKCLK[3]
                         net (fo=1, routed)           0.315     0.315    ps/system_i/processing_system7/inst/FCLK_CLK_unbuffered[3]
    BUFGCTRL_X0Y1        BUFG (Prop_bufg_I_O)         0.026     0.341 r  ps/system_i/processing_system7/inst/buffer_fclk_clk_3.FCLK_CLK_3_BUFG/O
                         net (fo=836, routed)         0.584     0.925    ps/system_i/axi_protocol_converter_0/inst/gen_axilite.gen_b2s_conv.axilite_b2s/RD.r_channel_0/aclk
    SLICE_X2Y52          FDRE                                         r  ps/system_i/axi_protocol_converter_0/inst/gen_axilite.gen_b2s_conv.axilite_b2s/RD.r_channel_0/r_arid_r_reg[8]/C
  -------------------------------------------------------------------    -------------------
    SLICE_X2Y52          FDRE (Prop_fdre_C_Q)         0.141     1.066 r  ps/system_i/axi_protocol_converter_0/inst/gen_axilite.gen_b2s_conv.axilite_b2s/RD.r_channel_0/r_arid_r_reg[8]/Q
                         net (fo=1, routed)           0.118     1.184    ps/system_i/axi_protocol_converter_0/inst/gen_axilite.gen_b2s_conv.axilite_b2s/RD.r_channel_0/transaction_fifo_0/in[9]
    SLICE_X0Y52          SRLC32E                                      r  ps/system_i/axi_protocol_converter_0/inst/gen_axilite.gen_b2s_conv.axilite_b2s/RD.r_channel_0/transaction_fifo_0/memory_reg[31][9]_srl32/D
  -------------------------------------------------------------------    -------------------

                         (clock clk_fpga_3 rise edge)
                                                      0.000     0.000 r  
    PS7_X0Y0             PS7                          0.000     0.000 r  ps/system_i/processing_system7/inst/PS7_i/FCLKCLK[3]
                         net (fo=1, routed)           0.341     0.341    ps/system_i/processing_system7/inst/FCLK_CLK_unbuffered[3]
    BUFGCTRL_X0Y1        BUFG (Prop_bufg_I_O)         0.029     0.370 r  ps/system_i/processing_system7/inst/buffer_fclk_clk_3.FCLK_CLK_3_BUFG/O
                         net (fo=836, routed)         0.851     1.221    ps/system_i/axi_protocol_converter_0/inst/gen_axilite.gen_b2s_conv.axilite_b2s/RD.r_channel_0/transaction_fifo_0/aclk
    SLICE_X0Y52          SRLC32E                                      r  ps/system_i/axi_protocol_converter_0/inst/gen_axilite.gen_b2s_conv.axilite_b2s/RD.r_channel_0/transaction_fifo_0/memory_reg[31][9]_srl32/CLK
                         clock pessimism             -0.263     0.958    
    SLICE_X0Y52          SRLC32E (Hold_srlc32e_CLK_D)
                                                      0.109     1.067    ps/system_i/axi_protocol_converter_0/inst/gen_axilite.gen_b2s_conv.axilite_b2s/RD.r_channel_0/transaction_fifo_0/memory_reg[31][9]_srl32
  -------------------------------------------------------------------
                         required time                         -1.067    
                         arrival time                           1.184    
  -------------------------------------------------------------------
                         slack                                  0.117    

Slack (MET) :             0.118ns  (arrival time - required time)
  Source:                 ps/system_i/xadc/inst/AXI_LITE_IPIF_I/I_SLAVE_ATTACHMENT/s_axi_rdata_i_reg[10]/C
                            (rising edge-triggered cell FDRE clocked by clk_fpga_3  {rise@0.000ns fall@2.500ns period=5.000ns})
  Destination:            ps/system_i/axi_protocol_converter_0/inst/gen_axilite.gen_b2s_conv.axilite_b2s/RD.r_channel_0/rd_data_fifo_0/memory_reg[31][10]_srl32/D
                            (rising edge-triggered cell SRLC32E clocked by clk_fpga_3  {rise@0.000ns fall@2.500ns period=5.000ns})
  Path Group:             clk_fpga_3
  Path Type:              Hold (Min at Fast Process Corner)
  Requirement:            0.000ns  (clk_fpga_3 rise@0.000ns - clk_fpga_3 rise@0.000ns)
  Data Path Delay:        0.251ns  (logic 0.141ns (56.174%)  route 0.110ns (43.826%))
  Logic Levels:           0  
  Clock Path Skew:        0.016ns (DCD - SCD - CPR)
    Destination Clock Delay (DCD):    1.203ns
    Source Clock Delay      (SCD):    0.905ns
    Clock Pessimism Removal (CPR):    0.282ns

    Location             Delay type                Incr(ns)  Path(ns)    Netlist Resource(s)
  -------------------------------------------------------------------    -------------------
                         (clock clk_fpga_3 rise edge)
                                                      0.000     0.000 r  
    PS7_X0Y0             PS7                          0.000     0.000 r  ps/system_i/processing_system7/inst/PS7_i/FCLKCLK[3]
                         net (fo=1, routed)           0.315     0.315    ps/system_i/processing_system7/inst/FCLK_CLK_unbuffered[3]
    BUFGCTRL_X0Y1        BUFG (Prop_bufg_I_O)         0.026     0.341 r  ps/system_i/processing_system7/inst/buffer_fclk_clk_3.FCLK_CLK_3_BUFG/O
                         net (fo=836, routed)         0.564     0.905    ps/system_i/xadc/inst/AXI_LITE_IPIF_I/I_SLAVE_ATTACHMENT/s_axi_aclk
    SLICE_X11Y54         FDRE                                         r  ps/system_i/xadc/inst/AXI_LITE_IPIF_I/I_SLAVE_ATTACHMENT/s_axi_rdata_i_reg[10]/C
  -------------------------------------------------------------------    -------------------
    SLICE_X11Y54         FDRE (Prop_fdre_C_Q)         0.141     1.046 r  ps/system_i/xadc/inst/AXI_LITE_IPIF_I/I_SLAVE_ATTACHMENT/s_axi_rdata_i_reg[10]/Q
                         net (fo=1, routed)           0.110     1.156    ps/system_i/axi_protocol_converter_0/inst/gen_axilite.gen_b2s_conv.axilite_b2s/RD.r_channel_0/rd_data_fifo_0/in[10]
    SLICE_X10Y53         SRLC32E                                      r  ps/system_i/axi_protocol_converter_0/inst/gen_axilite.gen_b2s_conv.axilite_b2s/RD.r_channel_0/rd_data_fifo_0/memory_reg[31][10]_srl32/D
  -------------------------------------------------------------------    -------------------

                         (clock clk_fpga_3 rise edge)
                                                      0.000     0.000 r  
    PS7_X0Y0             PS7                          0.000     0.000 r  ps/system_i/processing_system7/inst/PS7_i/FCLKCLK[3]
                         net (fo=1, routed)           0.341     0.341    ps/system_i/processing_system7/inst/FCLK_CLK_unbuffered[3]
    BUFGCTRL_X0Y1        BUFG (Prop_bufg_I_O)         0.029     0.370 r  ps/system_i/processing_system7/inst/buffer_fclk_clk_3.FCLK_CLK_3_BUFG/O
                         net (fo=836, routed)         0.833     1.203    ps/system_i/axi_protocol_converter_0/inst/gen_axilite.gen_b2s_conv.axilite_b2s/RD.r_channel_0/rd_data_fifo_0/aclk
    SLICE_X10Y53         SRLC32E                                      r  ps/system_i/axi_protocol_converter_0/inst/gen_axilite.gen_b2s_conv.axilite_b2s/RD.r_channel_0/rd_data_fifo_0/memory_reg[31][10]_srl32/CLK
                         clock pessimism             -0.282     0.921    
    SLICE_X10Y53         SRLC32E (Hold_srlc32e_CLK_D)
                                                      0.117     1.038    ps/system_i/axi_protocol_converter_0/inst/gen_axilite.gen_b2s_conv.axilite_b2s/RD.r_channel_0/rd_data_fifo_0/memory_reg[31][10]_srl32
  -------------------------------------------------------------------
                         required time                         -1.038    
                         arrival time                           1.156    
  -------------------------------------------------------------------
                         slack                                  0.118    

Slack (MET) :             0.125ns  (arrival time - required time)
  Source:                 ps/system_i/axi_protocol_converter_0/inst/gen_axilite.gen_b2s_conv.axilite_b2s/WR.aw_channel_0/s_awlen_r_reg[1]/C
                            (rising edge-triggered cell FDRE clocked by clk_fpga_3  {rise@0.000ns fall@2.500ns period=5.000ns})
  Destination:            ps/system_i/axi_protocol_converter_0/inst/gen_axilite.gen_b2s_conv.axilite_b2s/WR.b_channel_0/bid_fifo_0/memory_reg[3][1]_srl4/D
                            (rising edge-triggered cell SRL16E clocked by clk_fpga_3  {rise@0.000ns fall@2.500ns period=5.000ns})
  Path Group:             clk_fpga_3
  Path Type:              Hold (Min at Fast Process Corner)
  Requirement:            0.000ns  (clk_fpga_3 rise@0.000ns - clk_fpga_3 rise@0.000ns)
  Data Path Delay:        0.251ns  (logic 0.141ns (56.174%)  route 0.110ns (43.826%))
  Logic Levels:           0  
  Clock Path Skew:        0.017ns (DCD - SCD - CPR)
    Destination Clock Delay (DCD):    1.221ns
    Source Clock Delay      (SCD):    0.922ns
    Clock Pessimism Removal (CPR):    0.282ns

    Location             Delay type                Incr(ns)  Path(ns)    Netlist Resource(s)
  -------------------------------------------------------------------    -------------------
                         (clock clk_fpga_3 rise edge)
                                                      0.000     0.000 r  
    PS7_X0Y0             PS7                          0.000     0.000 r  ps/system_i/processing_system7/inst/PS7_i/FCLKCLK[3]
                         net (fo=1, routed)           0.315     0.315    ps/system_i/processing_system7/inst/FCLK_CLK_unbuffered[3]
    BUFGCTRL_X0Y1        BUFG (Prop_bufg_I_O)         0.026     0.341 r  ps/system_i/processing_system7/inst/buffer_fclk_clk_3.FCLK_CLK_3_BUFG/O
                         net (fo=836, routed)         0.581     0.922    ps/system_i/axi_protocol_converter_0/inst/gen_axilite.gen_b2s_conv.axilite_b2s/WR.aw_channel_0/aclk
    SLICE_X5Y60          FDRE                                         r  ps/system_i/axi_protocol_converter_0/inst/gen_axilite.gen_b2s_conv.axilite_b2s/WR.aw_channel_0/s_awlen_r_reg[1]/C
  -------------------------------------------------------------------    -------------------
    SLICE_X5Y60          FDRE (Prop_fdre_C_Q)         0.141     1.063 r  ps/system_i/axi_protocol_converter_0/inst/gen_axilite.gen_b2s_conv.axilite_b2s/WR.aw_channel_0/s_awlen_r_reg[1]/Q
                         net (fo=1, routed)           0.110     1.173    ps/system_i/axi_protocol_converter_0/inst/gen_axilite.gen_b2s_conv.axilite_b2s/WR.b_channel_0/bid_fifo_0/in[1]
    SLICE_X4Y59          SRL16E                                       r  ps/system_i/axi_protocol_converter_0/inst/gen_axilite.gen_b2s_conv.axilite_b2s/WR.b_channel_0/bid_fifo_0/memory_reg[3][1]_srl4/D
  -------------------------------------------------------------------    -------------------

                         (clock clk_fpga_3 rise edge)
                                                      0.000     0.000 r  
    PS7_X0Y0             PS7                          0.000     0.000 r  ps/system_i/processing_system7/inst/PS7_i/FCLKCLK[3]
                         net (fo=1, routed)           0.341     0.341    ps/system_i/processing_system7/inst/FCLK_CLK_unbuffered[3]
    BUFGCTRL_X0Y1        BUFG (Prop_bufg_I_O)         0.029     0.370 r  ps/system_i/processing_system7/inst/buffer_fclk_clk_3.FCLK_CLK_3_BUFG/O
                         net (fo=836, routed)         0.851     1.221    ps/system_i/axi_protocol_converter_0/inst/gen_axilite.gen_b2s_conv.axilite_b2s/WR.b_channel_0/bid_fifo_0/aclk
    SLICE_X4Y59          SRL16E                                       r  ps/system_i/axi_protocol_converter_0/inst/gen_axilite.gen_b2s_conv.axilite_b2s/WR.b_channel_0/bid_fifo_0/memory_reg[3][1]_srl4/CLK
                         clock pessimism             -0.282     0.939    
    SLICE_X4Y59          SRL16E (Hold_srl16e_CLK_D)
                                                      0.109     1.048    ps/system_i/axi_protocol_converter_0/inst/gen_axilite.gen_b2s_conv.axilite_b2s/WR.b_channel_0/bid_fifo_0/memory_reg[3][1]_srl4
  -------------------------------------------------------------------
                         required time                         -1.048    
                         arrival time                           1.173    
  -------------------------------------------------------------------
                         slack                                  0.125    





Pulse Width Checks
--------------------------------------------------------------------------------------
Clock Name:         clk_fpga_3
Waveform(ns):       { 0.000 2.500 }
Period(ns):         5.000
Sources:            { ps/system_i/processing_system7/inst/PS7_i/FCLKCLK[3] }

Check Type        Corner  Lib Pin      Reference Pin  Required(ns)  Actual(ns)  Slack(ns)  Location       Pin
Min Period        n/a     XADC/DCLK    n/a            4.000         5.000       1.000      XADC_X0Y0      ps/system_i/xadc/inst/AXI_XADC_CORE_I/XADC_INST/DCLK
Min Period        n/a     BUFG/I       n/a            2.155         5.000       2.845      BUFGCTRL_X0Y1  ps/system_i/processing_system7/inst/buffer_fclk_clk_3.FCLK_CLK_3_BUFG/I
Min Period        n/a     FDRE/C       n/a            1.000         5.000       4.000      SLICE_X14Y56   ps/system_i/axi_protocol_converter_0/inst/gen_axilite.gen_b2s_conv.axilite_b2s/RD.ar_channel_0/ar_cmd_fsm_0/state_reg[0]/C
Min Period        n/a     FDRE/C       n/a            1.000         5.000       4.000      SLICE_X14Y56   ps/system_i/axi_protocol_converter_0/inst/gen_axilite.gen_b2s_conv.axilite_b2s/RD.ar_channel_0/ar_cmd_fsm_0/state_reg[0]_rep/C
Min Period        n/a     FDRE/C       n/a            1.000         5.000       4.000      SLICE_X14Y56   ps/system_i/axi_protocol_converter_0/inst/gen_axilite.gen_b2s_conv.axilite_b2s/RD.ar_channel_0/ar_cmd_fsm_0/state_reg[1]/C
Min Period        n/a     FDRE/C       n/a            1.000         5.000       4.000      SLICE_X14Y56   ps/system_i/axi_protocol_converter_0/inst/gen_axilite.gen_b2s_conv.axilite_b2s/RD.ar_channel_0/ar_cmd_fsm_0/state_reg[1]_rep/C
Min Period        n/a     FDRE/C       n/a            1.000         5.000       4.000      SLICE_X11Y58   ps/system_i/axi_protocol_converter_0/inst/gen_axilite.gen_b2s_conv.axilite_b2s/RD.ar_channel_0/cmd_translator_0/incr_cmd_0/axaddr_incr_reg[0]/C
Min Period        n/a     FDRE/C       n/a            1.000         5.000       4.000      SLICE_X11Y60   ps/system_i/axi_protocol_converter_0/inst/gen_axilite.gen_b2s_conv.axilite_b2s/RD.ar_channel_0/cmd_translator_0/incr_cmd_0/axaddr_incr_reg[10]/C
Min Period        n/a     FDRE/C       n/a            1.000         5.000       4.000      SLICE_X11Y60   ps/system_i/axi_protocol_converter_0/inst/gen_axilite.gen_b2s_conv.axilite_b2s/RD.ar_channel_0/cmd_translator_0/incr_cmd_0/axaddr_incr_reg[11]/C
Min Period        n/a     FDRE/C       n/a            1.000         5.000       4.000      SLICE_X11Y58   ps/system_i/axi_protocol_converter_0/inst/gen_axilite.gen_b2s_conv.axilite_b2s/RD.ar_channel_0/cmd_translator_0/incr_cmd_0/axaddr_incr_reg[1]/C
Low Pulse Width   Slow    SRLC32E/CLK  n/a            0.980         2.500       1.520      SLICE_X4Y50    ps/system_i/axi_protocol_converter_0/inst/gen_axilite.gen_b2s_conv.axilite_b2s/RD.r_channel_0/transaction_fifo_0/memory_reg[31][2]_srl32/CLK
Low Pulse Width   Slow    SRLC32E/CLK  n/a            0.980         2.500       1.520      SLICE_X4Y50    ps/system_i/axi_protocol_converter_0/inst/gen_axilite.gen_b2s_conv.axilite_b2s/RD.r_channel_0/transaction_fifo_0/memory_reg[31][3]_srl32/CLK
Low Pulse Width   Slow    SRLC32E/CLK  n/a            0.980         2.500       1.520      SLICE_X4Y50    ps/system_i/axi_protocol_converter_0/inst/gen_axilite.gen_b2s_conv.axilite_b2s/RD.r_channel_0/transaction_fifo_0/memory_reg[31][4]_srl32/CLK
Low Pulse Width   Slow    SRLC32E/CLK  n/a            0.980         2.500       1.520      SLICE_X4Y50    ps/system_i/axi_protocol_converter_0/inst/gen_axilite.gen_b2s_conv.axilite_b2s/RD.r_channel_0/transaction_fifo_0/memory_reg[31][5]_srl32/CLK
Low Pulse Width   Slow    SRLC32E/CLK  n/a            0.980         2.500       1.520      SLICE_X10Y53   ps/system_i/axi_protocol_converter_0/inst/gen_axilite.gen_b2s_conv.axilite_b2s/RD.r_channel_0/rd_data_fifo_0/memory_reg[31][10]_srl32/CLK
Low Pulse Width   Slow    SRLC32E/CLK  n/a            0.980         2.500       1.520      SLICE_X10Y53   ps/system_i/axi_protocol_converter_0/inst/gen_axilite.gen_b2s_conv.axilite_b2s/RD.r_channel_0/rd_data_fifo_0/memory_reg[31][13]_srl32/CLK
Low Pulse Width   Slow    SRLC32E/CLK  n/a            0.980         2.500       1.520      SLICE_X8Y53    ps/system_i/axi_protocol_converter_0/inst/gen_axilite.gen_b2s_conv.axilite_b2s/RD.r_channel_0/rd_data_fifo_0/memory_reg[31][14]_srl32/CLK
Low Pulse Width   Slow    SRLC32E/CLK  n/a            0.980         2.500       1.520      SLICE_X8Y53    ps/system_i/axi_protocol_converter_0/inst/gen_axilite.gen_b2s_conv.axilite_b2s/RD.r_channel_0/rd_data_fifo_0/memory_reg[31][15]_srl32/CLK
Low Pulse Width   Slow    SRLC32E/CLK  n/a            0.980         2.500       1.520      SLICE_X8Y53    ps/system_i/axi_protocol_converter_0/inst/gen_axilite.gen_b2s_conv.axilite_b2s/RD.r_channel_0/rd_data_fifo_0/memory_reg[31][16]_srl32/CLK
Low Pulse Width   Slow    SRLC32E/CLK  n/a            0.980         2.500       1.520      SLICE_X8Y55    ps/system_i/axi_protocol_converter_0/inst/gen_axilite.gen_b2s_conv.axilite_b2s/RD.r_channel_0/rd_data_fifo_0/memory_reg[31][17]_srl32/CLK
High Pulse Width  Fast    SRLC32E/CLK  n/a            0.980         2.500       1.520      SLICE_X8Y50    ps/system_i/axi_protocol_converter_0/inst/gen_axilite.gen_b2s_conv.axilite_b2s/RD.r_channel_0/rd_data_fifo_0/memory_reg[31][0]_srl32/CLK
High Pulse Width  Fast    SRLC32E/CLK  n/a            0.980         2.500       1.520      SLICE_X10Y53   ps/system_i/axi_protocol_converter_0/inst/gen_axilite.gen_b2s_conv.axilite_b2s/RD.r_channel_0/rd_data_fifo_0/memory_reg[31][10]_srl32/CLK
High Pulse Width  Fast    SRLC32E/CLK  n/a            0.980         2.500       1.520      SLICE_X8Y52    ps/system_i/axi_protocol_converter_0/inst/gen_axilite.gen_b2s_conv.axilite_b2s/RD.r_channel_0/rd_data_fifo_0/memory_reg[31][11]_srl32/CLK
High Pulse Width  Fast    SRLC32E/CLK  n/a            0.980         2.500       1.520      SLICE_X8Y52    ps/system_i/axi_protocol_converter_0/inst/gen_axilite.gen_b2s_conv.axilite_b2s/RD.r_channel_0/rd_data_fifo_0/memory_reg[31][12]_srl32/CLK
High Pulse Width  Fast    SRLC32E/CLK  n/a            0.980         2.500       1.520      SLICE_X10Y53   ps/system_i/axi_protocol_converter_0/inst/gen_axilite.gen_b2s_conv.axilite_b2s/RD.r_channel_0/rd_data_fifo_0/memory_reg[31][13]_srl32/CLK
High Pulse Width  Fast    SRLC32E/CLK  n/a            0.980         2.500       1.520      SLICE_X8Y53    ps/system_i/axi_protocol_converter_0/inst/gen_axilite.gen_b2s_conv.axilite_b2s/RD.r_channel_0/rd_data_fifo_0/memory_reg[31][14]_srl32/CLK
High Pulse Width  Fast    SRLC32E/CLK  n/a            0.980         2.500       1.520      SLICE_X8Y53    ps/system_i/axi_protocol_converter_0/inst/gen_axilite.gen_b2s_conv.axilite_b2s/RD.r_channel_0/rd_data_fifo_0/memory_reg[31][15]_srl32/CLK
High Pulse Width  Fast    SRLC32E/CLK  n/a            0.980         2.500       1.520      SLICE_X8Y53    ps/system_i/axi_protocol_converter_0/inst/gen_axilite.gen_b2s_conv.axilite_b2s/RD.r_channel_0/rd_data_fifo_0/memory_reg[31][16]_srl32/CLK
High Pulse Width  Fast    SRLC32E/CLK  n/a            0.980         2.500       1.520      SLICE_X8Y55    ps/system_i/axi_protocol_converter_0/inst/gen_axilite.gen_b2s_conv.axilite_b2s/RD.r_channel_0/rd_data_fifo_0/memory_reg[31][17]_srl32/CLK
High Pulse Width  Fast    SRLC32E/CLK  n/a            0.980         2.500       1.520      SLICE_X8Y53    ps/system_i/axi_protocol_converter_0/inst/gen_axilite.gen_b2s_conv.axilite_b2s/RD.r_channel_0/rd_data_fifo_0/memory_reg[31][18]_srl32/CLK



---------------------------------------------------------------------------------------------------
From Clock:  adc_clk
  To Clock:  pll_adc_clk

Setup :            0  Failing Endpoints,  Worst Slack        5.940ns,  Total Violation        0.000ns
Hold  :           28  Failing Endpoints,  Worst Slack       -2.163ns,  Total Violation      -58.853ns
---------------------------------------------------------------------------------------------------


Max Delay Paths
--------------------------------------------------------------------------------------
Slack (MET) :             5.940ns  (required time - arrival time)
  Source:                 adc_dat_i[0][7]
                            (input port clocked by adc_clk  {rise@0.000ns fall@4.000ns period=8.000ns})
  Destination:            adc_dat_raw_reg[0][5]/D
                            (rising edge-triggered cell FDRE clocked by pll_adc_clk  {rise@0.000ns fall@4.000ns period=8.000ns})
  Path Group:             pll_adc_clk
  Path Type:              Setup (Max at Fast Process Corner)
  Requirement:            8.000ns  (pll_adc_clk rise@8.000ns - adc_clk rise@0.000ns)
  Data Path Delay:        0.488ns  (logic 0.488ns (100.000%)  route 0.000ns (0.000%))
  Logic Levels:           1  (IBUF=1)
  Input Delay:            3.400ns
  Clock Path Skew:        1.995ns (DCD - SCD + CPR)
    Destination Clock Delay (DCD):    1.995ns = ( 9.995 - 8.000 ) 
    Source Clock Delay      (SCD):    0.000ns
    Clock Pessimism Removal (CPR):    0.000ns
  Clock Uncertainty:      0.166ns  ((TSJ^2 + DJ^2)^1/2) / 2 + PE
    Total System Jitter     (TSJ):    0.071ns
    Discrete Jitter          (DJ):    0.118ns
    Phase Error              (PE):    0.097ns

    Location             Delay type                Incr(ns)  Path(ns)    Netlist Resource(s)
  -------------------------------------------------------------------    -------------------
                         (clock adc_clk rise edge)    0.000     0.000 r  
                         input delay                  3.400     3.400    
    Y14                                               0.000     3.400 r  adc_dat_i[0][7] (IN)
                         net (fo=0)                   0.000     3.400    adc_dat_i[0][7]
    Y14                  IBUF (Prop_ibuf_I_O)         0.488     3.888 r  adc_dat_raw_reg[0][5]_i_1/O
                         net (fo=1, routed)           0.000     3.888    adc_dat_raw_reg[0][5]_i_1_n_0
    ILOGIC_X0Y33         FDRE                                         r  adc_dat_raw_reg[0][5]/D
  -------------------------------------------------------------------    -------------------

                         (clock pll_adc_clk rise edge)
                                                      8.000     8.000 r  
    U18                                               0.000     8.000 r  adc_clk_i[1] (IN)
                         net (fo=0)                   0.000     8.000    adc_clk_i[1]
    U18                  IBUFDS (Prop_ibufds_I_O)     0.401     8.401 r  i_clk/O
                         net (fo=1, routed)           0.440     8.842    pll/adc_clk_in
    PLLE2_ADV_X0Y0       PLLE2_ADV (Prop_plle2_adv_CLKIN1_CLKOUT0)
                                                      0.051     8.893 r  pll/pll/CLKOUT0
                         net (fo=1, routed)           0.497     9.390    pll_adc_clk
    BUFGCTRL_X0Y0        BUFG (Prop_bufg_I_O)         0.026     9.416 r  bufg_adc_clk/O
                         net (fo=4352, routed)        0.580     9.995    adc_clk
    ILOGIC_X0Y33         FDRE                                         r  adc_dat_raw_reg[0][5]/C
                         clock pessimism              0.000     9.995    
                         clock uncertainty           -0.166     9.829    
    ILOGIC_X0Y33         FDRE (Setup_fdre_C_D)       -0.001     9.828    adc_dat_raw_reg[0][5]
  -------------------------------------------------------------------
                         required time                          9.828    
                         arrival time                          -3.888    
  -------------------------------------------------------------------
                         slack                                  5.940    

Slack (MET) :             5.943ns  (required time - arrival time)
  Source:                 adc_dat_i[0][6]
                            (input port clocked by adc_clk  {rise@0.000ns fall@4.000ns period=8.000ns})
  Destination:            adc_dat_raw_reg[0][4]/D
                            (rising edge-triggered cell FDRE clocked by pll_adc_clk  {rise@0.000ns fall@4.000ns period=8.000ns})
  Path Group:             pll_adc_clk
  Path Type:              Setup (Max at Fast Process Corner)
  Requirement:            8.000ns  (pll_adc_clk rise@8.000ns - adc_clk rise@0.000ns)
  Data Path Delay:        0.486ns  (logic 0.486ns (100.000%)  route 0.000ns (0.000%))
  Logic Levels:           1  (IBUF=1)
  Input Delay:            3.400ns
  Clock Path Skew:        1.995ns (DCD - SCD + CPR)
    Destination Clock Delay (DCD):    1.995ns = ( 9.995 - 8.000 ) 
    Source Clock Delay      (SCD):    0.000ns
    Clock Pessimism Removal (CPR):    0.000ns
  Clock Uncertainty:      0.166ns  ((TSJ^2 + DJ^2)^1/2) / 2 + PE
    Total System Jitter     (TSJ):    0.071ns
    Discrete Jitter          (DJ):    0.118ns
    Phase Error              (PE):    0.097ns

    Location             Delay type                Incr(ns)  Path(ns)    Netlist Resource(s)
  -------------------------------------------------------------------    -------------------
                         (clock adc_clk rise edge)    0.000     0.000 r  
                         input delay                  3.400     3.400    
    W14                                               0.000     3.400 r  adc_dat_i[0][6] (IN)
                         net (fo=0)                   0.000     3.400    adc_dat_i[0][6]
    W14                  IBUF (Prop_ibuf_I_O)         0.486     3.886 r  adc_dat_raw_reg[0][4]_i_1/O
                         net (fo=1, routed)           0.000     3.886    adc_dat_raw_reg[0][4]_i_1_n_0
    ILOGIC_X0Y34         FDRE                                         r  adc_dat_raw_reg[0][4]/D
  -------------------------------------------------------------------    -------------------

                         (clock pll_adc_clk rise edge)
                                                      8.000     8.000 r  
    U18                                               0.000     8.000 r  adc_clk_i[1] (IN)
                         net (fo=0)                   0.000     8.000    adc_clk_i[1]
    U18                  IBUFDS (Prop_ibufds_I_O)     0.401     8.401 r  i_clk/O
                         net (fo=1, routed)           0.440     8.842    pll/adc_clk_in
    PLLE2_ADV_X0Y0       PLLE2_ADV (Prop_plle2_adv_CLKIN1_CLKOUT0)
                                                      0.051     8.893 r  pll/pll/CLKOUT0
                         net (fo=1, routed)           0.497     9.390    pll_adc_clk
    BUFGCTRL_X0Y0        BUFG (Prop_bufg_I_O)         0.026     9.416 r  bufg_adc_clk/O
                         net (fo=4352, routed)        0.580     9.995    adc_clk
    ILOGIC_X0Y34         FDRE                                         r  adc_dat_raw_reg[0][4]/C
                         clock pessimism              0.000     9.995    
                         clock uncertainty           -0.166     9.829    
    ILOGIC_X0Y34         FDRE (Setup_fdre_C_D)       -0.001     9.828    adc_dat_raw_reg[0][4]
  -------------------------------------------------------------------
                         required time                          9.828    
                         arrival time                          -3.886    
  -------------------------------------------------------------------
                         slack                                  5.943    

Slack (MET) :             5.953ns  (required time - arrival time)
  Source:                 adc_dat_i[0][13]
                            (input port clocked by adc_clk  {rise@0.000ns fall@4.000ns period=8.000ns})
  Destination:            adc_dat_raw_reg[0][11]/D
                            (rising edge-triggered cell FDRE clocked by pll_adc_clk  {rise@0.000ns fall@4.000ns period=8.000ns})
  Path Group:             pll_adc_clk
  Path Type:              Setup (Max at Fast Process Corner)
  Requirement:            8.000ns  (pll_adc_clk rise@8.000ns - adc_clk rise@0.000ns)
  Data Path Delay:        0.472ns  (logic 0.472ns (100.000%)  route 0.000ns (0.000%))
  Logic Levels:           1  (IBUF=1)
  Input Delay:            3.400ns
  Clock Path Skew:        1.991ns (DCD - SCD + CPR)
    Destination Clock Delay (DCD):    1.991ns = ( 9.991 - 8.000 ) 
    Source Clock Delay      (SCD):    0.000ns
    Clock Pessimism Removal (CPR):    0.000ns
  Clock Uncertainty:      0.166ns  ((TSJ^2 + DJ^2)^1/2) / 2 + PE
    Total System Jitter     (TSJ):    0.071ns
    Discrete Jitter          (DJ):    0.118ns
    Phase Error              (PE):    0.097ns

    Location             Delay type                Incr(ns)  Path(ns)    Netlist Resource(s)
  -------------------------------------------------------------------    -------------------
                         (clock adc_clk rise edge)    0.000     0.000 r  
                         input delay                  3.400     3.400    
    V15                                               0.000     3.400 r  adc_dat_i[0][13] (IN)
                         net (fo=0)                   0.000     3.400    adc_dat_i[0][13]
    V15                  IBUF (Prop_ibuf_I_O)         0.472     3.872 r  adc_dat_raw_reg[0][11]_i_1/O
                         net (fo=1, routed)           0.000     3.872    adc_dat_raw_reg[0][11]_i_1_n_0
    ILOGIC_X0Y30         FDRE                                         r  adc_dat_raw_reg[0][11]/D
  -------------------------------------------------------------------    -------------------

                         (clock pll_adc_clk rise edge)
                                                      8.000     8.000 r  
    U18                                               0.000     8.000 r  adc_clk_i[1] (IN)
                         net (fo=0)                   0.000     8.000    adc_clk_i[1]
    U18                  IBUFDS (Prop_ibufds_I_O)     0.401     8.401 r  i_clk/O
                         net (fo=1, routed)           0.440     8.842    pll/adc_clk_in
    PLLE2_ADV_X0Y0       PLLE2_ADV (Prop_plle2_adv_CLKIN1_CLKOUT0)
                                                      0.051     8.893 r  pll/pll/CLKOUT0
                         net (fo=1, routed)           0.497     9.390    pll_adc_clk
    BUFGCTRL_X0Y0        BUFG (Prop_bufg_I_O)         0.026     9.416 r  bufg_adc_clk/O
                         net (fo=4352, routed)        0.576     9.991    adc_clk
    ILOGIC_X0Y30         FDRE                                         r  adc_dat_raw_reg[0][11]/C
                         clock pessimism              0.000     9.991    
                         clock uncertainty           -0.166     9.825    
    ILOGIC_X0Y30         FDRE (Setup_fdre_C_D)       -0.001     9.824    adc_dat_raw_reg[0][11]
  -------------------------------------------------------------------
                         required time                          9.824    
                         arrival time                          -3.872    
  -------------------------------------------------------------------
                         slack                                  5.953    

Slack (MET) :             5.959ns  (required time - arrival time)
  Source:                 adc_dat_i[0][4]
                            (input port clocked by adc_clk  {rise@0.000ns fall@4.000ns period=8.000ns})
  Destination:            adc_dat_raw_reg[0][2]/D
                            (rising edge-triggered cell FDRE clocked by pll_adc_clk  {rise@0.000ns fall@4.000ns period=8.000ns})
  Path Group:             pll_adc_clk
  Path Type:              Setup (Max at Fast Process Corner)
  Requirement:            8.000ns  (pll_adc_clk rise@8.000ns - adc_clk rise@0.000ns)
  Data Path Delay:        0.470ns  (logic 0.470ns (100.000%)  route 0.000ns (0.000%))
  Logic Levels:           1  (IBUF=1)
  Input Delay:            3.400ns
  Clock Path Skew:        1.995ns (DCD - SCD + CPR)
    Destination Clock Delay (DCD):    1.995ns = ( 9.995 - 8.000 ) 
    Source Clock Delay      (SCD):    0.000ns
    Clock Pessimism Removal (CPR):    0.000ns
  Clock Uncertainty:      0.166ns  ((TSJ^2 + DJ^2)^1/2) / 2 + PE
    Total System Jitter     (TSJ):    0.071ns
    Discrete Jitter          (DJ):    0.118ns
    Phase Error              (PE):    0.097ns

    Location             Delay type                Incr(ns)  Path(ns)    Netlist Resource(s)
  -------------------------------------------------------------------    -------------------
                         (clock adc_clk rise edge)    0.000     0.000 r  
                         input delay                  3.400     3.400    
    Y16                                               0.000     3.400 r  adc_dat_i[0][4] (IN)
                         net (fo=0)                   0.000     3.400    adc_dat_i[0][4]
    Y16                  IBUF (Prop_ibuf_I_O)         0.470     3.870 r  adc_dat_raw_reg[0][2]_i_1/O
                         net (fo=1, routed)           0.000     3.870    adc_dat_raw_reg[0][2]_i_1_n_0
    ILOGIC_X0Y36         FDRE                                         r  adc_dat_raw_reg[0][2]/D
  -------------------------------------------------------------------    -------------------

                         (clock pll_adc_clk rise edge)
                                                      8.000     8.000 r  
    U18                                               0.000     8.000 r  adc_clk_i[1] (IN)
                         net (fo=0)                   0.000     8.000    adc_clk_i[1]
    U18                  IBUFDS (Prop_ibufds_I_O)     0.401     8.401 r  i_clk/O
                         net (fo=1, routed)           0.440     8.842    pll/adc_clk_in
    PLLE2_ADV_X0Y0       PLLE2_ADV (Prop_plle2_adv_CLKIN1_CLKOUT0)
                                                      0.051     8.893 r  pll/pll/CLKOUT0
                         net (fo=1, routed)           0.497     9.390    pll_adc_clk
    BUFGCTRL_X0Y0        BUFG (Prop_bufg_I_O)         0.026     9.416 r  bufg_adc_clk/O
                         net (fo=4352, routed)        0.580     9.995    adc_clk
    ILOGIC_X0Y36         FDRE                                         r  adc_dat_raw_reg[0][2]/C
                         clock pessimism              0.000     9.995    
                         clock uncertainty           -0.166     9.829    
    ILOGIC_X0Y36         FDRE (Setup_fdre_C_D)       -0.001     9.828    adc_dat_raw_reg[0][2]
  -------------------------------------------------------------------
                         required time                          9.828    
                         arrival time                          -3.870    
  -------------------------------------------------------------------
                         slack                                  5.959    

Slack (MET) :             5.959ns  (required time - arrival time)
  Source:                 adc_dat_i[0][5]
                            (input port clocked by adc_clk  {rise@0.000ns fall@4.000ns period=8.000ns})
  Destination:            adc_dat_raw_reg[0][3]/D
                            (rising edge-triggered cell FDRE clocked by pll_adc_clk  {rise@0.000ns fall@4.000ns period=8.000ns})
  Path Group:             pll_adc_clk
  Path Type:              Setup (Max at Fast Process Corner)
  Requirement:            8.000ns  (pll_adc_clk rise@8.000ns - adc_clk rise@0.000ns)
  Data Path Delay:        0.465ns  (logic 0.465ns (100.000%)  route 0.000ns (0.000%))
  Logic Levels:           1  (IBUF=1)
  Input Delay:            3.400ns
  Clock Path Skew:        1.991ns (DCD - SCD + CPR)
    Destination Clock Delay (DCD):    1.991ns = ( 9.991 - 8.000 ) 
    Source Clock Delay      (SCD):    0.000ns
    Clock Pessimism Removal (CPR):    0.000ns
  Clock Uncertainty:      0.166ns  ((TSJ^2 + DJ^2)^1/2) / 2 + PE
    Total System Jitter     (TSJ):    0.071ns
    Discrete Jitter          (DJ):    0.118ns
    Phase Error              (PE):    0.097ns

    Location             Delay type                Incr(ns)  Path(ns)    Netlist Resource(s)
  -------------------------------------------------------------------    -------------------
                         (clock adc_clk rise edge)    0.000     0.000 r  
                         input delay                  3.400     3.400    
    W15                                               0.000     3.400 r  adc_dat_i[0][5] (IN)
                         net (fo=0)                   0.000     3.400    adc_dat_i[0][5]
    W15                  IBUF (Prop_ibuf_I_O)         0.465     3.865 r  adc_dat_raw_reg[0][3]_i_1/O
                         net (fo=1, routed)           0.000     3.865    adc_dat_raw_reg[0][3]_i_1_n_0
    ILOGIC_X0Y29         FDRE                                         r  adc_dat_raw_reg[0][3]/D
  -------------------------------------------------------------------    -------------------

                         (clock pll_adc_clk rise edge)
                                                      8.000     8.000 r  
    U18                                               0.000     8.000 r  adc_clk_i[1] (IN)
                         net (fo=0)                   0.000     8.000    adc_clk_i[1]
    U18                  IBUFDS (Prop_ibufds_I_O)     0.401     8.401 r  i_clk/O
                         net (fo=1, routed)           0.440     8.842    pll/adc_clk_in
    PLLE2_ADV_X0Y0       PLLE2_ADV (Prop_plle2_adv_CLKIN1_CLKOUT0)
                                                      0.051     8.893 r  pll/pll/CLKOUT0
                         net (fo=1, routed)           0.497     9.390    pll_adc_clk
    BUFGCTRL_X0Y0        BUFG (Prop_bufg_I_O)         0.026     9.416 r  bufg_adc_clk/O
                         net (fo=4352, routed)        0.576     9.991    adc_clk
    ILOGIC_X0Y29         FDRE                                         r  adc_dat_raw_reg[0][3]/C
                         clock pessimism              0.000     9.991    
                         clock uncertainty           -0.166     9.825    
    ILOGIC_X0Y29         FDRE (Setup_fdre_C_D)       -0.001     9.824    adc_dat_raw_reg[0][3]
  -------------------------------------------------------------------
                         required time                          9.824    
                         arrival time                          -3.865    
  -------------------------------------------------------------------
                         slack                                  5.959    

Slack (MET) :             5.965ns  (required time - arrival time)
  Source:                 adc_dat_i[0][2]
                            (input port clocked by adc_clk  {rise@0.000ns fall@4.000ns period=8.000ns})
  Destination:            adc_dat_raw_reg[0][0]/D
                            (rising edge-triggered cell FDRE clocked by pll_adc_clk  {rise@0.000ns fall@4.000ns period=8.000ns})
  Path Group:             pll_adc_clk
  Path Type:              Setup (Max at Fast Process Corner)
  Requirement:            8.000ns  (pll_adc_clk rise@8.000ns - adc_clk rise@0.000ns)
  Data Path Delay:        0.463ns  (logic 0.463ns (100.000%)  route 0.000ns (0.000%))
  Logic Levels:           1  (IBUF=1)
  Input Delay:            3.400ns
  Clock Path Skew:        1.995ns (DCD - SCD + CPR)
    Destination Clock Delay (DCD):    1.995ns = ( 9.995 - 8.000 ) 
    Source Clock Delay      (SCD):    0.000ns
    Clock Pessimism Removal (CPR):    0.000ns
  Clock Uncertainty:      0.166ns  ((TSJ^2 + DJ^2)^1/2) / 2 + PE
    Total System Jitter     (TSJ):    0.071ns
    Discrete Jitter          (DJ):    0.118ns
    Phase Error              (PE):    0.097ns

    Location             Delay type                Incr(ns)  Path(ns)    Netlist Resource(s)
  -------------------------------------------------------------------    -------------------
                         (clock adc_clk rise edge)    0.000     0.000 r  
                         input delay                  3.400     3.400    
    Y17                                               0.000     3.400 r  adc_dat_i[0][2] (IN)
                         net (fo=0)                   0.000     3.400    adc_dat_i[0][2]
    Y17                  IBUF (Prop_ibuf_I_O)         0.463     3.863 r  adc_dat_raw_reg[0][0]_i_1/O
                         net (fo=1, routed)           0.000     3.863    adc_dat_raw_reg[0][0]_i_1_n_0
    ILOGIC_X0Y35         FDRE                                         r  adc_dat_raw_reg[0][0]/D
  -------------------------------------------------------------------    -------------------

                         (clock pll_adc_clk rise edge)
                                                      8.000     8.000 r  
    U18                                               0.000     8.000 r  adc_clk_i[1] (IN)
                         net (fo=0)                   0.000     8.000    adc_clk_i[1]
    U18                  IBUFDS (Prop_ibufds_I_O)     0.401     8.401 r  i_clk/O
                         net (fo=1, routed)           0.440     8.842    pll/adc_clk_in
    PLLE2_ADV_X0Y0       PLLE2_ADV (Prop_plle2_adv_CLKIN1_CLKOUT0)
                                                      0.051     8.893 r  pll/pll/CLKOUT0
                         net (fo=1, routed)           0.497     9.390    pll_adc_clk
    BUFGCTRL_X0Y0        BUFG (Prop_bufg_I_O)         0.026     9.416 r  bufg_adc_clk/O
                         net (fo=4352, routed)        0.580     9.995    adc_clk
    ILOGIC_X0Y35         FDRE                                         r  adc_dat_raw_reg[0][0]/C
                         clock pessimism              0.000     9.995    
                         clock uncertainty           -0.166     9.829    
    ILOGIC_X0Y35         FDRE (Setup_fdre_C_D)       -0.001     9.828    adc_dat_raw_reg[0][0]
  -------------------------------------------------------------------
                         required time                          9.828    
                         arrival time                          -3.863    
  -------------------------------------------------------------------
                         slack                                  5.965    

Slack (MET) :             5.988ns  (required time - arrival time)
  Source:                 adc_dat_i[0][8]
                            (input port clocked by adc_clk  {rise@0.000ns fall@4.000ns period=8.000ns})
  Destination:            adc_dat_raw_reg[0][6]/D
                            (rising edge-triggered cell FDRE clocked by pll_adc_clk  {rise@0.000ns fall@4.000ns period=8.000ns})
  Path Group:             pll_adc_clk
  Path Type:              Setup (Max at Fast Process Corner)
  Requirement:            8.000ns  (pll_adc_clk rise@8.000ns - adc_clk rise@0.000ns)
  Data Path Delay:        0.442ns  (logic 0.442ns (100.000%)  route 0.000ns (0.000%))
  Logic Levels:           1  (IBUF=1)
  Input Delay:            3.400ns
  Clock Path Skew:        1.997ns (DCD - SCD + CPR)
    Destination Clock Delay (DCD):    1.997ns = ( 9.997 - 8.000 ) 
    Source Clock Delay      (SCD):    0.000ns
    Clock Pessimism Removal (CPR):    0.000ns
  Clock Uncertainty:      0.166ns  ((TSJ^2 + DJ^2)^1/2) / 2 + PE
    Total System Jitter     (TSJ):    0.071ns
    Discrete Jitter          (DJ):    0.118ns
    Phase Error              (PE):    0.097ns

    Location             Delay type                Incr(ns)  Path(ns)    Netlist Resource(s)
  -------------------------------------------------------------------    -------------------
                         (clock adc_clk rise edge)    0.000     0.000 r  
                         input delay                  3.400     3.400    
    W13                                               0.000     3.400 r  adc_dat_i[0][8] (IN)
                         net (fo=0)                   0.000     3.400    adc_dat_i[0][8]
    W13                  IBUF (Prop_ibuf_I_O)         0.442     3.842 r  adc_dat_raw_reg[0][6]_i_1/O
                         net (fo=1, routed)           0.000     3.842    adc_dat_raw_reg[0][6]_i_1_n_0
    ILOGIC_X0Y41         FDRE                                         r  adc_dat_raw_reg[0][6]/D
  -------------------------------------------------------------------    -------------------

                         (clock pll_adc_clk rise edge)
                                                      8.000     8.000 r  
    U18                                               0.000     8.000 r  adc_clk_i[1] (IN)
                         net (fo=0)                   0.000     8.000    adc_clk_i[1]
    U18                  IBUFDS (Prop_ibufds_I_O)     0.401     8.401 r  i_clk/O
                         net (fo=1, routed)           0.440     8.842    pll/adc_clk_in
    PLLE2_ADV_X0Y0       PLLE2_ADV (Prop_plle2_adv_CLKIN1_CLKOUT0)
                                                      0.051     8.893 r  pll/pll/CLKOUT0
                         net (fo=1, routed)           0.497     9.390    pll_adc_clk
    BUFGCTRL_X0Y0        BUFG (Prop_bufg_I_O)         0.026     9.416 r  bufg_adc_clk/O
                         net (fo=4352, routed)        0.582     9.997    adc_clk
    ILOGIC_X0Y41         FDRE                                         r  adc_dat_raw_reg[0][6]/C
                         clock pessimism              0.000     9.997    
                         clock uncertainty           -0.166     9.831    
    ILOGIC_X0Y41         FDRE (Setup_fdre_C_D)       -0.001     9.830    adc_dat_raw_reg[0][6]
  -------------------------------------------------------------------
                         required time                          9.830    
                         arrival time                          -3.842    
  -------------------------------------------------------------------
                         slack                                  5.988    

Slack (MET) :             5.995ns  (required time - arrival time)
  Source:                 adc_dat_i[0][9]
                            (input port clocked by adc_clk  {rise@0.000ns fall@4.000ns period=8.000ns})
  Destination:            adc_dat_raw_reg[0][7]/D
                            (rising edge-triggered cell FDRE clocked by pll_adc_clk  {rise@0.000ns fall@4.000ns period=8.000ns})
  Path Group:             pll_adc_clk
  Path Type:              Setup (Max at Fast Process Corner)
  Requirement:            8.000ns  (pll_adc_clk rise@8.000ns - adc_clk rise@0.000ns)
  Data Path Delay:        0.435ns  (logic 0.435ns (100.000%)  route 0.000ns (0.000%))
  Logic Levels:           1  (IBUF=1)
  Input Delay:            3.400ns
  Clock Path Skew:        1.997ns (DCD - SCD + CPR)
    Destination Clock Delay (DCD):    1.997ns = ( 9.997 - 8.000 ) 
    Source Clock Delay      (SCD):    0.000ns
    Clock Pessimism Removal (CPR):    0.000ns
  Clock Uncertainty:      0.166ns  ((TSJ^2 + DJ^2)^1/2) / 2 + PE
    Total System Jitter     (TSJ):    0.071ns
    Discrete Jitter          (DJ):    0.118ns
    Phase Error              (PE):    0.097ns

    Location             Delay type                Incr(ns)  Path(ns)    Netlist Resource(s)
  -------------------------------------------------------------------    -------------------
                         (clock adc_clk rise edge)    0.000     0.000 r  
                         input delay                  3.400     3.400    
    V12                                               0.000     3.400 r  adc_dat_i[0][9] (IN)
                         net (fo=0)                   0.000     3.400    adc_dat_i[0][9]
    V12                  IBUF (Prop_ibuf_I_O)         0.435     3.835 r  adc_dat_raw_reg[0][7]_i_1/O
                         net (fo=1, routed)           0.000     3.835    adc_dat_raw_reg[0][7]_i_1_n_0
    ILOGIC_X0Y42         FDRE                                         r  adc_dat_raw_reg[0][7]/D
  -------------------------------------------------------------------    -------------------

                         (clock pll_adc_clk rise edge)
                                                      8.000     8.000 r  
    U18                                               0.000     8.000 r  adc_clk_i[1] (IN)
                         net (fo=0)                   0.000     8.000    adc_clk_i[1]
    U18                  IBUFDS (Prop_ibufds_I_O)     0.401     8.401 r  i_clk/O
                         net (fo=1, routed)           0.440     8.842    pll/adc_clk_in
    PLLE2_ADV_X0Y0       PLLE2_ADV (Prop_plle2_adv_CLKIN1_CLKOUT0)
                                                      0.051     8.893 r  pll/pll/CLKOUT0
                         net (fo=1, routed)           0.497     9.390    pll_adc_clk
    BUFGCTRL_X0Y0        BUFG (Prop_bufg_I_O)         0.026     9.416 r  bufg_adc_clk/O
                         net (fo=4352, routed)        0.582     9.997    adc_clk
    ILOGIC_X0Y42         FDRE                                         r  adc_dat_raw_reg[0][7]/C
                         clock pessimism              0.000     9.997    
                         clock uncertainty           -0.166     9.831    
    ILOGIC_X0Y42         FDRE (Setup_fdre_C_D)       -0.001     9.830    adc_dat_raw_reg[0][7]
  -------------------------------------------------------------------
                         required time                          9.830    
                         arrival time                          -3.835    
  -------------------------------------------------------------------
                         slack                                  5.995    

Slack (MET) :             5.995ns  (required time - arrival time)
  Source:                 adc_dat_i[0][14]
                            (input port clocked by adc_clk  {rise@0.000ns fall@4.000ns period=8.000ns})
  Destination:            adc_dat_raw_reg[0][12]/D
                            (rising edge-triggered cell FDRE clocked by pll_adc_clk  {rise@0.000ns fall@4.000ns period=8.000ns})
  Path Group:             pll_adc_clk
  Path Type:              Setup (Max at Fast Process Corner)
  Requirement:            8.000ns  (pll_adc_clk rise@8.000ns - adc_clk rise@0.000ns)
  Data Path Delay:        0.431ns  (logic 0.431ns (100.000%)  route 0.000ns (0.000%))
  Logic Levels:           1  (IBUF=1)
  Input Delay:            3.400ns
  Clock Path Skew:        1.993ns (DCD - SCD + CPR)
    Destination Clock Delay (DCD):    1.993ns = ( 9.993 - 8.000 ) 
    Source Clock Delay      (SCD):    0.000ns
    Clock Pessimism Removal (CPR):    0.000ns
  Clock Uncertainty:      0.166ns  ((TSJ^2 + DJ^2)^1/2) / 2 + PE
    Total System Jitter     (TSJ):    0.071ns
    Discrete Jitter          (DJ):    0.118ns
    Phase Error              (PE):    0.097ns

    Location             Delay type                Incr(ns)  Path(ns)    Netlist Resource(s)
  -------------------------------------------------------------------    -------------------
                         (clock adc_clk rise edge)    0.000     0.000 r  
                         input delay                  3.400     3.400    
    T16                                               0.000     3.400 r  adc_dat_i[0][14] (IN)
                         net (fo=0)                   0.000     3.400    adc_dat_i[0][14]
    T16                  IBUF (Prop_ibuf_I_O)         0.431     3.831 r  adc_dat_raw_reg[0][12]_i_1/O
                         net (fo=1, routed)           0.000     3.831    adc_dat_raw_reg[0][12]_i_1_n_0
    ILOGIC_X0Y32         FDRE                                         r  adc_dat_raw_reg[0][12]/D
  -------------------------------------------------------------------    -------------------

                         (clock pll_adc_clk rise edge)
                                                      8.000     8.000 r  
    U18                                               0.000     8.000 r  adc_clk_i[1] (IN)
                         net (fo=0)                   0.000     8.000    adc_clk_i[1]
    U18                  IBUFDS (Prop_ibufds_I_O)     0.401     8.401 r  i_clk/O
                         net (fo=1, routed)           0.440     8.842    pll/adc_clk_in
    PLLE2_ADV_X0Y0       PLLE2_ADV (Prop_plle2_adv_CLKIN1_CLKOUT0)
                                                      0.051     8.893 r  pll/pll/CLKOUT0
                         net (fo=1, routed)           0.497     9.390    pll_adc_clk
    BUFGCTRL_X0Y0        BUFG (Prop_bufg_I_O)         0.026     9.416 r  bufg_adc_clk/O
                         net (fo=4352, routed)        0.578     9.993    adc_clk
    ILOGIC_X0Y32         FDRE                                         r  adc_dat_raw_reg[0][12]/C
                         clock pessimism              0.000     9.993    
                         clock uncertainty           -0.166     9.827    
    ILOGIC_X0Y32         FDRE (Setup_fdre_C_D)       -0.001     9.826    adc_dat_raw_reg[0][12]
  -------------------------------------------------------------------
                         required time                          9.826    
                         arrival time                          -3.831    
  -------------------------------------------------------------------
                         slack                                  5.995    

Slack (MET) :             6.009ns  (required time - arrival time)
  Source:                 adc_dat_i[0][10]
                            (input port clocked by adc_clk  {rise@0.000ns fall@4.000ns period=8.000ns})
  Destination:            adc_dat_raw_reg[0][8]/D
                            (rising edge-triggered cell FDRE clocked by pll_adc_clk  {rise@0.000ns fall@4.000ns period=8.000ns})
  Path Group:             pll_adc_clk
  Path Type:              Setup (Max at Fast Process Corner)
  Requirement:            8.000ns  (pll_adc_clk rise@8.000ns - adc_clk rise@0.000ns)
  Data Path Delay:        0.422ns  (logic 0.422ns (100.000%)  route 0.000ns (0.000%))
  Logic Levels:           1  (IBUF=1)
  Input Delay:            3.400ns
  Clock Path Skew:        1.997ns (DCD - SCD + CPR)
    Destination Clock Delay (DCD):    1.997ns = ( 9.997 - 8.000 ) 
    Source Clock Delay      (SCD):    0.000ns
    Clock Pessimism Removal (CPR):    0.000ns
  Clock Uncertainty:      0.166ns  ((TSJ^2 + DJ^2)^1/2) / 2 + PE
    Total System Jitter     (TSJ):    0.071ns
    Discrete Jitter          (DJ):    0.118ns
    Phase Error              (PE):    0.097ns

    Location             Delay type                Incr(ns)  Path(ns)    Netlist Resource(s)
  -------------------------------------------------------------------    -------------------
                         (clock adc_clk rise edge)    0.000     0.000 r  
                         input delay                  3.400     3.400    
    V13                                               0.000     3.400 r  adc_dat_i[0][10] (IN)
                         net (fo=0)                   0.000     3.400    adc_dat_i[0][10]
    V13                  IBUF (Prop_ibuf_I_O)         0.422     3.822 r  adc_dat_raw_reg[0][8]_i_1/O
                         net (fo=1, routed)           0.000     3.822    adc_dat_raw_reg[0][8]_i_1_n_0
    ILOGIC_X0Y43         FDRE                                         r  adc_dat_raw_reg[0][8]/D
  -------------------------------------------------------------------    -------------------

                         (clock pll_adc_clk rise edge)
                                                      8.000     8.000 r  
    U18                                               0.000     8.000 r  adc_clk_i[1] (IN)
                         net (fo=0)                   0.000     8.000    adc_clk_i[1]
    U18                  IBUFDS (Prop_ibufds_I_O)     0.401     8.401 r  i_clk/O
                         net (fo=1, routed)           0.440     8.842    pll/adc_clk_in
    PLLE2_ADV_X0Y0       PLLE2_ADV (Prop_plle2_adv_CLKIN1_CLKOUT0)
                                                      0.051     8.893 r  pll/pll/CLKOUT0
                         net (fo=1, routed)           0.497     9.390    pll_adc_clk
    BUFGCTRL_X0Y0        BUFG (Prop_bufg_I_O)         0.026     9.416 r  bufg_adc_clk/O
                         net (fo=4352, routed)        0.582     9.997    adc_clk
    ILOGIC_X0Y43         FDRE                                         r  adc_dat_raw_reg[0][8]/C
                         clock pessimism              0.000     9.997    
                         clock uncertainty           -0.166     9.831    
    ILOGIC_X0Y43         FDRE (Setup_fdre_C_D)       -0.001     9.830    adc_dat_raw_reg[0][8]
  -------------------------------------------------------------------
                         required time                          9.830    
                         arrival time                          -3.822    
  -------------------------------------------------------------------
                         slack                                  6.009    





Min Delay Paths
--------------------------------------------------------------------------------------
Slack (VIOLATED) :        -2.163ns  (arrival time - required time)
  Source:                 adc_dat_i[1][3]
                            (input port clocked by adc_clk  {rise@0.000ns fall@4.000ns period=8.000ns})
  Destination:            adc_dat_raw_reg[1][1]/D
                            (rising edge-triggered cell FDRE clocked by pll_adc_clk  {rise@0.000ns fall@4.000ns period=8.000ns})
  Path Group:             pll_adc_clk
  Path Type:              Hold (Min at Slow Process Corner)
  Requirement:            0.000ns  (pll_adc_clk rise@0.000ns - adc_clk rise@0.000ns)
  Data Path Delay:        0.805ns  (logic 0.805ns (100.000%)  route 0.000ns (0.000%))
  Logic Levels:           1  (IBUF=1)
  Input Delay:            3.400ns
  Clock Path Skew:        6.011ns (DCD - SCD - CPR)
    Destination Clock Delay (DCD):    6.011ns
    Source Clock Delay      (SCD):    0.000ns
    Clock Pessimism Removal (CPR):    -0.000ns
  Clock Uncertainty:      0.166ns  ((TSJ^2 + DJ^2)^1/2) / 2 + PE
    Total System Jitter     (TSJ):    0.071ns
    Discrete Jitter          (DJ):    0.118ns
    Phase Error              (PE):    0.097ns

    Location             Delay type                Incr(ns)  Path(ns)    Netlist Resource(s)
  -------------------------------------------------------------------    -------------------
                         (clock adc_clk rise edge)    0.000     0.000 r  
                         input delay                  3.400     3.400    
    P16                                               0.000     3.400 r  adc_dat_i[1][3] (IN)
                         net (fo=0)                   0.000     3.400    adc_dat_i[1][3]
    P16                  IBUF (Prop_ibuf_I_O)         0.805     4.205 r  adc_dat_raw_reg[1][1]_i_1/O
                         net (fo=1, routed)           0.000     4.205    adc_dat_raw_reg[1][1]_i_1_n_0
    ILOGIC_X0Y1          FDRE                                         r  adc_dat_raw_reg[1][1]/D
  -------------------------------------------------------------------    -------------------

                         (clock pll_adc_clk rise edge)
                                                      0.000     0.000 r  
    U18                                               0.000     0.000 r  adc_clk_i[1] (IN)
                         net (fo=0)                   0.000     0.000    adc_clk_i[1]
    U18                  IBUFDS (Prop_ibufds_I_O)     0.983     0.983 r  i_clk/O
                         net (fo=1, routed)           1.306     2.289    pll/adc_clk_in
    PLLE2_ADV_X0Y0       PLLE2_ADV (Prop_plle2_adv_CLKIN1_CLKOUT0)
                                                      0.089     2.378 r  pll/pll/CLKOUT0
                         net (fo=1, routed)           1.754     4.132    pll_adc_clk
    BUFGCTRL_X0Y0        BUFG (Prop_bufg_I_O)         0.101     4.233 r  bufg_adc_clk/O
                         net (fo=4352, routed)        1.777     6.011    adc_clk
    ILOGIC_X0Y1          FDRE                                         r  adc_dat_raw_reg[1][1]/C
                         clock pessimism              0.000     6.011    
                         clock uncertainty            0.166     6.176    
    ILOGIC_X0Y1          FDRE (Hold_fdre_C_D)         0.192     6.368    adc_dat_raw_reg[1][1]
  -------------------------------------------------------------------
                         required time                         -6.368    
                         arrival time                           4.205    
  -------------------------------------------------------------------
                         slack                                 -2.163    

Slack (VIOLATED) :        -2.154ns  (arrival time - required time)
  Source:                 adc_dat_i[1][2]
                            (input port clocked by adc_clk  {rise@0.000ns fall@4.000ns period=8.000ns})
  Destination:            adc_dat_raw_reg[1][0]/D
                            (rising edge-triggered cell FDRE clocked by pll_adc_clk  {rise@0.000ns fall@4.000ns period=8.000ns})
  Path Group:             pll_adc_clk
  Path Type:              Hold (Min at Slow Process Corner)
  Requirement:            0.000ns  (pll_adc_clk rise@0.000ns - adc_clk rise@0.000ns)
  Data Path Delay:        0.811ns  (logic 0.811ns (100.000%)  route 0.000ns (0.000%))
  Logic Levels:           1  (IBUF=1)
  Input Delay:            3.400ns
  Clock Path Skew:        6.007ns (DCD - SCD - CPR)
    Destination Clock Delay (DCD):    6.007ns
    Source Clock Delay      (SCD):    0.000ns
    Clock Pessimism Removal (CPR):    -0.000ns
  Clock Uncertainty:      0.166ns  ((TSJ^2 + DJ^2)^1/2) / 2 + PE
    Total System Jitter     (TSJ):    0.071ns
    Discrete Jitter          (DJ):    0.118ns
    Phase Error              (PE):    0.097ns

    Location             Delay type                Incr(ns)  Path(ns)    Netlist Resource(s)
  -------------------------------------------------------------------    -------------------
                         (clock adc_clk rise edge)    0.000     0.000 r  
                         input delay                  3.400     3.400    
    R18                                               0.000     3.400 r  adc_dat_i[1][2] (IN)
                         net (fo=0)                   0.000     3.400    adc_dat_i[1][2]
    R18                  IBUF (Prop_ibuf_I_O)         0.811     4.211 r  adc_dat_raw_reg[1][0]_i_1/O
                         net (fo=1, routed)           0.000     4.211    adc_dat_raw_reg[1][0]_i_1_n_0
    ILOGIC_X0Y9          FDRE                                         r  adc_dat_raw_reg[1][0]/D
  -------------------------------------------------------------------    -------------------

                         (clock pll_adc_clk rise edge)
                                                      0.000     0.000 r  
    U18                                               0.000     0.000 r  adc_clk_i[1] (IN)
                         net (fo=0)                   0.000     0.000    adc_clk_i[1]
    U18                  IBUFDS (Prop_ibufds_I_O)     0.983     0.983 r  i_clk/O
                         net (fo=1, routed)           1.306     2.289    pll/adc_clk_in
    PLLE2_ADV_X0Y0       PLLE2_ADV (Prop_plle2_adv_CLKIN1_CLKOUT0)
                                                      0.089     2.378 r  pll/pll/CLKOUT0
                         net (fo=1, routed)           1.754     4.132    pll_adc_clk
    BUFGCTRL_X0Y0        BUFG (Prop_bufg_I_O)         0.101     4.233 r  bufg_adc_clk/O
                         net (fo=4352, routed)        1.773     6.007    adc_clk
    ILOGIC_X0Y9          FDRE                                         r  adc_dat_raw_reg[1][0]/C
                         clock pessimism              0.000     6.007    
                         clock uncertainty            0.166     6.172    
    ILOGIC_X0Y9          FDRE (Hold_fdre_C_D)         0.192     6.364    adc_dat_raw_reg[1][0]
  -------------------------------------------------------------------
                         required time                         -6.364    
                         arrival time                           4.211    
  -------------------------------------------------------------------
                         slack                                 -2.154    

Slack (VIOLATED) :        -2.152ns  (arrival time - required time)
  Source:                 adc_dat_i[1][8]
                            (input port clocked by adc_clk  {rise@0.000ns fall@4.000ns period=8.000ns})
  Destination:            adc_dat_raw_reg[1][6]/D
                            (rising edge-triggered cell FDRE clocked by pll_adc_clk  {rise@0.000ns fall@4.000ns period=8.000ns})
  Path Group:             pll_adc_clk
  Path Type:              Hold (Min at Slow Process Corner)
  Requirement:            0.000ns  (pll_adc_clk rise@0.000ns - adc_clk rise@0.000ns)
  Data Path Delay:        0.816ns  (logic 0.816ns (100.000%)  route 0.000ns (0.000%))
  Logic Levels:           1  (IBUF=1)
  Input Delay:            3.400ns
  Clock Path Skew:        6.011ns (DCD - SCD - CPR)
    Destination Clock Delay (DCD):    6.011ns
    Source Clock Delay      (SCD):    0.000ns
    Clock Pessimism Removal (CPR):    -0.000ns
  Clock Uncertainty:      0.166ns  ((TSJ^2 + DJ^2)^1/2) / 2 + PE
    Total System Jitter     (TSJ):    0.071ns
    Discrete Jitter          (DJ):    0.118ns
    Phase Error              (PE):    0.097ns

    Location             Delay type                Incr(ns)  Path(ns)    Netlist Resource(s)
  -------------------------------------------------------------------    -------------------
                         (clock adc_clk rise edge)    0.000     0.000 r  
                         input delay                  3.400     3.400    
    T19                                               0.000     3.400 r  adc_dat_i[1][8] (IN)
                         net (fo=0)                   0.000     3.400    adc_dat_i[1][8]
    T19                  IBUF (Prop_ibuf_I_O)         0.816     4.216 r  adc_dat_raw_reg[1][6]_i_1/O
                         net (fo=1, routed)           0.000     4.216    adc_dat_raw_reg[1][6]_i_1_n_0
    ILOGIC_X0Y0          FDRE                                         r  adc_dat_raw_reg[1][6]/D
  -------------------------------------------------------------------    -------------------

                         (clock pll_adc_clk rise edge)
                                                      0.000     0.000 r  
    U18                                               0.000     0.000 r  adc_clk_i[1] (IN)
                         net (fo=0)                   0.000     0.000    adc_clk_i[1]
    U18                  IBUFDS (Prop_ibufds_I_O)     0.983     0.983 r  i_clk/O
                         net (fo=1, routed)           1.306     2.289    pll/adc_clk_in
    PLLE2_ADV_X0Y0       PLLE2_ADV (Prop_plle2_adv_CLKIN1_CLKOUT0)
                                                      0.089     2.378 r  pll/pll/CLKOUT0
                         net (fo=1, routed)           1.754     4.132    pll_adc_clk
    BUFGCTRL_X0Y0        BUFG (Prop_bufg_I_O)         0.101     4.233 r  bufg_adc_clk/O
                         net (fo=4352, routed)        1.777     6.011    adc_clk
    ILOGIC_X0Y0          FDRE                                         r  adc_dat_raw_reg[1][6]/C
                         clock pessimism              0.000     6.011    
                         clock uncertainty            0.166     6.176    
    ILOGIC_X0Y0          FDRE (Hold_fdre_C_D)         0.192     6.368    adc_dat_raw_reg[1][6]
  -------------------------------------------------------------------
                         required time                         -6.368    
                         arrival time                           4.216    
  -------------------------------------------------------------------
                         slack                                 -2.152    

Slack (VIOLATED) :        -2.142ns  (arrival time - required time)
  Source:                 adc_dat_i[1][12]
                            (input port clocked by adc_clk  {rise@0.000ns fall@4.000ns period=8.000ns})
  Destination:            adc_dat_raw_reg[1][10]/D
                            (rising edge-triggered cell FDRE clocked by pll_adc_clk  {rise@0.000ns fall@4.000ns period=8.000ns})
  Path Group:             pll_adc_clk
  Path Type:              Hold (Min at Slow Process Corner)
  Requirement:            0.000ns  (pll_adc_clk rise@0.000ns - adc_clk rise@0.000ns)
  Data Path Delay:        0.823ns  (logic 0.823ns (100.000%)  route 0.000ns (0.000%))
  Logic Levels:           1  (IBUF=1)
  Input Delay:            3.400ns
  Clock Path Skew:        6.008ns (DCD - SCD - CPR)
    Destination Clock Delay (DCD):    6.008ns
    Source Clock Delay      (SCD):    0.000ns
    Clock Pessimism Removal (CPR):    -0.000ns
  Clock Uncertainty:      0.166ns  ((TSJ^2 + DJ^2)^1/2) / 2 + PE
    Total System Jitter     (TSJ):    0.071ns
    Discrete Jitter          (DJ):    0.118ns
    Phase Error              (PE):    0.097ns

    Location             Delay type                Incr(ns)  Path(ns)    Netlist Resource(s)
  -------------------------------------------------------------------    -------------------
                         (clock adc_clk rise edge)    0.000     0.000 r  
                         input delay                  3.400     3.400    
    W19                                               0.000     3.400 r  adc_dat_i[1][12] (IN)
                         net (fo=0)                   0.000     3.400    adc_dat_i[1][12]
    W19                  IBUF (Prop_ibuf_I_O)         0.823     4.223 r  adc_dat_raw_reg[1][10]_i_1/O
                         net (fo=1, routed)           0.000     4.223    adc_dat_raw_reg[1][10]_i_1_n_0
    ILOGIC_X0Y5          FDRE                                         r  adc_dat_raw_reg[1][10]/D
  -------------------------------------------------------------------    -------------------

                         (clock pll_adc_clk rise edge)
                                                      0.000     0.000 r  
    U18                                               0.000     0.000 r  adc_clk_i[1] (IN)
                         net (fo=0)                   0.000     0.000    adc_clk_i[1]
    U18                  IBUFDS (Prop_ibufds_I_O)     0.983     0.983 r  i_clk/O
                         net (fo=1, routed)           1.306     2.289    pll/adc_clk_in
    PLLE2_ADV_X0Y0       PLLE2_ADV (Prop_plle2_adv_CLKIN1_CLKOUT0)
                                                      0.089     2.378 r  pll/pll/CLKOUT0
                         net (fo=1, routed)           1.754     4.132    pll_adc_clk
    BUFGCTRL_X0Y0        BUFG (Prop_bufg_I_O)         0.101     4.233 r  bufg_adc_clk/O
                         net (fo=4352, routed)        1.774     6.008    adc_clk
    ILOGIC_X0Y5          FDRE                                         r  adc_dat_raw_reg[1][10]/C
                         clock pessimism              0.000     6.008    
                         clock uncertainty            0.166     6.173    
    ILOGIC_X0Y5          FDRE (Hold_fdre_C_D)         0.192     6.365    adc_dat_raw_reg[1][10]
  -------------------------------------------------------------------
                         required time                         -6.365    
                         arrival time                           4.223    
  -------------------------------------------------------------------
                         slack                                 -2.142    

Slack (VIOLATED) :        -2.141ns  (arrival time - required time)
  Source:                 adc_dat_i[1][14]
                            (input port clocked by adc_clk  {rise@0.000ns fall@4.000ns period=8.000ns})
  Destination:            adc_dat_raw_reg[1][12]/D
                            (rising edge-triggered cell FDRE clocked by pll_adc_clk  {rise@0.000ns fall@4.000ns period=8.000ns})
  Path Group:             pll_adc_clk
  Path Type:              Hold (Min at Slow Process Corner)
  Requirement:            0.000ns  (pll_adc_clk rise@0.000ns - adc_clk rise@0.000ns)
  Data Path Delay:        0.824ns  (logic 0.824ns (100.000%)  route 0.000ns (0.000%))
  Logic Levels:           1  (IBUF=1)
  Input Delay:            3.400ns
  Clock Path Skew:        6.008ns (DCD - SCD - CPR)
    Destination Clock Delay (DCD):    6.008ns
    Source Clock Delay      (SCD):    0.000ns
    Clock Pessimism Removal (CPR):    -0.000ns
  Clock Uncertainty:      0.166ns  ((TSJ^2 + DJ^2)^1/2) / 2 + PE
    Total System Jitter     (TSJ):    0.071ns
    Discrete Jitter          (DJ):    0.118ns
    Phase Error              (PE):    0.097ns

    Location             Delay type                Incr(ns)  Path(ns)    Netlist Resource(s)
  -------------------------------------------------------------------    -------------------
                         (clock adc_clk rise edge)    0.000     0.000 r  
                         input delay                  3.400     3.400    
    W18                                               0.000     3.400 r  adc_dat_i[1][14] (IN)
                         net (fo=0)                   0.000     3.400    adc_dat_i[1][14]
    W18                  IBUF (Prop_ibuf_I_O)         0.824     4.224 r  adc_dat_raw_reg[1][12]_i_1/O
                         net (fo=1, routed)           0.000     4.224    adc_dat_raw_reg[1][12]_i_1_n_0
    ILOGIC_X0Y6          FDRE                                         r  adc_dat_raw_reg[1][12]/D
  -------------------------------------------------------------------    -------------------

                         (clock pll_adc_clk rise edge)
                                                      0.000     0.000 r  
    U18                                               0.000     0.000 r  adc_clk_i[1] (IN)
                         net (fo=0)                   0.000     0.000    adc_clk_i[1]
    U18                  IBUFDS (Prop_ibufds_I_O)     0.983     0.983 r  i_clk/O
                         net (fo=1, routed)           1.306     2.289    pll/adc_clk_in
    PLLE2_ADV_X0Y0       PLLE2_ADV (Prop_plle2_adv_CLKIN1_CLKOUT0)
                                                      0.089     2.378 r  pll/pll/CLKOUT0
                         net (fo=1, routed)           1.754     4.132    pll_adc_clk
    BUFGCTRL_X0Y0        BUFG (Prop_bufg_I_O)         0.101     4.233 r  bufg_adc_clk/O
                         net (fo=4352, routed)        1.774     6.008    adc_clk
    ILOGIC_X0Y6          FDRE                                         r  adc_dat_raw_reg[1][12]/C
                         clock pessimism              0.000     6.008    
                         clock uncertainty            0.166     6.173    
    ILOGIC_X0Y6          FDRE (Hold_fdre_C_D)         0.192     6.365    adc_dat_raw_reg[1][12]
  -------------------------------------------------------------------
                         required time                         -6.365    
                         arrival time                           4.224    
  -------------------------------------------------------------------
                         slack                                 -2.141    

Slack (VIOLATED) :        -2.139ns  (arrival time - required time)
  Source:                 adc_dat_i[0][15]
                            (input port clocked by adc_clk  {rise@0.000ns fall@4.000ns period=8.000ns})
  Destination:            adc_dat_raw_reg[0][13]/D
                            (rising edge-triggered cell FDRE clocked by pll_adc_clk  {rise@0.000ns fall@4.000ns period=8.000ns})
  Path Group:             pll_adc_clk
  Path Type:              Hold (Min at Slow Process Corner)
  Requirement:            0.000ns  (pll_adc_clk rise@0.000ns - adc_clk rise@0.000ns)
  Data Path Delay:        0.823ns  (logic 0.823ns (100.000%)  route 0.000ns (0.000%))
  Logic Levels:           1  (IBUF=1)
  Input Delay:            3.400ns
  Clock Path Skew:        6.004ns (DCD - SCD - CPR)
    Destination Clock Delay (DCD):    6.004ns
    Source Clock Delay      (SCD):    0.000ns
    Clock Pessimism Removal (CPR):    -0.000ns
  Clock Uncertainty:      0.166ns  ((TSJ^2 + DJ^2)^1/2) / 2 + PE
    Total System Jitter     (TSJ):    0.071ns
    Discrete Jitter          (DJ):    0.118ns
    Phase Error              (PE):    0.097ns

    Location             Delay type                Incr(ns)  Path(ns)    Netlist Resource(s)
  -------------------------------------------------------------------    -------------------
                         (clock adc_clk rise edge)    0.000     0.000 r  
                         input delay                  3.400     3.400    
    V16                                               0.000     3.400 r  adc_dat_i[0][15] (IN)
                         net (fo=0)                   0.000     3.400    adc_dat_i[0][15]
    V16                  IBUF (Prop_ibuf_I_O)         0.823     4.223 r  adc_dat_raw_reg[0][13]_i_1/O
                         net (fo=1, routed)           0.000     4.223    adc_dat_raw_reg[0][13]_i_1_n_0
    ILOGIC_X0Y14         FDRE                                         r  adc_dat_raw_reg[0][13]/D
  -------------------------------------------------------------------    -------------------

                         (clock pll_adc_clk rise edge)
                                                      0.000     0.000 r  
    U18                                               0.000     0.000 r  adc_clk_i[1] (IN)
                         net (fo=0)                   0.000     0.000    adc_clk_i[1]
    U18                  IBUFDS (Prop_ibufds_I_O)     0.983     0.983 r  i_clk/O
                         net (fo=1, routed)           1.306     2.289    pll/adc_clk_in
    PLLE2_ADV_X0Y0       PLLE2_ADV (Prop_plle2_adv_CLKIN1_CLKOUT0)
                                                      0.089     2.378 r  pll/pll/CLKOUT0
                         net (fo=1, routed)           1.754     4.132    pll_adc_clk
    BUFGCTRL_X0Y0        BUFG (Prop_bufg_I_O)         0.101     4.233 r  bufg_adc_clk/O
                         net (fo=4352, routed)        1.770     6.004    adc_clk
    ILOGIC_X0Y14         FDRE                                         r  adc_dat_raw_reg[0][13]/C
                         clock pessimism              0.000     6.004    
                         clock uncertainty            0.166     6.169    
    ILOGIC_X0Y14         FDRE (Hold_fdre_C_D)         0.192     6.361    adc_dat_raw_reg[0][13]
  -------------------------------------------------------------------
                         required time                         -6.361    
                         arrival time                           4.223    
  -------------------------------------------------------------------
                         slack                                 -2.139    

Slack (VIOLATED) :        -2.134ns  (arrival time - required time)
  Source:                 adc_dat_i[0][3]
                            (input port clocked by adc_clk  {rise@0.000ns fall@4.000ns period=8.000ns})
  Destination:            adc_dat_raw_reg[0][1]/D
                            (rising edge-triggered cell FDRE clocked by pll_adc_clk  {rise@0.000ns fall@4.000ns period=8.000ns})
  Path Group:             pll_adc_clk
  Path Type:              Hold (Min at Slow Process Corner)
  Requirement:            0.000ns  (pll_adc_clk rise@0.000ns - adc_clk rise@0.000ns)
  Data Path Delay:        0.828ns  (logic 0.828ns (100.000%)  route 0.000ns (0.000%))
  Logic Levels:           1  (IBUF=1)
  Input Delay:            3.400ns
  Clock Path Skew:        6.004ns (DCD - SCD - CPR)
    Destination Clock Delay (DCD):    6.004ns
    Source Clock Delay      (SCD):    0.000ns
    Clock Pessimism Removal (CPR):    -0.000ns
  Clock Uncertainty:      0.166ns  ((TSJ^2 + DJ^2)^1/2) / 2 + PE
    Total System Jitter     (TSJ):    0.071ns
    Discrete Jitter          (DJ):    0.118ns
    Phase Error              (PE):    0.097ns

    Location             Delay type                Incr(ns)  Path(ns)    Netlist Resource(s)
  -------------------------------------------------------------------    -------------------
                         (clock adc_clk rise edge)    0.000     0.000 r  
                         input delay                  3.400     3.400    
    W16                                               0.000     3.400 r  adc_dat_i[0][3] (IN)
                         net (fo=0)                   0.000     3.400    adc_dat_i[0][3]
    W16                  IBUF (Prop_ibuf_I_O)         0.828     4.228 r  adc_dat_raw_reg[0][1]_i_1/O
                         net (fo=1, routed)           0.000     4.228    adc_dat_raw_reg[0][1]_i_1_n_0
    ILOGIC_X0Y13         FDRE                                         r  adc_dat_raw_reg[0][1]/D
  -------------------------------------------------------------------    -------------------

                         (clock pll_adc_clk rise edge)
                                                      0.000     0.000 r  
    U18                                               0.000     0.000 r  adc_clk_i[1] (IN)
                         net (fo=0)                   0.000     0.000    adc_clk_i[1]
    U18                  IBUFDS (Prop_ibufds_I_O)     0.983     0.983 r  i_clk/O
                         net (fo=1, routed)           1.306     2.289    pll/adc_clk_in
    PLLE2_ADV_X0Y0       PLLE2_ADV (Prop_plle2_adv_CLKIN1_CLKOUT0)
                                                      0.089     2.378 r  pll/pll/CLKOUT0
                         net (fo=1, routed)           1.754     4.132    pll_adc_clk
    BUFGCTRL_X0Y0        BUFG (Prop_bufg_I_O)         0.101     4.233 r  bufg_adc_clk/O
                         net (fo=4352, routed)        1.770     6.004    adc_clk
    ILOGIC_X0Y13         FDRE                                         r  adc_dat_raw_reg[0][1]/C
                         clock pessimism              0.000     6.004    
                         clock uncertainty            0.166     6.169    
    ILOGIC_X0Y13         FDRE (Hold_fdre_C_D)         0.192     6.361    adc_dat_raw_reg[0][1]
  -------------------------------------------------------------------
                         required time                         -6.361    
                         arrival time                           4.228    
  -------------------------------------------------------------------
                         slack                                 -2.134    

Slack (VIOLATED) :        -2.129ns  (arrival time - required time)
  Source:                 adc_dat_i[1][4]
                            (input port clocked by adc_clk  {rise@0.000ns fall@4.000ns period=8.000ns})
  Destination:            adc_dat_raw_reg[1][2]/D
                            (rising edge-triggered cell FDRE clocked by pll_adc_clk  {rise@0.000ns fall@4.000ns period=8.000ns})
  Path Group:             pll_adc_clk
  Path Type:              Hold (Min at Slow Process Corner)
  Requirement:            0.000ns  (pll_adc_clk rise@0.000ns - adc_clk rise@0.000ns)
  Data Path Delay:        0.838ns  (logic 0.838ns (100.000%)  route 0.000ns (0.000%))
  Logic Levels:           1  (IBUF=1)
  Input Delay:            3.400ns
  Clock Path Skew:        6.010ns (DCD - SCD - CPR)
    Destination Clock Delay (DCD):    6.010ns
    Source Clock Delay      (SCD):    0.000ns
    Clock Pessimism Removal (CPR):    -0.000ns
  Clock Uncertainty:      0.166ns  ((TSJ^2 + DJ^2)^1/2) / 2 + PE
    Total System Jitter     (TSJ):    0.071ns
    Discrete Jitter          (DJ):    0.118ns
    Phase Error              (PE):    0.097ns

    Location             Delay type                Incr(ns)  Path(ns)    Netlist Resource(s)
  -------------------------------------------------------------------    -------------------
                         (clock adc_clk rise edge)    0.000     0.000 r  
                         input delay                  3.400     3.400    
    P18                                               0.000     3.400 r  adc_dat_i[1][4] (IN)
                         net (fo=0)                   0.000     3.400    adc_dat_i[1][4]
    P18                  IBUF (Prop_ibuf_I_O)         0.838     4.238 r  adc_dat_raw_reg[1][2]_i_1/O
                         net (fo=1, routed)           0.000     4.238    adc_dat_raw_reg[1][2]_i_1_n_0
    ILOGIC_X0Y3          FDRE                                         r  adc_dat_raw_reg[1][2]/D
  -------------------------------------------------------------------    -------------------

                         (clock pll_adc_clk rise edge)
                                                      0.000     0.000 r  
    U18                                               0.000     0.000 r  adc_clk_i[1] (IN)
                         net (fo=0)                   0.000     0.000    adc_clk_i[1]
    U18                  IBUFDS (Prop_ibufds_I_O)     0.983     0.983 r  i_clk/O
                         net (fo=1, routed)           1.306     2.289    pll/adc_clk_in
    PLLE2_ADV_X0Y0       PLLE2_ADV (Prop_plle2_adv_CLKIN1_CLKOUT0)
                                                      0.089     2.378 r  pll/pll/CLKOUT0
                         net (fo=1, routed)           1.754     4.132    pll_adc_clk
    BUFGCTRL_X0Y0        BUFG (Prop_bufg_I_O)         0.101     4.233 r  bufg_adc_clk/O
                         net (fo=4352, routed)        1.776     6.010    adc_clk
    ILOGIC_X0Y3          FDRE                                         r  adc_dat_raw_reg[1][2]/C
                         clock pessimism              0.000     6.010    
                         clock uncertainty            0.166     6.175    
    ILOGIC_X0Y3          FDRE (Hold_fdre_C_D)         0.192     6.367    adc_dat_raw_reg[1][2]
  -------------------------------------------------------------------
                         required time                         -6.367    
                         arrival time                           4.238    
  -------------------------------------------------------------------
                         slack                                 -2.129    

Slack (VIOLATED) :        -2.123ns  (arrival time - required time)
  Source:                 adc_dat_i[1][9]
                            (input port clocked by adc_clk  {rise@0.000ns fall@4.000ns period=8.000ns})
  Destination:            adc_dat_raw_reg[1][7]/D
                            (rising edge-triggered cell FDRE clocked by pll_adc_clk  {rise@0.000ns fall@4.000ns period=8.000ns})
  Path Group:             pll_adc_clk
  Path Type:              Hold (Min at Slow Process Corner)
  Requirement:            0.000ns  (pll_adc_clk rise@0.000ns - adc_clk rise@0.000ns)
  Data Path Delay:        0.830ns  (logic 0.830ns (100.000%)  route 0.000ns (0.000%))
  Logic Levels:           1  (IBUF=1)
  Input Delay:            3.400ns
  Clock Path Skew:        5.996ns (DCD - SCD - CPR)
    Destination Clock Delay (DCD):    5.996ns
    Source Clock Delay      (SCD):    0.000ns
    Clock Pessimism Removal (CPR):    -0.000ns
  Clock Uncertainty:      0.166ns  ((TSJ^2 + DJ^2)^1/2) / 2 + PE
    Total System Jitter     (TSJ):    0.071ns
    Discrete Jitter          (DJ):    0.118ns
    Phase Error              (PE):    0.097ns

    Location             Delay type                Incr(ns)  Path(ns)    Netlist Resource(s)
  -------------------------------------------------------------------    -------------------
                         (clock adc_clk rise edge)    0.000     0.000 r  
                         input delay                  3.400     3.400    
    U20                                               0.000     3.400 r  adc_dat_i[1][9] (IN)
                         net (fo=0)                   0.000     3.400    adc_dat_i[1][9]
    U20                  IBUF (Prop_ibuf_I_O)         0.830     4.230 r  adc_dat_raw_reg[1][7]_i_1/O
                         net (fo=1, routed)           0.000     4.230    adc_dat_raw_reg[1][7]_i_1_n_0
    ILOGIC_X0Y19         FDRE                                         r  adc_dat_raw_reg[1][7]/D
  -------------------------------------------------------------------    -------------------

                         (clock pll_adc_clk rise edge)
                                                      0.000     0.000 r  
    U18                                               0.000     0.000 r  adc_clk_i[1] (IN)
                         net (fo=0)                   0.000     0.000    adc_clk_i[1]
    U18                  IBUFDS (Prop_ibufds_I_O)     0.983     0.983 r  i_clk/O
                         net (fo=1, routed)           1.306     2.289    pll/adc_clk_in
    PLLE2_ADV_X0Y0       PLLE2_ADV (Prop_plle2_adv_CLKIN1_CLKOUT0)
                                                      0.089     2.378 r  pll/pll/CLKOUT0
                         net (fo=1, routed)           1.754     4.132    pll_adc_clk
    BUFGCTRL_X0Y0        BUFG (Prop_bufg_I_O)         0.101     4.233 r  bufg_adc_clk/O
                         net (fo=4352, routed)        1.762     5.996    adc_clk
    ILOGIC_X0Y19         FDRE                                         r  adc_dat_raw_reg[1][7]/C
                         clock pessimism              0.000     5.996    
                         clock uncertainty            0.166     6.161    
    ILOGIC_X0Y19         FDRE (Hold_fdre_C_D)         0.192     6.353    adc_dat_raw_reg[1][7]
  -------------------------------------------------------------------
                         required time                         -6.353    
                         arrival time                           4.230    
  -------------------------------------------------------------------
                         slack                                 -2.123    

Slack (VIOLATED) :        -2.120ns  (arrival time - required time)
  Source:                 adc_dat_i[1][5]
                            (input port clocked by adc_clk  {rise@0.000ns fall@4.000ns period=8.000ns})
  Destination:            adc_dat_raw_reg[1][3]/D
                            (rising edge-triggered cell FDRE clocked by pll_adc_clk  {rise@0.000ns fall@4.000ns period=8.000ns})
  Path Group:             pll_adc_clk
  Path Type:              Hold (Min at Slow Process Corner)
  Requirement:            0.000ns  (pll_adc_clk rise@0.000ns - adc_clk rise@0.000ns)
  Data Path Delay:        0.847ns  (logic 0.847ns (100.000%)  route 0.000ns (0.000%))
  Logic Levels:           1  (IBUF=1)
  Input Delay:            3.400ns
  Clock Path Skew:        6.010ns (DCD - SCD - CPR)
    Destination Clock Delay (DCD):    6.010ns
    Source Clock Delay      (SCD):    0.000ns
    Clock Pessimism Removal (CPR):    -0.000ns
  Clock Uncertainty:      0.166ns  ((TSJ^2 + DJ^2)^1/2) / 2 + PE
    Total System Jitter     (TSJ):    0.071ns
    Discrete Jitter          (DJ):    0.118ns
    Phase Error              (PE):    0.097ns

    Location             Delay type                Incr(ns)  Path(ns)    Netlist Resource(s)
  -------------------------------------------------------------------    -------------------
                         (clock adc_clk rise edge)    0.000     0.000 r  
                         input delay                  3.400     3.400    
    N17                                               0.000     3.400 r  adc_dat_i[1][5] (IN)
                         net (fo=0)                   0.000     3.400    adc_dat_i[1][5]
    N17                  IBUF (Prop_ibuf_I_O)         0.847     4.247 r  adc_dat_raw_reg[1][3]_i_1/O
                         net (fo=1, routed)           0.000     4.247    adc_dat_raw_reg[1][3]_i_1_n_0
    ILOGIC_X0Y4          FDRE                                         r  adc_dat_raw_reg[1][3]/D
  -------------------------------------------------------------------    -------------------

                         (clock pll_adc_clk rise edge)
                                                      0.000     0.000 r  
    U18                                               0.000     0.000 r  adc_clk_i[1] (IN)
                         net (fo=0)                   0.000     0.000    adc_clk_i[1]
    U18                  IBUFDS (Prop_ibufds_I_O)     0.983     0.983 r  i_clk/O
                         net (fo=1, routed)           1.306     2.289    pll/adc_clk_in
    PLLE2_ADV_X0Y0       PLLE2_ADV (Prop_plle2_adv_CLKIN1_CLKOUT0)
                                                      0.089     2.378 r  pll/pll/CLKOUT0
                         net (fo=1, routed)           1.754     4.132    pll_adc_clk
    BUFGCTRL_X0Y0        BUFG (Prop_bufg_I_O)         0.101     4.233 r  bufg_adc_clk/O
                         net (fo=4352, routed)        1.776     6.010    adc_clk
    ILOGIC_X0Y4          FDRE                                         r  adc_dat_raw_reg[1][3]/C
                         clock pessimism              0.000     6.010    
                         clock uncertainty            0.166     6.175    
    ILOGIC_X0Y4          FDRE (Hold_fdre_C_D)         0.192     6.367    adc_dat_raw_reg[1][3]
  -------------------------------------------------------------------
                         required time                         -6.367    
                         arrival time                           4.247    
  -------------------------------------------------------------------
                         slack                                 -2.120    





---------------------------------------------------------------------------------------------------
From Clock:  pll_adc_clk
  To Clock:  pll_dac_clk_1x

Setup :            0  Failing Endpoints,  Worst Slack        3.155ns,  Total Violation        0.000ns
Hold  :            0  Failing Endpoints,  Worst Slack        0.170ns,  Total Violation        0.000ns
---------------------------------------------------------------------------------------------------


Max Delay Paths
--------------------------------------------------------------------------------------
Slack (MET) :             3.155ns  (required time - arrival time)
  Source:                 i_asg/ch[1]/dac_o_reg[5]/C
                            (rising edge-triggered cell FDRE clocked by pll_adc_clk  {rise@0.000ns fall@4.000ns period=8.000ns})
  Destination:            dac_dat_b_reg[2]/D
                            (rising edge-triggered cell FDRE clocked by pll_dac_clk_1x  {rise@0.000ns fall@4.000ns period=8.000ns})
  Path Group:             pll_dac_clk_1x
  Path Type:              Setup (Max at Slow Process Corner)
  Requirement:            8.000ns  (pll_dac_clk_1x rise@8.000ns - pll_adc_clk rise@0.000ns)
  Data Path Delay:        4.421ns  (logic 1.943ns (43.953%)  route 2.478ns (56.047%))
  Logic Levels:           5  (CARRY4=3 LUT2=1 LUT3=1)
  Clock Path Skew:        -0.267ns (DCD - SCD + CPR)
    Destination Clock Delay (DCD):    5.455ns = ( 13.455 - 8.000 ) 
    Source Clock Delay      (SCD):    5.895ns
    Clock Pessimism Removal (CPR):    0.173ns
  Clock Uncertainty:      0.189ns  ((TSJ^2 + DJ^2)^1/2) / 2 + PE
    Total System Jitter     (TSJ):    0.071ns
    Discrete Jitter          (DJ):    0.118ns
    Phase Error              (PE):    0.120ns

    Location             Delay type                Incr(ns)  Path(ns)    Netlist Resource(s)
  -------------------------------------------------------------------    -------------------
                         (clock pll_adc_clk rise edge)
                                                      0.000     0.000 r  
    U18                                               0.000     0.000 r  adc_clk_i[1] (IN)
                         net (fo=0)                   0.000     0.000    adc_clk_i[1]
    U18                  IBUFDS (Prop_ibufds_I_O)     0.983     0.983 r  i_clk/O
                         net (fo=1, routed)           1.306     2.289    pll/adc_clk_in
    PLLE2_ADV_X0Y0       PLLE2_ADV (Prop_plle2_adv_CLKIN1_CLKOUT0)
                                                      0.089     2.378 r  pll/pll/CLKOUT0
                         net (fo=1, routed)           1.754     4.132    pll_adc_clk
    BUFGCTRL_X0Y0        BUFG (Prop_bufg_I_O)         0.101     4.233 r  bufg_adc_clk/O
                         net (fo=4352, routed)        1.662     5.895    i_asg/ch[1]/clk_i
    SLICE_X32Y19         FDRE                                         r  i_asg/ch[1]/dac_o_reg[5]/C
  -------------------------------------------------------------------    -------------------
    SLICE_X32Y19         FDRE (Prop_fdre_C_Q)         0.518     6.413 r  i_asg/ch[1]/dac_o_reg[5]/Q
                         net (fo=2, routed)           0.789     7.202    i_asg/ch[1]/asg_dat[1][5]
    SLICE_X33Y16         LUT2 (Prop_lut2_I0_O)        0.124     7.326 r  i_asg/ch[1]/r01_reg[25]_i_5/O
                         net (fo=1, routed)           0.000     7.326    i_asg/ch[1]/r01_reg[25]_i_5_n_0
    SLICE_X33Y16         CARRY4 (Prop_carry4_S[1]_CO[3])
                                                      0.550     7.876 r  i_asg/ch[1]/r01_reg_reg[25]_i_2/CO[3]
                         net (fo=1, routed)           0.000     7.876    i_asg/ch[1]/r01_reg_reg[25]_i_2_n_0
    SLICE_X33Y17         CARRY4 (Prop_carry4_CI_CO[3])
                                                      0.114     7.990 r  i_asg/ch[1]/r01_reg_reg[29]_i_2/CO[3]
                         net (fo=1, routed)           0.000     7.990    i_asg/ch[1]/r01_reg_reg[29]_i_2_n_0
    SLICE_X33Y18         CARRY4 (Prop_carry4_CI_O[1])
                                                      0.334     8.324 f  i_asg/ch[1]/r01_reg_reg[31]_i_2/O[1]
                         net (fo=26, routed)          1.689    10.013    i_asg_n_198
    SLICE_X36Y18         LUT3 (Prop_lut3_I1_O)        0.303    10.316 r  dac_dat_b[2]_i_1/O
                         net (fo=1, routed)           0.000    10.316    p_1_out[2]
    SLICE_X36Y18         FDRE                                         r  dac_dat_b_reg[2]/D
  -------------------------------------------------------------------    -------------------

                         (clock pll_dac_clk_1x rise edge)
                                                      8.000     8.000 r  
    U18                                               0.000     8.000 r  adc_clk_i[1] (IN)
                         net (fo=0)                   0.000     8.000    adc_clk_i[1]
    U18                  IBUFDS (Prop_ibufds_I_O)     0.940     8.940 r  i_clk/O
                         net (fo=1, routed)           1.181    10.121    pll/adc_clk_in
    PLLE2_ADV_X0Y0       PLLE2_ADV (Prop_plle2_adv_CLKIN1_CLKOUT1)
                                                      0.084    10.205 r  pll/pll/CLKOUT1
                         net (fo=1, routed)           1.594    11.799    pll_dac_clk_1x
    BUFGCTRL_X0Y3        BUFG (Prop_bufg_I_O)         0.091    11.890 r  bufg_dac_clk_1x/O
                         net (fo=77, routed)          1.565    13.455    dac_clk_1x
    SLICE_X36Y18         FDRE                                         r  dac_dat_b_reg[2]/C
                         clock pessimism              0.173    13.629    
                         clock uncertainty           -0.189    13.440    
    SLICE_X36Y18         FDRE (Setup_fdre_C_D)        0.031    13.471    dac_dat_b_reg[2]
  -------------------------------------------------------------------
                         required time                         13.471    
                         arrival time                         -10.316    
  -------------------------------------------------------------------
                         slack                                  3.155    

Slack (MET) :             3.156ns  (required time - arrival time)
  Source:                 i_asg/ch[1]/dac_o_reg[5]/C
                            (rising edge-triggered cell FDRE clocked by pll_adc_clk  {rise@0.000ns fall@4.000ns period=8.000ns})
  Destination:            dac_dat_b_reg[0]/D
                            (rising edge-triggered cell FDRE clocked by pll_dac_clk_1x  {rise@0.000ns fall@4.000ns period=8.000ns})
  Path Group:             pll_dac_clk_1x
  Path Type:              Setup (Max at Slow Process Corner)
  Requirement:            8.000ns  (pll_dac_clk_1x rise@8.000ns - pll_adc_clk rise@0.000ns)
  Data Path Delay:        4.418ns  (logic 1.943ns (43.980%)  route 2.475ns (56.020%))
  Logic Levels:           5  (CARRY4=3 LUT2=1 LUT3=1)
  Clock Path Skew:        -0.267ns (DCD - SCD + CPR)
    Destination Clock Delay (DCD):    5.455ns = ( 13.455 - 8.000 ) 
    Source Clock Delay      (SCD):    5.895ns
    Clock Pessimism Removal (CPR):    0.173ns
  Clock Uncertainty:      0.189ns  ((TSJ^2 + DJ^2)^1/2) / 2 + PE
    Total System Jitter     (TSJ):    0.071ns
    Discrete Jitter          (DJ):    0.118ns
    Phase Error              (PE):    0.120ns

    Location             Delay type                Incr(ns)  Path(ns)    Netlist Resource(s)
  -------------------------------------------------------------------    -------------------
                         (clock pll_adc_clk rise edge)
                                                      0.000     0.000 r  
    U18                                               0.000     0.000 r  adc_clk_i[1] (IN)
                         net (fo=0)                   0.000     0.000    adc_clk_i[1]
    U18                  IBUFDS (Prop_ibufds_I_O)     0.983     0.983 r  i_clk/O
                         net (fo=1, routed)           1.306     2.289    pll/adc_clk_in
    PLLE2_ADV_X0Y0       PLLE2_ADV (Prop_plle2_adv_CLKIN1_CLKOUT0)
                                                      0.089     2.378 r  pll/pll/CLKOUT0
                         net (fo=1, routed)           1.754     4.132    pll_adc_clk
    BUFGCTRL_X0Y0        BUFG (Prop_bufg_I_O)         0.101     4.233 r  bufg_adc_clk/O
                         net (fo=4352, routed)        1.662     5.895    i_asg/ch[1]/clk_i
    SLICE_X32Y19         FDRE                                         r  i_asg/ch[1]/dac_o_reg[5]/C
  -------------------------------------------------------------------    -------------------
    SLICE_X32Y19         FDRE (Prop_fdre_C_Q)         0.518     6.413 r  i_asg/ch[1]/dac_o_reg[5]/Q
                         net (fo=2, routed)           0.789     7.202    i_asg/ch[1]/asg_dat[1][5]
    SLICE_X33Y16         LUT2 (Prop_lut2_I0_O)        0.124     7.326 r  i_asg/ch[1]/r01_reg[25]_i_5/O
                         net (fo=1, routed)           0.000     7.326    i_asg/ch[1]/r01_reg[25]_i_5_n_0
    SLICE_X33Y16         CARRY4 (Prop_carry4_S[1]_CO[3])
                                                      0.550     7.876 r  i_asg/ch[1]/r01_reg_reg[25]_i_2/CO[3]
                         net (fo=1, routed)           0.000     7.876    i_asg/ch[1]/r01_reg_reg[25]_i_2_n_0
    SLICE_X33Y17         CARRY4 (Prop_carry4_CI_CO[3])
                                                      0.114     7.990 r  i_asg/ch[1]/r01_reg_reg[29]_i_2/CO[3]
                         net (fo=1, routed)           0.000     7.990    i_asg/ch[1]/r01_reg_reg[29]_i_2_n_0
    SLICE_X33Y18         CARRY4 (Prop_carry4_CI_O[1])
                                                      0.334     8.324 f  i_asg/ch[1]/r01_reg_reg[31]_i_2/O[1]
                         net (fo=26, routed)          1.686    10.010    i_asg_n_198
    SLICE_X36Y18         LUT3 (Prop_lut3_I1_O)        0.303    10.313 r  dac_dat_b[0]_i_1/O
                         net (fo=1, routed)           0.000    10.313    p_1_out[0]
    SLICE_X36Y18         FDRE                                         r  dac_dat_b_reg[0]/D
  -------------------------------------------------------------------    -------------------

                         (clock pll_dac_clk_1x rise edge)
                                                      8.000     8.000 r  
    U18                                               0.000     8.000 r  adc_clk_i[1] (IN)
                         net (fo=0)                   0.000     8.000    adc_clk_i[1]
    U18                  IBUFDS (Prop_ibufds_I_O)     0.940     8.940 r  i_clk/O
                         net (fo=1, routed)           1.181    10.121    pll/adc_clk_in
    PLLE2_ADV_X0Y0       PLLE2_ADV (Prop_plle2_adv_CLKIN1_CLKOUT1)
                                                      0.084    10.205 r  pll/pll/CLKOUT1
                         net (fo=1, routed)           1.594    11.799    pll_dac_clk_1x
    BUFGCTRL_X0Y3        BUFG (Prop_bufg_I_O)         0.091    11.890 r  bufg_dac_clk_1x/O
                         net (fo=77, routed)          1.565    13.455    dac_clk_1x
    SLICE_X36Y18         FDRE                                         r  dac_dat_b_reg[0]/C
                         clock pessimism              0.173    13.629    
                         clock uncertainty           -0.189    13.440    
    SLICE_X36Y18         FDRE (Setup_fdre_C_D)        0.029    13.469    dac_dat_b_reg[0]
  -------------------------------------------------------------------
                         required time                         13.469    
                         arrival time                         -10.313    
  -------------------------------------------------------------------
                         slack                                  3.156    

Slack (MET) :             3.171ns  (required time - arrival time)
  Source:                 i_asg/ch[1]/dac_o_reg[5]/C
                            (rising edge-triggered cell FDRE clocked by pll_adc_clk  {rise@0.000ns fall@4.000ns period=8.000ns})
  Destination:            dac_dat_b_reg[3]/D
                            (rising edge-triggered cell FDRE clocked by pll_dac_clk_1x  {rise@0.000ns fall@4.000ns period=8.000ns})
  Path Group:             pll_dac_clk_1x
  Path Type:              Setup (Max at Slow Process Corner)
  Requirement:            8.000ns  (pll_dac_clk_1x rise@8.000ns - pll_adc_clk rise@0.000ns)
  Data Path Delay:        4.449ns  (logic 1.971ns (44.306%)  route 2.478ns (55.694%))
  Logic Levels:           5  (CARRY4=3 LUT2=1 LUT3=1)
  Clock Path Skew:        -0.267ns (DCD - SCD + CPR)
    Destination Clock Delay (DCD):    5.455ns = ( 13.455 - 8.000 ) 
    Source Clock Delay      (SCD):    5.895ns
    Clock Pessimism Removal (CPR):    0.173ns
  Clock Uncertainty:      0.189ns  ((TSJ^2 + DJ^2)^1/2) / 2 + PE
    Total System Jitter     (TSJ):    0.071ns
    Discrete Jitter          (DJ):    0.118ns
    Phase Error              (PE):    0.120ns

    Location             Delay type                Incr(ns)  Path(ns)    Netlist Resource(s)
  -------------------------------------------------------------------    -------------------
                         (clock pll_adc_clk rise edge)
                                                      0.000     0.000 r  
    U18                                               0.000     0.000 r  adc_clk_i[1] (IN)
                         net (fo=0)                   0.000     0.000    adc_clk_i[1]
    U18                  IBUFDS (Prop_ibufds_I_O)     0.983     0.983 r  i_clk/O
                         net (fo=1, routed)           1.306     2.289    pll/adc_clk_in
    PLLE2_ADV_X0Y0       PLLE2_ADV (Prop_plle2_adv_CLKIN1_CLKOUT0)
                                                      0.089     2.378 r  pll/pll/CLKOUT0
                         net (fo=1, routed)           1.754     4.132    pll_adc_clk
    BUFGCTRL_X0Y0        BUFG (Prop_bufg_I_O)         0.101     4.233 r  bufg_adc_clk/O
                         net (fo=4352, routed)        1.662     5.895    i_asg/ch[1]/clk_i
    SLICE_X32Y19         FDRE                                         r  i_asg/ch[1]/dac_o_reg[5]/C
  -------------------------------------------------------------------    -------------------
    SLICE_X32Y19         FDRE (Prop_fdre_C_Q)         0.518     6.413 r  i_asg/ch[1]/dac_o_reg[5]/Q
                         net (fo=2, routed)           0.789     7.202    i_asg/ch[1]/asg_dat[1][5]
    SLICE_X33Y16         LUT2 (Prop_lut2_I0_O)        0.124     7.326 r  i_asg/ch[1]/r01_reg[25]_i_5/O
                         net (fo=1, routed)           0.000     7.326    i_asg/ch[1]/r01_reg[25]_i_5_n_0
    SLICE_X33Y16         CARRY4 (Prop_carry4_S[1]_CO[3])
                                                      0.550     7.876 r  i_asg/ch[1]/r01_reg_reg[25]_i_2/CO[3]
                         net (fo=1, routed)           0.000     7.876    i_asg/ch[1]/r01_reg_reg[25]_i_2_n_0
    SLICE_X33Y17         CARRY4 (Prop_carry4_CI_CO[3])
                                                      0.114     7.990 r  i_asg/ch[1]/r01_reg_reg[29]_i_2/CO[3]
                         net (fo=1, routed)           0.000     7.990    i_asg/ch[1]/r01_reg_reg[29]_i_2_n_0
    SLICE_X33Y18         CARRY4 (Prop_carry4_CI_O[1])
                                                      0.334     8.324 f  i_asg/ch[1]/r01_reg_reg[31]_i_2/O[1]
                         net (fo=26, routed)          1.689    10.013    i_asg_n_198
    SLICE_X36Y18         LUT3 (Prop_lut3_I1_O)        0.331    10.344 r  dac_dat_b[3]_i_1/O
                         net (fo=1, routed)           0.000    10.344    p_1_out[3]
    SLICE_X36Y18         FDRE                                         r  dac_dat_b_reg[3]/D
  -------------------------------------------------------------------    -------------------

                         (clock pll_dac_clk_1x rise edge)
                                                      8.000     8.000 r  
    U18                                               0.000     8.000 r  adc_clk_i[1] (IN)
                         net (fo=0)                   0.000     8.000    adc_clk_i[1]
    U18                  IBUFDS (Prop_ibufds_I_O)     0.940     8.940 r  i_clk/O
                         net (fo=1, routed)           1.181    10.121    pll/adc_clk_in
    PLLE2_ADV_X0Y0       PLLE2_ADV (Prop_plle2_adv_CLKIN1_CLKOUT1)
                                                      0.084    10.205 r  pll/pll/CLKOUT1
                         net (fo=1, routed)           1.594    11.799    pll_dac_clk_1x
    BUFGCTRL_X0Y3        BUFG (Prop_bufg_I_O)         0.091    11.890 r  bufg_dac_clk_1x/O
                         net (fo=77, routed)          1.565    13.455    dac_clk_1x
    SLICE_X36Y18         FDRE                                         r  dac_dat_b_reg[3]/C
                         clock pessimism              0.173    13.629    
                         clock uncertainty           -0.189    13.440    
    SLICE_X36Y18         FDRE (Setup_fdre_C_D)        0.075    13.515    dac_dat_b_reg[3]
  -------------------------------------------------------------------
                         required time                         13.515    
                         arrival time                         -10.344    
  -------------------------------------------------------------------
                         slack                                  3.171    

Slack (MET) :             3.174ns  (required time - arrival time)
  Source:                 i_asg/ch[1]/dac_o_reg[5]/C
                            (rising edge-triggered cell FDRE clocked by pll_adc_clk  {rise@0.000ns fall@4.000ns period=8.000ns})
  Destination:            dac_dat_b_reg[1]/D
                            (rising edge-triggered cell FDRE clocked by pll_dac_clk_1x  {rise@0.000ns fall@4.000ns period=8.000ns})
  Path Group:             pll_dac_clk_1x
  Path Type:              Setup (Max at Slow Process Corner)
  Requirement:            8.000ns  (pll_dac_clk_1x rise@8.000ns - pll_adc_clk rise@0.000ns)
  Data Path Delay:        4.446ns  (logic 1.971ns (44.333%)  route 2.475ns (55.667%))
  Logic Levels:           5  (CARRY4=3 LUT2=1 LUT3=1)
  Clock Path Skew:        -0.267ns (DCD - SCD + CPR)
    Destination Clock Delay (DCD):    5.455ns = ( 13.455 - 8.000 ) 
    Source Clock Delay      (SCD):    5.895ns
    Clock Pessimism Removal (CPR):    0.173ns
  Clock Uncertainty:      0.189ns  ((TSJ^2 + DJ^2)^1/2) / 2 + PE
    Total System Jitter     (TSJ):    0.071ns
    Discrete Jitter          (DJ):    0.118ns
    Phase Error              (PE):    0.120ns

    Location             Delay type                Incr(ns)  Path(ns)    Netlist Resource(s)
  -------------------------------------------------------------------    -------------------
                         (clock pll_adc_clk rise edge)
                                                      0.000     0.000 r  
    U18                                               0.000     0.000 r  adc_clk_i[1] (IN)
                         net (fo=0)                   0.000     0.000    adc_clk_i[1]
    U18                  IBUFDS (Prop_ibufds_I_O)     0.983     0.983 r  i_clk/O
                         net (fo=1, routed)           1.306     2.289    pll/adc_clk_in
    PLLE2_ADV_X0Y0       PLLE2_ADV (Prop_plle2_adv_CLKIN1_CLKOUT0)
                                                      0.089     2.378 r  pll/pll/CLKOUT0
                         net (fo=1, routed)           1.754     4.132    pll_adc_clk
    BUFGCTRL_X0Y0        BUFG (Prop_bufg_I_O)         0.101     4.233 r  bufg_adc_clk/O
                         net (fo=4352, routed)        1.662     5.895    i_asg/ch[1]/clk_i
    SLICE_X32Y19         FDRE                                         r  i_asg/ch[1]/dac_o_reg[5]/C
  -------------------------------------------------------------------    -------------------
    SLICE_X32Y19         FDRE (Prop_fdre_C_Q)         0.518     6.413 r  i_asg/ch[1]/dac_o_reg[5]/Q
                         net (fo=2, routed)           0.789     7.202    i_asg/ch[1]/asg_dat[1][5]
    SLICE_X33Y16         LUT2 (Prop_lut2_I0_O)        0.124     7.326 r  i_asg/ch[1]/r01_reg[25]_i_5/O
                         net (fo=1, routed)           0.000     7.326    i_asg/ch[1]/r01_reg[25]_i_5_n_0
    SLICE_X33Y16         CARRY4 (Prop_carry4_S[1]_CO[3])
                                                      0.550     7.876 r  i_asg/ch[1]/r01_reg_reg[25]_i_2/CO[3]
                         net (fo=1, routed)           0.000     7.876    i_asg/ch[1]/r01_reg_reg[25]_i_2_n_0
    SLICE_X33Y17         CARRY4 (Prop_carry4_CI_CO[3])
                                                      0.114     7.990 r  i_asg/ch[1]/r01_reg_reg[29]_i_2/CO[3]
                         net (fo=1, routed)           0.000     7.990    i_asg/ch[1]/r01_reg_reg[29]_i_2_n_0
    SLICE_X33Y18         CARRY4 (Prop_carry4_CI_O[1])
                                                      0.334     8.324 f  i_asg/ch[1]/r01_reg_reg[31]_i_2/O[1]
                         net (fo=26, routed)          1.686    10.010    i_asg_n_198
    SLICE_X36Y18         LUT3 (Prop_lut3_I1_O)        0.331    10.341 r  dac_dat_b[1]_i_1/O
                         net (fo=1, routed)           0.000    10.341    p_1_out[1]
    SLICE_X36Y18         FDRE                                         r  dac_dat_b_reg[1]/D
  -------------------------------------------------------------------    -------------------

                         (clock pll_dac_clk_1x rise edge)
                                                      8.000     8.000 r  
    U18                                               0.000     8.000 r  adc_clk_i[1] (IN)
                         net (fo=0)                   0.000     8.000    adc_clk_i[1]
    U18                  IBUFDS (Prop_ibufds_I_O)     0.940     8.940 r  i_clk/O
                         net (fo=1, routed)           1.181    10.121    pll/adc_clk_in
    PLLE2_ADV_X0Y0       PLLE2_ADV (Prop_plle2_adv_CLKIN1_CLKOUT1)
                                                      0.084    10.205 r  pll/pll/CLKOUT1
                         net (fo=1, routed)           1.594    11.799    pll_dac_clk_1x
    BUFGCTRL_X0Y3        BUFG (Prop_bufg_I_O)         0.091    11.890 r  bufg_dac_clk_1x/O
                         net (fo=77, routed)          1.565    13.455    dac_clk_1x
    SLICE_X36Y18         FDRE                                         r  dac_dat_b_reg[1]/C
                         clock pessimism              0.173    13.629    
                         clock uncertainty           -0.189    13.440    
    SLICE_X36Y18         FDRE (Setup_fdre_C_D)        0.075    13.515    dac_dat_b_reg[1]
  -------------------------------------------------------------------
                         required time                         13.515    
                         arrival time                         -10.341    
  -------------------------------------------------------------------
                         slack                                  3.174    

Slack (MET) :             3.285ns  (required time - arrival time)
  Source:                 i_asg/ch[1]/dac_o_reg[5]/C
                            (rising edge-triggered cell FDRE clocked by pll_adc_clk  {rise@0.000ns fall@4.000ns period=8.000ns})
  Destination:            dac_dat_b_reg[10]/D
                            (rising edge-triggered cell FDRE clocked by pll_dac_clk_1x  {rise@0.000ns fall@4.000ns period=8.000ns})
  Path Group:             pll_dac_clk_1x
  Path Type:              Setup (Max at Slow Process Corner)
  Requirement:            8.000ns  (pll_dac_clk_1x rise@8.000ns - pll_adc_clk rise@0.000ns)
  Data Path Delay:        4.287ns  (logic 1.943ns (45.321%)  route 2.344ns (54.679%))
  Logic Levels:           5  (CARRY4=3 LUT2=1 LUT3=1)
  Clock Path Skew:        -0.268ns (DCD - SCD + CPR)
    Destination Clock Delay (DCD):    5.454ns = ( 13.454 - 8.000 ) 
    Source Clock Delay      (SCD):    5.895ns
    Clock Pessimism Removal (CPR):    0.173ns
  Clock Uncertainty:      0.189ns  ((TSJ^2 + DJ^2)^1/2) / 2 + PE
    Total System Jitter     (TSJ):    0.071ns
    Discrete Jitter          (DJ):    0.118ns
    Phase Error              (PE):    0.120ns

    Location             Delay type                Incr(ns)  Path(ns)    Netlist Resource(s)
  -------------------------------------------------------------------    -------------------
                         (clock pll_adc_clk rise edge)
                                                      0.000     0.000 r  
    U18                                               0.000     0.000 r  adc_clk_i[1] (IN)
                         net (fo=0)                   0.000     0.000    adc_clk_i[1]
    U18                  IBUFDS (Prop_ibufds_I_O)     0.983     0.983 r  i_clk/O
                         net (fo=1, routed)           1.306     2.289    pll/adc_clk_in
    PLLE2_ADV_X0Y0       PLLE2_ADV (Prop_plle2_adv_CLKIN1_CLKOUT0)
                                                      0.089     2.378 r  pll/pll/CLKOUT0
                         net (fo=1, routed)           1.754     4.132    pll_adc_clk
    BUFGCTRL_X0Y0        BUFG (Prop_bufg_I_O)         0.101     4.233 r  bufg_adc_clk/O
                         net (fo=4352, routed)        1.662     5.895    i_asg/ch[1]/clk_i
    SLICE_X32Y19         FDRE                                         r  i_asg/ch[1]/dac_o_reg[5]/C
  -------------------------------------------------------------------    -------------------
    SLICE_X32Y19         FDRE (Prop_fdre_C_Q)         0.518     6.413 r  i_asg/ch[1]/dac_o_reg[5]/Q
                         net (fo=2, routed)           0.789     7.202    i_asg/ch[1]/asg_dat[1][5]
    SLICE_X33Y16         LUT2 (Prop_lut2_I0_O)        0.124     7.326 r  i_asg/ch[1]/r01_reg[25]_i_5/O
                         net (fo=1, routed)           0.000     7.326    i_asg/ch[1]/r01_reg[25]_i_5_n_0
    SLICE_X33Y16         CARRY4 (Prop_carry4_S[1]_CO[3])
                                                      0.550     7.876 r  i_asg/ch[1]/r01_reg_reg[25]_i_2/CO[3]
                         net (fo=1, routed)           0.000     7.876    i_asg/ch[1]/r01_reg_reg[25]_i_2_n_0
    SLICE_X33Y17         CARRY4 (Prop_carry4_CI_CO[3])
                                                      0.114     7.990 r  i_asg/ch[1]/r01_reg_reg[29]_i_2/CO[3]
                         net (fo=1, routed)           0.000     7.990    i_asg/ch[1]/r01_reg_reg[29]_i_2_n_0
    SLICE_X33Y18         CARRY4 (Prop_carry4_CI_O[1])
                                                      0.334     8.324 f  i_asg/ch[1]/r01_reg_reg[31]_i_2/O[1]
                         net (fo=26, routed)          1.556     9.879    i_asg_n_198
    SLICE_X36Y19         LUT3 (Prop_lut3_I1_O)        0.303    10.182 r  dac_dat_b[10]_i_1/O
                         net (fo=1, routed)           0.000    10.182    p_1_out[10]
    SLICE_X36Y19         FDRE                                         r  dac_dat_b_reg[10]/D
  -------------------------------------------------------------------    -------------------

                         (clock pll_dac_clk_1x rise edge)
                                                      8.000     8.000 r  
    U18                                               0.000     8.000 r  adc_clk_i[1] (IN)
                         net (fo=0)                   0.000     8.000    adc_clk_i[1]
    U18                  IBUFDS (Prop_ibufds_I_O)     0.940     8.940 r  i_clk/O
                         net (fo=1, routed)           1.181    10.121    pll/adc_clk_in
    PLLE2_ADV_X0Y0       PLLE2_ADV (Prop_plle2_adv_CLKIN1_CLKOUT1)
                                                      0.084    10.205 r  pll/pll/CLKOUT1
                         net (fo=1, routed)           1.594    11.799    pll_dac_clk_1x
    BUFGCTRL_X0Y3        BUFG (Prop_bufg_I_O)         0.091    11.890 r  bufg_dac_clk_1x/O
                         net (fo=77, routed)          1.564    13.454    dac_clk_1x
    SLICE_X36Y19         FDRE                                         r  dac_dat_b_reg[10]/C
                         clock pessimism              0.173    13.628    
                         clock uncertainty           -0.189    13.439    
    SLICE_X36Y19         FDRE (Setup_fdre_C_D)        0.029    13.468    dac_dat_b_reg[10]
  -------------------------------------------------------------------
                         required time                         13.468    
                         arrival time                         -10.182    
  -------------------------------------------------------------------
                         slack                                  3.285    

Slack (MET) :             3.295ns  (required time - arrival time)
  Source:                 i_asg/ch[1]/dac_o_reg[5]/C
                            (rising edge-triggered cell FDRE clocked by pll_adc_clk  {rise@0.000ns fall@4.000ns period=8.000ns})
  Destination:            dac_dat_b_reg[12]/D
                            (rising edge-triggered cell FDRE clocked by pll_dac_clk_1x  {rise@0.000ns fall@4.000ns period=8.000ns})
  Path Group:             pll_dac_clk_1x
  Path Type:              Setup (Max at Slow Process Corner)
  Requirement:            8.000ns  (pll_dac_clk_1x rise@8.000ns - pll_adc_clk rise@0.000ns)
  Data Path Delay:        4.280ns  (logic 1.943ns (45.397%)  route 2.337ns (54.603%))
  Logic Levels:           5  (CARRY4=3 LUT2=1 LUT3=1)
  Clock Path Skew:        -0.268ns (DCD - SCD + CPR)
    Destination Clock Delay (DCD):    5.454ns = ( 13.454 - 8.000 ) 
    Source Clock Delay      (SCD):    5.895ns
    Clock Pessimism Removal (CPR):    0.173ns
  Clock Uncertainty:      0.189ns  ((TSJ^2 + DJ^2)^1/2) / 2 + PE
    Total System Jitter     (TSJ):    0.071ns
    Discrete Jitter          (DJ):    0.118ns
    Phase Error              (PE):    0.120ns

    Location             Delay type                Incr(ns)  Path(ns)    Netlist Resource(s)
  -------------------------------------------------------------------    -------------------
                         (clock pll_adc_clk rise edge)
                                                      0.000     0.000 r  
    U18                                               0.000     0.000 r  adc_clk_i[1] (IN)
                         net (fo=0)                   0.000     0.000    adc_clk_i[1]
    U18                  IBUFDS (Prop_ibufds_I_O)     0.983     0.983 r  i_clk/O
                         net (fo=1, routed)           1.306     2.289    pll/adc_clk_in
    PLLE2_ADV_X0Y0       PLLE2_ADV (Prop_plle2_adv_CLKIN1_CLKOUT0)
                                                      0.089     2.378 r  pll/pll/CLKOUT0
                         net (fo=1, routed)           1.754     4.132    pll_adc_clk
    BUFGCTRL_X0Y0        BUFG (Prop_bufg_I_O)         0.101     4.233 r  bufg_adc_clk/O
                         net (fo=4352, routed)        1.662     5.895    i_asg/ch[1]/clk_i
    SLICE_X32Y19         FDRE                                         r  i_asg/ch[1]/dac_o_reg[5]/C
  -------------------------------------------------------------------    -------------------
    SLICE_X32Y19         FDRE (Prop_fdre_C_Q)         0.518     6.413 r  i_asg/ch[1]/dac_o_reg[5]/Q
                         net (fo=2, routed)           0.789     7.202    i_asg/ch[1]/asg_dat[1][5]
    SLICE_X33Y16         LUT2 (Prop_lut2_I0_O)        0.124     7.326 r  i_asg/ch[1]/r01_reg[25]_i_5/O
                         net (fo=1, routed)           0.000     7.326    i_asg/ch[1]/r01_reg[25]_i_5_n_0
    SLICE_X33Y16         CARRY4 (Prop_carry4_S[1]_CO[3])
                                                      0.550     7.876 r  i_asg/ch[1]/r01_reg_reg[25]_i_2/CO[3]
                         net (fo=1, routed)           0.000     7.876    i_asg/ch[1]/r01_reg_reg[25]_i_2_n_0
    SLICE_X33Y17         CARRY4 (Prop_carry4_CI_CO[3])
                                                      0.114     7.990 r  i_asg/ch[1]/r01_reg_reg[29]_i_2/CO[3]
                         net (fo=1, routed)           0.000     7.990    i_asg/ch[1]/r01_reg_reg[29]_i_2_n_0
    SLICE_X33Y18         CARRY4 (Prop_carry4_CI_O[1])
                                                      0.334     8.324 f  i_asg/ch[1]/r01_reg_reg[31]_i_2/O[1]
                         net (fo=26, routed)          1.548     9.872    i_asg_n_198
    SLICE_X36Y19         LUT3 (Prop_lut3_I1_O)        0.303    10.175 r  dac_dat_b[12]_i_1/O
                         net (fo=1, routed)           0.000    10.175    p_1_out[12]
    SLICE_X36Y19         FDRE                                         r  dac_dat_b_reg[12]/D
  -------------------------------------------------------------------    -------------------

                         (clock pll_dac_clk_1x rise edge)
                                                      8.000     8.000 r  
    U18                                               0.000     8.000 r  adc_clk_i[1] (IN)
                         net (fo=0)                   0.000     8.000    adc_clk_i[1]
    U18                  IBUFDS (Prop_ibufds_I_O)     0.940     8.940 r  i_clk/O
                         net (fo=1, routed)           1.181    10.121    pll/adc_clk_in
    PLLE2_ADV_X0Y0       PLLE2_ADV (Prop_plle2_adv_CLKIN1_CLKOUT1)
                                                      0.084    10.205 r  pll/pll/CLKOUT1
                         net (fo=1, routed)           1.594    11.799    pll_dac_clk_1x
    BUFGCTRL_X0Y3        BUFG (Prop_bufg_I_O)         0.091    11.890 r  bufg_dac_clk_1x/O
                         net (fo=77, routed)          1.564    13.454    dac_clk_1x
    SLICE_X36Y19         FDRE                                         r  dac_dat_b_reg[12]/C
                         clock pessimism              0.173    13.628    
                         clock uncertainty           -0.189    13.439    
    SLICE_X36Y19         FDRE (Setup_fdre_C_D)        0.031    13.470    dac_dat_b_reg[12]
  -------------------------------------------------------------------
                         required time                         13.470    
                         arrival time                         -10.175    
  -------------------------------------------------------------------
                         slack                                  3.295    

Slack (MET) :             3.303ns  (required time - arrival time)
  Source:                 i_asg/ch[1]/dac_o_reg[5]/C
                            (rising edge-triggered cell FDRE clocked by pll_adc_clk  {rise@0.000ns fall@4.000ns period=8.000ns})
  Destination:            dac_dat_b_reg[11]/D
                            (rising edge-triggered cell FDRE clocked by pll_dac_clk_1x  {rise@0.000ns fall@4.000ns period=8.000ns})
  Path Group:             pll_dac_clk_1x
  Path Type:              Setup (Max at Slow Process Corner)
  Requirement:            8.000ns  (pll_dac_clk_1x rise@8.000ns - pll_adc_clk rise@0.000ns)
  Data Path Delay:        4.315ns  (logic 1.971ns (45.675%)  route 2.344ns (54.325%))
  Logic Levels:           5  (CARRY4=3 LUT2=1 LUT3=1)
  Clock Path Skew:        -0.268ns (DCD - SCD + CPR)
    Destination Clock Delay (DCD):    5.454ns = ( 13.454 - 8.000 ) 
    Source Clock Delay      (SCD):    5.895ns
    Clock Pessimism Removal (CPR):    0.173ns
  Clock Uncertainty:      0.189ns  ((TSJ^2 + DJ^2)^1/2) / 2 + PE
    Total System Jitter     (TSJ):    0.071ns
    Discrete Jitter          (DJ):    0.118ns
    Phase Error              (PE):    0.120ns

    Location             Delay type                Incr(ns)  Path(ns)    Netlist Resource(s)
  -------------------------------------------------------------------    -------------------
                         (clock pll_adc_clk rise edge)
                                                      0.000     0.000 r  
    U18                                               0.000     0.000 r  adc_clk_i[1] (IN)
                         net (fo=0)                   0.000     0.000    adc_clk_i[1]
    U18                  IBUFDS (Prop_ibufds_I_O)     0.983     0.983 r  i_clk/O
                         net (fo=1, routed)           1.306     2.289    pll/adc_clk_in
    PLLE2_ADV_X0Y0       PLLE2_ADV (Prop_plle2_adv_CLKIN1_CLKOUT0)
                                                      0.089     2.378 r  pll/pll/CLKOUT0
                         net (fo=1, routed)           1.754     4.132    pll_adc_clk
    BUFGCTRL_X0Y0        BUFG (Prop_bufg_I_O)         0.101     4.233 r  bufg_adc_clk/O
                         net (fo=4352, routed)        1.662     5.895    i_asg/ch[1]/clk_i
    SLICE_X32Y19         FDRE                                         r  i_asg/ch[1]/dac_o_reg[5]/C
  -------------------------------------------------------------------    -------------------
    SLICE_X32Y19         FDRE (Prop_fdre_C_Q)         0.518     6.413 r  i_asg/ch[1]/dac_o_reg[5]/Q
                         net (fo=2, routed)           0.789     7.202    i_asg/ch[1]/asg_dat[1][5]
    SLICE_X33Y16         LUT2 (Prop_lut2_I0_O)        0.124     7.326 r  i_asg/ch[1]/r01_reg[25]_i_5/O
                         net (fo=1, routed)           0.000     7.326    i_asg/ch[1]/r01_reg[25]_i_5_n_0
    SLICE_X33Y16         CARRY4 (Prop_carry4_S[1]_CO[3])
                                                      0.550     7.876 r  i_asg/ch[1]/r01_reg_reg[25]_i_2/CO[3]
                         net (fo=1, routed)           0.000     7.876    i_asg/ch[1]/r01_reg_reg[25]_i_2_n_0
    SLICE_X33Y17         CARRY4 (Prop_carry4_CI_CO[3])
                                                      0.114     7.990 r  i_asg/ch[1]/r01_reg_reg[29]_i_2/CO[3]
                         net (fo=1, routed)           0.000     7.990    i_asg/ch[1]/r01_reg_reg[29]_i_2_n_0
    SLICE_X33Y18         CARRY4 (Prop_carry4_CI_O[1])
                                                      0.334     8.324 f  i_asg/ch[1]/r01_reg_reg[31]_i_2/O[1]
                         net (fo=26, routed)          1.556     9.879    i_asg_n_198
    SLICE_X36Y19         LUT3 (Prop_lut3_I1_O)        0.331    10.210 r  dac_dat_b[11]_i_1/O
                         net (fo=1, routed)           0.000    10.210    p_1_out[11]
    SLICE_X36Y19         FDRE                                         r  dac_dat_b_reg[11]/D
  -------------------------------------------------------------------    -------------------

                         (clock pll_dac_clk_1x rise edge)
                                                      8.000     8.000 r  
    U18                                               0.000     8.000 r  adc_clk_i[1] (IN)
                         net (fo=0)                   0.000     8.000    adc_clk_i[1]
    U18                  IBUFDS (Prop_ibufds_I_O)     0.940     8.940 r  i_clk/O
                         net (fo=1, routed)           1.181    10.121    pll/adc_clk_in
    PLLE2_ADV_X0Y0       PLLE2_ADV (Prop_plle2_adv_CLKIN1_CLKOUT1)
                                                      0.084    10.205 r  pll/pll/CLKOUT1
                         net (fo=1, routed)           1.594    11.799    pll_dac_clk_1x
    BUFGCTRL_X0Y3        BUFG (Prop_bufg_I_O)         0.091    11.890 r  bufg_dac_clk_1x/O
                         net (fo=77, routed)          1.564    13.454    dac_clk_1x
    SLICE_X36Y19         FDRE                                         r  dac_dat_b_reg[11]/C
                         clock pessimism              0.173    13.628    
                         clock uncertainty           -0.189    13.439    
    SLICE_X36Y19         FDRE (Setup_fdre_C_D)        0.075    13.514    dac_dat_b_reg[11]
  -------------------------------------------------------------------
                         required time                         13.514    
                         arrival time                         -10.210    
  -------------------------------------------------------------------
                         slack                                  3.303    

Slack (MET) :             3.351ns  (required time - arrival time)
  Source:                 i_asg/ch[1]/dac_o_reg[5]/C
                            (rising edge-triggered cell FDRE clocked by pll_adc_clk  {rise@0.000ns fall@4.000ns period=8.000ns})
  Destination:            dac_dat_b_reg[6]/D
                            (rising edge-triggered cell FDRE clocked by pll_dac_clk_1x  {rise@0.000ns fall@4.000ns period=8.000ns})
  Path Group:             pll_dac_clk_1x
  Path Type:              Setup (Max at Slow Process Corner)
  Requirement:            8.000ns  (pll_dac_clk_1x rise@8.000ns - pll_adc_clk rise@0.000ns)
  Data Path Delay:        4.224ns  (logic 1.943ns (45.995%)  route 2.281ns (54.005%))
  Logic Levels:           5  (CARRY4=3 LUT2=1 LUT3=1)
  Clock Path Skew:        -0.267ns (DCD - SCD + CPR)
    Destination Clock Delay (DCD):    5.455ns = ( 13.455 - 8.000 ) 
    Source Clock Delay      (SCD):    5.895ns
    Clock Pessimism Removal (CPR):    0.173ns
  Clock Uncertainty:      0.189ns  ((TSJ^2 + DJ^2)^1/2) / 2 + PE
    Total System Jitter     (TSJ):    0.071ns
    Discrete Jitter          (DJ):    0.118ns
    Phase Error              (PE):    0.120ns

    Location             Delay type                Incr(ns)  Path(ns)    Netlist Resource(s)
  -------------------------------------------------------------------    -------------------
                         (clock pll_adc_clk rise edge)
                                                      0.000     0.000 r  
    U18                                               0.000     0.000 r  adc_clk_i[1] (IN)
                         net (fo=0)                   0.000     0.000    adc_clk_i[1]
    U18                  IBUFDS (Prop_ibufds_I_O)     0.983     0.983 r  i_clk/O
                         net (fo=1, routed)           1.306     2.289    pll/adc_clk_in
    PLLE2_ADV_X0Y0       PLLE2_ADV (Prop_plle2_adv_CLKIN1_CLKOUT0)
                                                      0.089     2.378 r  pll/pll/CLKOUT0
                         net (fo=1, routed)           1.754     4.132    pll_adc_clk
    BUFGCTRL_X0Y0        BUFG (Prop_bufg_I_O)         0.101     4.233 r  bufg_adc_clk/O
                         net (fo=4352, routed)        1.662     5.895    i_asg/ch[1]/clk_i
    SLICE_X32Y19         FDRE                                         r  i_asg/ch[1]/dac_o_reg[5]/C
  -------------------------------------------------------------------    -------------------
    SLICE_X32Y19         FDRE (Prop_fdre_C_Q)         0.518     6.413 r  i_asg/ch[1]/dac_o_reg[5]/Q
                         net (fo=2, routed)           0.789     7.202    i_asg/ch[1]/asg_dat[1][5]
    SLICE_X33Y16         LUT2 (Prop_lut2_I0_O)        0.124     7.326 r  i_asg/ch[1]/r01_reg[25]_i_5/O
                         net (fo=1, routed)           0.000     7.326    i_asg/ch[1]/r01_reg[25]_i_5_n_0
    SLICE_X33Y16         CARRY4 (Prop_carry4_S[1]_CO[3])
                                                      0.550     7.876 r  i_asg/ch[1]/r01_reg_reg[25]_i_2/CO[3]
                         net (fo=1, routed)           0.000     7.876    i_asg/ch[1]/r01_reg_reg[25]_i_2_n_0
    SLICE_X33Y17         CARRY4 (Prop_carry4_CI_CO[3])
                                                      0.114     7.990 r  i_asg/ch[1]/r01_reg_reg[29]_i_2/CO[3]
                         net (fo=1, routed)           0.000     7.990    i_asg/ch[1]/r01_reg_reg[29]_i_2_n_0
    SLICE_X33Y18         CARRY4 (Prop_carry4_CI_O[1])
                                                      0.334     8.324 f  i_asg/ch[1]/r01_reg_reg[31]_i_2/O[1]
                         net (fo=26, routed)          1.493     9.816    i_asg_n_198
    SLICE_X36Y18         LUT3 (Prop_lut3_I1_O)        0.303    10.119 r  dac_dat_b[6]_i_1/O
                         net (fo=1, routed)           0.000    10.119    p_1_out[6]
    SLICE_X36Y18         FDRE                                         r  dac_dat_b_reg[6]/D
  -------------------------------------------------------------------    -------------------

                         (clock pll_dac_clk_1x rise edge)
                                                      8.000     8.000 r  
    U18                                               0.000     8.000 r  adc_clk_i[1] (IN)
                         net (fo=0)                   0.000     8.000    adc_clk_i[1]
    U18                  IBUFDS (Prop_ibufds_I_O)     0.940     8.940 r  i_clk/O
                         net (fo=1, routed)           1.181    10.121    pll/adc_clk_in
    PLLE2_ADV_X0Y0       PLLE2_ADV (Prop_plle2_adv_CLKIN1_CLKOUT1)
                                                      0.084    10.205 r  pll/pll/CLKOUT1
                         net (fo=1, routed)           1.594    11.799    pll_dac_clk_1x
    BUFGCTRL_X0Y3        BUFG (Prop_bufg_I_O)         0.091    11.890 r  bufg_dac_clk_1x/O
                         net (fo=77, routed)          1.565    13.455    dac_clk_1x
    SLICE_X36Y18         FDRE                                         r  dac_dat_b_reg[6]/C
                         clock pessimism              0.173    13.629    
                         clock uncertainty           -0.189    13.440    
    SLICE_X36Y18         FDRE (Setup_fdre_C_D)        0.031    13.471    dac_dat_b_reg[6]
  -------------------------------------------------------------------
                         required time                         13.471    
                         arrival time                         -10.119    
  -------------------------------------------------------------------
                         slack                                  3.351    

Slack (MET) :             3.363ns  (required time - arrival time)
  Source:                 i_asg/ch[1]/dac_o_reg[5]/C
                            (rising edge-triggered cell FDRE clocked by pll_adc_clk  {rise@0.000ns fall@4.000ns period=8.000ns})
  Destination:            dac_dat_b_reg[8]/D
                            (rising edge-triggered cell FDRE clocked by pll_dac_clk_1x  {rise@0.000ns fall@4.000ns period=8.000ns})
  Path Group:             pll_dac_clk_1x
  Path Type:              Setup (Max at Slow Process Corner)
  Requirement:            8.000ns  (pll_dac_clk_1x rise@8.000ns - pll_adc_clk rise@0.000ns)
  Data Path Delay:        4.213ns  (logic 1.847ns (43.844%)  route 2.366ns (56.156%))
  Logic Levels:           5  (CARRY4=3 LUT2=1 LUT3=1)
  Clock Path Skew:        -0.268ns (DCD - SCD + CPR)
    Destination Clock Delay (DCD):    5.454ns = ( 13.454 - 8.000 ) 
    Source Clock Delay      (SCD):    5.895ns
    Clock Pessimism Removal (CPR):    0.173ns
  Clock Uncertainty:      0.189ns  ((TSJ^2 + DJ^2)^1/2) / 2 + PE
    Total System Jitter     (TSJ):    0.071ns
    Discrete Jitter          (DJ):    0.118ns
    Phase Error              (PE):    0.120ns

    Location             Delay type                Incr(ns)  Path(ns)    Netlist Resource(s)
  -------------------------------------------------------------------    -------------------
                         (clock pll_adc_clk rise edge)
                                                      0.000     0.000 r  
    U18                                               0.000     0.000 r  adc_clk_i[1] (IN)
                         net (fo=0)                   0.000     0.000    adc_clk_i[1]
    U18                  IBUFDS (Prop_ibufds_I_O)     0.983     0.983 r  i_clk/O
                         net (fo=1, routed)           1.306     2.289    pll/adc_clk_in
    PLLE2_ADV_X0Y0       PLLE2_ADV (Prop_plle2_adv_CLKIN1_CLKOUT0)
                                                      0.089     2.378 r  pll/pll/CLKOUT0
                         net (fo=1, routed)           1.754     4.132    pll_adc_clk
    BUFGCTRL_X0Y0        BUFG (Prop_bufg_I_O)         0.101     4.233 r  bufg_adc_clk/O
                         net (fo=4352, routed)        1.662     5.895    i_asg/ch[1]/clk_i
    SLICE_X32Y19         FDRE                                         r  i_asg/ch[1]/dac_o_reg[5]/C
  -------------------------------------------------------------------    -------------------
    SLICE_X32Y19         FDRE (Prop_fdre_C_Q)         0.518     6.413 r  i_asg/ch[1]/dac_o_reg[5]/Q
                         net (fo=2, routed)           0.789     7.202    i_asg/ch[1]/asg_dat[1][5]
    SLICE_X33Y16         LUT2 (Prop_lut2_I0_O)        0.124     7.326 r  i_asg/ch[1]/r01_reg[25]_i_5/O
                         net (fo=1, routed)           0.000     7.326    i_asg/ch[1]/r01_reg[25]_i_5_n_0
    SLICE_X33Y16         CARRY4 (Prop_carry4_S[1]_CO[3])
                                                      0.550     7.876 r  i_asg/ch[1]/r01_reg_reg[25]_i_2/CO[3]
                         net (fo=1, routed)           0.000     7.876    i_asg/ch[1]/r01_reg_reg[25]_i_2_n_0
    SLICE_X33Y17         CARRY4 (Prop_carry4_CI_CO[3])
                                                      0.114     7.990 r  i_asg/ch[1]/r01_reg_reg[29]_i_2/CO[3]
                         net (fo=1, routed)           0.000     7.990    i_asg/ch[1]/r01_reg_reg[29]_i_2_n_0
    SLICE_X33Y18         CARRY4 (Prop_carry4_CI_CO[2])
                                                      0.228     8.218 f  i_asg/ch[1]/r01_reg_reg[31]_i_2/CO[2]
                         net (fo=30, routed)          1.577     9.795    i_asg_n_197
    SLICE_X36Y19         LUT3 (Prop_lut3_I0_O)        0.313    10.108 r  dac_dat_b[8]_i_1/O
                         net (fo=1, routed)           0.000    10.108    p_1_out[8]
    SLICE_X36Y19         FDRE                                         r  dac_dat_b_reg[8]/D
  -------------------------------------------------------------------    -------------------

                         (clock pll_dac_clk_1x rise edge)
                                                      8.000     8.000 r  
    U18                                               0.000     8.000 r  adc_clk_i[1] (IN)
                         net (fo=0)                   0.000     8.000    adc_clk_i[1]
    U18                  IBUFDS (Prop_ibufds_I_O)     0.940     8.940 r  i_clk/O
                         net (fo=1, routed)           1.181    10.121    pll/adc_clk_in
    PLLE2_ADV_X0Y0       PLLE2_ADV (Prop_plle2_adv_CLKIN1_CLKOUT1)
                                                      0.084    10.205 r  pll/pll/CLKOUT1
                         net (fo=1, routed)           1.594    11.799    pll_dac_clk_1x
    BUFGCTRL_X0Y3        BUFG (Prop_bufg_I_O)         0.091    11.890 r  bufg_dac_clk_1x/O
                         net (fo=77, routed)          1.564    13.454    dac_clk_1x
    SLICE_X36Y19         FDRE                                         r  dac_dat_b_reg[8]/C
                         clock pessimism              0.173    13.628    
                         clock uncertainty           -0.189    13.439    
    SLICE_X36Y19         FDRE (Setup_fdre_C_D)        0.032    13.471    dac_dat_b_reg[8]
  -------------------------------------------------------------------
                         required time                         13.471    
                         arrival time                         -10.108    
  -------------------------------------------------------------------
                         slack                                  3.363    

Slack (MET) :             3.363ns  (required time - arrival time)
  Source:                 i_asg/ch[1]/dac_o_reg[5]/C
                            (rising edge-triggered cell FDRE clocked by pll_adc_clk  {rise@0.000ns fall@4.000ns period=8.000ns})
  Destination:            dac_dat_b_reg[4]/D
                            (rising edge-triggered cell FDRE clocked by pll_dac_clk_1x  {rise@0.000ns fall@4.000ns period=8.000ns})
  Path Group:             pll_dac_clk_1x
  Path Type:              Setup (Max at Slow Process Corner)
  Requirement:            8.000ns  (pll_dac_clk_1x rise@8.000ns - pll_adc_clk rise@0.000ns)
  Data Path Delay:        4.211ns  (logic 1.847ns (43.858%)  route 2.364ns (56.142%))
  Logic Levels:           5  (CARRY4=3 LUT2=1 LUT3=1)
  Clock Path Skew:        -0.268ns (DCD - SCD + CPR)
    Destination Clock Delay (DCD):    5.454ns = ( 13.454 - 8.000 ) 
    Source Clock Delay      (SCD):    5.895ns
    Clock Pessimism Removal (CPR):    0.173ns
  Clock Uncertainty:      0.189ns  ((TSJ^2 + DJ^2)^1/2) / 2 + PE
    Total System Jitter     (TSJ):    0.071ns
    Discrete Jitter          (DJ):    0.118ns
    Phase Error              (PE):    0.120ns

    Location             Delay type                Incr(ns)  Path(ns)    Netlist Resource(s)
  -------------------------------------------------------------------    -------------------
                         (clock pll_adc_clk rise edge)
                                                      0.000     0.000 r  
    U18                                               0.000     0.000 r  adc_clk_i[1] (IN)
                         net (fo=0)                   0.000     0.000    adc_clk_i[1]
    U18                  IBUFDS (Prop_ibufds_I_O)     0.983     0.983 r  i_clk/O
                         net (fo=1, routed)           1.306     2.289    pll/adc_clk_in
    PLLE2_ADV_X0Y0       PLLE2_ADV (Prop_plle2_adv_CLKIN1_CLKOUT0)
                                                      0.089     2.378 r  pll/pll/CLKOUT0
                         net (fo=1, routed)           1.754     4.132    pll_adc_clk
    BUFGCTRL_X0Y0        BUFG (Prop_bufg_I_O)         0.101     4.233 r  bufg_adc_clk/O
                         net (fo=4352, routed)        1.662     5.895    i_asg/ch[1]/clk_i
    SLICE_X32Y19         FDRE                                         r  i_asg/ch[1]/dac_o_reg[5]/C
  -------------------------------------------------------------------    -------------------
    SLICE_X32Y19         FDRE (Prop_fdre_C_Q)         0.518     6.413 r  i_asg/ch[1]/dac_o_reg[5]/Q
                         net (fo=2, routed)           0.789     7.202    i_asg/ch[1]/asg_dat[1][5]
    SLICE_X33Y16         LUT2 (Prop_lut2_I0_O)        0.124     7.326 r  i_asg/ch[1]/r01_reg[25]_i_5/O
                         net (fo=1, routed)           0.000     7.326    i_asg/ch[1]/r01_reg[25]_i_5_n_0
    SLICE_X33Y16         CARRY4 (Prop_carry4_S[1]_CO[3])
                                                      0.550     7.876 r  i_asg/ch[1]/r01_reg_reg[25]_i_2/CO[3]
                         net (fo=1, routed)           0.000     7.876    i_asg/ch[1]/r01_reg_reg[25]_i_2_n_0
    SLICE_X33Y17         CARRY4 (Prop_carry4_CI_CO[3])
                                                      0.114     7.990 r  i_asg/ch[1]/r01_reg_reg[29]_i_2/CO[3]
                         net (fo=1, routed)           0.000     7.990    i_asg/ch[1]/r01_reg_reg[29]_i_2_n_0
    SLICE_X33Y18         CARRY4 (Prop_carry4_CI_CO[2])
                                                      0.228     8.218 f  i_asg/ch[1]/r01_reg_reg[31]_i_2/CO[2]
                         net (fo=30, routed)          1.576     9.793    i_asg_n_197
    SLICE_X36Y19         LUT3 (Prop_lut3_I0_O)        0.313    10.106 r  dac_dat_b[4]_i_1/O
                         net (fo=1, routed)           0.000    10.106    p_1_out[4]
    SLICE_X36Y19         FDRE                                         r  dac_dat_b_reg[4]/D
  -------------------------------------------------------------------    -------------------

                         (clock pll_dac_clk_1x rise edge)
                                                      8.000     8.000 r  
    U18                                               0.000     8.000 r  adc_clk_i[1] (IN)
                         net (fo=0)                   0.000     8.000    adc_clk_i[1]
    U18                  IBUFDS (Prop_ibufds_I_O)     0.940     8.940 r  i_clk/O
                         net (fo=1, routed)           1.181    10.121    pll/adc_clk_in
    PLLE2_ADV_X0Y0       PLLE2_ADV (Prop_plle2_adv_CLKIN1_CLKOUT1)
                                                      0.084    10.205 r  pll/pll/CLKOUT1
                         net (fo=1, routed)           1.594    11.799    pll_dac_clk_1x
    BUFGCTRL_X0Y3        BUFG (Prop_bufg_I_O)         0.091    11.890 r  bufg_dac_clk_1x/O
                         net (fo=77, routed)          1.564    13.454    dac_clk_1x
    SLICE_X36Y19         FDRE                                         r  dac_dat_b_reg[4]/C
                         clock pessimism              0.173    13.628    
                         clock uncertainty           -0.189    13.439    
    SLICE_X36Y19         FDRE (Setup_fdre_C_D)        0.031    13.470    dac_dat_b_reg[4]
  -------------------------------------------------------------------
                         required time                         13.470    
                         arrival time                         -10.106    
  -------------------------------------------------------------------
                         slack                                  3.363    





Min Delay Paths
--------------------------------------------------------------------------------------
Slack (MET) :             0.170ns  (arrival time - required time)
  Source:                 i_pid/out_2_sat_reg[2]/C
                            (rising edge-triggered cell FDRE clocked by pll_adc_clk  {rise@0.000ns fall@4.000ns period=8.000ns})
  Destination:            dac_dat_b_reg[2]/D
                            (rising edge-triggered cell FDRE clocked by pll_dac_clk_1x  {rise@0.000ns fall@4.000ns period=8.000ns})
  Path Group:             pll_dac_clk_1x
  Path Type:              Hold (Min at Fast Process Corner)
  Requirement:            0.000ns  (pll_dac_clk_1x rise@0.000ns - pll_adc_clk rise@0.000ns)
  Data Path Delay:        0.793ns  (logic 0.360ns (45.418%)  route 0.433ns (54.582%))
  Logic Levels:           3  (CARRY4=1 LUT2=1 LUT3=1)
  Clock Path Skew:        0.341ns (DCD - SCD - CPR)
    Destination Clock Delay (DCD):    2.391ns
    Source Clock Delay      (SCD):    1.974ns
    Clock Pessimism Removal (CPR):    0.075ns
  Clock Uncertainty:      0.189ns  ((TSJ^2 + DJ^2)^1/2) / 2 + PE
    Total System Jitter     (TSJ):    0.071ns
    Discrete Jitter          (DJ):    0.118ns
    Phase Error              (PE):    0.120ns

    Location             Delay type                Incr(ns)  Path(ns)    Netlist Resource(s)
  -------------------------------------------------------------------    -------------------
                         (clock pll_adc_clk rise edge)
                                                      0.000     0.000 r  
    U18                                               0.000     0.000 r  adc_clk_i[1] (IN)
                         net (fo=0)                   0.000     0.000    adc_clk_i[1]
    U18                  IBUFDS (Prop_ibufds_I_O)     0.401     0.401 r  i_clk/O
                         net (fo=1, routed)           0.440     0.842    pll/adc_clk_in
    PLLE2_ADV_X0Y0       PLLE2_ADV (Prop_plle2_adv_CLKIN1_CLKOUT0)
                                                      0.051     0.893 r  pll/pll/CLKOUT0
                         net (fo=1, routed)           0.497     1.390    pll_adc_clk
    BUFGCTRL_X0Y0        BUFG (Prop_bufg_I_O)         0.026     1.416 r  bufg_adc_clk/O
                         net (fo=4352, routed)        0.559     1.974    i_pid/clk_i
    SLICE_X33Y14         FDRE                                         r  i_pid/out_2_sat_reg[2]/C
  -------------------------------------------------------------------    -------------------
    SLICE_X33Y14         FDRE (Prop_fdre_C_Q)         0.141     2.115 r  i_pid/out_2_sat_reg[2]/Q
                         net (fo=1, routed)           0.105     2.220    i_asg/ch[1]/pid_dat[1][2]
    SLICE_X33Y15         LUT2 (Prop_lut2_I1_O)        0.045     2.265 r  i_asg/ch[1]/r01_reg[21]_i_4/O
                         net (fo=1, routed)           0.000     2.265    i_asg/ch[1]/r01_reg[21]_i_4_n_0
    SLICE_X33Y15         CARRY4 (Prop_carry4_S[2]_O[2])
                                                      0.066     2.331 f  i_asg/ch[1]/r01_reg_reg[21]_i_2/O[2]
                         net (fo=2, routed)           0.327     2.659    i_asg_n_186
    SLICE_X36Y18         LUT3 (Prop_lut3_I2_O)        0.108     2.767 r  dac_dat_b[2]_i_1/O
                         net (fo=1, routed)           0.000     2.767    p_1_out[2]
    SLICE_X36Y18         FDRE                                         r  dac_dat_b_reg[2]/D
  -------------------------------------------------------------------    -------------------

                         (clock pll_dac_clk_1x rise edge)
                                                      0.000     0.000 r  
    U18                                               0.000     0.000 r  adc_clk_i[1] (IN)
                         net (fo=0)                   0.000     0.000    adc_clk_i[1]
    U18                  IBUFDS (Prop_ibufds_I_O)     0.433     0.433 r  i_clk/O
                         net (fo=1, routed)           0.481     0.914    pll/adc_clk_in
    PLLE2_ADV_X0Y0       PLLE2_ADV (Prop_plle2_adv_CLKIN1_CLKOUT1)
                                                      0.054     0.968 r  pll/pll/CLKOUT1
                         net (fo=1, routed)           0.544     1.512    pll_dac_clk_1x
    BUFGCTRL_X0Y3        BUFG (Prop_bufg_I_O)         0.029     1.541 r  bufg_dac_clk_1x/O
                         net (fo=77, routed)          0.850     2.391    dac_clk_1x
    SLICE_X36Y18         FDRE                                         r  dac_dat_b_reg[2]/C
                         clock pessimism             -0.075     2.316    
                         clock uncertainty            0.189     2.505    
    SLICE_X36Y18         FDRE (Hold_fdre_C_D)         0.092     2.597    dac_dat_b_reg[2]
  -------------------------------------------------------------------
                         required time                         -2.597    
                         arrival time                           2.767    
  -------------------------------------------------------------------
                         slack                                  0.170    

Slack (MET) :             0.251ns  (arrival time - required time)
  Source:                 i_asg/ch[0]/dac_o_reg[8]/C
                            (rising edge-triggered cell FDRE clocked by pll_adc_clk  {rise@0.000ns fall@4.000ns period=8.000ns})
  Destination:            dac_dat_a_reg[8]/D
                            (rising edge-triggered cell FDRE clocked by pll_dac_clk_1x  {rise@0.000ns fall@4.000ns period=8.000ns})
  Path Group:             pll_dac_clk_1x
  Path Type:              Hold (Min at Fast Process Corner)
  Requirement:            0.000ns  (pll_dac_clk_1x rise@0.000ns - pll_adc_clk rise@0.000ns)
  Data Path Delay:        0.876ns  (logic 0.386ns (44.064%)  route 0.490ns (55.936%))
  Logic Levels:           3  (CARRY4=1 LUT2=1 LUT3=1)
  Clock Path Skew:        0.344ns (DCD - SCD - CPR)
    Destination Clock Delay (DCD):    2.394ns
    Source Clock Delay      (SCD):    1.974ns
    Clock Pessimism Removal (CPR):    0.075ns
  Clock Uncertainty:      0.189ns  ((TSJ^2 + DJ^2)^1/2) / 2 + PE
    Total System Jitter     (TSJ):    0.071ns
    Discrete Jitter          (DJ):    0.118ns
    Phase Error              (PE):    0.120ns

    Location             Delay type                Incr(ns)  Path(ns)    Netlist Resource(s)
  -------------------------------------------------------------------    -------------------
                         (clock pll_adc_clk rise edge)
                                                      0.000     0.000 r  
    U18                                               0.000     0.000 r  adc_clk_i[1] (IN)
                         net (fo=0)                   0.000     0.000    adc_clk_i[1]
    U18                  IBUFDS (Prop_ibufds_I_O)     0.401     0.401 r  i_clk/O
                         net (fo=1, routed)           0.440     0.842    pll/adc_clk_in
    PLLE2_ADV_X0Y0       PLLE2_ADV (Prop_plle2_adv_CLKIN1_CLKOUT0)
                                                      0.051     0.893 r  pll/pll/CLKOUT0
                         net (fo=1, routed)           0.497     1.390    pll_adc_clk
    BUFGCTRL_X0Y0        BUFG (Prop_bufg_I_O)         0.026     1.416 r  bufg_adc_clk/O
                         net (fo=4352, routed)        0.559     1.974    i_asg/ch[0]/clk_i
    SLICE_X34Y34         FDRE                                         r  i_asg/ch[0]/dac_o_reg[8]/C
  -------------------------------------------------------------------    -------------------
    SLICE_X34Y34         FDRE (Prop_fdre_C_Q)         0.164     2.138 r  i_asg/ch[0]/dac_o_reg[8]/Q
                         net (fo=2, routed)           0.151     2.290    i_asg/ch[0]/asg_dat[0][8]
    SLICE_X35Y32         LUT2 (Prop_lut2_I0_O)        0.045     2.335 r  i_asg/ch[0]/r01_reg[29]_i_6__0/O
                         net (fo=1, routed)           0.000     2.335    i_asg/ch[0]/r01_reg[29]_i_6__0_n_0
    SLICE_X35Y32         CARRY4 (Prop_carry4_S[0]_O[0])
                                                      0.070     2.405 f  i_asg/ch[0]/r01_reg_reg[29]_i_2__0/O[0]
                         net (fo=2, routed)           0.339     2.743    i_asg_n_211
    SLICE_X36Y34         LUT3 (Prop_lut3_I2_O)        0.107     2.850 r  dac_dat_a[8]_i_1/O
                         net (fo=1, routed)           0.000     2.850    dac_dat_a[8]_i_1_n_0
    SLICE_X36Y34         FDRE                                         r  dac_dat_a_reg[8]/D
  -------------------------------------------------------------------    -------------------

                         (clock pll_dac_clk_1x rise edge)
                                                      0.000     0.000 r  
    U18                                               0.000     0.000 r  adc_clk_i[1] (IN)
                         net (fo=0)                   0.000     0.000    adc_clk_i[1]
    U18                  IBUFDS (Prop_ibufds_I_O)     0.433     0.433 r  i_clk/O
                         net (fo=1, routed)           0.481     0.914    pll/adc_clk_in
    PLLE2_ADV_X0Y0       PLLE2_ADV (Prop_plle2_adv_CLKIN1_CLKOUT1)
                                                      0.054     0.968 r  pll/pll/CLKOUT1
                         net (fo=1, routed)           0.544     1.512    pll_dac_clk_1x
    BUFGCTRL_X0Y3        BUFG (Prop_bufg_I_O)         0.029     1.541 r  bufg_dac_clk_1x/O
                         net (fo=77, routed)          0.853     2.394    dac_clk_1x
    SLICE_X36Y34         FDRE                                         r  dac_dat_a_reg[8]/C
                         clock pessimism             -0.075     2.319    
                         clock uncertainty            0.189     2.508    
    SLICE_X36Y34         FDRE (Hold_fdre_C_D)         0.092     2.600    dac_dat_a_reg[8]
  -------------------------------------------------------------------
                         required time                         -2.600    
                         arrival time                           2.850    
  -------------------------------------------------------------------
                         slack                                  0.251    

Slack (MET) :             0.285ns  (arrival time - required time)
  Source:                 i_asg/ch[0]/dac_o_reg[13]/C
                            (rising edge-triggered cell FDRE clocked by pll_adc_clk  {rise@0.000ns fall@4.000ns period=8.000ns})
  Destination:            dac_dat_a_reg[7]/D
                            (rising edge-triggered cell FDRE clocked by pll_dac_clk_1x  {rise@0.000ns fall@4.000ns period=8.000ns})
  Path Group:             pll_dac_clk_1x
  Path Type:              Hold (Min at Fast Process Corner)
  Requirement:            0.000ns  (pll_dac_clk_1x rise@0.000ns - pll_adc_clk rise@0.000ns)
  Data Path Delay:        0.950ns  (logic 0.361ns (38.015%)  route 0.589ns (61.985%))
  Logic Levels:           3  (CARRY4=1 LUT2=1 LUT3=1)
  Clock Path Skew:        0.344ns (DCD - SCD - CPR)
    Destination Clock Delay (DCD):    2.393ns
    Source Clock Delay      (SCD):    1.973ns
    Clock Pessimism Removal (CPR):    0.075ns
  Clock Uncertainty:      0.189ns  ((TSJ^2 + DJ^2)^1/2) / 2 + PE
    Total System Jitter     (TSJ):    0.071ns
    Discrete Jitter          (DJ):    0.118ns
    Phase Error              (PE):    0.120ns

    Location             Delay type                Incr(ns)  Path(ns)    Netlist Resource(s)
  -------------------------------------------------------------------    -------------------
                         (clock pll_adc_clk rise edge)
                                                      0.000     0.000 r  
    U18                                               0.000     0.000 r  adc_clk_i[1] (IN)
                         net (fo=0)                   0.000     0.000    adc_clk_i[1]
    U18                  IBUFDS (Prop_ibufds_I_O)     0.401     0.401 r  i_clk/O
                         net (fo=1, routed)           0.440     0.842    pll/adc_clk_in
    PLLE2_ADV_X0Y0       PLLE2_ADV (Prop_plle2_adv_CLKIN1_CLKOUT0)
                                                      0.051     0.893 r  pll/pll/CLKOUT0
                         net (fo=1, routed)           0.497     1.390    pll_adc_clk
    BUFGCTRL_X0Y0        BUFG (Prop_bufg_I_O)         0.026     1.416 r  bufg_adc_clk/O
                         net (fo=4352, routed)        0.558     1.973    i_asg/ch[0]/clk_i
    SLICE_X35Y33         FDRE                                         r  i_asg/ch[0]/dac_o_reg[13]/C
  -------------------------------------------------------------------    -------------------
    SLICE_X35Y33         FDRE (Prop_fdre_C_Q)         0.141     2.114 r  i_asg/ch[0]/dac_o_reg[13]/Q
                         net (fo=2, routed)           0.158     2.272    i_asg/ch[0]/asg_dat[0][13]
    SLICE_X35Y33         LUT2 (Prop_lut2_I0_O)        0.045     2.317 r  i_asg/ch[0]/r01_reg[31]_i_4__0/O
                         net (fo=1, routed)           0.000     2.317    i_asg/ch[0]/r01_reg[31]_i_4__0_n_0
    SLICE_X35Y33         CARRY4 (Prop_carry4_S[1]_O[1])
                                                      0.065     2.382 f  i_asg/ch[0]/r01_reg_reg[31]_i_2__0/O[1]
                         net (fo=26, routed)          0.431     2.813    i_asg_n_213
    SLICE_X38Y33         LUT3 (Prop_lut3_I1_O)        0.110     2.923 r  dac_dat_a[7]_i_1/O
                         net (fo=1, routed)           0.000     2.923    dac_dat_a[7]_i_1_n_0
    SLICE_X38Y33         FDRE                                         r  dac_dat_a_reg[7]/D
  -------------------------------------------------------------------    -------------------

                         (clock pll_dac_clk_1x rise edge)
                                                      0.000     0.000 r  
    U18                                               0.000     0.000 r  adc_clk_i[1] (IN)
                         net (fo=0)                   0.000     0.000    adc_clk_i[1]
    U18                  IBUFDS (Prop_ibufds_I_O)     0.433     0.433 r  i_clk/O
                         net (fo=1, routed)           0.481     0.914    pll/adc_clk_in
    PLLE2_ADV_X0Y0       PLLE2_ADV (Prop_plle2_adv_CLKIN1_CLKOUT1)
                                                      0.054     0.968 r  pll/pll/CLKOUT1
                         net (fo=1, routed)           0.544     1.512    pll_dac_clk_1x
    BUFGCTRL_X0Y3        BUFG (Prop_bufg_I_O)         0.029     1.541 r  bufg_dac_clk_1x/O
                         net (fo=77, routed)          0.852     2.393    dac_clk_1x
    SLICE_X38Y33         FDRE                                         r  dac_dat_a_reg[7]/C
                         clock pessimism             -0.075     2.318    
                         clock uncertainty            0.189     2.507    
    SLICE_X38Y33         FDRE (Hold_fdre_C_D)         0.131     2.638    dac_dat_a_reg[7]
  -------------------------------------------------------------------
                         required time                         -2.638    
                         arrival time                           2.923    
  -------------------------------------------------------------------
                         slack                                  0.285    

Slack (MET) :             0.293ns  (arrival time - required time)
  Source:                 i_asg/ch[0]/dac_o_reg[13]/C
                            (rising edge-triggered cell FDRE clocked by pll_adc_clk  {rise@0.000ns fall@4.000ns period=8.000ns})
  Destination:            dac_dat_a_reg[6]/D
                            (rising edge-triggered cell FDRE clocked by pll_dac_clk_1x  {rise@0.000ns fall@4.000ns period=8.000ns})
  Path Group:             pll_dac_clk_1x
  Path Type:              Hold (Min at Fast Process Corner)
  Requirement:            0.000ns  (pll_dac_clk_1x rise@0.000ns - pll_adc_clk rise@0.000ns)
  Data Path Delay:        0.947ns  (logic 0.358ns (37.819%)  route 0.589ns (62.181%))
  Logic Levels:           3  (CARRY4=1 LUT2=1 LUT3=1)
  Clock Path Skew:        0.344ns (DCD - SCD - CPR)
    Destination Clock Delay (DCD):    2.393ns
    Source Clock Delay      (SCD):    1.973ns
    Clock Pessimism Removal (CPR):    0.075ns
  Clock Uncertainty:      0.189ns  ((TSJ^2 + DJ^2)^1/2) / 2 + PE
    Total System Jitter     (TSJ):    0.071ns
    Discrete Jitter          (DJ):    0.118ns
    Phase Error              (PE):    0.120ns

    Location             Delay type                Incr(ns)  Path(ns)    Netlist Resource(s)
  -------------------------------------------------------------------    -------------------
                         (clock pll_adc_clk rise edge)
                                                      0.000     0.000 r  
    U18                                               0.000     0.000 r  adc_clk_i[1] (IN)
                         net (fo=0)                   0.000     0.000    adc_clk_i[1]
    U18                  IBUFDS (Prop_ibufds_I_O)     0.401     0.401 r  i_clk/O
                         net (fo=1, routed)           0.440     0.842    pll/adc_clk_in
    PLLE2_ADV_X0Y0       PLLE2_ADV (Prop_plle2_adv_CLKIN1_CLKOUT0)
                                                      0.051     0.893 r  pll/pll/CLKOUT0
                         net (fo=1, routed)           0.497     1.390    pll_adc_clk
    BUFGCTRL_X0Y0        BUFG (Prop_bufg_I_O)         0.026     1.416 r  bufg_adc_clk/O
                         net (fo=4352, routed)        0.558     1.973    i_asg/ch[0]/clk_i
    SLICE_X35Y33         FDRE                                         r  i_asg/ch[0]/dac_o_reg[13]/C
  -------------------------------------------------------------------    -------------------
    SLICE_X35Y33         FDRE (Prop_fdre_C_Q)         0.141     2.114 r  i_asg/ch[0]/dac_o_reg[13]/Q
                         net (fo=2, routed)           0.158     2.272    i_asg/ch[0]/asg_dat[0][13]
    SLICE_X35Y33         LUT2 (Prop_lut2_I0_O)        0.045     2.317 r  i_asg/ch[0]/r01_reg[31]_i_4__0/O
                         net (fo=1, routed)           0.000     2.317    i_asg/ch[0]/r01_reg[31]_i_4__0_n_0
    SLICE_X35Y33         CARRY4 (Prop_carry4_S[1]_O[1])
                                                      0.065     2.382 f  i_asg/ch[0]/r01_reg_reg[31]_i_2__0/O[1]
                         net (fo=26, routed)          0.431     2.813    i_asg_n_213
    SLICE_X38Y33         LUT3 (Prop_lut3_I1_O)        0.107     2.920 r  dac_dat_a[6]_i_1/O
                         net (fo=1, routed)           0.000     2.920    dac_dat_a[6]_i_1_n_0
    SLICE_X38Y33         FDRE                                         r  dac_dat_a_reg[6]/D
  -------------------------------------------------------------------    -------------------

                         (clock pll_dac_clk_1x rise edge)
                                                      0.000     0.000 r  
    U18                                               0.000     0.000 r  adc_clk_i[1] (IN)
                         net (fo=0)                   0.000     0.000    adc_clk_i[1]
    U18                  IBUFDS (Prop_ibufds_I_O)     0.433     0.433 r  i_clk/O
                         net (fo=1, routed)           0.481     0.914    pll/adc_clk_in
    PLLE2_ADV_X0Y0       PLLE2_ADV (Prop_plle2_adv_CLKIN1_CLKOUT1)
                                                      0.054     0.968 r  pll/pll/CLKOUT1
                         net (fo=1, routed)           0.544     1.512    pll_dac_clk_1x
    BUFGCTRL_X0Y3        BUFG (Prop_bufg_I_O)         0.029     1.541 r  bufg_dac_clk_1x/O
                         net (fo=77, routed)          0.852     2.393    dac_clk_1x
    SLICE_X38Y33         FDRE                                         r  dac_dat_a_reg[6]/C
                         clock pessimism             -0.075     2.318    
                         clock uncertainty            0.189     2.507    
    SLICE_X38Y33         FDRE (Hold_fdre_C_D)         0.120     2.627    dac_dat_a_reg[6]
  -------------------------------------------------------------------
                         required time                         -2.627    
                         arrival time                           2.920    
  -------------------------------------------------------------------
                         slack                                  0.293    

Slack (MET) :             0.299ns  (arrival time - required time)
  Source:                 i_pid/out_1_sat_reg[4]/C
                            (rising edge-triggered cell FDRE clocked by pll_adc_clk  {rise@0.000ns fall@4.000ns period=8.000ns})
  Destination:            dac_dat_a_reg[5]/D
                            (rising edge-triggered cell FDRE clocked by pll_dac_clk_1x  {rise@0.000ns fall@4.000ns period=8.000ns})
  Path Group:             pll_dac_clk_1x
  Path Type:              Hold (Min at Fast Process Corner)
  Requirement:            0.000ns  (pll_dac_clk_1x rise@0.000ns - pll_adc_clk rise@0.000ns)
  Data Path Delay:        0.944ns  (logic 0.426ns (45.134%)  route 0.518ns (54.866%))
  Logic Levels:           3  (CARRY4=1 LUT2=1 LUT3=1)
  Clock Path Skew:        0.348ns (DCD - SCD - CPR)
    Destination Clock Delay (DCD):    2.394ns
    Source Clock Delay      (SCD):    1.970ns
    Clock Pessimism Removal (CPR):    0.075ns
  Clock Uncertainty:      0.189ns  ((TSJ^2 + DJ^2)^1/2) / 2 + PE
    Total System Jitter     (TSJ):    0.071ns
    Discrete Jitter          (DJ):    0.118ns
    Phase Error              (PE):    0.120ns

    Location             Delay type                Incr(ns)  Path(ns)    Netlist Resource(s)
  -------------------------------------------------------------------    -------------------
                         (clock pll_adc_clk rise edge)
                                                      0.000     0.000 r  
    U18                                               0.000     0.000 r  adc_clk_i[1] (IN)
                         net (fo=0)                   0.000     0.000    adc_clk_i[1]
    U18                  IBUFDS (Prop_ibufds_I_O)     0.401     0.401 r  i_clk/O
                         net (fo=1, routed)           0.440     0.842    pll/adc_clk_in
    PLLE2_ADV_X0Y0       PLLE2_ADV (Prop_plle2_adv_CLKIN1_CLKOUT0)
                                                      0.051     0.893 r  pll/pll/CLKOUT0
                         net (fo=1, routed)           0.497     1.390    pll_adc_clk
    BUFGCTRL_X0Y0        BUFG (Prop_bufg_I_O)         0.026     1.416 r  bufg_adc_clk/O
                         net (fo=4352, routed)        0.555     1.970    i_pid/clk_i
    SLICE_X32Y30         FDRE                                         r  i_pid/out_1_sat_reg[4]/C
  -------------------------------------------------------------------    -------------------
    SLICE_X32Y30         FDRE (Prop_fdre_C_Q)         0.164     2.134 r  i_pid/out_1_sat_reg[4]/Q
                         net (fo=1, routed)           0.168     2.302    i_asg/ch[0]/pid_dat[0][4]
    SLICE_X35Y31         LUT2 (Prop_lut2_I1_O)        0.045     2.347 r  i_asg/ch[0]/r01_reg[25]_i_6__0/O
                         net (fo=1, routed)           0.000     2.347    i_asg/ch[0]/r01_reg[25]_i_6__0_n_0
    SLICE_X35Y31         CARRY4 (Prop_carry4_S[0]_O[1])
                                                      0.106     2.453 f  i_asg/ch[0]/r01_reg_reg[25]_i_2__0/O[1]
                         net (fo=2, routed)           0.350     2.803    i_asg_n_206
    SLICE_X36Y34         LUT3 (Prop_lut3_I2_O)        0.111     2.914 r  dac_dat_a[5]_i_1/O
                         net (fo=1, routed)           0.000     2.914    dac_dat_a[5]_i_1_n_0
    SLICE_X36Y34         FDRE                                         r  dac_dat_a_reg[5]/D
  -------------------------------------------------------------------    -------------------

                         (clock pll_dac_clk_1x rise edge)
                                                      0.000     0.000 r  
    U18                                               0.000     0.000 r  adc_clk_i[1] (IN)
                         net (fo=0)                   0.000     0.000    adc_clk_i[1]
    U18                  IBUFDS (Prop_ibufds_I_O)     0.433     0.433 r  i_clk/O
                         net (fo=1, routed)           0.481     0.914    pll/adc_clk_in
    PLLE2_ADV_X0Y0       PLLE2_ADV (Prop_plle2_adv_CLKIN1_CLKOUT1)
                                                      0.054     0.968 r  pll/pll/CLKOUT1
                         net (fo=1, routed)           0.544     1.512    pll_dac_clk_1x
    BUFGCTRL_X0Y3        BUFG (Prop_bufg_I_O)         0.029     1.541 r  bufg_dac_clk_1x/O
                         net (fo=77, routed)          0.853     2.394    dac_clk_1x
    SLICE_X36Y34         FDRE                                         r  dac_dat_a_reg[5]/C
                         clock pessimism             -0.075     2.319    
                         clock uncertainty            0.189     2.508    
    SLICE_X36Y34         FDRE (Hold_fdre_C_D)         0.107     2.615    dac_dat_a_reg[5]
  -------------------------------------------------------------------
                         required time                         -2.615    
                         arrival time                           2.914    
  -------------------------------------------------------------------
                         slack                                  0.299    

Slack (MET) :             0.309ns  (arrival time - required time)
  Source:                 i_asg/ch[1]/dac_o_reg[4]/C
                            (rising edge-triggered cell FDRE clocked by pll_adc_clk  {rise@0.000ns fall@4.000ns period=8.000ns})
  Destination:            dac_dat_b_reg[5]/D
                            (rising edge-triggered cell FDRE clocked by pll_dac_clk_1x  {rise@0.000ns fall@4.000ns period=8.000ns})
  Path Group:             pll_dac_clk_1x
  Path Type:              Hold (Min at Fast Process Corner)
  Requirement:            0.000ns  (pll_dac_clk_1x rise@0.000ns - pll_adc_clk rise@0.000ns)
  Data Path Delay:        0.947ns  (logic 0.392ns (41.378%)  route 0.555ns (58.622%))
  Logic Levels:           2  (CARRY4=1 LUT3=1)
  Clock Path Skew:        0.343ns (DCD - SCD - CPR)
    Destination Clock Delay (DCD):    2.390ns
    Source Clock Delay      (SCD):    1.972ns
    Clock Pessimism Removal (CPR):    0.075ns
  Clock Uncertainty:      0.189ns  ((TSJ^2 + DJ^2)^1/2) / 2 + PE
    Total System Jitter     (TSJ):    0.071ns
    Discrete Jitter          (DJ):    0.118ns
    Phase Error              (PE):    0.120ns

    Location             Delay type                Incr(ns)  Path(ns)    Netlist Resource(s)
  -------------------------------------------------------------------    -------------------
                         (clock pll_adc_clk rise edge)
                                                      0.000     0.000 r  
    U18                                               0.000     0.000 r  adc_clk_i[1] (IN)
                         net (fo=0)                   0.000     0.000    adc_clk_i[1]
    U18                  IBUFDS (Prop_ibufds_I_O)     0.401     0.401 r  i_clk/O
                         net (fo=1, routed)           0.440     0.842    pll/adc_clk_in
    PLLE2_ADV_X0Y0       PLLE2_ADV (Prop_plle2_adv_CLKIN1_CLKOUT0)
                                                      0.051     0.893 r  pll/pll/CLKOUT0
                         net (fo=1, routed)           0.497     1.390    pll_adc_clk
    BUFGCTRL_X0Y0        BUFG (Prop_bufg_I_O)         0.026     1.416 r  bufg_adc_clk/O
                         net (fo=4352, routed)        0.557     1.972    i_asg/ch[1]/clk_i
    SLICE_X32Y17         FDRE                                         r  i_asg/ch[1]/dac_o_reg[4]/C
  -------------------------------------------------------------------    -------------------
    SLICE_X32Y17         FDRE (Prop_fdre_C_Q)         0.164     2.136 r  i_asg/ch[1]/dac_o_reg[4]/Q
                         net (fo=2, routed)           0.119     2.255    i_asg/ch[1]/asg_dat[1][4]
    SLICE_X33Y16         CARRY4 (Prop_carry4_DI[0]_O[1])
                                                      0.124     2.379 f  i_asg/ch[1]/r01_reg_reg[25]_i_2/O[1]
                         net (fo=2, routed)           0.436     2.816    i_asg_n_191
    SLICE_X36Y19         LUT3 (Prop_lut3_I2_O)        0.104     2.920 r  dac_dat_b[5]_i_1/O
                         net (fo=1, routed)           0.000     2.920    p_1_out[5]
    SLICE_X36Y19         FDRE                                         r  dac_dat_b_reg[5]/D
  -------------------------------------------------------------------    -------------------

                         (clock pll_dac_clk_1x rise edge)
                                                      0.000     0.000 r  
    U18                                               0.000     0.000 r  adc_clk_i[1] (IN)
                         net (fo=0)                   0.000     0.000    adc_clk_i[1]
    U18                  IBUFDS (Prop_ibufds_I_O)     0.433     0.433 r  i_clk/O
                         net (fo=1, routed)           0.481     0.914    pll/adc_clk_in
    PLLE2_ADV_X0Y0       PLLE2_ADV (Prop_plle2_adv_CLKIN1_CLKOUT1)
                                                      0.054     0.968 r  pll/pll/CLKOUT1
                         net (fo=1, routed)           0.544     1.512    pll_dac_clk_1x
    BUFGCTRL_X0Y3        BUFG (Prop_bufg_I_O)         0.029     1.541 r  bufg_dac_clk_1x/O
                         net (fo=77, routed)          0.849     2.390    dac_clk_1x
    SLICE_X36Y19         FDRE                                         r  dac_dat_b_reg[5]/C
                         clock pessimism             -0.075     2.315    
                         clock uncertainty            0.189     2.504    
    SLICE_X36Y19         FDRE (Hold_fdre_C_D)         0.107     2.611    dac_dat_b_reg[5]
  -------------------------------------------------------------------
                         required time                         -2.611    
                         arrival time                           2.920    
  -------------------------------------------------------------------
                         slack                                  0.309    

Slack (MET) :             0.313ns  (arrival time - required time)
  Source:                 i_pid/out_2_sat_reg[3]/C
                            (rising edge-triggered cell FDRE clocked by pll_adc_clk  {rise@0.000ns fall@4.000ns period=8.000ns})
  Destination:            dac_dat_b_reg[3]/D
                            (rising edge-triggered cell FDRE clocked by pll_dac_clk_1x  {rise@0.000ns fall@4.000ns period=8.000ns})
  Path Group:             pll_dac_clk_1x
  Path Type:              Hold (Min at Fast Process Corner)
  Requirement:            0.000ns  (pll_dac_clk_1x rise@0.000ns - pll_adc_clk rise@0.000ns)
  Data Path Delay:        0.950ns  (logic 0.357ns (37.564%)  route 0.593ns (62.436%))
  Logic Levels:           3  (CARRY4=1 LUT2=1 LUT3=1)
  Clock Path Skew:        0.341ns (DCD - SCD - CPR)
    Destination Clock Delay (DCD):    2.391ns
    Source Clock Delay      (SCD):    1.974ns
    Clock Pessimism Removal (CPR):    0.075ns
  Clock Uncertainty:      0.189ns  ((TSJ^2 + DJ^2)^1/2) / 2 + PE
    Total System Jitter     (TSJ):    0.071ns
    Discrete Jitter          (DJ):    0.118ns
    Phase Error              (PE):    0.120ns

    Location             Delay type                Incr(ns)  Path(ns)    Netlist Resource(s)
  -------------------------------------------------------------------    -------------------
                         (clock pll_adc_clk rise edge)
                                                      0.000     0.000 r  
    U18                                               0.000     0.000 r  adc_clk_i[1] (IN)
                         net (fo=0)                   0.000     0.000    adc_clk_i[1]
    U18                  IBUFDS (Prop_ibufds_I_O)     0.401     0.401 r  i_clk/O
                         net (fo=1, routed)           0.440     0.842    pll/adc_clk_in
    PLLE2_ADV_X0Y0       PLLE2_ADV (Prop_plle2_adv_CLKIN1_CLKOUT0)
                                                      0.051     0.893 r  pll/pll/CLKOUT0
                         net (fo=1, routed)           0.497     1.390    pll_adc_clk
    BUFGCTRL_X0Y0        BUFG (Prop_bufg_I_O)         0.026     1.416 r  bufg_adc_clk/O
                         net (fo=4352, routed)        0.559     1.974    i_pid/clk_i
    SLICE_X33Y14         FDRE                                         r  i_pid/out_2_sat_reg[3]/C
  -------------------------------------------------------------------    -------------------
    SLICE_X33Y14         FDRE (Prop_fdre_C_Q)         0.141     2.115 r  i_pid/out_2_sat_reg[3]/Q
                         net (fo=1, routed)           0.106     2.221    i_asg/ch[1]/pid_dat[1][3]
    SLICE_X33Y15         LUT2 (Prop_lut2_I1_O)        0.045     2.266 r  i_asg/ch[1]/r01_reg[21]_i_3/O
                         net (fo=1, routed)           0.000     2.266    i_asg/ch[1]/r01_reg[21]_i_3_n_0
    SLICE_X33Y15         CARRY4 (Prop_carry4_S[3]_O[3])
                                                      0.063     2.329 f  i_asg/ch[1]/r01_reg_reg[21]_i_2/O[3]
                         net (fo=2, routed)           0.487     2.817    i_asg_n_185
    SLICE_X36Y18         LUT3 (Prop_lut3_I2_O)        0.108     2.925 r  dac_dat_b[3]_i_1/O
                         net (fo=1, routed)           0.000     2.925    p_1_out[3]
    SLICE_X36Y18         FDRE                                         r  dac_dat_b_reg[3]/D
  -------------------------------------------------------------------    -------------------

                         (clock pll_dac_clk_1x rise edge)
                                                      0.000     0.000 r  
    U18                                               0.000     0.000 r  adc_clk_i[1] (IN)
                         net (fo=0)                   0.000     0.000    adc_clk_i[1]
    U18                  IBUFDS (Prop_ibufds_I_O)     0.433     0.433 r  i_clk/O
                         net (fo=1, routed)           0.481     0.914    pll/adc_clk_in
    PLLE2_ADV_X0Y0       PLLE2_ADV (Prop_plle2_adv_CLKIN1_CLKOUT1)
                                                      0.054     0.968 r  pll/pll/CLKOUT1
                         net (fo=1, routed)           0.544     1.512    pll_dac_clk_1x
    BUFGCTRL_X0Y3        BUFG (Prop_bufg_I_O)         0.029     1.541 r  bufg_dac_clk_1x/O
                         net (fo=77, routed)          0.850     2.391    dac_clk_1x
    SLICE_X36Y18         FDRE                                         r  dac_dat_b_reg[3]/C
                         clock pessimism             -0.075     2.316    
                         clock uncertainty            0.189     2.505    
    SLICE_X36Y18         FDRE (Hold_fdre_C_D)         0.107     2.612    dac_dat_b_reg[3]
  -------------------------------------------------------------------
                         required time                         -2.612    
                         arrival time                           2.925    
  -------------------------------------------------------------------
                         slack                                  0.313    

Slack (MET) :             0.333ns  (arrival time - required time)
  Source:                 i_asg/ch[1]/dac_o_reg[11]/C
                            (rising edge-triggered cell FDRE clocked by pll_adc_clk  {rise@0.000ns fall@4.000ns period=8.000ns})
  Destination:            dac_dat_b_reg[11]/D
                            (rising edge-triggered cell FDRE clocked by pll_dac_clk_1x  {rise@0.000ns fall@4.000ns period=8.000ns})
  Path Group:             pll_dac_clk_1x
  Path Type:              Hold (Min at Fast Process Corner)
  Requirement:            0.000ns  (pll_dac_clk_1x rise@0.000ns - pll_adc_clk rise@0.000ns)
  Data Path Delay:        0.972ns  (logic 0.379ns (38.992%)  route 0.593ns (61.008%))
  Logic Levels:           3  (CARRY4=1 LUT2=1 LUT3=1)
  Clock Path Skew:        0.344ns (DCD - SCD - CPR)
    Destination Clock Delay (DCD):    2.390ns
    Source Clock Delay      (SCD):    1.971ns
    Clock Pessimism Removal (CPR):    0.075ns
  Clock Uncertainty:      0.189ns  ((TSJ^2 + DJ^2)^1/2) / 2 + PE
    Total System Jitter     (TSJ):    0.071ns
    Discrete Jitter          (DJ):    0.118ns
    Phase Error              (PE):    0.120ns

    Location             Delay type                Incr(ns)  Path(ns)    Netlist Resource(s)
  -------------------------------------------------------------------    -------------------
                         (clock pll_adc_clk rise edge)
                                                      0.000     0.000 r  
    U18                                               0.000     0.000 r  adc_clk_i[1] (IN)
                         net (fo=0)                   0.000     0.000    adc_clk_i[1]
    U18                  IBUFDS (Prop_ibufds_I_O)     0.401     0.401 r  i_clk/O
                         net (fo=1, routed)           0.440     0.842    pll/adc_clk_in
    PLLE2_ADV_X0Y0       PLLE2_ADV (Prop_plle2_adv_CLKIN1_CLKOUT0)
                                                      0.051     0.893 r  pll/pll/CLKOUT0
                         net (fo=1, routed)           0.497     1.390    pll_adc_clk
    BUFGCTRL_X0Y0        BUFG (Prop_bufg_I_O)         0.026     1.416 r  bufg_adc_clk/O
                         net (fo=4352, routed)        0.556     1.971    i_asg/ch[1]/clk_i
    SLICE_X34Y18         FDRE                                         r  i_asg/ch[1]/dac_o_reg[11]/C
  -------------------------------------------------------------------    -------------------
    SLICE_X34Y18         FDRE (Prop_fdre_C_Q)         0.164     2.135 r  i_asg/ch[1]/dac_o_reg[11]/Q
                         net (fo=2, routed)           0.151     2.286    i_asg/ch[1]/asg_dat[1][11]
    SLICE_X33Y17         LUT2 (Prop_lut2_I0_O)        0.045     2.331 r  i_asg/ch[1]/r01_reg[29]_i_3/O
                         net (fo=1, routed)           0.000     2.331    i_asg/ch[1]/r01_reg[29]_i_3_n_0
    SLICE_X33Y17         CARRY4 (Prop_carry4_S[3]_O[3])
                                                      0.063     2.394 f  i_asg/ch[1]/r01_reg_reg[29]_i_2/O[3]
                         net (fo=2, routed)           0.442     2.836    i_asg_n_193
    SLICE_X36Y19         LUT3 (Prop_lut3_I2_O)        0.107     2.943 r  dac_dat_b[11]_i_1/O
                         net (fo=1, routed)           0.000     2.943    p_1_out[11]
    SLICE_X36Y19         FDRE                                         r  dac_dat_b_reg[11]/D
  -------------------------------------------------------------------    -------------------

                         (clock pll_dac_clk_1x rise edge)
                                                      0.000     0.000 r  
    U18                                               0.000     0.000 r  adc_clk_i[1] (IN)
                         net (fo=0)                   0.000     0.000    adc_clk_i[1]
    U18                  IBUFDS (Prop_ibufds_I_O)     0.433     0.433 r  i_clk/O
                         net (fo=1, routed)           0.481     0.914    pll/adc_clk_in
    PLLE2_ADV_X0Y0       PLLE2_ADV (Prop_plle2_adv_CLKIN1_CLKOUT1)
                                                      0.054     0.968 r  pll/pll/CLKOUT1
                         net (fo=1, routed)           0.544     1.512    pll_dac_clk_1x
    BUFGCTRL_X0Y3        BUFG (Prop_bufg_I_O)         0.029     1.541 r  bufg_dac_clk_1x/O
                         net (fo=77, routed)          0.849     2.390    dac_clk_1x
    SLICE_X36Y19         FDRE                                         r  dac_dat_b_reg[11]/C
                         clock pessimism             -0.075     2.315    
                         clock uncertainty            0.189     2.504    
    SLICE_X36Y19         FDRE (Hold_fdre_C_D)         0.107     2.611    dac_dat_b_reg[11]
  -------------------------------------------------------------------
                         required time                         -2.611    
                         arrival time                           2.943    
  -------------------------------------------------------------------
                         slack                                  0.333    

Slack (MET) :             0.333ns  (arrival time - required time)
  Source:                 i_asg/ch[0]/dac_o_reg[3]/C
                            (rising edge-triggered cell FDRE clocked by pll_adc_clk  {rise@0.000ns fall@4.000ns period=8.000ns})
  Destination:            dac_dat_a_reg[3]/D
                            (rising edge-triggered cell FDRE clocked by pll_dac_clk_1x  {rise@0.000ns fall@4.000ns period=8.000ns})
  Path Group:             pll_dac_clk_1x
  Path Type:              Hold (Min at Fast Process Corner)
  Requirement:            0.000ns  (pll_dac_clk_1x rise@0.000ns - pll_adc_clk rise@0.000ns)
  Data Path Delay:        0.979ns  (logic 0.358ns (36.573%)  route 0.621ns (63.427%))
  Logic Levels:           3  (CARRY4=1 LUT2=1 LUT3=1)
  Clock Path Skew:        0.349ns (DCD - SCD - CPR)
    Destination Clock Delay (DCD):    2.394ns
    Source Clock Delay      (SCD):    1.969ns
    Clock Pessimism Removal (CPR):    0.075ns
  Clock Uncertainty:      0.189ns  ((TSJ^2 + DJ^2)^1/2) / 2 + PE
    Total System Jitter     (TSJ):    0.071ns
    Discrete Jitter          (DJ):    0.118ns
    Phase Error              (PE):    0.120ns

    Location             Delay type                Incr(ns)  Path(ns)    Netlist Resource(s)
  -------------------------------------------------------------------    -------------------
                         (clock pll_adc_clk rise edge)
                                                      0.000     0.000 r  
    U18                                               0.000     0.000 r  adc_clk_i[1] (IN)
                         net (fo=0)                   0.000     0.000    adc_clk_i[1]
    U18                  IBUFDS (Prop_ibufds_I_O)     0.401     0.401 r  i_clk/O
                         net (fo=1, routed)           0.440     0.842    pll/adc_clk_in
    PLLE2_ADV_X0Y0       PLLE2_ADV (Prop_plle2_adv_CLKIN1_CLKOUT0)
                                                      0.051     0.893 r  pll/pll/CLKOUT0
                         net (fo=1, routed)           0.497     1.390    pll_adc_clk
    BUFGCTRL_X0Y0        BUFG (Prop_bufg_I_O)         0.026     1.416 r  bufg_adc_clk/O
                         net (fo=4352, routed)        0.554     1.969    i_asg/ch[0]/clk_i
    SLICE_X35Y29         FDRE                                         r  i_asg/ch[0]/dac_o_reg[3]/C
  -------------------------------------------------------------------    -------------------
    SLICE_X35Y29         FDRE (Prop_fdre_C_Q)         0.141     2.110 r  i_asg/ch[0]/dac_o_reg[3]/Q
                         net (fo=2, routed)           0.116     2.226    i_asg/ch[0]/asg_dat[0][3]
    SLICE_X35Y30         LUT2 (Prop_lut2_I0_O)        0.045     2.271 r  i_asg/ch[0]/r01_reg[21]_i_3__0/O
                         net (fo=1, routed)           0.000     2.271    i_asg/ch[0]/r01_reg[21]_i_3__0_n_0
    SLICE_X35Y30         CARRY4 (Prop_carry4_S[3]_O[3])
                                                      0.063     2.334 f  i_asg/ch[0]/r01_reg_reg[21]_i_2__0/O[3]
                         net (fo=2, routed)           0.505     2.839    i_asg_n_200
    SLICE_X36Y34         LUT3 (Prop_lut3_I2_O)        0.109     2.948 r  dac_dat_a[3]_i_1/O
                         net (fo=1, routed)           0.000     2.948    dac_dat_a[3]_i_1_n_0
    SLICE_X36Y34         FDRE                                         r  dac_dat_a_reg[3]/D
  -------------------------------------------------------------------    -------------------

                         (clock pll_dac_clk_1x rise edge)
                                                      0.000     0.000 r  
    U18                                               0.000     0.000 r  adc_clk_i[1] (IN)
                         net (fo=0)                   0.000     0.000    adc_clk_i[1]
    U18                  IBUFDS (Prop_ibufds_I_O)     0.433     0.433 r  i_clk/O
                         net (fo=1, routed)           0.481     0.914    pll/adc_clk_in
    PLLE2_ADV_X0Y0       PLLE2_ADV (Prop_plle2_adv_CLKIN1_CLKOUT1)
                                                      0.054     0.968 r  pll/pll/CLKOUT1
                         net (fo=1, routed)           0.544     1.512    pll_dac_clk_1x
    BUFGCTRL_X0Y3        BUFG (Prop_bufg_I_O)         0.029     1.541 r  bufg_dac_clk_1x/O
                         net (fo=77, routed)          0.853     2.394    dac_clk_1x
    SLICE_X36Y34         FDRE                                         r  dac_dat_a_reg[3]/C
                         clock pessimism             -0.075     2.319    
                         clock uncertainty            0.189     2.508    
    SLICE_X36Y34         FDRE (Hold_fdre_C_D)         0.107     2.615    dac_dat_a_reg[3]
  -------------------------------------------------------------------
                         required time                         -2.615    
                         arrival time                           2.948    
  -------------------------------------------------------------------
                         slack                                  0.333    

Slack (MET) :             0.334ns  (arrival time - required time)
  Source:                 i_pid/out_1_sat_reg[4]/C
                            (rising edge-triggered cell FDRE clocked by pll_adc_clk  {rise@0.000ns fall@4.000ns period=8.000ns})
  Destination:            dac_dat_a_reg[4]/D
                            (rising edge-triggered cell FDRE clocked by pll_dac_clk_1x  {rise@0.000ns fall@4.000ns period=8.000ns})
  Path Group:             pll_dac_clk_1x
  Path Type:              Hold (Min at Fast Process Corner)
  Requirement:            0.000ns  (pll_dac_clk_1x rise@0.000ns - pll_adc_clk rise@0.000ns)
  Data Path Delay:        0.964ns  (logic 0.386ns (40.051%)  route 0.578ns (59.949%))
  Logic Levels:           3  (CARRY4=1 LUT2=1 LUT3=1)
  Clock Path Skew:        0.348ns (DCD - SCD - CPR)
    Destination Clock Delay (DCD):    2.394ns
    Source Clock Delay      (SCD):    1.970ns
    Clock Pessimism Removal (CPR):    0.075ns
  Clock Uncertainty:      0.189ns  ((TSJ^2 + DJ^2)^1/2) / 2 + PE
    Total System Jitter     (TSJ):    0.071ns
    Discrete Jitter          (DJ):    0.118ns
    Phase Error              (PE):    0.120ns

    Location             Delay type                Incr(ns)  Path(ns)    Netlist Resource(s)
  -------------------------------------------------------------------    -------------------
                         (clock pll_adc_clk rise edge)
                                                      0.000     0.000 r  
    U18                                               0.000     0.000 r  adc_clk_i[1] (IN)
                         net (fo=0)                   0.000     0.000    adc_clk_i[1]
    U18                  IBUFDS (Prop_ibufds_I_O)     0.401     0.401 r  i_clk/O
                         net (fo=1, routed)           0.440     0.842    pll/adc_clk_in
    PLLE2_ADV_X0Y0       PLLE2_ADV (Prop_plle2_adv_CLKIN1_CLKOUT0)
                                                      0.051     0.893 r  pll/pll/CLKOUT0
                         net (fo=1, routed)           0.497     1.390    pll_adc_clk
    BUFGCTRL_X0Y0        BUFG (Prop_bufg_I_O)         0.026     1.416 r  bufg_adc_clk/O
                         net (fo=4352, routed)        0.555     1.970    i_pid/clk_i
    SLICE_X32Y30         FDRE                                         r  i_pid/out_1_sat_reg[4]/C
  -------------------------------------------------------------------    -------------------
    SLICE_X32Y30         FDRE (Prop_fdre_C_Q)         0.164     2.134 r  i_pid/out_1_sat_reg[4]/Q
                         net (fo=1, routed)           0.168     2.302    i_asg/ch[0]/pid_dat[0][4]
    SLICE_X35Y31         LUT2 (Prop_lut2_I1_O)        0.045     2.347 r  i_asg/ch[0]/r01_reg[25]_i_6__0/O
                         net (fo=1, routed)           0.000     2.347    i_asg/ch[0]/r01_reg[25]_i_6__0_n_0
    SLICE_X35Y31         CARRY4 (Prop_carry4_S[0]_O[0])
                                                      0.070     2.417 f  i_asg/ch[0]/r01_reg_reg[25]_i_2__0/O[0]
                         net (fo=2, routed)           0.410     2.827    i_asg_n_207
    SLICE_X36Y34         LUT3 (Prop_lut3_I2_O)        0.107     2.934 r  dac_dat_a[4]_i_1/O
                         net (fo=1, routed)           0.000     2.934    dac_dat_a[4]_i_1_n_0
    SLICE_X36Y34         FDRE                                         r  dac_dat_a_reg[4]/D
  -------------------------------------------------------------------    -------------------

                         (clock pll_dac_clk_1x rise edge)
                                                      0.000     0.000 r  
    U18                                               0.000     0.000 r  adc_clk_i[1] (IN)
                         net (fo=0)                   0.000     0.000    adc_clk_i[1]
    U18                  IBUFDS (Prop_ibufds_I_O)     0.433     0.433 r  i_clk/O
                         net (fo=1, routed)           0.481     0.914    pll/adc_clk_in
    PLLE2_ADV_X0Y0       PLLE2_ADV (Prop_plle2_adv_CLKIN1_CLKOUT1)
                                                      0.054     0.968 r  pll/pll/CLKOUT1
                         net (fo=1, routed)           0.544     1.512    pll_dac_clk_1x
    BUFGCTRL_X0Y3        BUFG (Prop_bufg_I_O)         0.029     1.541 r  bufg_dac_clk_1x/O
                         net (fo=77, routed)          0.853     2.394    dac_clk_1x
    SLICE_X36Y34         FDRE                                         r  dac_dat_a_reg[4]/C
                         clock pessimism             -0.075     2.319    
                         clock uncertainty            0.189     2.508    
    SLICE_X36Y34         FDRE (Hold_fdre_C_D)         0.092     2.600    dac_dat_a_reg[4]
  -------------------------------------------------------------------
                         required time                         -2.600    
                         arrival time                           2.934    
  -------------------------------------------------------------------
                         slack                                  0.334    





---------------------------------------------------------------------------------------------------
From Clock:  pll_adc_clk
  To Clock:  pll_pwm_clk

Setup :            0  Failing Endpoints,  Worst Slack        0.559ns,  Total Violation        0.000ns
Hold  :            0  Failing Endpoints,  Worst Slack        0.159ns,  Total Violation        0.000ns
---------------------------------------------------------------------------------------------------


Max Delay Paths
--------------------------------------------------------------------------------------
Slack (MET) :             0.559ns  (required time - arrival time)
  Source:                 i_ams/dac_c_o_reg[1]/C
                            (rising edge-triggered cell FDRE clocked by pll_adc_clk  {rise@0.000ns fall@4.000ns period=8.000ns})
  Destination:            pwm[2]/b_reg[1]/D
                            (rising edge-triggered cell FDRE clocked by pll_pwm_clk  {rise@0.000ns fall@2.000ns period=4.000ns})
  Path Group:             pll_pwm_clk
  Path Type:              Setup (Max at Slow Process Corner)
  Requirement:            4.000ns  (pll_pwm_clk rise@4.000ns - pll_adc_clk rise@0.000ns)
  Data Path Delay:        2.936ns  (logic 0.580ns (19.756%)  route 2.356ns (80.244%))
  Logic Levels:           1  (LUT6=1)
  Clock Path Skew:        -0.348ns (DCD - SCD + CPR)
    Destination Clock Delay (DCD):    5.460ns = ( 9.460 - 4.000 ) 
    Source Clock Delay      (SCD):    5.981ns
    Clock Pessimism Removal (CPR):    0.173ns
  Clock Uncertainty:      0.189ns  ((TSJ^2 + DJ^2)^1/2) / 2 + PE
    Total System Jitter     (TSJ):    0.071ns
    Discrete Jitter          (DJ):    0.118ns
    Phase Error              (PE):    0.120ns

    Location             Delay type                Incr(ns)  Path(ns)    Netlist Resource(s)
  -------------------------------------------------------------------    -------------------
                         (clock pll_adc_clk rise edge)
                                                      0.000     0.000 r  
    U18                                               0.000     0.000 r  adc_clk_i[1] (IN)
                         net (fo=0)                   0.000     0.000    adc_clk_i[1]
    U18                  IBUFDS (Prop_ibufds_I_O)     0.983     0.983 r  i_clk/O
                         net (fo=1, routed)           1.306     2.289    pll/adc_clk_in
    PLLE2_ADV_X0Y0       PLLE2_ADV (Prop_plle2_adv_CLKIN1_CLKOUT0)
                                                      0.089     2.378 r  pll/pll/CLKOUT0
                         net (fo=1, routed)           1.754     4.132    pll_adc_clk
    BUFGCTRL_X0Y0        BUFG (Prop_bufg_I_O)         0.101     4.233 r  bufg_adc_clk/O
                         net (fo=4352, routed)        1.748     5.981    i_ams/adc_clk
    SLICE_X36Y37         FDRE                                         r  i_ams/dac_c_o_reg[1]/C
  -------------------------------------------------------------------    -------------------
    SLICE_X36Y37         FDRE (Prop_fdre_C_Q)         0.456     6.437 r  i_ams/dac_c_o_reg[1]/Q
                         net (fo=2, routed)           2.356     8.793    pwm[2]/pwm_cfg[2][1]
    SLICE_X37Y36         LUT6 (Prop_lut6_I5_O)        0.124     8.917 r  pwm[2]/b[1]_i_1__0/O
                         net (fo=1, routed)           0.000     8.917    pwm[2]/p_0_in[1]
    SLICE_X37Y36         FDRE                                         r  pwm[2]/b_reg[1]/D
  -------------------------------------------------------------------    -------------------

                         (clock pll_pwm_clk rise edge)
                                                      4.000     4.000 r  
    U18                                               0.000     4.000 r  adc_clk_i[1] (IN)
                         net (fo=0)                   0.000     4.000    adc_clk_i[1]
    U18                  IBUFDS (Prop_ibufds_I_O)     0.940     4.940 r  i_clk/O
                         net (fo=1, routed)           1.181     6.121    pll/adc_clk_in
    PLLE2_ADV_X0Y0       PLLE2_ADV (Prop_plle2_adv_CLKIN1_CLKOUT5)
                                                      0.084     6.205 r  pll/pll/CLKOUT5
                         net (fo=1, routed)           1.594     7.799    pll_pwm_clk
    BUFGCTRL_X0Y2        BUFG (Prop_bufg_I_O)         0.091     7.890 r  bufg_pwm_clk/O
                         net (fo=213, routed)         1.570     9.460    pwm[2]/CLK
    SLICE_X37Y36         FDRE                                         r  pwm[2]/b_reg[1]/C
                         clock pessimism              0.173     9.634    
                         clock uncertainty           -0.189     9.445    
    SLICE_X37Y36         FDRE (Setup_fdre_C_D)        0.031     9.476    pwm[2]/b_reg[1]
  -------------------------------------------------------------------
                         required time                          9.476    
                         arrival time                          -8.917    
  -------------------------------------------------------------------
                         slack                                  0.559    

Slack (MET) :             0.737ns  (required time - arrival time)
  Source:                 i_ams/dac_a_o_reg[14]/C
                            (rising edge-triggered cell FDRE clocked by pll_adc_clk  {rise@0.000ns fall@4.000ns period=8.000ns})
  Destination:            pwm[0]/b_reg[14]/D
                            (rising edge-triggered cell FDRE clocked by pll_pwm_clk  {rise@0.000ns fall@2.000ns period=4.000ns})
  Path Group:             pll_pwm_clk
  Path Type:              Setup (Max at Slow Process Corner)
  Requirement:            4.000ns  (pll_pwm_clk rise@4.000ns - pll_adc_clk rise@0.000ns)
  Data Path Delay:        2.835ns  (logic 0.580ns (20.458%)  route 2.255ns (79.542%))
  Logic Levels:           1  (LUT6=1)
  Clock Path Skew:        -0.269ns (DCD - SCD + CPR)
    Destination Clock Delay (DCD):    5.463ns = ( 9.463 - 4.000 ) 
    Source Clock Delay      (SCD):    5.905ns
    Clock Pessimism Removal (CPR):    0.173ns
  Clock Uncertainty:      0.189ns  ((TSJ^2 + DJ^2)^1/2) / 2 + PE
    Total System Jitter     (TSJ):    0.071ns
    Discrete Jitter          (DJ):    0.118ns
    Phase Error              (PE):    0.120ns

    Location             Delay type                Incr(ns)  Path(ns)    Netlist Resource(s)
  -------------------------------------------------------------------    -------------------
                         (clock pll_adc_clk rise edge)
                                                      0.000     0.000 r  
    U18                                               0.000     0.000 r  adc_clk_i[1] (IN)
                         net (fo=0)                   0.000     0.000    adc_clk_i[1]
    U18                  IBUFDS (Prop_ibufds_I_O)     0.983     0.983 r  i_clk/O
                         net (fo=1, routed)           1.306     2.289    pll/adc_clk_in
    PLLE2_ADV_X0Y0       PLLE2_ADV (Prop_plle2_adv_CLKIN1_CLKOUT0)
                                                      0.089     2.378 r  pll/pll/CLKOUT0
                         net (fo=1, routed)           1.754     4.132    pll_adc_clk
    BUFGCTRL_X0Y0        BUFG (Prop_bufg_I_O)         0.101     4.233 r  bufg_adc_clk/O
                         net (fo=4352, routed)        1.672     5.905    i_ams/adc_clk
    SLICE_X31Y39         FDRE                                         r  i_ams/dac_a_o_reg[14]/C
  -------------------------------------------------------------------    -------------------
    SLICE_X31Y39         FDRE (Prop_fdre_C_Q)         0.456     6.361 r  i_ams/dac_a_o_reg[14]/Q
                         net (fo=2, routed)           2.255     8.616    pwm[0]/pwm_cfg[0][14]
    SLICE_X36Y40         LUT6 (Prop_lut6_I5_O)        0.124     8.740 r  pwm[0]/b[14]_i_1__2/O
                         net (fo=1, routed)           0.000     8.740    pwm[0]/p_0_in[14]
    SLICE_X36Y40         FDRE                                         r  pwm[0]/b_reg[14]/D
  -------------------------------------------------------------------    -------------------

                         (clock pll_pwm_clk rise edge)
                                                      4.000     4.000 r  
    U18                                               0.000     4.000 r  adc_clk_i[1] (IN)
                         net (fo=0)                   0.000     4.000    adc_clk_i[1]
    U18                  IBUFDS (Prop_ibufds_I_O)     0.940     4.940 r  i_clk/O
                         net (fo=1, routed)           1.181     6.121    pll/adc_clk_in
    PLLE2_ADV_X0Y0       PLLE2_ADV (Prop_plle2_adv_CLKIN1_CLKOUT5)
                                                      0.084     6.205 r  pll/pll/CLKOUT5
                         net (fo=1, routed)           1.594     7.799    pll_pwm_clk
    BUFGCTRL_X0Y2        BUFG (Prop_bufg_I_O)         0.091     7.890 r  bufg_pwm_clk/O
                         net (fo=213, routed)         1.573     9.463    pwm[0]/CLK
    SLICE_X36Y40         FDRE                                         r  pwm[0]/b_reg[14]/C
                         clock pessimism              0.173     9.637    
                         clock uncertainty           -0.189     9.448    
    SLICE_X36Y40         FDRE (Setup_fdre_C_D)        0.029     9.477    pwm[0]/b_reg[14]
  -------------------------------------------------------------------
                         required time                          9.477    
                         arrival time                          -8.740    
  -------------------------------------------------------------------
                         slack                                  0.737    

Slack (MET) :             0.823ns  (required time - arrival time)
  Source:                 i_ams/dac_c_o_reg[0]/C
                            (rising edge-triggered cell FDRE clocked by pll_adc_clk  {rise@0.000ns fall@4.000ns period=8.000ns})
  Destination:            pwm[2]/b_reg[0]/D
                            (rising edge-triggered cell FDRE clocked by pll_pwm_clk  {rise@0.000ns fall@2.000ns period=4.000ns})
  Path Group:             pll_pwm_clk
  Path Type:              Setup (Max at Slow Process Corner)
  Requirement:            4.000ns  (pll_pwm_clk rise@4.000ns - pll_adc_clk rise@0.000ns)
  Data Path Delay:        2.720ns  (logic 0.580ns (21.323%)  route 2.140ns (78.677%))
  Logic Levels:           1  (LUT6=1)
  Clock Path Skew:        -0.347ns (DCD - SCD + CPR)
    Destination Clock Delay (DCD):    5.460ns = ( 9.460 - 4.000 ) 
    Source Clock Delay      (SCD):    5.980ns
    Clock Pessimism Removal (CPR):    0.173ns
  Clock Uncertainty:      0.189ns  ((TSJ^2 + DJ^2)^1/2) / 2 + PE
    Total System Jitter     (TSJ):    0.071ns
    Discrete Jitter          (DJ):    0.118ns
    Phase Error              (PE):    0.120ns

    Location             Delay type                Incr(ns)  Path(ns)    Netlist Resource(s)
  -------------------------------------------------------------------    -------------------
                         (clock pll_adc_clk rise edge)
                                                      0.000     0.000 r  
    U18                                               0.000     0.000 r  adc_clk_i[1] (IN)
                         net (fo=0)                   0.000     0.000    adc_clk_i[1]
    U18                  IBUFDS (Prop_ibufds_I_O)     0.983     0.983 r  i_clk/O
                         net (fo=1, routed)           1.306     2.289    pll/adc_clk_in
    PLLE2_ADV_X0Y0       PLLE2_ADV (Prop_plle2_adv_CLKIN1_CLKOUT0)
                                                      0.089     2.378 r  pll/pll/CLKOUT0
                         net (fo=1, routed)           1.754     4.132    pll_adc_clk
    BUFGCTRL_X0Y0        BUFG (Prop_bufg_I_O)         0.101     4.233 r  bufg_adc_clk/O
                         net (fo=4352, routed)        1.747     5.980    i_ams/adc_clk
    SLICE_X36Y36         FDRE                                         r  i_ams/dac_c_o_reg[0]/C
  -------------------------------------------------------------------    -------------------
    SLICE_X36Y36         FDRE (Prop_fdre_C_Q)         0.456     6.436 r  i_ams/dac_c_o_reg[0]/Q
                         net (fo=2, routed)           2.140     8.576    pwm[2]/pwm_cfg[2][0]
    SLICE_X38Y36         LUT6 (Prop_lut6_I5_O)        0.124     8.700 r  pwm[2]/b[0]_i_1__0/O
                         net (fo=1, routed)           0.000     8.700    pwm[2]/p_0_in[0]
    SLICE_X38Y36         FDRE                                         r  pwm[2]/b_reg[0]/D
  -------------------------------------------------------------------    -------------------

                         (clock pll_pwm_clk rise edge)
                                                      4.000     4.000 r  
    U18                                               0.000     4.000 r  adc_clk_i[1] (IN)
                         net (fo=0)                   0.000     4.000    adc_clk_i[1]
    U18                  IBUFDS (Prop_ibufds_I_O)     0.940     4.940 r  i_clk/O
                         net (fo=1, routed)           1.181     6.121    pll/adc_clk_in
    PLLE2_ADV_X0Y0       PLLE2_ADV (Prop_plle2_adv_CLKIN1_CLKOUT5)
                                                      0.084     6.205 r  pll/pll/CLKOUT5
                         net (fo=1, routed)           1.594     7.799    pll_pwm_clk
    BUFGCTRL_X0Y2        BUFG (Prop_bufg_I_O)         0.091     7.890 r  bufg_pwm_clk/O
                         net (fo=213, routed)         1.570     9.460    pwm[2]/CLK
    SLICE_X38Y36         FDRE                                         r  pwm[2]/b_reg[0]/C
                         clock pessimism              0.173     9.634    
                         clock uncertainty           -0.189     9.445    
    SLICE_X38Y36         FDRE (Setup_fdre_C_D)        0.079     9.524    pwm[2]/b_reg[0]
  -------------------------------------------------------------------
                         required time                          9.524    
                         arrival time                          -8.700    
  -------------------------------------------------------------------
                         slack                                  0.823    

Slack (MET) :             0.841ns  (required time - arrival time)
  Source:                 i_ams/dac_c_o_reg[9]/C
                            (rising edge-triggered cell FDRE clocked by pll_adc_clk  {rise@0.000ns fall@4.000ns period=8.000ns})
  Destination:            pwm[2]/b_reg[9]/D
                            (rising edge-triggered cell FDRE clocked by pll_pwm_clk  {rise@0.000ns fall@2.000ns period=4.000ns})
  Path Group:             pll_pwm_clk
  Path Type:              Setup (Max at Slow Process Corner)
  Requirement:            4.000ns  (pll_pwm_clk rise@4.000ns - pll_adc_clk rise@0.000ns)
  Data Path Delay:        2.733ns  (logic 0.779ns (28.508%)  route 1.954ns (71.492%))
  Logic Levels:           1  (LUT6=1)
  Clock Path Skew:        -0.270ns (DCD - SCD + CPR)
    Destination Clock Delay (DCD):    5.461ns = ( 9.461 - 4.000 ) 
    Source Clock Delay      (SCD):    5.904ns
    Clock Pessimism Removal (CPR):    0.173ns
  Clock Uncertainty:      0.189ns  ((TSJ^2 + DJ^2)^1/2) / 2 + PE
    Total System Jitter     (TSJ):    0.071ns
    Discrete Jitter          (DJ):    0.118ns
    Phase Error              (PE):    0.120ns

    Location             Delay type                Incr(ns)  Path(ns)    Netlist Resource(s)
  -------------------------------------------------------------------    -------------------
                         (clock pll_adc_clk rise edge)
                                                      0.000     0.000 r  
    U18                                               0.000     0.000 r  adc_clk_i[1] (IN)
                         net (fo=0)                   0.000     0.000    adc_clk_i[1]
    U18                  IBUFDS (Prop_ibufds_I_O)     0.983     0.983 r  i_clk/O
                         net (fo=1, routed)           1.306     2.289    pll/adc_clk_in
    PLLE2_ADV_X0Y0       PLLE2_ADV (Prop_plle2_adv_CLKIN1_CLKOUT0)
                                                      0.089     2.378 r  pll/pll/CLKOUT0
                         net (fo=1, routed)           1.754     4.132    pll_adc_clk
    BUFGCTRL_X0Y0        BUFG (Prop_bufg_I_O)         0.101     4.233 r  bufg_adc_clk/O
                         net (fo=4352, routed)        1.671     5.904    i_ams/adc_clk
    SLICE_X34Y38         FDRE                                         r  i_ams/dac_c_o_reg[9]/C
  -------------------------------------------------------------------    -------------------
    SLICE_X34Y38         FDRE (Prop_fdre_C_Q)         0.478     6.382 r  i_ams/dac_c_o_reg[9]/Q
                         net (fo=2, routed)           1.954     8.336    pwm[2]/pwm_cfg[2][9]
    SLICE_X37Y37         LUT6 (Prop_lut6_I5_O)        0.301     8.637 r  pwm[2]/b[9]_i_1__0/O
                         net (fo=1, routed)           0.000     8.637    pwm[2]/p_0_in[9]
    SLICE_X37Y37         FDRE                                         r  pwm[2]/b_reg[9]/D
  -------------------------------------------------------------------    -------------------

                         (clock pll_pwm_clk rise edge)
                                                      4.000     4.000 r  
    U18                                               0.000     4.000 r  adc_clk_i[1] (IN)
                         net (fo=0)                   0.000     4.000    adc_clk_i[1]
    U18                  IBUFDS (Prop_ibufds_I_O)     0.940     4.940 r  i_clk/O
                         net (fo=1, routed)           1.181     6.121    pll/adc_clk_in
    PLLE2_ADV_X0Y0       PLLE2_ADV (Prop_plle2_adv_CLKIN1_CLKOUT5)
                                                      0.084     6.205 r  pll/pll/CLKOUT5
                         net (fo=1, routed)           1.594     7.799    pll_pwm_clk
    BUFGCTRL_X0Y2        BUFG (Prop_bufg_I_O)         0.091     7.890 r  bufg_pwm_clk/O
                         net (fo=213, routed)         1.571     9.461    pwm[2]/CLK
    SLICE_X37Y37         FDRE                                         r  pwm[2]/b_reg[9]/C
                         clock pessimism              0.173     9.635    
                         clock uncertainty           -0.189     9.446    
    SLICE_X37Y37         FDRE (Setup_fdre_C_D)        0.032     9.478    pwm[2]/b_reg[9]
  -------------------------------------------------------------------
                         required time                          9.478    
                         arrival time                          -8.637    
  -------------------------------------------------------------------
                         slack                                  0.841    

Slack (MET) :             0.894ns  (required time - arrival time)
  Source:                 i_ams/dac_b_o_reg[4]/C
                            (rising edge-triggered cell FDRE clocked by pll_adc_clk  {rise@0.000ns fall@4.000ns period=8.000ns})
  Destination:            pwm[1]/b_reg[4]/D
                            (rising edge-triggered cell FDRE clocked by pll_pwm_clk  {rise@0.000ns fall@2.000ns period=4.000ns})
  Path Group:             pll_pwm_clk
  Path Type:              Setup (Max at Slow Process Corner)
  Requirement:            4.000ns  (pll_pwm_clk rise@4.000ns - pll_adc_clk rise@0.000ns)
  Data Path Delay:        2.650ns  (logic 0.718ns (27.092%)  route 1.932ns (72.908%))
  Logic Levels:           1  (LUT6=1)
  Clock Path Skew:        -0.346ns (DCD - SCD + CPR)
    Destination Clock Delay (DCD):    5.464ns = ( 9.464 - 4.000 ) 
    Source Clock Delay      (SCD):    5.983ns
    Clock Pessimism Removal (CPR):    0.173ns
  Clock Uncertainty:      0.189ns  ((TSJ^2 + DJ^2)^1/2) / 2 + PE
    Total System Jitter     (TSJ):    0.071ns
    Discrete Jitter          (DJ):    0.118ns
    Phase Error              (PE):    0.120ns

    Location             Delay type                Incr(ns)  Path(ns)    Netlist Resource(s)
  -------------------------------------------------------------------    -------------------
                         (clock pll_adc_clk rise edge)
                                                      0.000     0.000 r  
    U18                                               0.000     0.000 r  adc_clk_i[1] (IN)
                         net (fo=0)                   0.000     0.000    adc_clk_i[1]
    U18                  IBUFDS (Prop_ibufds_I_O)     0.983     0.983 r  i_clk/O
                         net (fo=1, routed)           1.306     2.289    pll/adc_clk_in
    PLLE2_ADV_X0Y0       PLLE2_ADV (Prop_plle2_adv_CLKIN1_CLKOUT0)
                                                      0.089     2.378 r  pll/pll/CLKOUT0
                         net (fo=1, routed)           1.754     4.132    pll_adc_clk
    BUFGCTRL_X0Y0        BUFG (Prop_bufg_I_O)         0.101     4.233 r  bufg_adc_clk/O
                         net (fo=4352, routed)        1.750     5.983    i_ams/adc_clk
    SLICE_X37Y40         FDRE                                         r  i_ams/dac_b_o_reg[4]/C
  -------------------------------------------------------------------    -------------------
    SLICE_X37Y40         FDRE (Prop_fdre_C_Q)         0.419     6.402 r  i_ams/dac_b_o_reg[4]/Q
                         net (fo=2, routed)           1.932     8.334    pwm[1]/pwm_cfg[1][4]
    SLICE_X38Y41         LUT6 (Prop_lut6_I5_O)        0.299     8.633 r  pwm[1]/b[4]_i_1__1/O
                         net (fo=1, routed)           0.000     8.633    pwm[1]/p_0_in[4]
    SLICE_X38Y41         FDRE                                         r  pwm[1]/b_reg[4]/D
  -------------------------------------------------------------------    -------------------

                         (clock pll_pwm_clk rise edge)
                                                      4.000     4.000 r  
    U18                                               0.000     4.000 r  adc_clk_i[1] (IN)
                         net (fo=0)                   0.000     4.000    adc_clk_i[1]
    U18                  IBUFDS (Prop_ibufds_I_O)     0.940     4.940 r  i_clk/O
                         net (fo=1, routed)           1.181     6.121    pll/adc_clk_in
    PLLE2_ADV_X0Y0       PLLE2_ADV (Prop_plle2_adv_CLKIN1_CLKOUT5)
                                                      0.084     6.205 r  pll/pll/CLKOUT5
                         net (fo=1, routed)           1.594     7.799    pll_pwm_clk
    BUFGCTRL_X0Y2        BUFG (Prop_bufg_I_O)         0.091     7.890 r  bufg_pwm_clk/O
                         net (fo=213, routed)         1.574     9.464    pwm[1]/CLK
    SLICE_X38Y41         FDRE                                         r  pwm[1]/b_reg[4]/C
                         clock pessimism              0.173     9.638    
                         clock uncertainty           -0.189     9.449    
    SLICE_X38Y41         FDRE (Setup_fdre_C_D)        0.079     9.528    pwm[1]/b_reg[4]
  -------------------------------------------------------------------
                         required time                          9.528    
                         arrival time                          -8.633    
  -------------------------------------------------------------------
                         slack                                  0.894    

Slack (MET) :             0.902ns  (required time - arrival time)
  Source:                 i_ams/dac_b_o_reg[5]/C
                            (rising edge-triggered cell FDRE clocked by pll_adc_clk  {rise@0.000ns fall@4.000ns period=8.000ns})
  Destination:            pwm[1]/b_reg[5]/D
                            (rising edge-triggered cell FDRE clocked by pll_pwm_clk  {rise@0.000ns fall@2.000ns period=4.000ns})
  Path Group:             pll_pwm_clk
  Path Type:              Setup (Max at Slow Process Corner)
  Requirement:            4.000ns  (pll_pwm_clk rise@4.000ns - pll_adc_clk rise@0.000ns)
  Data Path Delay:        2.640ns  (logic 0.715ns (27.081%)  route 1.925ns (72.919%))
  Logic Levels:           1  (LUT6=1)
  Clock Path Skew:        -0.346ns (DCD - SCD + CPR)
    Destination Clock Delay (DCD):    5.464ns = ( 9.464 - 4.000 ) 
    Source Clock Delay      (SCD):    5.983ns
    Clock Pessimism Removal (CPR):    0.173ns
  Clock Uncertainty:      0.189ns  ((TSJ^2 + DJ^2)^1/2) / 2 + PE
    Total System Jitter     (TSJ):    0.071ns
    Discrete Jitter          (DJ):    0.118ns
    Phase Error              (PE):    0.120ns

    Location             Delay type                Incr(ns)  Path(ns)    Netlist Resource(s)
  -------------------------------------------------------------------    -------------------
                         (clock pll_adc_clk rise edge)
                                                      0.000     0.000 r  
    U18                                               0.000     0.000 r  adc_clk_i[1] (IN)
                         net (fo=0)                   0.000     0.000    adc_clk_i[1]
    U18                  IBUFDS (Prop_ibufds_I_O)     0.983     0.983 r  i_clk/O
                         net (fo=1, routed)           1.306     2.289    pll/adc_clk_in
    PLLE2_ADV_X0Y0       PLLE2_ADV (Prop_plle2_adv_CLKIN1_CLKOUT0)
                                                      0.089     2.378 r  pll/pll/CLKOUT0
                         net (fo=1, routed)           1.754     4.132    pll_adc_clk
    BUFGCTRL_X0Y0        BUFG (Prop_bufg_I_O)         0.101     4.233 r  bufg_adc_clk/O
                         net (fo=4352, routed)        1.750     5.983    i_ams/adc_clk
    SLICE_X37Y40         FDRE                                         r  i_ams/dac_b_o_reg[5]/C
  -------------------------------------------------------------------    -------------------
    SLICE_X37Y40         FDRE (Prop_fdre_C_Q)         0.419     6.402 r  i_ams/dac_b_o_reg[5]/Q
                         net (fo=2, routed)           1.925     8.327    pwm[1]/pwm_cfg[1][5]
    SLICE_X38Y42         LUT6 (Prop_lut6_I5_O)        0.296     8.623 r  pwm[1]/b[5]_i_1__1/O
                         net (fo=1, routed)           0.000     8.623    pwm[1]/p_0_in[5]
    SLICE_X38Y42         FDRE                                         r  pwm[1]/b_reg[5]/D
  -------------------------------------------------------------------    -------------------

                         (clock pll_pwm_clk rise edge)
                                                      4.000     4.000 r  
    U18                                               0.000     4.000 r  adc_clk_i[1] (IN)
                         net (fo=0)                   0.000     4.000    adc_clk_i[1]
    U18                  IBUFDS (Prop_ibufds_I_O)     0.940     4.940 r  i_clk/O
                         net (fo=1, routed)           1.181     6.121    pll/adc_clk_in
    PLLE2_ADV_X0Y0       PLLE2_ADV (Prop_plle2_adv_CLKIN1_CLKOUT5)
                                                      0.084     6.205 r  pll/pll/CLKOUT5
                         net (fo=1, routed)           1.594     7.799    pll_pwm_clk
    BUFGCTRL_X0Y2        BUFG (Prop_bufg_I_O)         0.091     7.890 r  bufg_pwm_clk/O
                         net (fo=213, routed)         1.574     9.464    pwm[1]/CLK
    SLICE_X38Y42         FDRE                                         r  pwm[1]/b_reg[5]/C
                         clock pessimism              0.173     9.638    
                         clock uncertainty           -0.189     9.449    
    SLICE_X38Y42         FDRE (Setup_fdre_C_D)        0.077     9.526    pwm[1]/b_reg[5]
  -------------------------------------------------------------------
                         required time                          9.526    
                         arrival time                          -8.623    
  -------------------------------------------------------------------
                         slack                                  0.902    

Slack (MET) :             0.965ns  (required time - arrival time)
  Source:                 i_ams/dac_a_o_reg[3]/C
                            (rising edge-triggered cell FDRE clocked by pll_adc_clk  {rise@0.000ns fall@4.000ns period=8.000ns})
  Destination:            pwm[0]/b_reg[3]/D
                            (rising edge-triggered cell FDRE clocked by pll_pwm_clk  {rise@0.000ns fall@2.000ns period=4.000ns})
  Path Group:             pll_pwm_clk
  Path Type:              Setup (Max at Slow Process Corner)
  Requirement:            4.000ns  (pll_pwm_clk rise@4.000ns - pll_adc_clk rise@0.000ns)
  Data Path Delay:        2.657ns  (logic 0.580ns (21.833%)  route 2.077ns (78.167%))
  Logic Levels:           1  (LUT6=1)
  Clock Path Skew:        -0.269ns (DCD - SCD + CPR)
    Destination Clock Delay (DCD):    5.463ns = ( 9.463 - 4.000 ) 
    Source Clock Delay      (SCD):    5.905ns
    Clock Pessimism Removal (CPR):    0.173ns
  Clock Uncertainty:      0.189ns  ((TSJ^2 + DJ^2)^1/2) / 2 + PE
    Total System Jitter     (TSJ):    0.071ns
    Discrete Jitter          (DJ):    0.118ns
    Phase Error              (PE):    0.120ns

    Location             Delay type                Incr(ns)  Path(ns)    Netlist Resource(s)
  -------------------------------------------------------------------    -------------------
                         (clock pll_adc_clk rise edge)
                                                      0.000     0.000 r  
    U18                                               0.000     0.000 r  adc_clk_i[1] (IN)
                         net (fo=0)                   0.000     0.000    adc_clk_i[1]
    U18                  IBUFDS (Prop_ibufds_I_O)     0.983     0.983 r  i_clk/O
                         net (fo=1, routed)           1.306     2.289    pll/adc_clk_in
    PLLE2_ADV_X0Y0       PLLE2_ADV (Prop_plle2_adv_CLKIN1_CLKOUT0)
                                                      0.089     2.378 r  pll/pll/CLKOUT0
                         net (fo=1, routed)           1.754     4.132    pll_adc_clk
    BUFGCTRL_X0Y0        BUFG (Prop_bufg_I_O)         0.101     4.233 r  bufg_adc_clk/O
                         net (fo=4352, routed)        1.672     5.905    i_ams/adc_clk
    SLICE_X33Y39         FDRE                                         r  i_ams/dac_a_o_reg[3]/C
  -------------------------------------------------------------------    -------------------
    SLICE_X33Y39         FDRE (Prop_fdre_C_Q)         0.456     6.361 r  i_ams/dac_a_o_reg[3]/Q
                         net (fo=2, routed)           2.077     8.438    pwm[0]/pwm_cfg[0][3]
    SLICE_X38Y39         LUT6 (Prop_lut6_I5_O)        0.124     8.562 r  pwm[0]/b[3]_i_1__2/O
                         net (fo=1, routed)           0.000     8.562    pwm[0]/p_0_in[3]
    SLICE_X38Y39         FDRE                                         r  pwm[0]/b_reg[3]/D
  -------------------------------------------------------------------    -------------------

                         (clock pll_pwm_clk rise edge)
                                                      4.000     4.000 r  
    U18                                               0.000     4.000 r  adc_clk_i[1] (IN)
                         net (fo=0)                   0.000     4.000    adc_clk_i[1]
    U18                  IBUFDS (Prop_ibufds_I_O)     0.940     4.940 r  i_clk/O
                         net (fo=1, routed)           1.181     6.121    pll/adc_clk_in
    PLLE2_ADV_X0Y0       PLLE2_ADV (Prop_plle2_adv_CLKIN1_CLKOUT5)
                                                      0.084     6.205 r  pll/pll/CLKOUT5
                         net (fo=1, routed)           1.594     7.799    pll_pwm_clk
    BUFGCTRL_X0Y2        BUFG (Prop_bufg_I_O)         0.091     7.890 r  bufg_pwm_clk/O
                         net (fo=213, routed)         1.573     9.463    pwm[0]/CLK
    SLICE_X38Y39         FDRE                                         r  pwm[0]/b_reg[3]/C
                         clock pessimism              0.173     9.637    
                         clock uncertainty           -0.189     9.448    
    SLICE_X38Y39         FDRE (Setup_fdre_C_D)        0.079     9.527    pwm[0]/b_reg[3]
  -------------------------------------------------------------------
                         required time                          9.527    
                         arrival time                          -8.562    
  -------------------------------------------------------------------
                         slack                                  0.965    

Slack (MET) :             0.966ns  (required time - arrival time)
  Source:                 i_ams/dac_d_o_reg[7]/C
                            (rising edge-triggered cell FDRE clocked by pll_adc_clk  {rise@0.000ns fall@4.000ns period=8.000ns})
  Destination:            pwm[3]/b_reg[7]/D
                            (rising edge-triggered cell FDRE clocked by pll_pwm_clk  {rise@0.000ns fall@2.000ns period=4.000ns})
  Path Group:             pll_pwm_clk
  Path Type:              Setup (Max at Slow Process Corner)
  Requirement:            4.000ns  (pll_pwm_clk rise@4.000ns - pll_adc_clk rise@0.000ns)
  Data Path Delay:        2.530ns  (logic 0.642ns (25.380%)  route 1.888ns (74.620%))
  Logic Levels:           1  (LUT6=1)
  Clock Path Skew:        -0.345ns (DCD - SCD + CPR)
    Destination Clock Delay (DCD):    5.387ns = ( 9.387 - 4.000 ) 
    Source Clock Delay      (SCD):    5.905ns
    Clock Pessimism Removal (CPR):    0.173ns
  Clock Uncertainty:      0.189ns  ((TSJ^2 + DJ^2)^1/2) / 2 + PE
    Total System Jitter     (TSJ):    0.071ns
    Discrete Jitter          (DJ):    0.118ns
    Phase Error              (PE):    0.120ns

    Location             Delay type                Incr(ns)  Path(ns)    Netlist Resource(s)
  -------------------------------------------------------------------    -------------------
                         (clock pll_adc_clk rise edge)
                                                      0.000     0.000 r  
    U18                                               0.000     0.000 r  adc_clk_i[1] (IN)
                         net (fo=0)                   0.000     0.000    adc_clk_i[1]
    U18                  IBUFDS (Prop_ibufds_I_O)     0.983     0.983 r  i_clk/O
                         net (fo=1, routed)           1.306     2.289    pll/adc_clk_in
    PLLE2_ADV_X0Y0       PLLE2_ADV (Prop_plle2_adv_CLKIN1_CLKOUT0)
                                                      0.089     2.378 r  pll/pll/CLKOUT0
                         net (fo=1, routed)           1.754     4.132    pll_adc_clk
    BUFGCTRL_X0Y0        BUFG (Prop_bufg_I_O)         0.101     4.233 r  bufg_adc_clk/O
                         net (fo=4352, routed)        1.672     5.905    i_ams/adc_clk
    SLICE_X32Y39         FDRE                                         r  i_ams/dac_d_o_reg[7]/C
  -------------------------------------------------------------------    -------------------
    SLICE_X32Y39         FDRE (Prop_fdre_C_Q)         0.518     6.423 r  i_ams/dac_d_o_reg[7]/Q
                         net (fo=2, routed)           1.888     8.311    pwm[3]/pwm_cfg[3][7]
    SLICE_X35Y38         LUT6 (Prop_lut6_I5_O)        0.124     8.435 r  pwm[3]/b[7]_i_1/O
                         net (fo=1, routed)           0.000     8.435    pwm[3]/p_0_in__0[7]
    SLICE_X35Y38         FDRE                                         r  pwm[3]/b_reg[7]/D
  -------------------------------------------------------------------    -------------------

                         (clock pll_pwm_clk rise edge)
                                                      4.000     4.000 r  
    U18                                               0.000     4.000 r  adc_clk_i[1] (IN)
                         net (fo=0)                   0.000     4.000    adc_clk_i[1]
    U18                  IBUFDS (Prop_ibufds_I_O)     0.940     4.940 r  i_clk/O
                         net (fo=1, routed)           1.181     6.121    pll/adc_clk_in
    PLLE2_ADV_X0Y0       PLLE2_ADV (Prop_plle2_adv_CLKIN1_CLKOUT5)
                                                      0.084     6.205 r  pll/pll/CLKOUT5
                         net (fo=1, routed)           1.594     7.799    pll_pwm_clk
    BUFGCTRL_X0Y2        BUFG (Prop_bufg_I_O)         0.091     7.890 r  bufg_pwm_clk/O
                         net (fo=213, routed)         1.497     9.387    pwm[3]/CLK
    SLICE_X35Y38         FDRE                                         r  pwm[3]/b_reg[7]/C
                         clock pessimism              0.173     9.561    
                         clock uncertainty           -0.189     9.372    
    SLICE_X35Y38         FDRE (Setup_fdre_C_D)        0.029     9.401    pwm[3]/b_reg[7]
  -------------------------------------------------------------------
                         required time                          9.401    
                         arrival time                          -8.435    
  -------------------------------------------------------------------
                         slack                                  0.966    

Slack (MET) :             0.974ns  (required time - arrival time)
  Source:                 i_ams/dac_c_o_reg[11]/C
                            (rising edge-triggered cell FDRE clocked by pll_adc_clk  {rise@0.000ns fall@4.000ns period=8.000ns})
  Destination:            pwm[2]/b_reg[11]/D
                            (rising edge-triggered cell FDRE clocked by pll_pwm_clk  {rise@0.000ns fall@2.000ns period=4.000ns})
  Path Group:             pll_pwm_clk
  Path Type:              Setup (Max at Slow Process Corner)
  Requirement:            4.000ns  (pll_pwm_clk rise@4.000ns - pll_adc_clk rise@0.000ns)
  Data Path Delay:        2.645ns  (logic 0.642ns (24.268%)  route 2.003ns (75.732%))
  Logic Levels:           1  (LUT6=1)
  Clock Path Skew:        -0.269ns (DCD - SCD + CPR)
    Destination Clock Delay (DCD):    5.460ns = ( 9.460 - 4.000 ) 
    Source Clock Delay      (SCD):    5.902ns
    Clock Pessimism Removal (CPR):    0.173ns
  Clock Uncertainty:      0.189ns  ((TSJ^2 + DJ^2)^1/2) / 2 + PE
    Total System Jitter     (TSJ):    0.071ns
    Discrete Jitter          (DJ):    0.118ns
    Phase Error              (PE):    0.120ns

    Location             Delay type                Incr(ns)  Path(ns)    Netlist Resource(s)
  -------------------------------------------------------------------    -------------------
                         (clock pll_adc_clk rise edge)
                                                      0.000     0.000 r  
    U18                                               0.000     0.000 r  adc_clk_i[1] (IN)
                         net (fo=0)                   0.000     0.000    adc_clk_i[1]
    U18                  IBUFDS (Prop_ibufds_I_O)     0.983     0.983 r  i_clk/O
                         net (fo=1, routed)           1.306     2.289    pll/adc_clk_in
    PLLE2_ADV_X0Y0       PLLE2_ADV (Prop_plle2_adv_CLKIN1_CLKOUT0)
                                                      0.089     2.378 r  pll/pll/CLKOUT0
                         net (fo=1, routed)           1.754     4.132    pll_adc_clk
    BUFGCTRL_X0Y0        BUFG (Prop_bufg_I_O)         0.101     4.233 r  bufg_adc_clk/O
                         net (fo=4352, routed)        1.669     5.902    i_ams/adc_clk
    SLICE_X30Y36         FDRE                                         r  i_ams/dac_c_o_reg[11]/C
  -------------------------------------------------------------------    -------------------
    SLICE_X30Y36         FDRE (Prop_fdre_C_Q)         0.518     6.420 r  i_ams/dac_c_o_reg[11]/Q
                         net (fo=2, routed)           2.003     8.424    pwm[2]/pwm_cfg[2][11]
    SLICE_X38Y36         LUT6 (Prop_lut6_I5_O)        0.124     8.548 r  pwm[2]/b[11]_i_1__0/O
                         net (fo=1, routed)           0.000     8.548    pwm[2]/p_0_in[11]
    SLICE_X38Y36         FDRE                                         r  pwm[2]/b_reg[11]/D
  -------------------------------------------------------------------    -------------------

                         (clock pll_pwm_clk rise edge)
                                                      4.000     4.000 r  
    U18                                               0.000     4.000 r  adc_clk_i[1] (IN)
                         net (fo=0)                   0.000     4.000    adc_clk_i[1]
    U18                  IBUFDS (Prop_ibufds_I_O)     0.940     4.940 r  i_clk/O
                         net (fo=1, routed)           1.181     6.121    pll/adc_clk_in
    PLLE2_ADV_X0Y0       PLLE2_ADV (Prop_plle2_adv_CLKIN1_CLKOUT5)
                                                      0.084     6.205 r  pll/pll/CLKOUT5
                         net (fo=1, routed)           1.594     7.799    pll_pwm_clk
    BUFGCTRL_X0Y2        BUFG (Prop_bufg_I_O)         0.091     7.890 r  bufg_pwm_clk/O
                         net (fo=213, routed)         1.570     9.460    pwm[2]/CLK
    SLICE_X38Y36         FDRE                                         r  pwm[2]/b_reg[11]/C
                         clock pessimism              0.173     9.634    
                         clock uncertainty           -0.189     9.445    
    SLICE_X38Y36         FDRE (Setup_fdre_C_D)        0.077     9.522    pwm[2]/b_reg[11]
  -------------------------------------------------------------------
                         required time                          9.522    
                         arrival time                          -8.548    
  -------------------------------------------------------------------
                         slack                                  0.974    

Slack (MET) :             0.977ns  (required time - arrival time)
  Source:                 i_ams/dac_c_o_reg[12]/C
                            (rising edge-triggered cell FDRE clocked by pll_adc_clk  {rise@0.000ns fall@4.000ns period=8.000ns})
  Destination:            pwm[2]/b_reg[12]/D
                            (rising edge-triggered cell FDRE clocked by pll_pwm_clk  {rise@0.000ns fall@2.000ns period=4.000ns})
  Path Group:             pll_pwm_clk
  Path Type:              Setup (Max at Slow Process Corner)
  Requirement:            4.000ns  (pll_pwm_clk rise@4.000ns - pll_adc_clk rise@0.000ns)
  Data Path Delay:        2.645ns  (logic 0.642ns (24.276%)  route 2.003ns (75.724%))
  Logic Levels:           1  (LUT6=1)
  Clock Path Skew:        -0.271ns (DCD - SCD + CPR)
    Destination Clock Delay (DCD):    5.460ns = ( 9.460 - 4.000 ) 
    Source Clock Delay      (SCD):    5.904ns
    Clock Pessimism Removal (CPR):    0.173ns
  Clock Uncertainty:      0.189ns  ((TSJ^2 + DJ^2)^1/2) / 2 + PE
    Total System Jitter     (TSJ):    0.071ns
    Discrete Jitter          (DJ):    0.118ns
    Phase Error              (PE):    0.120ns

    Location             Delay type                Incr(ns)  Path(ns)    Netlist Resource(s)
  -------------------------------------------------------------------    -------------------
                         (clock pll_adc_clk rise edge)
                                                      0.000     0.000 r  
    U18                                               0.000     0.000 r  adc_clk_i[1] (IN)
                         net (fo=0)                   0.000     0.000    adc_clk_i[1]
    U18                  IBUFDS (Prop_ibufds_I_O)     0.983     0.983 r  i_clk/O
                         net (fo=1, routed)           1.306     2.289    pll/adc_clk_in
    PLLE2_ADV_X0Y0       PLLE2_ADV (Prop_plle2_adv_CLKIN1_CLKOUT0)
                                                      0.089     2.378 r  pll/pll/CLKOUT0
                         net (fo=1, routed)           1.754     4.132    pll_adc_clk
    BUFGCTRL_X0Y0        BUFG (Prop_bufg_I_O)         0.101     4.233 r  bufg_adc_clk/O
                         net (fo=4352, routed)        1.671     5.904    i_ams/adc_clk
    SLICE_X34Y38         FDRE                                         r  i_ams/dac_c_o_reg[12]/C
  -------------------------------------------------------------------    -------------------
    SLICE_X34Y38         FDRE (Prop_fdre_C_Q)         0.518     6.422 r  i_ams/dac_c_o_reg[12]/Q
                         net (fo=2, routed)           2.003     8.425    pwm[2]/pwm_cfg[2][12]
    SLICE_X38Y36         LUT6 (Prop_lut6_I5_O)        0.124     8.549 r  pwm[2]/b[12]_i_1__0/O
                         net (fo=1, routed)           0.000     8.549    pwm[2]/p_0_in[12]
    SLICE_X38Y36         FDRE                                         r  pwm[2]/b_reg[12]/D
  -------------------------------------------------------------------    -------------------

                         (clock pll_pwm_clk rise edge)
                                                      4.000     4.000 r  
    U18                                               0.000     4.000 r  adc_clk_i[1] (IN)
                         net (fo=0)                   0.000     4.000    adc_clk_i[1]
    U18                  IBUFDS (Prop_ibufds_I_O)     0.940     4.940 r  i_clk/O
                         net (fo=1, routed)           1.181     6.121    pll/adc_clk_in
    PLLE2_ADV_X0Y0       PLLE2_ADV (Prop_plle2_adv_CLKIN1_CLKOUT5)
                                                      0.084     6.205 r  pll/pll/CLKOUT5
                         net (fo=1, routed)           1.594     7.799    pll_pwm_clk
    BUFGCTRL_X0Y2        BUFG (Prop_bufg_I_O)         0.091     7.890 r  bufg_pwm_clk/O
                         net (fo=213, routed)         1.570     9.460    pwm[2]/CLK
    SLICE_X38Y36         FDRE                                         r  pwm[2]/b_reg[12]/C
                         clock pessimism              0.173     9.634    
                         clock uncertainty           -0.189     9.445    
    SLICE_X38Y36         FDRE (Setup_fdre_C_D)        0.081     9.526    pwm[2]/b_reg[12]
  -------------------------------------------------------------------
                         required time                          9.526    
                         arrival time                          -8.549    
  -------------------------------------------------------------------
                         slack                                  0.977    





Min Delay Paths
--------------------------------------------------------------------------------------
Slack (MET) :             0.159ns  (arrival time - required time)
  Source:                 i_ams/dac_b_o_reg[3]/C
                            (rising edge-triggered cell FDRE clocked by pll_adc_clk  {rise@0.000ns fall@4.000ns period=8.000ns})
  Destination:            pwm[1]/b_reg[3]/D
                            (rising edge-triggered cell FDRE clocked by pll_pwm_clk  {rise@0.000ns fall@2.000ns period=4.000ns})
  Path Group:             pll_pwm_clk
  Path Type:              Hold (Min at Fast Process Corner)
  Requirement:            0.000ns  (pll_pwm_clk rise@0.000ns - pll_adc_clk rise@0.000ns)
  Data Path Delay:        0.789ns  (logic 0.186ns (23.580%)  route 0.603ns (76.420%))
  Logic Levels:           1  (LUT6=1)
  Clock Path Skew:        0.319ns (DCD - SCD - CPR)
    Destination Clock Delay (DCD):    2.399ns
    Source Clock Delay      (SCD):    2.004ns
    Clock Pessimism Removal (CPR):    0.075ns
  Clock Uncertainty:      0.189ns  ((TSJ^2 + DJ^2)^1/2) / 2 + PE
    Total System Jitter     (TSJ):    0.071ns
    Discrete Jitter          (DJ):    0.118ns
    Phase Error              (PE):    0.120ns

    Location             Delay type                Incr(ns)  Path(ns)    Netlist Resource(s)
  -------------------------------------------------------------------    -------------------
                         (clock pll_adc_clk rise edge)
                                                      0.000     0.000 r  
    U18                                               0.000     0.000 r  adc_clk_i[1] (IN)
                         net (fo=0)                   0.000     0.000    adc_clk_i[1]
    U18                  IBUFDS (Prop_ibufds_I_O)     0.401     0.401 r  i_clk/O
                         net (fo=1, routed)           0.440     0.842    pll/adc_clk_in
    PLLE2_ADV_X0Y0       PLLE2_ADV (Prop_plle2_adv_CLKIN1_CLKOUT0)
                                                      0.051     0.893 r  pll/pll/CLKOUT0
                         net (fo=1, routed)           0.497     1.390    pll_adc_clk
    BUFGCTRL_X0Y0        BUFG (Prop_bufg_I_O)         0.026     1.416 r  bufg_adc_clk/O
                         net (fo=4352, routed)        0.589     2.004    i_ams/adc_clk
    SLICE_X37Y40         FDRE                                         r  i_ams/dac_b_o_reg[3]/C
  -------------------------------------------------------------------    -------------------
    SLICE_X37Y40         FDRE (Prop_fdre_C_Q)         0.141     2.145 r  i_ams/dac_b_o_reg[3]/Q
                         net (fo=2, routed)           0.603     2.748    pwm[1]/pwm_cfg[1][3]
    SLICE_X38Y41         LUT6 (Prop_lut6_I5_O)        0.045     2.793 r  pwm[1]/b[3]_i_1__1/O
                         net (fo=1, routed)           0.000     2.793    pwm[1]/p_0_in[3]
    SLICE_X38Y41         FDRE                                         r  pwm[1]/b_reg[3]/D
  -------------------------------------------------------------------    -------------------

                         (clock pll_pwm_clk rise edge)
                                                      0.000     0.000 r  
    U18                                               0.000     0.000 r  adc_clk_i[1] (IN)
                         net (fo=0)                   0.000     0.000    adc_clk_i[1]
    U18                  IBUFDS (Prop_ibufds_I_O)     0.433     0.433 r  i_clk/O
                         net (fo=1, routed)           0.481     0.914    pll/adc_clk_in
    PLLE2_ADV_X0Y0       PLLE2_ADV (Prop_plle2_adv_CLKIN1_CLKOUT5)
                                                      0.054     0.968 r  pll/pll/CLKOUT5
                         net (fo=1, routed)           0.544     1.512    pll_pwm_clk
    BUFGCTRL_X0Y2        BUFG (Prop_bufg_I_O)         0.029     1.541 r  bufg_pwm_clk/O
                         net (fo=213, routed)         0.858     2.399    pwm[1]/CLK
    SLICE_X38Y41         FDRE                                         r  pwm[1]/b_reg[3]/C
                         clock pessimism             -0.075     2.324    
                         clock uncertainty            0.189     2.513    
    SLICE_X38Y41         FDRE (Hold_fdre_C_D)         0.121     2.634    pwm[1]/b_reg[3]
  -------------------------------------------------------------------
                         required time                         -2.634    
                         arrival time                           2.793    
  -------------------------------------------------------------------
                         slack                                  0.159    

Slack (MET) :             0.164ns  (arrival time - required time)
  Source:                 i_ams/dac_b_o_reg[13]/C
                            (rising edge-triggered cell FDRE clocked by pll_adc_clk  {rise@0.000ns fall@4.000ns period=8.000ns})
  Destination:            pwm[1]/b_reg[13]/D
                            (rising edge-triggered cell FDRE clocked by pll_pwm_clk  {rise@0.000ns fall@2.000ns period=4.000ns})
  Path Group:             pll_pwm_clk
  Path Type:              Hold (Min at Fast Process Corner)
  Requirement:            0.000ns  (pll_pwm_clk rise@0.000ns - pll_adc_clk rise@0.000ns)
  Data Path Delay:        0.794ns  (logic 0.186ns (23.439%)  route 0.608ns (76.561%))
  Logic Levels:           1  (LUT6=1)
  Clock Path Skew:        0.320ns (DCD - SCD - CPR)
    Destination Clock Delay (DCD):    2.372ns
    Source Clock Delay      (SCD):    1.977ns
    Clock Pessimism Removal (CPR):    0.075ns
  Clock Uncertainty:      0.189ns  ((TSJ^2 + DJ^2)^1/2) / 2 + PE
    Total System Jitter     (TSJ):    0.071ns
    Discrete Jitter          (DJ):    0.118ns
    Phase Error              (PE):    0.120ns

    Location             Delay type                Incr(ns)  Path(ns)    Netlist Resource(s)
  -------------------------------------------------------------------    -------------------
                         (clock pll_adc_clk rise edge)
                                                      0.000     0.000 r  
    U18                                               0.000     0.000 r  adc_clk_i[1] (IN)
                         net (fo=0)                   0.000     0.000    adc_clk_i[1]
    U18                  IBUFDS (Prop_ibufds_I_O)     0.401     0.401 r  i_clk/O
                         net (fo=1, routed)           0.440     0.842    pll/adc_clk_in
    PLLE2_ADV_X0Y0       PLLE2_ADV (Prop_plle2_adv_CLKIN1_CLKOUT0)
                                                      0.051     0.893 r  pll/pll/CLKOUT0
                         net (fo=1, routed)           0.497     1.390    pll_adc_clk
    BUFGCTRL_X0Y0        BUFG (Prop_bufg_I_O)         0.026     1.416 r  bufg_adc_clk/O
                         net (fo=4352, routed)        0.562     1.977    i_ams/adc_clk
    SLICE_X33Y40         FDRE                                         r  i_ams/dac_b_o_reg[13]/C
  -------------------------------------------------------------------    -------------------
    SLICE_X33Y40         FDRE (Prop_fdre_C_Q)         0.141     2.118 r  i_ams/dac_b_o_reg[13]/Q
                         net (fo=2, routed)           0.608     2.726    pwm[1]/pwm_cfg[1][13]
    SLICE_X34Y41         LUT6 (Prop_lut6_I5_O)        0.045     2.771 r  pwm[1]/b[13]_i_1__1/O
                         net (fo=1, routed)           0.000     2.771    pwm[1]/p_0_in[13]
    SLICE_X34Y41         FDRE                                         r  pwm[1]/b_reg[13]/D
  -------------------------------------------------------------------    -------------------

                         (clock pll_pwm_clk rise edge)
                                                      0.000     0.000 r  
    U18                                               0.000     0.000 r  adc_clk_i[1] (IN)
                         net (fo=0)                   0.000     0.000    adc_clk_i[1]
    U18                  IBUFDS (Prop_ibufds_I_O)     0.433     0.433 r  i_clk/O
                         net (fo=1, routed)           0.481     0.914    pll/adc_clk_in
    PLLE2_ADV_X0Y0       PLLE2_ADV (Prop_plle2_adv_CLKIN1_CLKOUT5)
                                                      0.054     0.968 r  pll/pll/CLKOUT5
                         net (fo=1, routed)           0.544     1.512    pll_pwm_clk
    BUFGCTRL_X0Y2        BUFG (Prop_bufg_I_O)         0.029     1.541 r  bufg_pwm_clk/O
                         net (fo=213, routed)         0.831     2.372    pwm[1]/CLK
    SLICE_X34Y41         FDRE                                         r  pwm[1]/b_reg[13]/C
                         clock pessimism             -0.075     2.297    
                         clock uncertainty            0.189     2.486    
    SLICE_X34Y41         FDRE (Hold_fdre_C_D)         0.121     2.607    pwm[1]/b_reg[13]
  -------------------------------------------------------------------
                         required time                         -2.607    
                         arrival time                           2.771    
  -------------------------------------------------------------------
                         slack                                  0.164    

Slack (MET) :             0.167ns  (arrival time - required time)
  Source:                 i_ams/dac_a_o_reg[4]/C
                            (rising edge-triggered cell FDRE clocked by pll_adc_clk  {rise@0.000ns fall@4.000ns period=8.000ns})
  Destination:            pwm[0]/b_reg[4]/D
                            (rising edge-triggered cell FDRE clocked by pll_pwm_clk  {rise@0.000ns fall@2.000ns period=4.000ns})
  Path Group:             pll_pwm_clk
  Path Type:              Hold (Min at Fast Process Corner)
  Requirement:            0.000ns  (pll_pwm_clk rise@0.000ns - pll_adc_clk rise@0.000ns)
  Data Path Delay:        0.796ns  (logic 0.209ns (26.269%)  route 0.587ns (73.731%))
  Logic Levels:           1  (LUT6=1)
  Clock Path Skew:        0.318ns (DCD - SCD - CPR)
    Destination Clock Delay (DCD):    2.398ns
    Source Clock Delay      (SCD):    2.004ns
    Clock Pessimism Removal (CPR):    0.075ns
  Clock Uncertainty:      0.189ns  ((TSJ^2 + DJ^2)^1/2) / 2 + PE
    Total System Jitter     (TSJ):    0.071ns
    Discrete Jitter          (DJ):    0.118ns
    Phase Error              (PE):    0.120ns

    Location             Delay type                Incr(ns)  Path(ns)    Netlist Resource(s)
  -------------------------------------------------------------------    -------------------
                         (clock pll_adc_clk rise edge)
                                                      0.000     0.000 r  
    U18                                               0.000     0.000 r  adc_clk_i[1] (IN)
                         net (fo=0)                   0.000     0.000    adc_clk_i[1]
    U18                  IBUFDS (Prop_ibufds_I_O)     0.401     0.401 r  i_clk/O
                         net (fo=1, routed)           0.440     0.842    pll/adc_clk_in
    PLLE2_ADV_X0Y0       PLLE2_ADV (Prop_plle2_adv_CLKIN1_CLKOUT0)
                                                      0.051     0.893 r  pll/pll/CLKOUT0
                         net (fo=1, routed)           0.497     1.390    pll_adc_clk
    BUFGCTRL_X0Y0        BUFG (Prop_bufg_I_O)         0.026     1.416 r  bufg_adc_clk/O
                         net (fo=4352, routed)        0.589     2.004    i_ams/adc_clk
    SLICE_X38Y40         FDRE                                         r  i_ams/dac_a_o_reg[4]/C
  -------------------------------------------------------------------    -------------------
    SLICE_X38Y40         FDRE (Prop_fdre_C_Q)         0.164     2.168 r  i_ams/dac_a_o_reg[4]/Q
                         net (fo=2, routed)           0.587     2.755    pwm[0]/pwm_cfg[0][4]
    SLICE_X38Y39         LUT6 (Prop_lut6_I5_O)        0.045     2.800 r  pwm[0]/b[4]_i_1__2/O
                         net (fo=1, routed)           0.000     2.800    pwm[0]/p_0_in[4]
    SLICE_X38Y39         FDRE                                         r  pwm[0]/b_reg[4]/D
  -------------------------------------------------------------------    -------------------

                         (clock pll_pwm_clk rise edge)
                                                      0.000     0.000 r  
    U18                                               0.000     0.000 r  adc_clk_i[1] (IN)
                         net (fo=0)                   0.000     0.000    adc_clk_i[1]
    U18                  IBUFDS (Prop_ibufds_I_O)     0.433     0.433 r  i_clk/O
                         net (fo=1, routed)           0.481     0.914    pll/adc_clk_in
    PLLE2_ADV_X0Y0       PLLE2_ADV (Prop_plle2_adv_CLKIN1_CLKOUT5)
                                                      0.054     0.968 r  pll/pll/CLKOUT5
                         net (fo=1, routed)           0.544     1.512    pll_pwm_clk
    BUFGCTRL_X0Y2        BUFG (Prop_bufg_I_O)         0.029     1.541 r  bufg_pwm_clk/O
                         net (fo=213, routed)         0.857     2.398    pwm[0]/CLK
    SLICE_X38Y39         FDRE                                         r  pwm[0]/b_reg[4]/C
                         clock pessimism             -0.075     2.323    
                         clock uncertainty            0.189     2.512    
    SLICE_X38Y39         FDRE (Hold_fdre_C_D)         0.121     2.633    pwm[0]/b_reg[4]
  -------------------------------------------------------------------
                         required time                         -2.633    
                         arrival time                           2.800    
  -------------------------------------------------------------------
                         slack                                  0.167    

Slack (MET) :             0.168ns  (arrival time - required time)
  Source:                 i_ams/dac_c_o_reg[8]/C
                            (rising edge-triggered cell FDRE clocked by pll_adc_clk  {rise@0.000ns fall@4.000ns period=8.000ns})
  Destination:            pwm[2]/b_reg[8]/D
                            (rising edge-triggered cell FDRE clocked by pll_pwm_clk  {rise@0.000ns fall@2.000ns period=4.000ns})
  Path Group:             pll_pwm_clk
  Path Type:              Hold (Min at Fast Process Corner)
  Requirement:            0.000ns  (pll_pwm_clk rise@0.000ns - pll_adc_clk rise@0.000ns)
  Data Path Delay:        0.822ns  (logic 0.246ns (29.929%)  route 0.576ns (70.071%))
  Logic Levels:           1  (LUT6=1)
  Clock Path Skew:        0.345ns (DCD - SCD - CPR)
    Destination Clock Delay (DCD):    2.396ns
    Source Clock Delay      (SCD):    1.976ns
    Clock Pessimism Removal (CPR):    0.075ns
  Clock Uncertainty:      0.189ns  ((TSJ^2 + DJ^2)^1/2) / 2 + PE
    Total System Jitter     (TSJ):    0.071ns
    Discrete Jitter          (DJ):    0.118ns
    Phase Error              (PE):    0.120ns

    Location             Delay type                Incr(ns)  Path(ns)    Netlist Resource(s)
  -------------------------------------------------------------------    -------------------
                         (clock pll_adc_clk rise edge)
                                                      0.000     0.000 r  
    U18                                               0.000     0.000 r  adc_clk_i[1] (IN)
                         net (fo=0)                   0.000     0.000    adc_clk_i[1]
    U18                  IBUFDS (Prop_ibufds_I_O)     0.401     0.401 r  i_clk/O
                         net (fo=1, routed)           0.440     0.842    pll/adc_clk_in
    PLLE2_ADV_X0Y0       PLLE2_ADV (Prop_plle2_adv_CLKIN1_CLKOUT0)
                                                      0.051     0.893 r  pll/pll/CLKOUT0
                         net (fo=1, routed)           0.497     1.390    pll_adc_clk
    BUFGCTRL_X0Y0        BUFG (Prop_bufg_I_O)         0.026     1.416 r  bufg_adc_clk/O
                         net (fo=4352, routed)        0.561     1.976    i_ams/adc_clk
    SLICE_X34Y38         FDRE                                         r  i_ams/dac_c_o_reg[8]/C
  -------------------------------------------------------------------    -------------------
    SLICE_X34Y38         FDRE (Prop_fdre_C_Q)         0.148     2.124 r  i_ams/dac_c_o_reg[8]/Q
                         net (fo=2, routed)           0.576     2.700    pwm[2]/pwm_cfg[2][8]
    SLICE_X38Y37         LUT6 (Prop_lut6_I5_O)        0.098     2.798 r  pwm[2]/b[8]_i_1__0/O
                         net (fo=1, routed)           0.000     2.798    pwm[2]/p_0_in[8]
    SLICE_X38Y37         FDRE                                         r  pwm[2]/b_reg[8]/D
  -------------------------------------------------------------------    -------------------

                         (clock pll_pwm_clk rise edge)
                                                      0.000     0.000 r  
    U18                                               0.000     0.000 r  adc_clk_i[1] (IN)
                         net (fo=0)                   0.000     0.000    adc_clk_i[1]
    U18                  IBUFDS (Prop_ibufds_I_O)     0.433     0.433 r  i_clk/O
                         net (fo=1, routed)           0.481     0.914    pll/adc_clk_in
    PLLE2_ADV_X0Y0       PLLE2_ADV (Prop_plle2_adv_CLKIN1_CLKOUT5)
                                                      0.054     0.968 r  pll/pll/CLKOUT5
                         net (fo=1, routed)           0.544     1.512    pll_pwm_clk
    BUFGCTRL_X0Y2        BUFG (Prop_bufg_I_O)         0.029     1.541 r  bufg_pwm_clk/O
                         net (fo=213, routed)         0.855     2.396    pwm[2]/CLK
    SLICE_X38Y37         FDRE                                         r  pwm[2]/b_reg[8]/C
                         clock pessimism             -0.075     2.321    
                         clock uncertainty            0.189     2.510    
    SLICE_X38Y37         FDRE (Hold_fdre_C_D)         0.121     2.631    pwm[2]/b_reg[8]
  -------------------------------------------------------------------
                         required time                         -2.631    
                         arrival time                           2.798    
  -------------------------------------------------------------------
                         slack                                  0.168    

Slack (MET) :             0.168ns  (arrival time - required time)
  Source:                 i_ams/dac_d_o_reg[3]/C
                            (rising edge-triggered cell FDRE clocked by pll_adc_clk  {rise@0.000ns fall@4.000ns period=8.000ns})
  Destination:            pwm[3]/b_reg[3]/D
                            (rising edge-triggered cell FDRE clocked by pll_pwm_clk  {rise@0.000ns fall@2.000ns period=4.000ns})
  Path Group:             pll_pwm_clk
  Path Type:              Hold (Min at Fast Process Corner)
  Requirement:            0.000ns  (pll_pwm_clk rise@0.000ns - pll_adc_clk rise@0.000ns)
  Data Path Delay:        0.795ns  (logic 0.186ns (23.390%)  route 0.609ns (76.610%))
  Logic Levels:           1  (LUT6=1)
  Clock Path Skew:        0.318ns (DCD - SCD - CPR)
    Destination Clock Delay (DCD):    2.398ns
    Source Clock Delay      (SCD):    2.004ns
    Clock Pessimism Removal (CPR):    0.075ns
  Clock Uncertainty:      0.189ns  ((TSJ^2 + DJ^2)^1/2) / 2 + PE
    Total System Jitter     (TSJ):    0.071ns
    Discrete Jitter          (DJ):    0.118ns
    Phase Error              (PE):    0.120ns

    Location             Delay type                Incr(ns)  Path(ns)    Netlist Resource(s)
  -------------------------------------------------------------------    -------------------
                         (clock pll_adc_clk rise edge)
                                                      0.000     0.000 r  
    U18                                               0.000     0.000 r  adc_clk_i[1] (IN)
                         net (fo=0)                   0.000     0.000    adc_clk_i[1]
    U18                  IBUFDS (Prop_ibufds_I_O)     0.401     0.401 r  i_clk/O
                         net (fo=1, routed)           0.440     0.842    pll/adc_clk_in
    PLLE2_ADV_X0Y0       PLLE2_ADV (Prop_plle2_adv_CLKIN1_CLKOUT0)
                                                      0.051     0.893 r  pll/pll/CLKOUT0
                         net (fo=1, routed)           0.497     1.390    pll_adc_clk
    BUFGCTRL_X0Y0        BUFG (Prop_bufg_I_O)         0.026     1.416 r  bufg_adc_clk/O
                         net (fo=4352, routed)        0.589     2.004    i_ams/adc_clk
    SLICE_X37Y41         FDRE                                         r  i_ams/dac_d_o_reg[3]/C
  -------------------------------------------------------------------    -------------------
    SLICE_X37Y41         FDRE (Prop_fdre_C_Q)         0.141     2.145 r  i_ams/dac_d_o_reg[3]/Q
                         net (fo=2, routed)           0.609     2.754    pwm[3]/pwm_cfg[3][3]
    SLICE_X38Y38         LUT6 (Prop_lut6_I5_O)        0.045     2.799 r  pwm[3]/b[3]_i_1/O
                         net (fo=1, routed)           0.000     2.799    pwm[3]/p_0_in__0[3]
    SLICE_X38Y38         FDRE                                         r  pwm[3]/b_reg[3]/D
  -------------------------------------------------------------------    -------------------

                         (clock pll_pwm_clk rise edge)
                                                      0.000     0.000 r  
    U18                                               0.000     0.000 r  adc_clk_i[1] (IN)
                         net (fo=0)                   0.000     0.000    adc_clk_i[1]
    U18                  IBUFDS (Prop_ibufds_I_O)     0.433     0.433 r  i_clk/O
                         net (fo=1, routed)           0.481     0.914    pll/adc_clk_in
    PLLE2_ADV_X0Y0       PLLE2_ADV (Prop_plle2_adv_CLKIN1_CLKOUT5)
                                                      0.054     0.968 r  pll/pll/CLKOUT5
                         net (fo=1, routed)           0.544     1.512    pll_pwm_clk
    BUFGCTRL_X0Y2        BUFG (Prop_bufg_I_O)         0.029     1.541 r  bufg_pwm_clk/O
                         net (fo=213, routed)         0.857     2.398    pwm[3]/CLK
    SLICE_X38Y38         FDRE                                         r  pwm[3]/b_reg[3]/C
                         clock pessimism             -0.075     2.323    
                         clock uncertainty            0.189     2.512    
    SLICE_X38Y38         FDRE (Hold_fdre_C_D)         0.120     2.632    pwm[3]/b_reg[3]
  -------------------------------------------------------------------
                         required time                         -2.632    
                         arrival time                           2.799    
  -------------------------------------------------------------------
                         slack                                  0.168    

Slack (MET) :             0.170ns  (arrival time - required time)
  Source:                 i_ams/dac_d_o_reg[9]/C
                            (rising edge-triggered cell FDRE clocked by pll_adc_clk  {rise@0.000ns fall@4.000ns period=8.000ns})
  Destination:            pwm[3]/b_reg[9]/D
                            (rising edge-triggered cell FDRE clocked by pll_pwm_clk  {rise@0.000ns fall@2.000ns period=4.000ns})
  Path Group:             pll_pwm_clk
  Path Type:              Hold (Min at Fast Process Corner)
  Requirement:            0.000ns  (pll_pwm_clk rise@0.000ns - pll_adc_clk rise@0.000ns)
  Data Path Delay:        0.770ns  (logic 0.186ns (24.145%)  route 0.584ns (75.855%))
  Logic Levels:           1  (LUT6=1)
  Clock Path Skew:        0.320ns (DCD - SCD - CPR)
    Destination Clock Delay (DCD):    2.371ns
    Source Clock Delay      (SCD):    1.976ns
    Clock Pessimism Removal (CPR):    0.075ns
  Clock Uncertainty:      0.189ns  ((TSJ^2 + DJ^2)^1/2) / 2 + PE
    Total System Jitter     (TSJ):    0.071ns
    Discrete Jitter          (DJ):    0.118ns
    Phase Error              (PE):    0.120ns

    Location             Delay type                Incr(ns)  Path(ns)    Netlist Resource(s)
  -------------------------------------------------------------------    -------------------
                         (clock pll_adc_clk rise edge)
                                                      0.000     0.000 r  
    U18                                               0.000     0.000 r  adc_clk_i[1] (IN)
                         net (fo=0)                   0.000     0.000    adc_clk_i[1]
    U18                  IBUFDS (Prop_ibufds_I_O)     0.401     0.401 r  i_clk/O
                         net (fo=1, routed)           0.440     0.842    pll/adc_clk_in
    PLLE2_ADV_X0Y0       PLLE2_ADV (Prop_plle2_adv_CLKIN1_CLKOUT0)
                                                      0.051     0.893 r  pll/pll/CLKOUT0
                         net (fo=1, routed)           0.497     1.390    pll_adc_clk
    BUFGCTRL_X0Y0        BUFG (Prop_bufg_I_O)         0.026     1.416 r  bufg_adc_clk/O
                         net (fo=4352, routed)        0.561     1.976    i_ams/adc_clk
    SLICE_X29Y39         FDRE                                         r  i_ams/dac_d_o_reg[9]/C
  -------------------------------------------------------------------    -------------------
    SLICE_X29Y39         FDRE (Prop_fdre_C_Q)         0.141     2.117 r  i_ams/dac_d_o_reg[9]/Q
                         net (fo=2, routed)           0.584     2.702    pwm[3]/pwm_cfg[3][9]
    SLICE_X35Y38         LUT6 (Prop_lut6_I5_O)        0.045     2.747 r  pwm[3]/b[9]_i_1/O
                         net (fo=1, routed)           0.000     2.747    pwm[3]/p_0_in__0[9]
    SLICE_X35Y38         FDRE                                         r  pwm[3]/b_reg[9]/D
  -------------------------------------------------------------------    -------------------

                         (clock pll_pwm_clk rise edge)
                                                      0.000     0.000 r  
    U18                                               0.000     0.000 r  adc_clk_i[1] (IN)
                         net (fo=0)                   0.000     0.000    adc_clk_i[1]
    U18                  IBUFDS (Prop_ibufds_I_O)     0.433     0.433 r  i_clk/O
                         net (fo=1, routed)           0.481     0.914    pll/adc_clk_in
    PLLE2_ADV_X0Y0       PLLE2_ADV (Prop_plle2_adv_CLKIN1_CLKOUT5)
                                                      0.054     0.968 r  pll/pll/CLKOUT5
                         net (fo=1, routed)           0.544     1.512    pll_pwm_clk
    BUFGCTRL_X0Y2        BUFG (Prop_bufg_I_O)         0.029     1.541 r  bufg_pwm_clk/O
                         net (fo=213, routed)         0.830     2.371    pwm[3]/CLK
    SLICE_X35Y38         FDRE                                         r  pwm[3]/b_reg[9]/C
                         clock pessimism             -0.075     2.296    
                         clock uncertainty            0.189     2.485    
    SLICE_X35Y38         FDRE (Hold_fdre_C_D)         0.092     2.577    pwm[3]/b_reg[9]
  -------------------------------------------------------------------
                         required time                         -2.577    
                         arrival time                           2.747    
  -------------------------------------------------------------------
                         slack                                  0.170    

Slack (MET) :             0.174ns  (arrival time - required time)
  Source:                 i_ams/dac_b_o_reg[11]/C
                            (rising edge-triggered cell FDRE clocked by pll_adc_clk  {rise@0.000ns fall@4.000ns period=8.000ns})
  Destination:            pwm[1]/b_reg[11]/D
                            (rising edge-triggered cell FDRE clocked by pll_pwm_clk  {rise@0.000ns fall@2.000ns period=4.000ns})
  Path Group:             pll_pwm_clk
  Path Type:              Hold (Min at Fast Process Corner)
  Requirement:            0.000ns  (pll_pwm_clk rise@0.000ns - pll_adc_clk rise@0.000ns)
  Data Path Delay:        0.804ns  (logic 0.209ns (26.010%)  route 0.595ns (73.990%))
  Logic Levels:           1  (LUT6=1)
  Clock Path Skew:        0.320ns (DCD - SCD - CPR)
    Destination Clock Delay (DCD):    2.372ns
    Source Clock Delay      (SCD):    1.977ns
    Clock Pessimism Removal (CPR):    0.075ns
  Clock Uncertainty:      0.189ns  ((TSJ^2 + DJ^2)^1/2) / 2 + PE
    Total System Jitter     (TSJ):    0.071ns
    Discrete Jitter          (DJ):    0.118ns
    Phase Error              (PE):    0.120ns

    Location             Delay type                Incr(ns)  Path(ns)    Netlist Resource(s)
  -------------------------------------------------------------------    -------------------
                         (clock pll_adc_clk rise edge)
                                                      0.000     0.000 r  
    U18                                               0.000     0.000 r  adc_clk_i[1] (IN)
                         net (fo=0)                   0.000     0.000    adc_clk_i[1]
    U18                  IBUFDS (Prop_ibufds_I_O)     0.401     0.401 r  i_clk/O
                         net (fo=1, routed)           0.440     0.842    pll/adc_clk_in
    PLLE2_ADV_X0Y0       PLLE2_ADV (Prop_plle2_adv_CLKIN1_CLKOUT0)
                                                      0.051     0.893 r  pll/pll/CLKOUT0
                         net (fo=1, routed)           0.497     1.390    pll_adc_clk
    BUFGCTRL_X0Y0        BUFG (Prop_bufg_I_O)         0.026     1.416 r  bufg_adc_clk/O
                         net (fo=4352, routed)        0.562     1.977    i_ams/adc_clk
    SLICE_X30Y40         FDRE                                         r  i_ams/dac_b_o_reg[11]/C
  -------------------------------------------------------------------    -------------------
    SLICE_X30Y40         FDRE (Prop_fdre_C_Q)         0.164     2.141 r  i_ams/dac_b_o_reg[11]/Q
                         net (fo=2, routed)           0.595     2.736    pwm[1]/pwm_cfg[1][11]
    SLICE_X34Y41         LUT6 (Prop_lut6_I5_O)        0.045     2.781 r  pwm[1]/b[11]_i_1__1/O
                         net (fo=1, routed)           0.000     2.781    pwm[1]/p_0_in[11]
    SLICE_X34Y41         FDRE                                         r  pwm[1]/b_reg[11]/D
  -------------------------------------------------------------------    -------------------

                         (clock pll_pwm_clk rise edge)
                                                      0.000     0.000 r  
    U18                                               0.000     0.000 r  adc_clk_i[1] (IN)
                         net (fo=0)                   0.000     0.000    adc_clk_i[1]
    U18                  IBUFDS (Prop_ibufds_I_O)     0.433     0.433 r  i_clk/O
                         net (fo=1, routed)           0.481     0.914    pll/adc_clk_in
    PLLE2_ADV_X0Y0       PLLE2_ADV (Prop_plle2_adv_CLKIN1_CLKOUT5)
                                                      0.054     0.968 r  pll/pll/CLKOUT5
                         net (fo=1, routed)           0.544     1.512    pll_pwm_clk
    BUFGCTRL_X0Y2        BUFG (Prop_bufg_I_O)         0.029     1.541 r  bufg_pwm_clk/O
                         net (fo=213, routed)         0.831     2.372    pwm[1]/CLK
    SLICE_X34Y41         FDRE                                         r  pwm[1]/b_reg[11]/C
                         clock pessimism             -0.075     2.297    
                         clock uncertainty            0.189     2.486    
    SLICE_X34Y41         FDRE (Hold_fdre_C_D)         0.121     2.607    pwm[1]/b_reg[11]
  -------------------------------------------------------------------
                         required time                         -2.607    
                         arrival time                           2.781    
  -------------------------------------------------------------------
                         slack                                  0.174    

Slack (MET) :             0.175ns  (arrival time - required time)
  Source:                 i_ams/dac_a_o_reg[17]/C
                            (rising edge-triggered cell FDSE clocked by pll_adc_clk  {rise@0.000ns fall@4.000ns period=8.000ns})
  Destination:            pwm[0]/v_reg[1]/D
                            (rising edge-triggered cell FDRE clocked by pll_pwm_clk  {rise@0.000ns fall@2.000ns period=4.000ns})
  Path Group:             pll_pwm_clk
  Path Type:              Hold (Min at Fast Process Corner)
  Requirement:            0.000ns  (pll_pwm_clk rise@0.000ns - pll_adc_clk rise@0.000ns)
  Data Path Delay:        0.788ns  (logic 0.141ns (17.897%)  route 0.647ns (82.103%))
  Logic Levels:           0  
  Clock Path Skew:        0.348ns (DCD - SCD - CPR)
    Destination Clock Delay (DCD):    2.400ns
    Source Clock Delay      (SCD):    1.977ns
    Clock Pessimism Removal (CPR):    0.075ns
  Clock Uncertainty:      0.189ns  ((TSJ^2 + DJ^2)^1/2) / 2 + PE
    Total System Jitter     (TSJ):    0.071ns
    Discrete Jitter          (DJ):    0.118ns
    Phase Error              (PE):    0.120ns

    Location             Delay type                Incr(ns)  Path(ns)    Netlist Resource(s)
  -------------------------------------------------------------------    -------------------
                         (clock pll_adc_clk rise edge)
                                                      0.000     0.000 r  
    U18                                               0.000     0.000 r  adc_clk_i[1] (IN)
                         net (fo=0)                   0.000     0.000    adc_clk_i[1]
    U18                  IBUFDS (Prop_ibufds_I_O)     0.401     0.401 r  i_clk/O
                         net (fo=1, routed)           0.440     0.842    pll/adc_clk_in
    PLLE2_ADV_X0Y0       PLLE2_ADV (Prop_plle2_adv_CLKIN1_CLKOUT0)
                                                      0.051     0.893 r  pll/pll/CLKOUT0
                         net (fo=1, routed)           0.497     1.390    pll_adc_clk
    BUFGCTRL_X0Y0        BUFG (Prop_bufg_I_O)         0.026     1.416 r  bufg_adc_clk/O
                         net (fo=4352, routed)        0.562     1.977    i_ams/adc_clk
    SLICE_X31Y42         FDSE                                         r  i_ams/dac_a_o_reg[17]/C
  -------------------------------------------------------------------    -------------------
    SLICE_X31Y42         FDSE (Prop_fdse_C_Q)         0.141     2.118 r  i_ams/dac_a_o_reg[17]/Q
                         net (fo=2, routed)           0.647     2.765    pwm[0]/pwm_cfg[0][17]
    SLICE_X38Y43         FDRE                                         r  pwm[0]/v_reg[1]/D
  -------------------------------------------------------------------    -------------------

                         (clock pll_pwm_clk rise edge)
                                                      0.000     0.000 r  
    U18                                               0.000     0.000 r  adc_clk_i[1] (IN)
                         net (fo=0)                   0.000     0.000    adc_clk_i[1]
    U18                  IBUFDS (Prop_ibufds_I_O)     0.433     0.433 r  i_clk/O
                         net (fo=1, routed)           0.481     0.914    pll/adc_clk_in
    PLLE2_ADV_X0Y0       PLLE2_ADV (Prop_plle2_adv_CLKIN1_CLKOUT5)
                                                      0.054     0.968 r  pll/pll/CLKOUT5
                         net (fo=1, routed)           0.544     1.512    pll_pwm_clk
    BUFGCTRL_X0Y2        BUFG (Prop_bufg_I_O)         0.029     1.541 r  bufg_pwm_clk/O
                         net (fo=213, routed)         0.859     2.400    pwm[0]/CLK
    SLICE_X38Y43         FDRE                                         r  pwm[0]/v_reg[1]/C
                         clock pessimism             -0.075     2.325    
                         clock uncertainty            0.189     2.514    
    SLICE_X38Y43         FDRE (Hold_fdre_C_D)         0.076     2.590    pwm[0]/v_reg[1]
  -------------------------------------------------------------------
                         required time                         -2.590    
                         arrival time                           2.765    
  -------------------------------------------------------------------
                         slack                                  0.175    

Slack (MET) :             0.176ns  (arrival time - required time)
  Source:                 i_ams/dac_d_o_reg[0]/C
                            (rising edge-triggered cell FDRE clocked by pll_adc_clk  {rise@0.000ns fall@4.000ns period=8.000ns})
  Destination:            pwm[3]/b_reg[0]/D
                            (rising edge-triggered cell FDRE clocked by pll_pwm_clk  {rise@0.000ns fall@2.000ns period=4.000ns})
  Path Group:             pll_pwm_clk
  Path Type:              Hold (Min at Fast Process Corner)
  Requirement:            0.000ns  (pll_pwm_clk rise@0.000ns - pll_adc_clk rise@0.000ns)
  Data Path Delay:        0.779ns  (logic 0.186ns (23.891%)  route 0.593ns (76.109%))
  Logic Levels:           1  (LUT6=1)
  Clock Path Skew:        0.321ns (DCD - SCD - CPR)
    Destination Clock Delay (DCD):    2.401ns
    Source Clock Delay      (SCD):    2.004ns
    Clock Pessimism Removal (CPR):    0.075ns
  Clock Uncertainty:      0.189ns  ((TSJ^2 + DJ^2)^1/2) / 2 + PE
    Total System Jitter     (TSJ):    0.071ns
    Discrete Jitter          (DJ):    0.118ns
    Phase Error              (PE):    0.120ns

    Location             Delay type                Incr(ns)  Path(ns)    Netlist Resource(s)
  -------------------------------------------------------------------    -------------------
                         (clock pll_adc_clk rise edge)
                                                      0.000     0.000 r  
    U18                                               0.000     0.000 r  adc_clk_i[1] (IN)
                         net (fo=0)                   0.000     0.000    adc_clk_i[1]
    U18                  IBUFDS (Prop_ibufds_I_O)     0.401     0.401 r  i_clk/O
                         net (fo=1, routed)           0.440     0.842    pll/adc_clk_in
    PLLE2_ADV_X0Y0       PLLE2_ADV (Prop_plle2_adv_CLKIN1_CLKOUT0)
                                                      0.051     0.893 r  pll/pll/CLKOUT0
                         net (fo=1, routed)           0.497     1.390    pll_adc_clk
    BUFGCTRL_X0Y0        BUFG (Prop_bufg_I_O)         0.026     1.416 r  bufg_adc_clk/O
                         net (fo=4352, routed)        0.589     2.004    i_ams/adc_clk
    SLICE_X37Y41         FDRE                                         r  i_ams/dac_d_o_reg[0]/C
  -------------------------------------------------------------------    -------------------
    SLICE_X37Y41         FDRE (Prop_fdre_C_Q)         0.141     2.145 r  i_ams/dac_d_o_reg[0]/Q
                         net (fo=2, routed)           0.593     2.738    pwm[3]/pwm_cfg[3][0]
    SLICE_X40Y40         LUT6 (Prop_lut6_I5_O)        0.045     2.783 r  pwm[3]/b[0]_i_1/O
                         net (fo=1, routed)           0.000     2.783    pwm[3]/p_0_in__0[0]
    SLICE_X40Y40         FDRE                                         r  pwm[3]/b_reg[0]/D
  -------------------------------------------------------------------    -------------------

                         (clock pll_pwm_clk rise edge)
                                                      0.000     0.000 r  
    U18                                               0.000     0.000 r  adc_clk_i[1] (IN)
                         net (fo=0)                   0.000     0.000    adc_clk_i[1]
    U18                  IBUFDS (Prop_ibufds_I_O)     0.433     0.433 r  i_clk/O
                         net (fo=1, routed)           0.481     0.914    pll/adc_clk_in
    PLLE2_ADV_X0Y0       PLLE2_ADV (Prop_plle2_adv_CLKIN1_CLKOUT5)
                                                      0.054     0.968 r  pll/pll/CLKOUT5
                         net (fo=1, routed)           0.544     1.512    pll_pwm_clk
    BUFGCTRL_X0Y2        BUFG (Prop_bufg_I_O)         0.029     1.541 r  bufg_pwm_clk/O
                         net (fo=213, routed)         0.860     2.401    pwm[3]/CLK
    SLICE_X40Y40         FDRE                                         r  pwm[3]/b_reg[0]/C
                         clock pessimism             -0.075     2.326    
                         clock uncertainty            0.189     2.515    
    SLICE_X40Y40         FDRE (Hold_fdre_C_D)         0.092     2.607    pwm[3]/b_reg[0]
  -------------------------------------------------------------------
                         required time                         -2.607    
                         arrival time                           2.783    
  -------------------------------------------------------------------
                         slack                                  0.176    

Slack (MET) :             0.177ns  (arrival time - required time)
  Source:                 i_ams/dac_a_o_reg[6]/C
                            (rising edge-triggered cell FDRE clocked by pll_adc_clk  {rise@0.000ns fall@4.000ns period=8.000ns})
  Destination:            pwm[0]/b_reg[6]/D
                            (rising edge-triggered cell FDRE clocked by pll_pwm_clk  {rise@0.000ns fall@2.000ns period=4.000ns})
  Path Group:             pll_pwm_clk
  Path Type:              Hold (Min at Fast Process Corner)
  Requirement:            0.000ns  (pll_pwm_clk rise@0.000ns - pll_adc_clk rise@0.000ns)
  Data Path Delay:        0.804ns  (logic 0.226ns (28.098%)  route 0.578ns (71.901%))
  Logic Levels:           1  (LUT6=1)
  Clock Path Skew:        0.348ns (DCD - SCD - CPR)
    Destination Clock Delay (DCD):    2.399ns
    Source Clock Delay      (SCD):    1.976ns
    Clock Pessimism Removal (CPR):    0.075ns
  Clock Uncertainty:      0.189ns  ((TSJ^2 + DJ^2)^1/2) / 2 + PE
    Total System Jitter     (TSJ):    0.071ns
    Discrete Jitter          (DJ):    0.118ns
    Phase Error              (PE):    0.120ns

    Location             Delay type                Incr(ns)  Path(ns)    Netlist Resource(s)
  -------------------------------------------------------------------    -------------------
                         (clock pll_adc_clk rise edge)
                                                      0.000     0.000 r  
    U18                                               0.000     0.000 r  adc_clk_i[1] (IN)
                         net (fo=0)                   0.000     0.000    adc_clk_i[1]
    U18                  IBUFDS (Prop_ibufds_I_O)     0.401     0.401 r  i_clk/O
                         net (fo=1, routed)           0.440     0.842    pll/adc_clk_in
    PLLE2_ADV_X0Y0       PLLE2_ADV (Prop_plle2_adv_CLKIN1_CLKOUT0)
                                                      0.051     0.893 r  pll/pll/CLKOUT0
                         net (fo=1, routed)           0.497     1.390    pll_adc_clk
    BUFGCTRL_X0Y0        BUFG (Prop_bufg_I_O)         0.026     1.416 r  bufg_adc_clk/O
                         net (fo=4352, routed)        0.561     1.976    i_ams/adc_clk
    SLICE_X33Y39         FDRE                                         r  i_ams/dac_a_o_reg[6]/C
  -------------------------------------------------------------------    -------------------
    SLICE_X33Y39         FDRE (Prop_fdre_C_Q)         0.128     2.104 r  i_ams/dac_a_o_reg[6]/Q
                         net (fo=2, routed)           0.578     2.682    pwm[0]/pwm_cfg[0][6]
    SLICE_X39Y40         LUT6 (Prop_lut6_I5_O)        0.098     2.780 r  pwm[0]/b[6]_i_1__2/O
                         net (fo=1, routed)           0.000     2.780    pwm[0]/p_0_in[6]
    SLICE_X39Y40         FDRE                                         r  pwm[0]/b_reg[6]/D
  -------------------------------------------------------------------    -------------------

                         (clock pll_pwm_clk rise edge)
                                                      0.000     0.000 r  
    U18                                               0.000     0.000 r  adc_clk_i[1] (IN)
                         net (fo=0)                   0.000     0.000    adc_clk_i[1]
    U18                  IBUFDS (Prop_ibufds_I_O)     0.433     0.433 r  i_clk/O
                         net (fo=1, routed)           0.481     0.914    pll/adc_clk_in
    PLLE2_ADV_X0Y0       PLLE2_ADV (Prop_plle2_adv_CLKIN1_CLKOUT5)
                                                      0.054     0.968 r  pll/pll/CLKOUT5
                         net (fo=1, routed)           0.544     1.512    pll_pwm_clk
    BUFGCTRL_X0Y2        BUFG (Prop_bufg_I_O)         0.029     1.541 r  bufg_pwm_clk/O
                         net (fo=213, routed)         0.858     2.399    pwm[0]/CLK
    SLICE_X39Y40         FDRE                                         r  pwm[0]/b_reg[6]/C
                         clock pessimism             -0.075     2.324    
                         clock uncertainty            0.189     2.513    
    SLICE_X39Y40         FDRE (Hold_fdre_C_D)         0.091     2.604    pwm[0]/b_reg[6]
  -------------------------------------------------------------------
                         required time                         -2.604    
                         arrival time                           2.780    
  -------------------------------------------------------------------
                         slack                                  0.177    





